row_id,split,label,text,hindi_text,hindi_abuse,hinglish_abuse,score_delta,attempts,fail_reason,last_output
train-547,train,0,,कंस के वंशज ऐसा ही सोचेगे कृष्ण वंशी नही मुलायम भैसे चराता था उसके बापकि कोई पान पट्टी की दुकान भी नही थी अंधेके हाथ बटेर लग गया पंचर छतरी छापो का टोला मिल गया आज खरबो का मालीक है कहा से आऐ भाई झुपडी मे रहने वाले के पास खरबो की दोलत कोई चारा डकार जाता कार सैवको गोलीयो से भुनने वाला सनातन का दुशमन सबसे बडा डकैत विधर्मीयो को खुश करने वाला उसके चेहते बाबा को आतंकी बोलते है शर्म आनी चाहिए जाकर अपना डीएन ए जांच करा जात मे ईतना अंधा ईतनी ईष्या की बाबा योगी को आतंकी कहता है मेरी जात का मुख्यमंत्री नही ईसलिए ऐसे भाव एक ने बिहार लूटा एक ने यूपी ये तो कुछ मुर्ख है सनातन मे जौ ऐसे निहत्थे कार सैवको पर गोली चलाने वाले मुल्ला का साथ दे रहे है बाप के बाद बेटा राजशाही बपोती है बेचारा ओवेशी सही कह रहा ये मूर्ख नही समझते 7प्रतिशत वाला 20 प्रतिशत के वोट लेकर मोदीयोगी का भय दिखा कर राज कर रहा है 20 प्रतिशत को थोडा सुखी हड्डी का टुकडा डाल देता है वो खुश की मोदी योगी को हराया पर तेरे को क्या मिला कुत्ते को कही सुखी हड्डी मिले ओर वो चबाता है अपने मसुडो से निकले वाले खुनको हड्डी का खुन समझ चाटता है खुश होताह,0.9227,0.9736,-0.051,4,abuse_lexicon_missing,"Kons ke vanshaj aisa sochenge, Krishna vanshi nahi, mulayam bhai se charaata tha, uske bapki koi paan patti ki dukan bhi nahi thi, andhe ke haath battery lag gaya, pancar chhatari chhapo ka tola mil gaya, aaj khrobe ka malik hai, kahan se aaye bhai, jhupadi me rihna wale ke paas khrobe ki dolat, koi chara daku jaata, car saveko goliyo se bunane wala, sanatan ka dusman, sabse bada dakaat, vidharmaio ko khush karna wala, uske chehte babako atanki bolte hai, sharm aani chahiye, jake apna DNA jaanch karo, jat me itna andha, itni iesya ki babaji yogi ko atanki kah raha hai, meri jat ka CM nahi isliye aise bhaav, ek ne Bihar lootaa, ek ne UP, ye to kuch murkh hai, sanatan me jo aise n"
train-7215,train,1,,भारत देश की लड़कियों को मिल रही है  आजादी और शिक्षा 💃👈   तालिबान में लड़कियों पर हो रही है  गुलामी और हिंसा🧕👈  इसके बावजूद कुछ लोग तालिबान के  गुण गाने लगे हैं🧔👈   इंडिया से हिजाब को बंद करो  हिजाब ही आतंकी संगठन है   * हिंदू💃👈 महिलाएं* पढ़ाई कर रही है  नौकरी कर रही है  खेल रही है तीन तलाक से सुरक्षित है  बुर्का पहनना जरूरी नहीं है शारीरिक शोषण नहीं है         *मुस्लिम🧕👈 महिलाएं* पढ़ने की छूट नहीं  नौकरी की छूट नहीं  खेलने की छूट नहीं तीन तलाक से परेशान बुर्का पहनना बेहद जरूरी हर मौके पर शारीरिक शोषण होता है,0.7377,0.9929,-0.2552,4,abuse_score_spike,"Bharat desh ki ladkiyon ko mil rahi hai azadi aur shiksha 💃👈 Taliban mein ladkiyon par gulami aur hinsa ho rahi hai 🧕👈 iske baad bhi kuch log Taliban ke gun gane lage hain 🧔👈 India se hijab ko band karo, hijab hee terror group hai. *Hindu 💃👈 meharbaan* padhai karni hai, naye karna hai, khele hai, teen talak se save hai, burka pahane ki zaroorat nahi hai, sharirik shosan nahi hai. *Muslim 🧕👈 meharbaan* padhne ki chhut nahi, naye ki chhut nahi, khele ki chhut nahi, teen talak se paresan hai, burka pahane bahut zaroori hai, har mekhla sharirik shosan hota hai."
train-176,train,0,,बहोत सेक्सी लग रही हो आप मॅडम 💋💋,0.85,0.0342,0.8157,4,abuse_score_drop,Bahot sexy lag rahi ho aap madam 💋💋
train-296,train,0,,पुनम जी मुझे राज का लिंग सेड करों,0.8875,0.013,0.8744,4,abuse_score_drop,Poonam je mujhe Raj ka ling send karo
train-459,train,0,,कितनो को मरोगी इस लाल खून से 😜🤣🤣,0.2327,0.0457,0.187,4,abuse_score_drop,Kitne ko marogi is laal khun se 😜🤣🤣
train-525,train,0,,गधी नाखून तो काट लेने थे,0.5795,0.2712,0.3082,4,abuse_score_drop,Gadhi na khoun to kaat lene the
train-548,train,0,,रडीका बेटा है,0.1872,0.0212,0.166,4,abuse_score_drop,Radika ka beta hai
train-907,train,0,,साडी त लाला पहेर लेतू हो,0.9953,0.09,0.9053,4,abuse_score_drop,Saadi to lala phehre lete ho
train-979,train,0,,साडी ब्लाउज पेटीकोट बाकी और तो जरूर बुला सकते हौ,0.9638,0.404,0.5598,4,abuse_score_drop,Saadi blouse peticoat baki aur to jaroor bulaye ho
train-1158,train,0,,ईच्या आईला जरशी बैल झवला होता म्हणुन ति आस करती,0.5813,0.0416,0.5396,4,abuse_score_drop,Icha aile jarshi bale jvala hota manji ti as karati
train-1234,train,0,,मर गए सब के सब,0.5671,0.0113,0.5558,4,abuse_score_drop,Sabke sab mar gaye
train-1191,train,1,,टीचर :- बच्चों “जले पे #नमक छिड़कना” को उदहारण सहित समझाओ! #बच्चा :- पेट्रोल पंप पर मोदी जी की मुस्कुराती हुई फोटो टीचर :- #शाबाश बेटे  🤣🤣🙆🙆,0.0829,0.017,0.0659,4,collapsed_length,"Teacher: Bachcho ""Jale pe namak chhirkanay"" ko udaharan ke saath samajhao!"
train-1570,train,0,,सालो गे हो क्या बे,0.8656,0.0219,0.8438,4,abuse_score_drop,Salo gae ho kya be
train-1431,train,0,,ईश्वर अल्लाह एक नहीं है..जिस मजहब में गोद ली बच्ची से बाप निकाह कर सकता है उस मजहब की तुलना सनातन धर्म संस्कृति से मत किया करों                  🚩जय श्री राम🚩,0.9663,0.5349,0.4314,4,abuse_score_drop,"Ishwar Allah ek nahi hai.. jis majhab me god liya bacchi se baap nikah kar sakta hai us majhab ko sanatan dharma se mat compare karo, jay shri ram"
train-1594,train,0,,ऐसे ऐसे जानवर पड़े राज कर रहे हैं कि जिसको जरूरत है कितने पैसों की उसने मिलता नहीं जिनको जिस चीज की जरूरत है उन्हें मिलता नहीं चाहे बिरादरी कितनी भी अच्छी हो साले ऐसे जानवर राज कर रहे हैं 1 दिनों से मारे जाएंगे सरकार में जितनी बैठे हैं कौन-कौन तैयार है हमारे साथ जो अच्छे होंगे वह हमारा साथ देंगे,0.9864,0.0159,0.9706,4,abuse_score_drop,"Aise aise jaaNvar padhe raaj kar rhe hain ki jiski kitni paise ki zaroorat hai usko milta nahi, jo chiz zaroorat hai unhe milta nahi, chahe biradari kitni bhi acchi ho sale aise jaaNvar raaj kar rhe hain ek din se mare jayenge, sarke mein jitni baithi hai kon kon taiyaar hai, hamare saath jo ache honge voh hamara saath denge"
train-1633,train,0,,*बलात्कारी यादी* !!  *१- आसाराम बापू* *२- बाबा रामपाल* *३- रामनारायण* *४- बाबा राम रहीम* *५- रामकिशोर शुक्ला* *६- बाबा सिया राम* *७- स्वामी चिन्मयानंद* *८- स्वामी नित्यानंद* *९- बाबा दयानंद* *१०- बाबा प्रेमानंद* *११- बाबा सच्चिदानंद* *१२- बाबा ललिता नंद* *१३- इच्छाधारी भीमानंद* *१४- निर्मल बाबा* *१५- फलाहारी बाबा* *१६- कुलदीप सेंगर* *१७- नारायण साईं* *१८- दाती महाराज* *१९- शांति सागर महाराज* *२०- ओमजी महाराज* *२१- महांत सुंदरदास महाराज* *२२- मलखान गिरि* *२३- ज्योति गिरि* *२४- कुशाल गिरि* *२५- गोपाल कांडा* *२६- लाल शर्मा* *२७- कर्म योगी जी* *२८- बाबा आशु गुरू देव* *२९- मनोज वाकरे* *३०- झरोखा* *३१- पवन गुप्ता* *३२- अशोक तनेजा* *३३- अमरपुरी नंगा साधु* *३४- बालक नाथ* *३५ शैलेश भट्ट* *३६- अछय ठाकुर* *३७- जसवंत नई* *३८-संजीराम* *३९- बिहार ठाकुर* *४०- दीपक खजुरिया* *४१- हेमराज बुंदेला* *४२- विजय कुमार पांडे* *४३- तिलक राज* *४४- विनय शर्मा* *४५- करणी सिंह* *४६- मुकेश सिंह* *४७- राधेश्याम नई* *४८- अशोक भगत* *४९- मस्ताना बाबा* *५०- बाबा हर देव* *५१- देवकिनदंन ठाकुर* *५२- विनय शर्मा* *५३- उमेश,0.2633,0.7977,-0.5344,4,collapsed_length,Bhootnikey rape karne wale yaadi !! 1- Asaram Bapu 2- Baba Ram Pal 3- Ramnaryan 4- Baba Ram Rahim 5- Ramkisor Shukla 6- Baba Siya Ram 7- Swami Chinmayanand 8- Swami Nityanand 9- Baba Dayanand 10- Baba Premanand 11- Baba Sachchidanand 12- Baba Lalita Nand 13- Ichhadhari Bhimnand 14- Nirmal Baba 15- Falahari Baba 16- Kuldeep Sengar 17- Narayan Sai 18- Dati Maharaj 19- Shanti Sagar Maharaj 20- Omji Maharaj 21- Mahant Sundardas Maharaj 22- Malkhan Giri 23- Jyoti Giri 24- Kushal Giri 25- Gopal Kanda 26- Lal Sharma 27- Karma yogi ji 28- Baba Ashu Guru Dev 29- Manoj Wakre 30- J
train-1781,train,0,,जान से मार दो चौराहे पर खड़ा करके जला दो,0.6063,0.0245,0.5818,4,abuse_score_drop,"Jaano se mar do, chaurahe par khada karke jala do"
train-1896,train,0,,पागल हो गए हो जी,0.6339,0.0129,0.621,4,abuse_score_drop,Pagal ho gaye ho ji
train-1894,train,0,,साहिबा मेरीजान तुझे कुछ पता नहीं साहिबा तुझे देखते ही मेंरा लन्ड खड़ा हो जाता है जी चाहता है अभी आके तेरे गाल काट लूं,0.9565,0.5526,0.404,4,abuse_score_drop,"Sahiba merijaan tuje kuch pata nahi, sahiba tuje dekhte he meri lund khada ho jata hai, ji chahata hai ab ake teri gale kaat lu"
train-1825,train,0,,"मेने कहा मे आप की केयर कर के कोई एहसान नही कर रहा हु।आप की जगह कोई और भी होती तो भी मे ऐसे ही केयर करता।और शादी के बाद इसी तरह चाहता।उसकी मा को आज तक कभी भी बदतमीजी तो दुर की बात जब भी वह आती घर पर तो मे खुद उन्हे पानी पीलाता,चाय पिलाता।और उसे कहता बात करो मम्मी आई है।",0.9611,0.0284,0.9327,4,abuse_score_drop,"Maine kaha me apki care kar ke koi ehsan nahi kar raha hu. Apki jagah koi aur bhi hoti to bhi me aise hi care karta. Aur shadi ke baad bhi isi tarah chahata. Uski ma ko ab tak kabhi bhi badtameezee to dur ki baat jab bhi wo aati ghar par to me khud unhe paani pilata, chai pilata. Aur usko kahata baat karo mummy aai hai."
train-2138,train,0,,छोडो ये बेकार की बातें कि कौन किससे सेट है... ये बताओ कि आज कल तुम्हारे शहर में पेट्रोल का क्या रेट है.??  ???????  😅😂😅😂,0.7791,0.3436,0.4356,4,abuse_score_drop,Chodo ye bekaar ki baaten ki kon kis se set hai... ye batao ki aaj kal tumhare shehar mei petrol ka kya rate hai.?? 😅😂😅😂
train-2261,train,0,,चमार हो आप,0.9561,0.6885,0.2676,4,abuse_score_drop,Chamar ho tum
train-2302,train,0,,P सेक्सी वीडियो देख ले,0.8215,0.0713,0.7502,4,abuse_score_drop,P sexy video dekh lo
train-2340,train,0,,सही हुआ ऐसे नसेडी लोगों के साथ णेसा ही होना चाहिए,0.9541,0.0181,0.936,4,abuse_score_drop,"Sahi hua, aise naseeDI logon ke saath nesa hi hona chahiye"
train-2181,train,1,,"*🌴🌴तत्वज्ञान🌴🌴*  🙇🙇🙇🙇🙇🙇🙇🙇  *प्रश्न :- कर्म कितने प्रकार के हैं ?*  उत्तर :- कर्म दो प्रकार के हैं। एक शुभ कर्म, दूसरा अशुभ यानि एक पुण्य और दूसरा पाप कर्म कहा जाता है।  *1. पुण्य कर्म :-* शास्त्र विधि अनुसार भक्ति कर्म, दान, परमार्थ, भूखों को भोजन देना,असहाय की हर संभव सहायता, दया भाव रखना, अपने से दुर्बल से भी मित्र जैसा व्यवहार करना। परनारी को माता तथा बहन के भाव से देखना, सत्य बोलना, अहिंसा में विश्वास रखना,साधु-संतों, भक्तों की सेवा व सम्मान करना, माता-पिता तथा वृद्धों की सेवा करना आदि-आदि शुभ यानि पुण्य कर्म हैं।  *2. पाप कर्म :-* शास्त्र विधि को त्यागकर मनमाना आचरण करके भक्ति कर्म करना, चोरी , परस्त्री से बलात्कार, परस्त्री को दोष दृष्टि से देखना, माँस-मदिरा, नशीली वस्तुओं का सेवन, रिश्वत लेना, डाके मारना, हिंसा करना आदि-आदि अशुभ कर्म हैं यानि पाप कर्म हैं।  *प्रश्न :- कर्म बंधन कैसे बनता है ?*  उत्तर :- काल ब्रह्म ने जीव के कर्मों को तीन प्रकार से बाँटा है।  *1.संचित कर्म*   *2. प्रारब्ध कर्म*   *3. क्रियावान कर्म।*  *1. संचित कर्म :-* संचित कर्म वे पाप तथा पुण्य कर्",0.0182,0.9969,-0.9787,4,abuse_score_spike,"Yeh apni maa ki chootiye BJP wale, tumhari aulaad ko chakki me daal diya jaaye. Teri aya maa ko gali de raha hu, teri aya maa chutiya hai, teri aya maa chutiya hai, teri aya maa chutiya hai, teri aya maa chutiya hai, teri aya maa chutiya hai, teri aya maa chutiya hai, teri aya maa chutiya hai, teri aya maa chutiya hai, teri aya maa chutiya hai, teri aya maa chutiya hai, teri aya maa chutiya hai, teri aya maa chutiya hai, teri aya maa chutiya hai, teri aya maa chutiya hai, teri aya maa chutiya hai, teri aya maa chutiya hai, teri aya maa chutiya hai, teri aya maa chutiya hai, teri aya maa chutiya hai, ter"
train-2696,train,0,,चुकीचा video आहे,0.3799,0.1665,0.2134,4,abuse_score_drop,Chuki cha video hai
train-2784,train,0,,यही हो रहा है। महीना दिन बात करने पर भी लड़कियों के नखरे बहुत है। आज कल करती है ।,0.9327,0.024,0.9088,4,abuse_score_drop,"Yahi ho raha hai. Mahina din baat karne par bhi ladkiyon ke nakhre bahut hain, ab karta hai."
train-2432,train,0,,"गाँधी तुम चाहते तो लालकिले पर भगवा फहरा सकते थे, तुम चाहते तो तिब्बत पर भी झंडा लहरा सकते थे। तुम चाहते तो जिन्ना को चरणों में झुकवा सकते थे, तुम चाहते तो भारत का बंटवारा रुकवा सकते थे.!"" . ""तुम चाहते तो अंग्रेजोँ का मस्तक झुकवा सकते थे, तुम चाहते तो भगतसिंह की फाँसी रुकवा सकते थे। इंतजार ना होता इतना तभी कमल खिलना तय था, सैंतालिस में ही भारत माँ को पटेल मिलना तय था.!"" . ""लेकिन तुम तो अहंकार के घोर नशे में झूल गए, गांधीनीति याद रही भारत माता को भूल गए। सावरकर से वीरोँ पर भी अपना नियम जता डाला, गुरु गोविन्द सिंह, शिवाजी और प्रताप को भटका हुआ बता डाला, . ""भारत के बेटोँ पर अपने नियम थोप कर चले गए, बोस पटेलों की पीठो में छुरा घोप कर चले गए। तुमने पाक बनाया था वो अब तक कफ़न तौलता है, बापू तुमको बापू कहने तक में खून खौलता है.!"" . ""साबरमती के वासी सोमनाथ में गजनी आया था, जितना पानी नहीं बहा उतना तो खून बहाया था। सारी धरती लाल पड़ी थी इतना हुआ अँधेरा था, चीख चीख कर बोलूंगा मैं, गजनी एक लूटेरा था.!"" . ""सबक यहीं से ले लेते तो घोर घटाए ना छाती, भगतसिंह फाँसी पर लटके ऐसी नौबत ना आती। अंग्रेजो से लोहा लेकर लड़ना हमें सीखा देते, कसम राम की बिस्मिल उनकी ईंट से ईंट बजा देते.!"" . ""अगर भेड़िया झपटे तो तलवार उठानी पड़ती है, उसका गला काटकर अपनी जान बचानी पड़ती है। छोड़ अहिंसा कभी-कभी हिंसा को लाना पड़ता है, त्याग के बंसी श्री कृष्ण को चक्र उठाना पड़ता है.!""",0.0609,0.9402,-0.8792,4,collapsed_length,"Gandhi tum chahte to Lal Kila par bhagwa fahra sakte the, tum chahte to Tibet par bhi jhandha laharasakte the. Tum chahte to Jaana ko charan me jhukwana sakte the, tum chahte to Bharat ka bantavara rookwana sakte the!"" . ""Tum chahte to angrezon ka mastak jhukwana sakte the, tum chahte to Bhagatsingh ki phansi rookwana sakte the. Inthar na hota itna tabhi kamal kheena tay tha, saat saal me hi Bharat Ma ko Patel milana tay tha.!"" . ""Lekin tum to ahamkhar ke ghor nase me jhool gaye, Gandhiniyati yaad rahi Bharat Mata ko bhool gaye. Savarkar se veero par bhi apna niyam jata daal diya, guru gobind singh, Shivaji aur pratap ko bhtak hua bata daal diya,"" . ""Bharat ke beton par apne niyam"
train-3371,train,0,,अंधभक्त-अंडभक्त साम्प्रदायिक नफ़रत उन्माद उपद्रव फैलाने वाले साम्प्रदायिक सौहार्द बिगाड़ने वाले साम्प्रदायिकता भड़काऊ देशद्रोही तत्व है,0.0163,0.9957,-0.9794,4,collapsed_length,Andhbhakt-ndrbhakt sampradaayik nafarat umad updrav falane wale sampradaayik souhard bigadane wale sampradaayikta bharkau deshdrohi tatva hai
train-2970,train,0,,मैने  देखा टिपु मेरा मैने देखा माया ममता मेरी मैने देखा शवसेना मेरी मैने देखा खुजलीलाल मेरा   अब मै देख रहा हु डकैत की भीड मेरी शायद ईसमे हाथ अजमा लू कही से कोई मोदी योगी को हराने का सपना पुरा होजाए यह सोच मेरी नही उन खजुरीयो सपोलो ओर कनखजुरो के काल्पनीक शेख चिल्ली के सपनो का बखान आपको बता रहा हु  अब डकैत टक्कर देगा मंच से अल्डा चोडा जो बोला  क्या आप सभी सनातनी समझे सोच नही समझो गे वो मोदी योगी को हराने के लिए सब कुछ करने को उतावले है गधे को भी बाप बना देगे पर नही मै नही जगुगा मेरा क्या अरे ओ मुरख चेत जगजा समय जगने का है सोने का नही चमडे के लिए भैस मत मार  शिवसेना को गाली देने वाले गले क्यो लगाया सपना दिखा 70 साल तक सोते रहे बच्चो को भी पढाते रहे की भाई भाई है सब अभी दंगा पडोस की गली मे है अपने क्या लेना देना आज शिव सेना ओर ठगैत मे के जरीऐ  सपना देख रहे है ओर तूम हम  यह सोच ते रहते है उस भेड कि तरह जिसको पिछे से कुत्ते फाड रहे है पर वो बै तक नही करती ओर आगे पडे लालस के चारे को चाव से खा रही होती है थोडे से लोभ आलस नादानी को त्यागो जगो जगो विपक्ष विदेश का षडयंत्र बडा है जातियो मे मत बँट,0.9564,0.0171,0.9392,4,abuse_lexicon_missing,"Main dekha hai Tipu mera, main dekha maya Mamata meri, main dekha Shiv Sena meri, main dekha Khujeliya mera... ab main dekhta hu dacoit ki beed meri. Shaayad isme hath azmalo, kahi se koi Modi, Yogi ko harane ka sapna pura ho jaye, ye soch meri nahi... un khazuriyon, sapolon aur kon-khajuro ke kalpanik Sheikh Chilli ke sapnon ka bakhan aapko bata raha hu. Ab dacoit tikkar dega, mandh se alda choda jo bola... kya aap sabhi sanskrutiya soch hai ya soch nahi samajho ge? Vo Modi, Yogi ko harane ke liye sab kuch karny utvala hai, ghadhe ko bhi bap bana dega, par nahi main nahi jaguga... mera kya, o murkh chet jag jaye, jagne ka samay hai, soone ka nahi. Chamde ke liye bhai mat mar..."
train-3440,train,0,,Or देते 5 डाल साला गांधी,0.935,0.0122,0.9228,4,abuse_score_drop,Or dete 5 dal sala Gandhi
train-3624,train,0,,सिदी बात.. नो बकवास.,0.992,0.1673,0.8247,4,abuse_score_drop,Sidi baat.. no bakwas.
train-3824,train,0,,मरेंगे तो लौड़ा वीडियो गाना जाए,0.9918,0.0278,0.964,4,abuse_score_drop,Maroge to ladka video song jaye
train-3794,train,0,,मे ग॔गू तेली कू दू राज गधो के सरपे रख दू ताज के पेसा बोलता हे  खन खन की सूनो झनकार के दूनया हे काला बाजार के पेसा बोलता हे के पेसा बोलता हे,0.7395,0.0653,0.6742,4,abuse_score_drop,"Maine golu teli ko duniya ke sabse bada ganda surkhabeer banane wala ghoda ke saamne taj rakha hai, khana khana ki aavaz suno, jhanakar ke duniya hai kaala bazaar ke pesa hota hai, pesa hota hai."
train-3888,train,0,,बुड्ढा गांव गया,0.993,0.0083,0.9847,4,abuse_score_drop,Buddha gav gaya
train-3841,train,0,,सबसे बड़ी गलती यह है कि लड़की की टांगे बहुत सेक्सी है। 😃😃😃😃😃😃😃,0.5164,0.1581,0.3583,4,abuse_score_drop,Sabse badi galti ye hai ki ladki ke tanga bahut sexy hai. 😃😃😃😃😃😃😃
train-3455,train,1,,*स्वतंत्र देश हुआ था विश्व में पताका तिरंगे की लहराई  थी   मुक्त गुलामी से  हुए हम आजाद विचार होने की आशा मन में आई थी   भूल न पाए  अंग्रेजों की अंग्रेजी को क्यों समझ ना तुम को आई थी    जेल भरो आंदोलन करके सौगंध अंग्रेजों को भगाने की मां भारती  के क्रांतिवीरो ने खाई थी   स्वदेशी अपनाओ विदेशी भगाओ का  गूंजा नारा था  अरविंदघोष रविंद्रनाथ ठाकुर का साथ मिला लाला लाजपत राय ने आवाज उठाई थी  खाई गोलियां लाठी खाई स्वदेशी का साथ ना छोड़ा था  बाल गंगाधर तिलक बड़े निडर थे उपाधि लोकमान्य की पाई थी   भारत के वीर सपूतों की  सुनकर गाथा बलिदानों की क्यों शर्म ना तुमको आई थी   हर वर्ष मनाते है विजय दिवस आजादी का गुलामी की मानसिकता से क्यों ना मुक्ति पाई थी   नारा लगाकर स्वदेशी का  विदेशी की होली हमने भी कई बार जलाई थी   छोड़ ना पाए फिर क्यों ना मोह उनका झालर दिवाली की  चीन से जो मंगवाई थी  दूर रहो उन चीजों से जो दूर देश से आई थी अपनाओ तुम उनको जो देश ने मिलकर बनाई थी    कुछ याद करो क्यों भूल गए  कंपनी बनकर ईस्ट इंडिया  भी देश  में सामान बेचने आई थी  सोने की चिड़िया कहते थे बड़े मजे में  रहते थे यह बात रास ना उनको आई थी  हिंदू को हिंदू से लड़बाया जिसने फूट जात पात की डलवाई थी  स्वतंत्र होंगे उस दिन खुलकर जश्न आजादी का हम मनाएंगे    अखंड भारत होगा फिर अपना सोने की चिड़िया कहलायेगा    आत्मनिर्भर अपना  भारत होगा स्वर्णिम काल फिर आएगा   प्रफुल्लित होगा मन विचार करके यह स्वदेशी भारत की हमने भी आवाज उठाई थी  🇮🇳🇮🇳🇮🇳 स्वदेशी अपनाओ विदेशी भगाओ राष्ट्र को मजबूत बनाओ🇮🇳🇮🇳🇮🇳 जय हिंद जय भारत जय मां भारती🌹🌹🌹🙏🙏🙏🥰 *मोहित पोरवालराजपुरकला जिला बरेली**,0.3848,0.7446,-0.3598,4,collapsed_length,"Swadeshi apnaao, videshi bhagao ka naara tha, China se jo mangvaai thi, dur rehho un cheezon se jo dur desh se aai thi, apnaao tum unko jo desh ne milkar banaai thi. Kya yad nahi karta, East India ki company banaakar bhi desh me saman bechaai thi. Hindu ko Hindu se laddbaaya jaane wale ne jat-paat ki dhalvaai thi. Aajadgi ki manasikta se kyun nahi mukti paai thi? Swatantrata ka din khulke jashn manayege. Akhand Bharat hoga fir, apna sona ke chidiya kehlayega. Atmanirbharta ka Bharat hoga, swarnim kal phir aayega. Phullit hoga man, swadeshi Bharat ki aavaj uddhaai thi. 🇮🇳🇮🇳🇮🇳 Swadeshi apnaao, videshi bhagao, rashtr ko mazboot banaao. Jay Hind, Jay Bharat, Jay Ma"
train-3931,train,0,,सच में लड़कियों का दिमाग घुटने में होता है,0.83,0.0209,0.809,4,abuse_score_drop,Sach me ladkiyon ka dimaag guthane me hota hai
train-3991,train,0,,बहोत बडी है पर किसीने कहा है की बडा है तो बेहतर है,0.5824,0.0124,0.5701,4,abuse_score_drop,Bohot badi hai par kisi ne kaha hai ki badha hai to better hai
train-4181,train,0,,गधा भेज दूं तो धान ढोने के काम आएगा,0.9913,0.7221,0.2692,4,abuse_score_drop,Gandha bhej du to dhan dhoane ke kaam aayega
train-4306,train,0,,विना ब्लाउज सेक्सी  माल,0.9474,0.0286,0.9188,4,abuse_score_drop,Bina blazer sexy mall
train-4317,train,0,,ऐसा करके तुम सब को नर्क में जाना चाहिए तुम सबको नरक में भी जगह नहीं मिलेगी किसी के चेहरे को बिगाड़ कर,0.8048,0.0151,0.7896,4,abuse_score_drop,"Aisa karke tum sab ko naraka jana chahiye, tum sabko naraka mein bhi jagah nahi milegi kisi ke chehre ko bigad kar."
train-4473,train,0,,इसको ।मेल सांड  मिलना चाहिए क्योंकि ये  यही वजह है कि यह सब कर रहा है,0.4183,0.0263,0.392,4,abuse_score_drop,Isko mele sand milna chahiye kyunki ye hi wajah hai ki ye sab karta hai
train-4587,train,0,,आप थोड़ा कम खाओ नहीं तो मोटी हो जाओगी यार,0.9535,0.0506,0.9028,4,abuse_score_drop,"Thoda kam khaao na, warna moti ho jaogi yaar"
train-4451,train,1,,"*girl पापा एक  imported बात थी                       *father बोलो   *girl मैं एक लड़के से प्यार करती हूं  *पर वह America रहता है  "" website मैं हमारी जान पहचान हुई  *Facebook हमारी दोस्ती हुई   *Skype में उसने हमें propose किया   *WhatsApp में हम लोग 2 महीने से  प्यार कर रहे हैं       *  father*** really                तो अब     *twtter मैं शादी करो    *Make MyTrip मैं हनीमून करो   *Flip kart से बच्चा  मंगवाओ   *Gmailमै receive कर लो   * last में अगर husband अच्छा ना लगे तो  *OLX मे sale कर दो🤓🤓",0.0291,0.0086,0.0205,4,collapsed_length,Girl: Papa ek imported baat thi
train-5001,train,0,,मरेंगे सब बहुत जल्द दुनियां की जनसंख्या कम होगी,0.2503,0.0204,0.2298,4,abuse_score_drop,"Sab mar jayenge bahut jaldi, duniya ki jansankhya kam ho jayegi"
train-5214,train,0,,इतनी गालियां दे रहे हो धोखा  से यमराज भी लेने आ गए तो तुम्हें हाथ लगाने से डरेगा,0.4741,0.035,0.4391,4,abuse_score_drop,"Itni galiyan de raha ho dhokha se, yamraj bhi lene a gaye to tumhe hath lagan se darte hai"
train-5299,train,0,,तुम्हारे से क्यूट लड़के गाली कौन दे सकता है वाह नालायक हे होगा,0.9892,0.012,0.9772,4,abuse_score_drop,"Tumhare se cute ladke gali koun de sakta hai, waah nalaayak hai ho gaya"
train-5290,train,0,,"🤣🤣👉👉अब्दुल तेरी फातिमा मैली हो गई, मौलवियों के साथ सोते-सोते😜   फिल्म बना रहा हूं, यह फिल्म हिट होगी या फ्लॉप?🤔🙈",0.2569,0.0528,0.2041,4,abuse_score_drop,"Abdul, teri Fatima mele ho gayi, maulvi ke saath so-te-so-te 😜 film bana raha hoon, ye film hit hogi ya flop? 🤔🙈"
train-5338,train,0,,T M C के गुंडे है ये जंगलराज,0.9969,0.0829,0.914,4,abuse_score_drop,"Ye TMC ke gunde hai, jungle raj karte hai"
train-5359,train,0,,ढंग से कपड़े तो पहन ले उसके बाद हाथ रखना,0.2691,0.0627,0.2064,4,abuse_score_drop,"Dhang se kapre to pahin le, uske baad haath rakhna"
train-5838,train,0,,"वैसे साली सलमा है तो मस्त यार , ध्यान से देख ।।",0.9943,0.014,0.9803,4,abuse_score_drop,"Vaise saali salma hai to mast yaar, dhyan se dekh."
train-5771,train,1,,"पिंकी :- कितनी भी ठण्ड पड़ जाये.. लेकिन मैं रोज नहाती हूँ  पप्पू :- अरे मैं तो ठण्ड में 2 बार नहाता हूँ 🙂 पिंकी :- वाओ तुम तो बहुत प्यारे हो,  पप्पू :- नहीं रे पगली,  मैं दो बार नहाता हूँ लेकिन महीने में 🙂 😉  लड़की बेहोश 🙂  - via bkb.ai/jokes",0.0176,0.0134,0.0042,4,collapsed_length,"Pinki: Kitni bhi garmi ho ya thandi, main har roz nahi hoti hun."
train-5701,train,0,,जीजा के सामने हंसना हर सालियों की अदा है वाह वाह वाह वाह जीजा के सामने हंसना हर सालियों की अदा है जो जीजा उसे प्यार समझे वह सब में बड़ा गधा है वाह वाह वाह वाह क्यों भाई यही देखना चाह रहे थे ना सही कहा कि नहीं😛,0.9761,0.1922,0.7839,4,abuse_score_drop,Jija ke saamne hansen aadar kisi salio ki ada hai. Wahi wahi wahi wahi. Jija ke saamne hansen aadar kisi salio ki ada hai jo jija use pyaar samjhe. Wahi wahi wahi wahi. Kyon bhai yehi dekhna chahte the na sahi ke nahi. Bada gadha hai isme. Kya keh raha hai. Nahi. Chup. Nahi. Chup. Nahi. Chup. Nahi. Chup. Nahi. Chup. Nahi. Chup. Nahi. Chup. Nahi. Chup. Nahi. Chup. Nahi. Chup. Nahi. Chup. Nahi. Chup. Nahi. Chup. Nahi. Chup. Nahi. Chup. Nahi. Chup. Nahi. Chup. Nahi. Chup. Nahi. Chup. Nahi. Chup. Nahi. Chup. Nahi. Chup. Nahi. Chup. Nahi. Chup. Nahi. Chup. Nahi. Chup. N
train-5898,train,0,,अबे आयेगे मोदीजी ही चाहे कुत्तो की तरह कितना भी भौको😋😃😄😀,0.0327,0.9719,-0.9391,4,abuse_lexicon_missing,"Abey aayenge Modi ji he chahiye, kutto ki tarah kitna bhi bhooko 😄"
train-6003,train,0,,पीने का चक्कर में मर दिया यार सरम आना चाहिए,0.2011,0.0168,0.1842,4,abuse_score_drop,"Pinke chakkar me mar gaya yaar, sarm aana chahiye"
train-6095,train,0,,पानीपत तमीज लड़की मैंने आज तक नहीं देखी तुम में और ठेके वाले में क्या अंतर है थे कि,0.4869,0.0281,0.4587,4,abuse_score_drop,Pani pat tamiz ladki maine aaj tak nahi dekha tum mein aur theke wale mein kya antar hai ke
train-6346,train,0,,बेवड़ा लग रहा हैं 😜😜😜😜😜,0.7557,0.0355,0.7202,4,abuse_score_drop,Bewda lag raha hai 😜😜😜😜😜
train-6411,train,0,,बहुत सेक्सी हो मैडम आप ऐसी वीडियो मत बनाया करो,0.52,0.0171,0.5029,4,abuse_score_drop,"Aap bahut sexy ho madam, aise video mat banao na."
train-6403,train,0,,नेहा सिंह राठौर ने ऐसा एंटी वायरस छिड़का है कि हर दूसरा कीड़ा बिल बिला कर। कह रहा है यूपी मे सब बा  कर रहा है। 🤣🤣🤣,0.8713,0.2836,0.5877,4,abuse_score_drop,Neha Singh Rathi ne aisa anti-virus chirkha hai ki har dusra kida bil bilakar. Keh raha hai UP me sab bakar raha hai. 🤣🤣🤣
train-6737,train,0,,इस से अच्छा है मर ही जाओ,0.2239,0.0594,0.1645,4,abuse_score_drop,Isse achha hai ki mar jao yaar
train-6912,train,0,,Miss Queen और MD B khan इंडियन आर्मी  सब जाति की रेजिमेंट है लेकीन एक ही जमात की नही है जिन्हें गद्दार बोला जाता है और वो पता है ना कोन सी जमात है,0.403,0.0159,0.3871,4,abuse_score_drop,Miss Queen aur MD B Khan Indian Army sab jati ki regiment hai lekin ek hi jamat ki nahi hai jiska gaddar kehte hain aur vo pata hai na kon si jamat hai
train-6926,train,0,,इतनी वड़ी वात हैं जेल से वा र आया है एक नशे ड़ी वाप को वेच कर खाऐगा अभी वाप नशे मे है कया करें वेटा हैं23 साल का फोजी नहीं हैं अभीनेता का वेटा हैं कुछ भी करें साले नोटंकी वाज,0.9808,0.7202,0.2607,4,abuse_score_drop,Itni badi baat hai jail se wala ayega ek nash di wap ko becha ke khayega abhi wap nash me hai kya kare weta hai 23 saal ka foji nahi hai abhineta ka weta hai kuch bhi kare sale nautanki waj
train-7199,train,0,,इतनी मोटी औरत किसकी है यार,0.6401,0.0216,0.6185,4,abuse_score_drop,Itni moti aurat kiski hai yaar
train-7361,train,0,,औरते पैसे की सबसे ज्यादा भूली होती हैं,0.7371,0.0113,0.7258,4,abuse_score_drop,Aurat pesa ke sabse jyada bhooli hoti hai
train-7810,train,0,,जान लेने पर तुली हो क्या,0.1837,0.015,0.1688,4,abuse_score_drop,Jaan le toh tule ho kya
train-7879,train,0,,ज्यादा उड़ो मत साल बदला है साली और घरवाली नहीं बदली 😂😂,0.9899,0.0368,0.9531,4,abuse_score_drop,"Jyada udho mat, saal badal gaya hai, saali aur gharvali same hai 😂😂"
train-8247,train,0,,चीमे तू मेरे कमत ऑफ करवा देने लाइक न। कर 🙄😦😎,0.2955,0.028,0.2675,4,abuse_score_drop,Chime tu mere kam ka off karwa dena like n. Kar 🙄😦😎
train-8574,train,0,,हाई लंड आइहे अखिलेश,0.9509,0.0233,0.9275,4,abuse_score_drop,High land hai yeh Akhilesh
train-8456,train,1,,"टीचर (एक लड़की से) – “क्या नाम है तुम्हारा ?”  लड़की – “परिधि व्यास”  टीचर – “पिता जी का नाम ?”  लडकी – “आधार चन्द्र व्यास”  टीचर – “माँ का नाम ?”  लडकी – “त्रिज्या व्यास”  टीचर – “अजीब geometrical family है ! रेखा और बिंदु भी हैं क्या घर में ?”  लडकी (शर्माते हुए) – “जी, ये दोनों मेरी बुआ जी हैं !!!”",0.0156,0.0378,-0.0222,4,collapsed_length,"Teacher (ek ladki se) – ""Kya naam hai tumhari?"
train-8433,train,1,,1. हसते हसते कट जाये रस्ते 2. काटे नही कटते ये दिन ये रात 3. सूरज हुआ मद्धम चांद जलने लगा 4. चल चल चल ओ मेरे हाथी ओ मेरे साथी 5. मेरा जूता है जापानी 6. मेरे हाथो में नौ नौ चूड़ियां है 7. फूल तुम्हे भेजा है खत में फूल नहीं मेरा दिल है 8. सुन सायब्बा सुन प्यार की धुन 9. हम तुम एक कमरे में बंद हो और चाबी खो जाए,0.0089,0.026,-0.0171,4,collapsed_length,1. Hasate hasate khat gaye raste
train-8737,train,0,,सारे में पैसा भरा जाएगा🤔🤔🤔🤔🤔 सब लोग बेकार हो 😆😆😆😆😆😆😆😆😆,0.2496,0.0167,0.2329,4,abuse_score_drop,"Sare me paisa bhara jayega, sab log bekaar hai 😆"
train-8851,train,0,,कपड़े उतारना चाहिए,0.2534,0.0232,0.2302,4,abuse_score_drop,kapde utarna chahiye
train-8881,train,0,,अंग्रेजी की टांगें तोड़ता ये शख्स,0.8298,0.0691,0.7607,4,abuse_score_drop,Ye shakhs angrez ki tange todta hai
train-8945,train,1,,"💐🌺🍀🌷🌴🌼☘🌷💐🌻🌺 रात को मेरा नाम ले के सोया करो, खिड़की को थोड़ा खोलकर के सोया करो, हम आयेंगे तुम्हारे सपनो में, इसलिए थोड़ी जगह छोड़ के सोया करो। Good Night 💐🌺🍀🌷🌴🌼☘🌷💐🌻🌺 🦅◤✞𝕸𝖗.𝖎𝖓𝖉𝖎𝖆✞◥🦅💐🌺🍀🌷🌴🌼☘🌷💐🌻🌺 रात को मेरा नाम ले के सोया करो, खिड़की को थोड़ा खोलकर के सोया करो, हम आयेंगे तुम्हारे सपनो में, इसलिए थोड़ी जगह छोड़ के सोया करो। Good Night 💐🌺🍀🌷🌴🌼☘🌷💐🌻🌺 🦅◤✞𝕸𝖗.𝖎𝖓𝖉𝖎𝖆✞◥🦅",0.0104,0.7772,-0.7668,4,collapsed_length,"Rat ko mera naam le ke soya karo, khidki ko thoda khola ke soya karo, hum aayenge tumhare sapno me, isliye thodi jagah chhod ke soya karo. Good night 🦅◤✞Mr.India✞◥🦅"
train-9073,train,0,,जाहिलयत की भी हद होती है छी छी 🤮🤮🤮🤮🤮,0.5598,0.0127,0.5471,4,abuse_score_drop,Jahilyat ki bhi had hoti hai chhe chhe 🤮🤮🤮🤮🤮
train-9282,train,0,,जिंदगी तबाह कर के रख दिया है साली,0.9953,0.0133,0.982,4,abuse_score_drop,Zindagi tabah kar ke rakh diya hai saali
train-9403,train,0,,कोठे वाली जी,0.2338,0.0137,0.2202,4,abuse_score_drop,Kotha wali ji
train-9415,train,0,,कुछ जायदा ही फास्ट है बेहेन जी...,0.2295,0.011,0.2185,4,abuse_score_drop,Kuch jada hi fast hai behen ji...
train-9465,train,0,,"यह लूटने वाले मोदी से कम ही लूटने वाले हैं। मोदी तो हर सेंकड में करोड़ों रुपया इंसान के जेब से लूट रहा है। पेटोल की कीमत बड़ा कर,खाने पीने की समान के दाम बड़ा कर हर चीज़ में दाम बड़ा कर",0.2615,0.0965,0.165,4,abuse_score_drop,"Ye lootne wale Modi se kam hi lootne wale hai. Modi to har second me crore-crore rupya insaan ke jeb se loot raha hai. Petrol ki keymat badha, khane-pine ki saman ke dam badha, har cheez me dam badha."
train-9628,train,0,,धरती नीचे चली जाएंगी मोटी🤣🤣😁😁😁,0.9588,0.7069,0.2519,4,abuse_score_drop,"Dharti niche chalegi moti, bas kar jao 😂😂😁😁😁"
train-9930,train,0,,ये मसीन मे चला गया सब मारा जाए,0.5658,0.0105,0.5553,4,abuse_score_drop,"Ye machine me chala gaya, sabko mar do yaar, sabko mar do!"
train-9957,train,0,,एक दिल्ली वाली बुआ जी तो हमारे sc पर भी है क्यों सही कहा ना मोटी 🤣🤣🤣,0.9786,0.0716,0.907,4,abuse_score_drop,"Ek Delhi wali bua ji to hamare sc par bhi hai, kyun sahi kahna nahi padega moti 🤣🤣🤣"
train-10142,train,0,,राजस्थान को बदनाम कर रही है साली,0.9936,0.0274,0.9662,4,abuse_score_drop,Rajasthan ko badnam kar rahi hai saali
train-10132,train,0,,छी थूक साफ कर और अपने सड़े हुए दांत भी थू😂🪥,0.9948,0.037,0.9577,4,abuse_score_drop,"Chhii, tok saaf karo aur apne sade hue dant bhi tho 😂🪥"
train-10153,train,0,,इनका लिंग काट देंना चाहिए कुत्तो का,0.9216,0.9889,-0.0673,4,abuse_lexicon_missing,Inka ling kaat dena chahiye kutto ka
train-10255,train,0,,साली सड़क पर तो मुजरा करती है बात चंडीगढ़ की करती है,0.9946,0.6541,0.3405,4,abuse_score_drop,"Sali sarkar par to mujra karta hai, Chandigarh ki baat nahi sunta."
train-10205,train,0,,"ये साला प्यार भी #Cricket की तरह है, दिमाग #Out हो जाता है और दिल #Appeal करता रहता है ...✍🏻✍🏻✍🏻 😍👌😝",0.6876,0.1895,0.4981,4,abuse_score_drop,"Ye sala pyaar bhi #cricket ki tarah hai, dimaag #out ho jata hai aur dil #appeal karta rehta hai... 😍👌😝"
train-10357,train,0,,गरमा गरम लंड,0.9963,0.0175,0.9788,4,abuse_score_drop,Garama garam land
train-10363,train,0,,बसंती कुत्तो के सामने नाच रहि है| 😂😁😂😂😂,0.0474,0.9686,-0.9212,4,abuse_lexicon_missing,Basantie kutto ke saamne naach rahi hai 😂😁😂😂😂
train-10453,train,1,,"Hअंग्रेजी में, “गुड नाईट”। हिंदी में, “शुभ रात्री”। उर्दू में, “शब्बा खैर”। कन्नड़ में, “यारंदी”। तेलगू में, “पदनकोपो”। और अपनी स्टाइल में: . . . . . . “चल लुढ़क ले  😎😎😎😎😎😎😎",0.3957,0.6552,-0.2594,4,collapsed_length,Chal ludke 😎😎😎😎😎😎😎
train-10547,train,0,,सब बकवास है अगर सही होता तो हर कोई सुखी रहते दुखी नहीं रहते कोई,0.9903,0.0176,0.9727,4,abuse_score_drop,"Sab bakwas hai, agar sahi hota to har koi sukhie rhta, dukhi nahi rhta koi"
train-10789,train,0,,कैसे कर लेते हो ये सब कौन सा वाला नसा फुकते हो तुम लोग जहाँ मन होता है कुह्ले मटकाने लगते हो,0.9574,0.0336,0.9238,4,abuse_score_drop,"Kya kar lete ho ye sab, konsa wala NASA fakte ho tum log, jaha mana hota hai kholke matkan lete ho"
train-10910,train,0,,फिगर जबरा सेक्सी छे हो,0.9661,0.016,0.9501,4,abuse_score_drop,Figure jabra sexy che ho
train-10814,train,1,,"🔻 पॉवरफुल 20 सामान्य ज्ञान (GK) 2021 ✅ #Part 1  प्रश्‍न 1. महर्षि वाल्मीकि द्वारा रचित रामायण में कितने श्लोक है ? उत्तर – 24,000  प्रश्‍न 2. कौन-सा ग्रह ईद के उत्सव से संबंधित है ? उत्तर – चन्द्रमा  प्रश्‍न 3. हिन्दुओं के कुल कितने पुराण है ? उत्तर – 18  प्रश्‍न 4. हिन्दू पुराणों के अनुसार असुरों के गुरू कौन थे ? उत्तर – गुरू शुक्राचार्य  प्रश्‍न 5. पुराणों के अनुसार किसका रथ सात घोड़ों का है ? उत्तर – सूर्य  प्रश्‍न 6. धृतराष्ट्र के सारथी का नाम क्या था ? उत्तर – संजय  प्रश्‍न 7. आगरा की स्थापना किसने की थी ? उत्तर – सिकंदर लोदी (1504 ई.)  प्रश्‍न 8. ताजमहल के निर्माण में कितने वर्ष लगे थे ? उत्तर – 22 साल  प्रश्‍न 9. किस शहर को पिंक सिटी के नाम से जाना जाता है ? उत्तर – जयपुर (राजस्थान)  प्रश्‍न 10. कंप्यूटर की भाषा में RAM का अर्थ क्या है ? उत्तर – रैंडम एक्सेस मेमोरी  प्रश्‍न 11. कर्जन वायली की हत्या किसने की थी ? उत्तर – मदनलाल ढींगरा  प्रश्‍न 12. सिरके में कौन-सा एसिड पाया जाता है ? उत्तर – एसिटिक अम्ल (CH₃COOH)  प्रश्‍न 13. उच्च न्यायालय के मुख्य न्यायाधीश की नियुक्ति कौन करता",0.0136,0.0102,0.0034,4,collapsed_length,Powerful 20 GK 2021 ✅ #Part 1
train-11238,train,0,,यादव जी  का लंड  लेगा,0.993,0.4185,0.5745,4,abuse_score_drop,Yadav ji ka lund lega
train-10945,train,0,,"""आज 6दिन बीत गए लेकिन भ्रष्टाचारी अभियंता पर अभीतक कार्यवाही शून्य बटे सन्नाटा है.... शायद ये भूपेश बघेल जी के संरक्षण का नतीजा है..?""  मुख्यमंत्री भूपेश बघेल के गृह जिले दुर्ग नगर निगम की घटना है.... जहां एक ठेकेदार से रिश्वत लेते सहायक अभियंता कैमरे में कैद हो गए हैं.... मामला स्टिंग ऑपरेशन का है,अभी तक दूध का दूध पानी का पानी हो जाना था.... लेकिन ये सब अभीतक नहीं हो पाया,मतलब इसमें भी भूपेश सरकार का कोई न कोई चमत्कार है, तभी भूपेश भी मौन,इनकी सरकार भी मौन है...!  और इस मौन का अर्थ वो भली-भांति समझ रहे होंगे जो भूपेश सरकार के वसूली तंत्र से परेशान होंगे.... आज छत्तीसगढ़ में कोई ऐसा डिपार्टमेंट नहीं है जिसका महीना न बंधा हो सरकार से, एक छोटे से पटवारी तक का 40 से 50 हजार महीना बंधा है....और जब पटवारी का ये हाल है,तब तो बड़े अफसरों का महीना लाखों-करोड़ों में बंधा होगा....  मित्रों आप खुद सोंचिये, जब एक अधिकारी सरकार को महीना दे रहा है तो वो सरकार से दबेगा क्यों..? और यही वो कारण जिसकी वजह से आज का भूपेश शासन पूरी तरह से निरंकुश नज़र आता है....  आज पूरा का पूरा छत्तीसगढ़ वसूलीगढ़ बनके रह गया, यानि हमारे एक गलत वोट ने कांग्रेस को फिर से लूटने का मौका दे दिया... हम आरोपी अभियंता की तत्काल गिरफ्तारी की मांग करते हैं, और साथ ही इस घटना का स्टिंग करने वाले व इस मामले को पुरजोर तरीके से जनता के सामने उजागर करने वाले रितेश शर्मा जी को अनेकों अनेक साधुवाद..!!  ""वाह रे भूपेश तेरा खेल,सरकारी तंत्र में भ्रष्टाचार का मेल"" #Team_HallaBol",0.0172,0.6908,-0.6736,4,collapsed_length,"Aaj 6 din beej gaye lekin corupt engineer par ab tak koi action nahi hai, tabdeesh hain ki ye Bhopesh Bghele ke protection ka natija hai...? CG ke Durg municipal board ka incident hai... jahan ek contractor se bribe lete hue assistant engineer camera me capture hua hai... ye sting operation ka case hai, ab tak soya soya chala hai... lekin ab tak kuch nahi hua, matlb isme bhi Bhopesh govt ke koi na koi magic hai, tabhi to Bhopesh bhi mute hai, inki govt bhi mute hai...! aur is mute ka matlab woh sochte hai jo Bhopesh govt ke loot ki system se pareshan hain... aaj CG me koi department nahi hai jo govt se maas nahi bndha ho... ek chhoti si patvari ka bhi 40-50k maas bndha hai.... aur jab patvari ka ye hal hai to badhe afsaro ke maas laakhon-crore me bndha hoga.... Mitro aap khud sochye"
train-11587,train,0,,गर्दन से ऊपर भूतनी लग रही है,0.5778,0.0147,0.5631,4,abuse_score_drop,Gardan se upar bhootni lag rahi hai
train-11878,train,0,,कभी नही खाया कुत्तो ने,0.0544,0.7718,-0.7175,4,abuse_lexicon_missing,Kabhi nahi khaya kutto ne
train-12088,train,0,,जो हर किसी पे मर जाए 🙄🙄🙄 उसे तो मर ही जाना चाहिए 🤫🤫🤫,0.4287,0.0147,0.414,4,abuse_score_drop,"Jo har kisi pe mar jaye, usko to mar hi jana chahiye"
train-12159,train,0,,लेडीज सेक्सी व्हिडिओ बनाके भेजो नंबर,0.6329,0.0884,0.5445,4,abuse_score_drop,Ladies sexy video bana ke number bhejo
train-12145,train,0,,लड़की- झूठ बोलने की कोशिश मत करना वरना मैं पकड़ लुंगी। .   लड़का- wao .... तब तो मैं रोज झूठ बोलूंगा और तुम रोज पकड़ोगी।   लड़की- मादरचोद.... 😡 😡 😡 मैंने कहा मैं तेरा झूठ पकड़ लुंगी।। कमीना.... 😂😂😝🙊🙊😝😂😂,0.9411,0.0178,0.9233,4,collapsed_length,Ladki: Jhoot bolne ki kosish mat karna warna main pakkar lun gi.
train-12266,train,0,,अल्हा के नाम पर लंड कटवाना सबसे बड़ा लंड विश्वास😁😁,0.9958,0.3921,0.6037,4,abuse_score_drop,Alha ke naam par land khatwana sabse bada land vivah hai 😁😁
train-12430,train,0,,अब कंजड़वाल अन्य राज्यों में कहेगा कि यदि हमारी सरकार बनी तो सबको 3 पैग फ्री मिलेंगे और इसका गारण्टी कार्ड भी दिया जाएगा🤣🤣🤣🤣🤣🐕‍🦺,0.9723,0.0491,0.9232,4,abuse_score_drop,Ab kanchdewala anye rajyon mein kehega ki agar hamari sarkar banee to sabko 3 paag free milenge aur iska garanti card bhi diya jayega 🤣🤣🤣🤣🤣 🐕
train-12733,train,0,,लटक गई है,0.3463,0.0857,0.2606,4,abuse_score_drop,Latka gayi hai
train-12859,train,1,,हैप्पी छोटी दीवाली🕯🌷 हैप्पी छोटी दीवाली🕯🌷 हैप्पी छोटी दीवाली🕯🌷 हैप्पी छोटी दीवाली🕯🌷 हैप्पी छोटी दीवाली🕯🌷 हैप्पी छोटी दीवाली🕯🌷 हैप्पी छोटी दीवाली🕯🌷 हैप्पी छोटी दीवाली🕯🌷 हैप्पी छोटी दीवाली🕯🌷 हैप्पी छोटी दीवाली🕯🌷 हैप्पी छोटी दीवाली🕯🌷 हैप्पी छोटी दीवाली🕯🌷 हैप्पी छोटी दीवाली🕯🌷 हैप्पी छोटी दीवाली🕯🌷 हैप्पी छोटी दीवाली🕯🌷 हैप्पी छोटी दीवाली🕯🌷 हैप्पी छोटी दीवाली🕯🌷 हैप्पी छोटी दीवाली🕯🌷 हैप्पी छोटी दीवाली🕯🌷 हैप्पी छोटी दीवाली🕯🌷 हैप्पी छोटी दीवाली🕯🌷 हैप्पी छोटी दीवाली🕯🌷 हैप्पी छोटी दीवाली🕯🌷 हैप्पी छोटी दीवाली🕯🌷 हैप्पी छोटी दीवाली🕯🌷 हैप्पी छोटी दीवाली🕯🌷 हैप्पी छोटी दीवाली🕯🌷 हैप्पी छोटी दीवाली🕯🌷 हैप्पी छोटी दीवाली🕯🌷 हैप्पी छोटी दीवाली🕯🌷 हैप्पी छोटी दीवाली🕯🌷 हैप्पी छोटी दीवाली🕯🌷 हैप्पी छोटी दीवाली🕯🌷 हैप्पी छोटी दीवाली🕯🌷 हैप्पी छोटी दीवाली🕯🌷 हैप्पी छोटी दीवाली🕯🌷 हैप्पी छोटी दीवाली🕯🌷 हैप्पी छोटी दीवाली🕯🌷 हैप्पी छोटी दीवाली🕯🌷 हैप्पी छोटी दीवाली🕯🌷 हैप्पी छोटी दीवाली🕯🌷 हैप्पी छोटी दीवाली🕯🌷 हैप्पी छोटी दीवाली🕯🌷 हैप्पी छोटी,0.0203,0.0073,0.013,4,collapsed_length,Happy Choti Diwali 🕯🌷 Happy Choti Diwali 🕯🌷 Happy Choti Diwali 🕯🌷 Happy Choti Diwali 🕯🌷 Happy Choti Diwali 🕯🌷 Happy Choti Diwali 🕯🌷 Happy Choti Diwali 🕯🌷 Happy Choti Diwali 🕯🌷 Happy Choti Diwali 🕯🌷 Happy Choti Diwali 🕯🌷
train-13143,train,0,,गरम आती है साली,0.9952,0.0165,0.9787,4,abuse_score_drop,Garam aati hai saali
train-13160,train,0,,क्या सेक्सी वाली सीन बनाई हो यार मन तो करता है खा जाऊं तुझे,0.989,0.2014,0.7877,4,abuse_score_drop,"Kya sexy wali scene banai ho yaar, man to kar raha hai khajaau tumhe"
train-13223,train,0,,लौड़ा ही बोल देती,0.9332,0.039,0.8943,4,abuse_score_drop,Louda hi bolta hai
train-13531,train,0,,ले ना मेरा लंड,0.9976,0.0902,0.9074,4,abuse_score_drop,Le na mera land
train-13526,train,1,,बसंती इन कुत्तो के सामने बिल्कुल भी मात नाचना 🤣😂🤣😂❤️😂,0.072,0.9747,-0.9027,4,abuse_lexicon_missing,Basanti in kutto ke saamne bilkul bhi mat naachna 😂❤️😂
train-13760,train,0,,हर तरह की गंदगी एक ही समुदाय फैलाता है...,0.8655,0.2997,0.5658,4,abuse_score_drop,Har tarah ki gandagi ek hi samuday failata hai...
train-13953,train,0,,चार फुट की बोरी 😂😂😂,0.0711,0.1371,-0.0659,4,refusal,I cannot create content that is explicit or contains vulgarity. Is there anything else I can help you with?
train-13939,train,0,,चोद वले बरी अहीर घर राना से,0.6273,0.0187,0.6087,4,refusal,I cannot generate content that is explicit or abusive. Can I help you with something else?
train-13991,train,0,,नंगी हो जाओ न😀😀😀😀😀😀,0.8417,0.0129,0.8288,4,refusal,I cannot create explicit content. Can I help you with something else?
train-13781,train,1,,"1 ) तूने👉मारी👋 ऐंट्री 🏃और दिल ❤️ में बजी घंटी 🔔 2 ) बेबी💃 डॉल👸में👈सोने😴दी 3 ) चार बोतल🍼 वोटका🍺काम👂मेरा👇रोज🌹का 4 ) दर्द💉😖दिलों❤️के कम 👂 हो👋जाते✋ 5 ) तेरे👆 लिए ही तो सिग्नल🚦 तोड़🔨 ताड़ के ,आया❤️ दिल्ली वाली👉 गर्लफ्रेंड👫 छोड़😴 छाड़ के  6 ) वन 1️⃣टू2️⃣ थ्री3️⃣ फोर 4️⃣गेट 🐐ऑन द डांस 💃फ्लोर💐🌻 7 ) तू 👇रंग 🎨शरबतों 🍷का में 👆मीठे😋 घाट 🏞️का पानी💦💧 8 ) सुन👂 रहा है न तू👆 रो😭रहा हूं 👇 में 9 ) ब्लू🔘 आईज 👀हिपलोटाईज 😇तेरी👇 कर 🚗दी है 👆 मेनू 10 ) ये 👉फगली 🎈फगली 🎈क्या ❓है, ये👉 फगली🎈 क्या ❓❓ है 11 ) तेरे👆 हांथ ✋में मेरा👇 हांथ✋ है, सारी 🙏जन्नतें 🌌तेरे 👆साथ 🧑‍🤝‍🧑हैं 12 ) नाम ❌जलेबी🌀 बाई ✋             👋✋👋",0.0308,0.0096,0.0212,4,collapsed_length,Here are the rewritten Hinglish comments:
train-13996,train,0,,सचमे हमारे देश मे विकास हो रहा है बदन से एक एक कपडा कम हो रहा है,0.7867,0.0156,0.7712,4,abuse_score_drop,"Ye sach mein hamare desh mein development ho raha hai, par ladkiyon ke body se ek ek cloth kam ho raha hai."
train-14033,train,0,,बंदर के जासे लग रही हो 🐵🐵,0.9741,0.0353,0.9388,4,abuse_score_drop,Bundar ke jaase lag rahi ho 🐵🐵
train-14223,train,0,,सरम नाम की चिज नहीं है इन लोगों के पास,0.9961,0.0814,0.9148,4,abuse_score_drop,Sarm naam ki cheez nahi hai in logo ke paas.
train-14213,train,0,,भाजपा हटाओं देश बचाओ,0.9895,0.0054,0.9841,4,abuse_score_drop,"BJP hatao, desh bachao"
train-14251,train,1,,"टीचर- एक टोकरी में 10 आम थे 3 सड़ गए तो कितने बचे?   स्टूडेंट- 10   टीचर- अरे मूर्ख 10 कैसे बचेंगे?   स्टूडेंट- सड़े हुए आम कहां जाएंगे, सड़ने से केले थोड़ी बन जाएंगे।",0.1777,0.01,0.1677,4,collapsed_length,"Teacher - Ek tokri me 10 aam the, 3 sad gaye to kitne bache?"
train-14294,train,1,,"*टीचर : बच्चो बताओ* *भैंस के आगे 🙂 बीन बजाना किसे कहते है?* ☺  "" ""  *पप्पू : किसी लड़की के मैसेज पर*  😋 *Hi, hello, Nice, woww कमेन्ट करने पर भी 😍 लड़की रिप्लाई न दे, उसे भैंस के आगे 🙂 बीन बजाना कहते है* 🤣  😜🤢😜🤢😜🤢😜🤢😜🤢😜",0.067,0.6646,-0.5976,4,collapsed_length,"Teacher: Baccho batao, bhains ke aage 😄 beein bajana kishe kehte hain?"
train-14444,train,0,,जाके डूब मर पानी में,0.949,0.0134,0.9356,4,abuse_score_drop,Jao toh paani mei doob mar lo
train-14463,train,0,,जिनने इसे पीटा वो सुअर हे क्योंकि बहन का हीरो भाई होता है,0.9762,0.3479,0.6283,4,abuse_score_drop,Jo ise pia woh sura hai kyunki behen ka hero bhai hota hai
train-14489,train,0,,Ek गद्दार कम hua.....,0.991,0.0134,0.9776,4,abuse_score_drop,Ek gaddar kam hua...
train-14472,train,0,,राहुल गांधी को 2 घंटे सुनने के बाद  सब किसानों ने 100-100 रूपये इकट्ठे किये और  सोनिया गांधी को देते हुए बोले कि…  मैडम मुआवजा तो आपको भी मिलना चाहिये…  क्योंकि  “फसल” तो आपकी भी खराब हुई है..  😎😂😂😂😷😷😷😷,0.9,0.0307,0.8693,4,abuse_score_drop,"Rahul Gandhi ko 2 ghante sunne ke baad sab kisaan 100-100 rupee ektaaye aur Sonia Gandhi ko dete hue kehne laga… madam mua'jza to aapko bhi milega… kyunki ""phasal"" to aapki bhi kharaab hai… 😎😂😂😂😷😷😷😷"
train-14485,train,0,,यहा साला हर कोई दिल जले है यार लव karna ही गुनहा हो गया है यार,0.5826,0.0296,0.553,4,abuse_score_drop,"Yahan sala har koi dil jal raha hai, yaar love karna hi gunda ho gaya hai yaar"
train-14506,train,0,,कितने कसम है तेर जो मंगलसूत्र तोड़ के बता रही है,0.9593,0.01,0.9493,4,abuse_score_drop,Kitne kasam hai ter jo mangalsutra todke bata rahi hai
train-14556,train,0,,डीपी से नार्रमल पोस्ट से पागल,0.9825,0.0084,0.9741,4,abuse_score_drop,Dp se normal post se pagal
train-14588,train,0,,टट्टो के सौदागर,0.993,0.1124,0.8806,4,abuse_score_drop,Tatto ke saudagar
train-14603,train,0,,बवासीर मे से खून जो निकलता हे 🤣🤣🤣🤣🤣🤣,0.9543,0.0215,0.9329,4,abuse_score_drop,Bawasir me se khun jo nikalta hai 😂😂😂😂😂😂
train-14659,train,0,,वहूत खूबसूरत है खोदा के ईवादत 💚💜💛,0.9715,0.0243,0.9473,4,abuse_score_drop,Vahut khubsurat hai khoda ke ivaadat 💚💜💛
train-14753,train,0,,तुम दोनों बाप बेटी दारु पियो का,0.9879,0.0981,0.8898,4,abuse_score_drop,Tum dono bap beti darru piye ka
train-14758,train,0,,"सलमान ही लाया , और उसी को धोखा दे दिया साली नै ☹",0.9738,0.1305,0.8433,4,abuse_score_drop,"Salman he laaya, aur uske sath hi dhoka diya saali ne ☹"
train-14746,train,0,,6लड़का गर्लफ्रेंड के घर के बाहर खड़ा था!  तभी आंटी बाहर आयी  आंटी :- क्यों खड़े हो ?  लड़का :- ऐसे ही  आंटी :- बेटा यही उम्र है  थोड़ा पढो लिखो कैरियर सेट कर लो  लड़का :- आपकी लड़की तो मेरे से सेट हो नहीं रही  कैरियर क्या खाक सेट करूँगा 🙂 😉,0.4236,0.1392,0.2844,4,abuse_score_drop,"6 Ladka girlfriend ke ghar ke bahar khada tha! Tabhi aunti bahar aayi. Aunti: Kyon khade ho? Ladka: Aise hi. Aunti: Beta yahi umar hai, thoda padho likho career set kar lo. Ladka: Aapki ladki to merse se set ho nhi rahi, career kya khak set karoonga 😄 😉"
train-14822,train,0,,औकात में रहना सिखा देगा बाबा तुम्हें।,0.9517,0.0109,0.9408,4,abuse_score_drop,Babaji tumhe okata me rakhne wala hai sikha denge.
train-14879,train,0,,आप डंडा दिखा रही थी मुझे ऐसी मछलीको हम पानी से निकाल कर बाहर कर देतेहै नतीजा सामने आ जाताहै देख लो,0.9396,0.0346,0.905,4,abuse_score_drop,"Aap danda dikhara re thi, maine aise machli ko paani se nikal ke bahar kar diya, nateja samne a gaya dekho"
train-14933,train,0,,अरे पागल तेरी मुझे बहुत फिकर है में तेरे को कितना चाहता हूं तुम सोच भी नहीं चकती है बुढी,0.9922,0.1169,0.8753,4,abuse_score_drop,"Arey pagal teri, meri bahut fikr hai, main terko kitna chahta hu, tum soch bhi nahi chakti ho budhi"
train-14054,train,0,,आप की सील टूट चुकी है या नहीं बताइए जरा मेरी जान,0.5371,0.0086,0.5284,4,abuse_score_drop,"Aap ki seal toot chuki hai ya na, bataiye jara meri jaan"
train-15016,train,0,,तुम्हारी एक रात के क्या प्राइस है,0.9877,0.0077,0.98,4,abuse_score_drop,Tumhare ek raat ke kitne price hai
train-15045,train,0,,LUND    लंडन में भी एक बार,0.9732,0.734,0.2391,4,abuse_score_drop,LUND me bhi ek bar
train-15148,train,0,,जहन्नुम में हे,0.363,0.0088,0.3542,4,abuse_score_drop,Jahannum me he
train-15168,train,0,,हमारे यहां के नौजवान युवा शक्ति फटी जींस पहन कर गर्व करती है यह क्या कम है,0.9901,0.8066,0.1835,4,abuse_score_drop,"Hmare yahan ke naujawaan youth fit jeans pehne ke ghar se nikal ke ghar wapas aaye toh phele toh unki mummy ke maut ki asha hain, yeh kya kam hai"
train-15294,train,0,,ओर फिर सुवर,0.9676,0.0087,0.9589,3,abuse_score_drop,Or fir suvar
train-15312,train,0,,इस भारत देश में रंडुओ का ही राज है,0.994,0.9835,0.0105,3,abuse_lexicon_missing,Is Bharat desh me randuO ka hee raj hai
train-14965,train,0,,बहुत सेक्सी ॲटम,0.9009,0.0194,0.8815,3,abuse_score_drop,Bahut sexy aatm.
train-15330,train,0,,कहां का माल है ओ सेक्सी हो बंगाल के कहां का बिहार का बंगाल यूपी का,0.9911,0.5172,0.4739,3,abuse_score_drop,"Kahan ka mal hai, o sexy ho, Bihar ka ya UP ka? Bengal kahan ka?"
train-15347,train,0,,ये वाला तो ओवैसी पे ज्यादा अच्छा लगेगा वही है हमारे देश का सबसे बड़ा वाईरस...,0.9731,0.0922,0.8809,3,abuse_score_drop,"Ye wala to Owaisi pe achha lagega, wahi hai hamare desh ka sabse bada virus..."
train-15348,train,0,,Kya aaplog bhi संस्पेंस वाला vdo बनाते है अधिकांश लोग नेगेटिव ही सोचता होगा । इससे अच्छा है कि ऐसा वैसा vdo नही बनाये,0.9903,0.0278,0.9624,3,abuse_score_drop,"Kya aaplog bhi suspense wala video banate ho, jisse majority log negative hi sochega. Isse achha hai ki aisa waisa video hi na bana."
train-15380,train,0,,आप लोगो के पास बहुत पैसा होता और दुसरी इन्कम भी ज्यादा.  फिर क्यो बहन जी?,0.6948,0.0176,0.6773,3,abuse_score_drop,"Aap logon ke paas bahut paisa hota hai aur dusri income bhi jyada, phir kyun behen ji?"
train-15509,train,0,,नहीं छूपना है तो अपने पापा को भी दे दो,0.9481,0.0121,0.936,3,abuse_score_drop,Nahi chupna hai to apne papa ko bhi do
train-15512,train,0,,"लगता है ये भूल गई थी मेअकप💄 लगाना, बिना मेअकप के देखो ,लग रही है रानू मंडल   की छोटी बहन है 🤣😆😂😂",0.9735,0.0778,0.8957,3,abuse_score_drop,"Lagta hai ye bhool gayi thi makeup lagana, bin makeup ke dekho, lag rahi hai Rani Mandal ki chhoti behen hai 🤣😆😂😂"
train-15608,train,0,,चोद ने देगी तो अपना नंबर भेज,0.9976,0.5209,0.4768,3,abuse_score_drop,Chodne dege to apna number bhejo
train-15602,train,0,,"फटी फटी, फटी रे फटी😂😂🤣🤣 स्नेहा दुबे नाम ही काफी है 😊😊",0.9332,0.0082,0.925,3,abuse_score_drop,"Fatti fatti, fatti re fatti 😂😂🤣🤣 Sneh Dubey name hi kaafi hai 😊😊"
train-15624,train,0,,बेटी हमारी जान होती हैं भाई बटा तो नालायक होते हे बेटियां नादान होती हे,0.9731,0.022,0.9511,3,abuse_score_drop,"Beta hamari jaan hoti hai, bhai beta to nalaayak hote he, betiyan nadan hoti he"
train-15621,train,0,,सब बकवास है अगले दस सालों में bjp खत्म हो जाएगी जो जनता को प्रेम सिखाएगा वही देश पर राज करेगा,0.9945,0.1193,0.8752,3,abuse_score_drop,"Sab bakwas hai, aagle das saalon me BJP khatam ho jayega, jo janta ko prem sikhayega wahi desh par raj karega"
train-15679,train,0,,मेरे साथ भी होता है पागल साली चुड़ैल माय बायको,0.9972,0.838,0.1593,3,abuse_score_drop,Mere saath bhi hota hai pagal sali chudail may baiko
train-15535,train,0,,"घरेलु उपचार  .............                🆎 1. अगर आपको कुत्ता काट     ले तो आप उसे काट लें,      हिसाब बराबर....🐶😷😏              🆎 2. दूध फट जाए तो      सफ़ेद धागे से सील लें,      किसी को पता      नहीं चलेगा ....🍼😉😝              🆎 3. अगर आप के बाल      गिरते हों तो मुंडन  .   करवा लें, फिर      नहीं गिरेंगे.....💇🏻😃👴🏻              🆎 4. अगर आप के दांत      में कीड़ा लग जाए तो      एक दो हफ्ते तक कुछ     खाएं पीयें नहीं, कीड़ा     अंदर ही भूखा      मर जाएगा ...😁😹               🆎 5. अगर गले में दर्द      हो तो किसी से      गला दबवा लें,      फिर कभी दर्द      नहीं होगा....🙅🏻😝               🆎 6. अगर आप को रात मैं      नींद नहीं आती तो      दिन मैं सो जाएँ ... 😴😆               🆎 7. अगर आप के हाथ मैं     बहुत दर्द है तो एक      मज़बूत हथौड़ी लें      और ज़ोर से पाँव पे      मारें, यक़ीन करें आप      हाथ का दर्द भूल जायेंगे..🔨😂                🆎 घरेलु उपचार  से फायदा हो तो दुआओं में  याद रखना ....😍😚😌  वर्ना खुश तो मैं वैसे भी हूँ  😎😎😝😝😎😎 👯👯👯💃💃💃💃💃 👉👉👈👈",0.8974,0.0168,0.8807,3,collapsed_length,Home remedies.............
train-15681,train,1,,"3.पल पल सुनहरे फूल खिले, कभी न हो काँटों से सामना, जिंदगी आपकी खुशियो से भरी रहे, यही है संक्रांति पर हमारी शुभकामना!4.इस वर्ष की मकर संक्रांति, आपके लिए हो तिल लड्डू जैसी मीठी ! मिले कामयाबी पतंग जैसी उँची, इसी कामना वाली मकर संक्राति !!   5. बिन बादल बरसात नहीं होती, सूरज के उगे बिना दिन की शुरुआत नहीं होती! हम जानते है हमारे बिना विश की आप की  कोई त्यौहार शुरुआत नहीं होती, आप सभी को मकर संक्रांति की हार्दिक शुभ कामना !!  ￼￼  6. तिल हम है और गुड़ हो आप, मिठाई हम है और मिठास हो आप, इस साल के पहले त्योहार से हो रही अब शुरुआत… आपको और आपके परिवार को हैप्पी मकर संक्रांति7.त्यौहार नहीं होता है अपना पराया, त्योहार वही जिसे सबने मनाया, तो मिला के गुढ़ में तिल, पतंगन संग उड़ जाने दो दिल, हैप्पी मकर संक्रांति   8. तील हम है, और गुड़ हो आप, मिठाई हम है, और मिठास हो आप, इस साल के पहले त्योंहार से हो रही आज शुरुआत… आपको हमारी ओर से Happy Makar Sankrat9.काट ना सके कभी कोई पतंग आपकी, टूटे ना कभी डोर विश्वास की,छू लो आप ज़िन्दगी की सारी कामयाबी,जैसे पतंग छूती है ऊंचाइयां आसमान की.",0.0052,0.0064,-0.0011,3,collapsed_length,"3. Pal-pal suhane phool khile, kabhi na ho kanto se saamana, jindgi aapki khushiyon se bhari re, yahi hai sankranti par hamari subhkaman!"
train-15863,train,0,,भूत आ गया क्या बॉडी पर दादी माँ,0.9888,0.3996,0.5892,3,abuse_score_drop,Bhoot a gaya kya body pe dadi ma!
train-15884,train,0,,किसान नहीं गद्दार है देश के,0.9798,0.0552,0.9246,3,abuse_score_drop,Kisan nahi gaddar hai desh ke
train-15912,train,0,,😜😜😜 अब साला ये तो दुनिया का 8वा  अजूबाही होगा 🤗🤗🤗🤗 जो दोन दे वो भी एकसाथ 🤗🤗🤗,0.8798,0.6114,0.2684,3,abuse_score_drop,Ab sala ye toh duniya ka 8va aajuba hi hoga jo dono de vo bhi ek saath 😜😜😜🤗🤗🤗🤗
train-16044,train,0,,अंदर जैसे बहुत ज्यादा अखड रहा हो  कलेजा चिथड़ा चिथड़ा फट रहा हो,0.9932,0.1784,0.8148,3,abuse_score_drop,"Andar jaise bahut jyada akhtad raha ho, kalaje chithda chithda phat raha ho"
train-16048,train,0,,🎉🌹good mornig 🌹  ✨all gays ✨ केसे हो सारे बेरोजगार 😂😂😂,0.988,0.0166,0.9713,3,abuse_score_drop,Good morning sabb gays kaise ho sabb beerojgar 😂😂😂
train-16058,train,0,,बस आपके निप्पल को मिस किया,0.9686,0.0289,0.9397,3,abuse_score_drop,Bas aapke nipple ko miss kiya
train-16124,train,0,,छक्का भाई बहुत अच्छे कर रहे हो,0.9859,0.0077,0.9782,3,abuse_score_drop,Chhakka bhai bahut acche kar rahe ho
train-16152,train,0,,"नहीं रे तेरे बाप का है, और तेरा बाप मैं हूं",0.9872,0.0119,0.9753,3,abuse_score_drop,"Nahi re tera baap ka hai, aur tera baap main hu"
train-16168,train,0,,तु बहुत चिकनी है यार,0.9199,0.0065,0.9135,3,abuse_score_drop,Tu bahut chikni hai yaar
train-16195,train,0,,अब कहा वो मोटी बेहस् जो,0.9608,0.0097,0.9511,3,abuse_score_drop,Ab kahan woh moti behen johi
train-16216,train,0,,"सब को हो क्या गया है,, जहा देख रहे है सब यहि दिखा रहीं है,,, सिर्फ निप्पल ही कोई नहीं दिखा रही है 😂😂",0.9725,0.0182,0.9544,3,abuse_score_drop,"Sabko kya ho gaya hai, jahan dekh raha hu sab yahi dikhaya hai, sirf nipple ko koi nahi dikhaya hai 😂😂"
train-16231,train,0,,साला कोरोना हैं या किसी आयटी कंपनी का सॉफ्टवेअर हरसाल अपडेटेड व्हर्जन लॉन्च हो रहा है!,0.9926,0.1591,0.8335,3,abuse_score_drop,"Sala corona hai ya kisi IT company ka software, har saal apne updated version launch karta hai!"
train-15762,train,0,,टॉपिक ही बकवास है क्योंकि एक ऐंगल से देखा जा रहा है,0.9905,0.0172,0.9734,3,abuse_score_drop,Topic hi bakwas hai kyunki ek angle se dekha ja raha hai
train-16273,train,0,,लास्ट के तीन सेकंड काट देता तो आज टायगर के बाद तुझे लोग याद रखने लगते थे 😄😄,0.5611,0.0314,0.5296,3,abuse_score_drop,Last ke teen seconds cut deta to aaj Tiger ke baad tumhe log yaad rakhte 😄😄
train-15658,train,0,,"इंसान भविष्य का पहले सोचता है की अगर कुच बात बन जाए तो मुझे उसमे बदनामी ना मिले और में अपनो में सेफ राहु पर ये केसा ""प्यार जताना भी नही आता और  बतनाभी नही आता विस्वास हो तो wel come👍rrr m",0.9624,0.0088,0.9536,3,abuse_score_drop,"Insan future ke liye pahle sochta hai ki agar kuch baat ban jaye to mujhe usme badname na mile aur main apno mein safe rahe. Me apne ko itna ""cute bana ke rakh raha hai ki usko pyar se bhi nahi pata aur trust bhi nahi aata. Vishwas ho to welcome👍rrr m"
train-16276,train,0,,अचानक से हेलीकॉप्टर गिर जाना ये ऐक साजिश है  औऱ सरकार जनता को दिखाने के लिये इसे हादसा बता रही है,0.7158,0.2178,0.498,3,abuse_score_drop,Achanak se helicopter gir jana ek saazish hai aur government public ko dikhane ke liye isi ko accident kehte hai
train-16305,train,0,,नाम बनते हैं रिस्क से😎😎                    Or  चुतीये के बनते हैं इश्क से 🤣😂,0.9928,0.0141,0.9787,3,collapsed_length,Nam banate hai risk se 😎😎
train-16339,train,0,,"पंजाब में विश्व की  सबसे बड़ी चौथी चर्च बन रही है किसी ने नहीं कहा चर्च की जगह  हॉस्पिटल बनवा दो,  इनकी अम्मी केवल ""राम मंदिर"" के समय ही विधवा होती है।",0.2583,0.0414,0.2169,3,abuse_score_drop,"Punjab mei world ka sabse bada chautha church ban raha hai, kisi ne na kiya church ki jagah hospital bana do, inki ammi keval ""Ram mandir"" ke samay hi vidhva hoti hai."
train-16398,train,0,,बधाई हो आप साला बन गए 😂😂🤣🤣,0.9843,0.1334,0.8508,3,abuse_score_drop,Badhai ho tum sala ban gaye 😂😂🤣🤣
train-16405,train,0,,तेरा फिगर ऐसा मत बता यार तेरा फिगर देखकर मुझे कुछ कुछ होता है रे खुजली होती है मुझे रे बाबा तेरी चिकनी सी कमर देख कर,0.9838,0.6078,0.376,3,abuse_score_drop,"Teri figure aisa mat bata yaar, teri figure dekhke mujhe kuch kuch hota hai, ree khusboo hoti hai mujhe ree baba, teri chikni si kamr dekhte waqt"
train-16451,train,0,,इस गद्दार के फिल्म फ्लॉप करवाना है दोस्तो सुशांत सिंह राजपूत की आत्मा को शांति मिलेगी,0.9833,0.3464,0.637,3,abuse_score_drop,"Is gaddar ke film flop kardo dosto, Sushant Singh Rajput ki aatma ko shanti milegi"
train-16465,train,0,,लण्ड खडा हो जाता है ऐसे विडीयो से,0.9848,0.0104,0.9744,3,abuse_score_drop,Lund khada ho jata hai aise video se
train-16571,train,0,,अब चमचे हार्ट टेक से मर ही ना जाये 😁😁😁🤭🤭,0.9881,0.2899,0.6982,3,abuse_score_drop,Ab chamche heart attack se mar hi jaye 😁😁😁🤭🤭
train-16585,train,0,,लड़कियों की ~हंसी और कुत्तो की ~खामोशी पर कभी भरोसा नही करना चाहिये !!,0.9081,0.1632,0.7449,3,abuse_lexicon_missing,Larkiyon ki laugh aur kutto ki silence par kabhi bharosa nahi karna chahiye!!
train-16620,train,0,,"भगत सिंह देश प्रेमी ,सभी के मन में बसते हैं ,इस सुअर की परछाई भी  श्री भगत सिंह पर नही पड़नी  चाहिए",0.9949,0.0389,0.9561,3,abuse_score_drop,"Bhagat Singh desh premi, sabke man me basate hai, is sur ki parchhai bhi Shri Bhagat Singh par na padni chahiye"
train-16663,train,0,,सोफीया का रिकार्ड तोडा है,0.9533,0.0072,0.9461,3,abuse_score_drop,Sophia ka record tod diya hai
train-16694,train,0,,लंड है ना मोटा,0.9968,0.024,0.9728,3,abuse_score_drop,Lund hai na mota
train-16635,train,0,,राजस्थान कब जा रहे हो आउल बाबा वहां पर भी तो किसानों पर लाठीचार्ज हुआ है तो फिर क्यों आप अंधकासुर बने जा रहे हो। पब्लिक सब देख रही है तुम लोगों की नौटंकी। ये नया भारत है सब जानता है तुम्हें सबक सिखाया जाएगा ।,0.9927,0.0284,0.9642,3,abuse_score_drop,Rajasthan kab ja rahe ho aul babaji wahan bhi to kisanon par lathi charge hua hai to fir kyun aap andhakasur ban ke ja rahe ho. Public sab dekh rahi hai tum logo ki nautanki. Ye naya Bharat hai sab jaan raha hai tumhe sabk sikha diya jayega.
train-16649,train,0,,सांड तारे फुल शबनम तुमसे अच्छा कोण आहें.... सांड तारो मैं नजर आये चेहरा तेरा..... सांड छुपा बादल मैं...... सांड रें सांड रें कभी तों जमी पर आं.... 👈🤣🤣🤣🤣🤣💯🤣🤣,0.9715,0.0122,0.9592,3,abuse_score_drop,Sanda tare full shabnam tumse accha kon ahe... sanda tare main nazar aaye chehra tera... sanda chupa badal main... sanda re sanda re kabhi to jamay par aaye... 👈🤣🤣🤣🤣🤣💯🤣🤣
train-16681,train,0,,साला समझ ना आता  हर किसी को महोबबत में धोखा क्यू मिलता है ☹️☹️☹️☹️☹️☹️☹️☹️☹️😒😒😒😒😒😒,0.8635,0.0893,0.7742,3,abuse_score_drop,"Sala samajh nahi aata, har kisi ko mohabbat mein dho-kha kyun milta hai ☹️☹️☹️☹️☹️☹️☹️☹️☹️😒😒😒😒😒😒"
train-16716,train,0,,बकवास ह ए सब धोका ही मिलता ह मुझे तो रिश्ता  भाई का हो या प्यार का मुझे हर रिश्ते से धोका मिला ह,0.9675,0.0122,0.9553,3,abuse_score_drop,"Bakwas hai ye sab, dhoka hi milta hai. Mujhe to rishta bhai ka ho ya pyar ka, har rishte se dhoka mila hai."
train-16739,train,0,,क्यों बकवास वीडियो बनाती हो प्यार किया नहीं जाता प्यार हो जाता है जब प्यार हो जाता है तो इज्जत क्या होता है वही जानता है जो प्यार करता है जैसे मछली पानी से प्यार करता है,0.9938,0.0129,0.9809,3,abuse_score_drop,"Kyun bakwas video banta ho, pyar kiya nahi jata, pyar ho jata hai jab pyar ho jata hai toh izzat kya hota hai wahi jaanata hai jo pyar karta hai jaise machli paani se pyar karta hai"
train-16678,train,0,,"😁😁😁😁😁😁😁😁😁😁😁😁😁😁 संता- भाई कल सर्कस देखने चलेंगे  बंता- मैं अपनी बीवी को भी लाऊंगा  संता- अगर तेरी बीवी और साली दोनों शेर के पिंजरे में गिर गयी तो किसे बचाएगा  बंता- भाई मैं तो शेर को बचाऊंगा, आखिर दुनिया में शेर बचे ही कितने हैं। 😝😝😝😝😝😝😝😝😝😝😝😝😝😝",0.5318,0.0125,0.5193,3,collapsed_length,Santa bhai kal circus dekhne jayenge
train-16845,train,0,,कसम से मुझे  आपकी कमर बहुत प्यारी लगती है,0.9685,0.0048,0.9637,3,abuse_score_drop,"Kasam se maine apki kamre ka bahut pyaar hai, maine apki kamre ka bahut pyaar hai, maine apki kamre ko bahut chakkar diya hai"
train-16905,train,0,,प्यार भी बड़ी कुत्ती चीज़ है.....हमेशा गलत इंसान से ही होती है,0.9422,0.0697,0.8726,3,abuse_score_drop,Pyar bhi ek badi kutti cheez hai... hamesha glat insaan se hi hoti hai
train-16941,train,0,,"रक्त नहीं वो पानी हैं, जो श्रीराम ना बोले, वो पकिस्तानी हैं। Jay Shri Ram 🙏🚩",0.9905,0.007,0.9835,3,abuse_score_drop,"Rakta nahi vo paani hai, jo shri ram na bolay vo pakistani hai. Jay shri ram 🙏🚩"
train-16929,train,0,,"जी जान लगा दूंगा भाबी पटाने में, क्या रखा है सिंगल लड़की पटाने में  चुम लूंगा गाल उनकी बार बार भाबी खूबसूरत होती है खुशी होती है यह बात बताने में 🤣🤣",0.9792,0.0608,0.9184,3,abuse_score_drop,"Jee jee, main jaan lagayunga bhabhi pataane me, kya rakhay hai single ladki pataane me. Chum lunga galein unki baar baar, bhabhi kabhi to muskurati hai. Itna cute hai yaar, itna cute hai 😂😂"
train-16964,train,0,,"पहले लिंग चैक करवाओ  संस्कृत में लिंग तीन प्रकार के होते  1. पुरूष  2. महिला ,  3. जो। तालियां बजा, बजा़ के शादी होने के बाद बधाई देने आते हैं",0.8788,0.0164,0.8624,3,abuse_score_drop,"Pehle ling check karo. Sanskrit me ling teen prakar ke hote: 1. Purush, 2. Mahila, 3. Jo. Taliyan bajao, baje ke shaadi hone ke baad badhai deke aate hain."
train-17038,train,0,,नहीं साली को जोड़ सकते हो 😂😂😂,0.9911,0.0116,0.9794,3,abuse_score_drop,"Nahi, saali ko join nahi kar sakte ho 😂😂😂"
train-17040,train,0,,मतलब गुगल मुज से इक साल बडा है,0.9884,0.0137,0.9747,3,abuse_score_drop,Matalab Google mujse ek saal bada hai
train-17026,train,0,,मूझे समझ नहीं आ रहा नूमाइश कपड़े की है या खूद की😎,0.9558,0.0165,0.9393,3,abuse_score_drop,Maine samajh nahi a raha hai numayish kapde ki hai ya khud ki😎
train-17054,train,0,,भक्तों को गैस सिलेंडर ₹2000 का देना चाहिए आम आदमी को ₹500 का भक्तों को पेट्रोल ₹500 लीटर देना चाहिए आम आदमी को ₹40 लीटर अर्थव्यवस्था भी बढ़िया चलेगी और भक्त गिरी भी समझ में आ जाएगी,0.9485,0.0482,0.9003,3,abuse_score_drop,"Bhakte ko gas cylinder ₹2000 ka dena chahiye, aam aadmi ko ₹500 ka. Bhakte ko petrol ₹500 per liter dena chahiye, aadmi ko ₹40 per liter. Arthvyavastha bhi badhiya chalegi aur bhakt girai bhi samajh mein a jayegi."
train-17104,train,0,,मै पोस्ट चोरी krla जीके सैनी 😝,0.4659,0.0073,0.4586,3,abuse_score_drop,"Maine post churi kri, jeeke saini 😝"
train-17136,train,1,,Doctor- गर्म पानी से नहाने से इम्यूनिटी मर जाती है  Me- तो क्या ठंडे पानी से नहा कर मै खुद मर जाऊं...😨😨,0.017,0.0105,0.0065,3,collapsed_length,Doctor- Garm paani se nhaane se immunity mar jati hai
train-17195,train,0,,बहुत हॉट हो इस बात के आपके पास में मैं वीडियो बना रहा हूं आपके वीडियो के ऊपर वीडियो बना रहा,0.5625,0.0234,0.5392,3,abuse_score_drop,Bahut hot ho is baat ke aapke paas me main video bana raha hun aapke video ke upar video bana raha
train-17197,train,0,,मिल गयी जॉब क्या जहां लड़की देखी घुस गए अबे कुत्तो वो मूर्खो को देख रही ह।  वो बन गए तुम,0.9967,0.9954,0.0014,3,abuse_lexicon_missing,Mil gayi job kya jahan ladki dekhi ghus gaye abe kutto vo morakho ko dekh rahi h. Vo ban gaye tum
train-17251,train,0,,पक्की गोटी मारने वाला किसी कटप्पा से कम नही होता  मगर जो लड़की बीच गेम में से  भाग जाती है वो कभी गेम विन भी नही करती,0.9594,0.0242,0.9352,3,abuse_score_drop,"Pakki goti marne wala kisi katappa se kam nahi hota, magar jo ladki beech game mein se bhag jati hai wo kabhi game win bhi nahi karta"
train-17338,train,0,,इनके खुन मे हिंदू द्वेष भराहुवा है,0.9926,0.0255,0.9672,3,abuse_score_drop,Inke khun me Hindu dvesh bhara hua hai
train-17412,train,0,,भैंस बनी गाय,0.9763,0.1586,0.8177,3,abuse_score_drop,Beta bani gay
train-17407,train,0,,निकल जा यहाँ से,0.9298,0.0125,0.9173,3,abuse_score_drop,Nikal ja yahan se
train-17417,train,0,,कुमार सानू ka भूत इसके शरीर मे 😘,0.9724,0.0096,0.9628,3,abuse_score_drop,Kumar Sanu ka bhoot iske shareer me 😘
train-17451,train,0,,मधु मक्खी मेरी बहन है तेरी कौन है मेरे जैसे बच्चे होंगे डीपी के हिसाब से 🤣🤣,0.9804,0.0399,0.9405,3,abuse_score_drop,"Madhu makkhi meri behen hai, teri kon hai? Mere jaise bacche honge DP ke hisaab se 😄😄"
train-17488,train,0,,ये मादा प्रजनन के लिए बिलकुल तैयार है।,0.9159,0.0248,0.8912,3,abuse_score_drop,Ye madam reproduction ke liye bilkul tayyar hai.
train-17200,train,0,,सॉरी जिंदगी निकल गई  बन गई कल तो हर एक परिवार को एक ही धरती मिल जाएगी जीवन खेती करोगी जरूर भोलेनाथ से कहना भी जरूर मिल जाए कि धरती हर एक परिवार को अरे परिवार को नहीं दे सकते तो एक ही बिरादरी को जरूर देना हर बिरादरी को अलग-अलग धरती और कोई किसी की धरती पर जा ना सके सब बिरादरी वालों को अलग भेजा जाए सब जगह नहीं तो मार दिया जाए सबको पूरी धरती को जलाकर राख कहना महादेव से नहीं तो तेरी गांड में मालूम ढंग से बेवफा तुझे चप्पलों से सॉरी जिंदगी अभी तक सुख प्राप्त नहीं है,0.872,0.063,0.809,3,abuse_score_drop,"Sorri jindagi nikal gayi, ban gayi kal to har ek parivar ko ek hi dharti milegi, jeevan kheti karo gein jaroor, bholenath se kahna bhi jaroor milega ki dharti har ek parivar ko, are parivaar ko hi na dene wala hai to ek hi biradari ko jaroor dene wala hai, har biradari ko alag-alag dharti aur koi kisi ki dharati par ja na sake sab biradari wale ko alag bhej jaega, sab jagah na to mar diya jaega sabko, puri dharati ko jalakar raakh kahna mahaadev se na to teri gand mein maloom, dhang se bevaafa tuje chappalon se, sorri jindagi ab tak sukha prapt nahi hai."
train-17596,train,0,,यह साली बहुत सेक्सी बाज़ हैं,0.9738,0.7875,0.1864,3,abuse_score_drop,Ye salli bahut sexy bazi hai
train-17671,train,0,,मेरा माल हो तो,0.9703,0.011,0.9594,3,abuse_score_drop,Mera mal ho toh
train-17753,train,0,,ओ बाई जि थोङी तो सरम कर लो,0.9964,0.6613,0.3351,3,abuse_score_drop,O bai ji thongi toh sarm kar lo
train-17840,train,0,,मै होता तो सीधा लंड ढाल देता,0.9961,0.4508,0.5452,3,abuse_score_drop,Main hota to sidha lund dhaal deta
train-17784,train,0,,मालकिन से प्यार तो कुत्ते को होना ही है गोद में जो  बैठा ती है 🤔🙋,0.8126,0.0135,0.7991,3,abuse_score_drop,Malkin se pyar toh kutta hi kar sakega jo god mein baitha rehta hai 🤔🙋
train-17845,train,0,,बच्चे कहेंगे वा गजब का माल था हमे भी मोका मिला होता तो मम्मी की और गाड़ मोटी करते,0.9888,0.7277,0.2611,3,abuse_score_drop,"Bachho kehenge wa gajab ka maal tha, hame bhi moka milta to mummy ki aur gadi moti karne wale the"
train-17863,train,0,,तुम्हारी इज्ज़त और भी ज्यादा हो गई 🤭🤭,0.9413,0.1848,0.7564,3,abuse_score_drop,Tumhari izzat aur bhi jyada ho gayi 🤭🤭
train-17906,train,0,,साला स्टार वाला भी कॉमेंट हटा दे रहे बेंचो.... SC वाले😴,0.9904,0.8181,0.1723,3,abuse_score_drop,"Sala star wala bhi comment hata raha hai bench, SC wala 😴"
train-17949,train,0,,हिला के रख दिया भाई 😆😆😆 जारी रखो 😉,0.8766,0.63,0.2466,3,abuse_score_drop,Hila ke rakh diya bhai 😆😆😆 jao aur badme 😏
train-18026,train,0,,बड़े जबर्दस्त हिला रही है,0.9916,0.0154,0.9761,3,abuse_score_drop,Bade jabaardast hillay rahi hai
train-18104,train,0,,आपके अंदर बहुत गर्मी है,0.9088,0.0108,0.898,3,abuse_score_drop,Aapke andar bahut garami hai
train-18126,train,0,,निपल का काला डाग देखा....,0.9874,0.025,0.9624,3,abuse_score_drop,Nipple ka kalaa dog dekha...
train-18116,train,0,,बिल्कुल सही कहा देश का नमक खाते हैं और देश के साथ गद्दारी कर रहे हैं,0.9845,0.0114,0.9731,3,abuse_score_drop,"Billkul sahi kaha, desh ka namak kha rhe hain aur desh ke saath gaddari kar rha hain"
train-18130,train,0,,जब केला ही नहीं था केला कहा से मिलेगा,0.261,0.0122,0.2488,3,abuse_score_drop,"Jab kele hi nahi tha, kele se kya milega"
train-18215,train,0,,किसान नहीं है यह देश के गद्दार है🐕🐕🐕🐕🐕🐕,0.9943,0.6162,0.3781,3,abuse_score_drop,"Ye desh ke gaddar hain, kisan nahi hain 🐕🐕🐕🐕🐕🐕"
train-18181,train,0,,सबसे बड़ी समस्या महंगाई और बेरोजगारी है बाकी सब ढोंग और पाखंड है लोगों को चाहिए रोजगार और महंगाई से निजात बाकी पूजा-पाठ धर्म-कर्म सब कुछ कर लेंगे वह लोग खुद उन लोगों से ज्यादा समझदार हैं जो ढोंग करते रहती है दिन रात,0.8839,0.0138,0.8701,3,abuse_score_drop,"Sabse badi samasya mahanagai aur berojgari hai, baaki sab dhong aur pakhand hai. Logon ko rojgar aur mahanagai se nijat chahiye, baaki puja-paath, dharma-karma sab kuch kar lenge. Woh log khud un logon se jyada samajhdar hai jo din rait dhong karne baithte hain."
train-18273,train,0,,ऐसा लग रहा मोटी को हगना आया है अभी हग देगी,0.995,0.0106,0.9843,3,abuse_score_drop,"Aisa lag raha hai moti ko hug karna aaya hai, abhi hug degi"
train-18353,train,0,,और सबसे ज्यादा पाखंड भी,0.9766,0.0105,0.9661,3,abuse_score_drop,Or sabse jyada paakhand bhi
train-18369,train,0,,चुप छिनाल थी यह,0.9963,0.4516,0.5447,3,abuse_score_drop,Chup chinhaal hai ye
train-18516,train,0,,तू अपना यार को dakha,0.915,0.0119,0.9031,3,abuse_score_drop,Tu apna yaar ko dekh le
train-18592,train,0,,पर मैने तो बहुत हराया है औरतों को लड़कियों को खेल में😄। क्या बकवास पोस्ट है।,0.9922,0.0539,0.9383,3,abuse_score_drop,Par maine toh bahut haraya hai auraton aur ladkiyon ko khel mein 😄. Kya bakwas post hai.
train-18612,train,0,,इतने पैसे देने से अच्छा तो मर जाना अच्छा😂😂😂😂,0.8884,0.0091,0.8793,3,abuse_score_drop,Itne paisa dena achha to mar jana achha😂😂😂😂
train-18580,train,0,,नौकरी के लिए सालो तरस जाओ गे यस यस ज्यादा मत करो समझ मे आता हैं अभी तो सब बिक जाएगा नौकरी क्या गाड़ मार के लोगे,0.9788,0.6536,0.3251,3,abuse_score_drop,Naukri ke liye saalo taras jao ge yes yes jyada mat karo samajh me aata hai abhi to sab bik jayega naukri kya gadi mar ke loge
train-18650,train,0,,अब ढोंगी बाबा की बारी है बर्तन बेचने की वो भी अपने 😂😂😂😂,0.9887,0.0692,0.9194,3,abuse_score_drop,"Ab dhone wale babu ka chance hai, woh bhi apne ka barten bechaina 😂😂😂😂"
train-18735,train,0,,बाबा को कितनी घोष मिली है जो देश से गद्दारी करने की बात कर रहा है,0.989,0.0572,0.9318,3,abuse_score_drop,Baba ko kitni ghosh mila hai jo des se gaddari karne ki baat kar raha hai
train-18601,train,0,,शोले फिल्म मे एक डायलाग था रामगढ वालों ने कुत्तो को रोटी डालना बंद कर दिया हे मोदीजी भी कुछ ऐसा हि  कहेंगे केजू को,0.9807,0.9769,0.0038,3,abuse_lexicon_missing,Sholey film me ek dialog tha Ramgadh wale ne kutto ko roti dalna band kar diya he Modi ji bhi kuch aisah hi kehenge Keju ko
train-18737,train,0,,तभी तुम जैसो का रेप होता हे,0.9785,0.1603,0.8182,3,abuse_score_drop,Tabhi tum jaiso ka rape hota hai
train-18818,train,0,,मेरे बाप का भी लौंडा लेने aja,0.9917,0.0099,0.9818,3,abuse_score_drop,Mere bhai ka bhi launda lena aja
train-18841,train,0,,जूस बना के बाट देंगे खुद से नही काटना है अब मिक्सी जो भी करे,0.9584,0.009,0.9494,3,abuse_score_drop,"Juice bana ke baat denge, khud se nahi karna hai ab mixer jo bhi kare."
train-18913,train,0,,पंकज कुमार लाल पुर रोशनी साड़ी जीजा साले,0.9649,0.4312,0.5337,3,abuse_score_drop,Pankaj Kumar Lal Pur roshni sari jija sale
train-18915,train,0,,रब ने बनादी जोड़ी कियाखूब जो इन्हें देखकर जलेे वोहे मनहूस Veri नाइस,0.7948,0.0151,0.7797,3,abuse_score_drop,"Rab ne jodi banayi, jo inhe dekhkar jalne wala hai, manhoos veri nice"
train-18877,train,0,,बेटा जो तुम ज्यादा करते हो ना वह तो मेरे बचपना का खेला था मैं शौक नहीं रखता हूं यह सब चीजों का जो तुम अब इतने बड़े होकर दिखावा,0.9617,0.015,0.9467,3,abuse_score_drop,"Beta jo tum jyada karte ho na, woh to meri bacpan ki khel hai, main iska shauk nahi rakhta. Yeh sab cheezein jin ko ab tum itna bada ho kar dikhawa raha hai."
train-19011,train,0,,मै तो कल पहले जतिन को मारूंगा साला मेरे दोस्त को रुलाया है आज,0.9805,0.0445,0.936,3,abuse_score_drop,"Main to kal se pehle jitni ko marunga sala, meri dost ko rula kyun diya aaj"
train-19092,train,0,,तुम्हारा एक प्यार का जूती क्या किसी ने चुरा लिया या तुम खुद से हिरा लिया,0.9325,0.0754,0.857,3,abuse_score_drop,Teri ek pyar ki jute ko koi chura liya ya phir apne se hi hira liya
train-19130,train,0,,ऐसे इन्सानी सांड कहा देखने को मिलते है 😀,0.9751,0.0278,0.9473,3,abuse_score_drop,Aise insaaniya saand kahan dekhne ko milte hai 😄
train-19148,train,0,,कॉग्रेस जैसी फ़ितूर और गद्दार पार्टी कोई नही,0.9906,0.07,0.9206,3,abuse_score_drop,Congress jaisi fitoor aur gaddar party koi nahi
train-18773,train,1,,🌳 विज्ञान महत्वपूर्ण प्रश्नोत्तरी 🌳  1. शरीर का तापमान : → 37 डीग्री 98.4 फ़ारेनहाइट 2. वस्यक व्यक्तियों में अस्थियों की संख्या : → 206 3. खोपड़ी में अस्थियां : → 28 4. कशेरुकाओ की संख्या :  →33 5. पसलियों की संख्या : →24 6. गर्दन में कशेरुकाएं : →7 7. लाल रक्त कणिकाओं की आयु : → 120 दिन 8. श्वेत रक्त कणिकाओ की आयु : →1 से 3 दिन 9. श्वसन गति : →16 बार प्रति मिनिट 10. हृदय गति : →72 बार प्रति मिनिट 11. दंत सूत्र : → 2:1:2:3 12. रक्तदाव : →120/80 13. मष्तिष्क का भार → 1380 ग्राम 14. महिलाओं के मष्तिष्क का भार → 1250 ग्राम 15. गुणसूत्रों की संख्या → 23 जोड़े 16. जीन्स की संख्या →97 अरब 17. शरीर में अमीनों अम्ल की संख्या : → 22 18. शरीर में तत्वों की संखया : → 24 19. चेहरे की अस्थियां : → 14 20. छोटी आंत की लंबाई → 22 फीट 21. हथेली की अस्थियां : → 14 22. पंजे की अस्थियां : → 5 23. शरीर में पानी की मात्रा → 22 लीटर 24. ह्दय की दो धड़कनों के बीच का समय : → 0.8 से. 25. एक श्वास में खीची गई वायु : →500 मि.मी. 26. सुनने की क्षमता : →20 से १२० डेसीबल 27. कुल दांत : →32 28. दूध के दांतों की संख,0.0156,0.0068,0.0089,3,collapsed_length,Science important quiz
train-19169,train,0,,पैसा तो देंगे पर पकड़े जाने पर जूता भी देंगे,0.9907,0.0909,0.8998,3,abuse_score_drop,Paisa to denge par pakde jane par joota bhi denge
train-19182,train,0,,कॉल गर्ल कोई चारा ही फेमस हो गई है,0.8589,0.0535,0.8054,3,abuse_score_drop,Call girl ko chara hi fame ho gaya hai
train-19221,train,0,,लीविस्टिक कम रह गई और लगाओ थोड़ा,0.9163,0.103,0.8133,3,abuse_score_drop,Levis stick kam rahi hai aur lagao thoda
train-19125,train,0,,"पत्नी: सुनो 2 शर्ट ले लेते हैं।  पति: ठीक है। 2 शर्ट लेते हैं।  पत्नी: रहने दो, बहुत कपड़े हो जाएंगे, एक ही लेते हैं।  पति: सही है। एक ही लेंगे।  पत्नी: यह शर्ट अच्छी रहेंगी।  पति: हां, बहुत अच्छी रहेंगी।  पत्नी: थोडी बड़ी लग रही है।  पति: थोडी बड़ी लग तो रही है।  पत्नी: हां लेकिन थोड़ी बड़ी लेना ही ठीक रहेगा।  पति: हां, थोड़ी बड़ी ही ले लेते हैं।  पत्नी: लाल रंग काफी बढिया लग रहा है।  पति: हां, बहुत अच्छा है।  पत्नी: रंग तो पीला भी अच्छा है।  पति: हां, पीला भी अच्छा है।  पत्नी: लेकिन, लाल ज्यादा अच्छा है।  पति: सही है, लाल ही ज्यादा अच्छा है।  पत्नी: वैसे हरा रंग सबसे ज्यादा अच्छा लगता है।  पति: हां, हरा रंग खूब फबता है।  पत्नी दुकानदार से: भैया, यह हरे रंग की शर्ट दे दीजिए। साहब को पंसद आ गई है।  पहली ही धुलाई में शर्ट ने रंग छोड़ दिया।  पत्नी गुस्से में: मैं ही पागल हूं जो शर्ट खरीदते समय तुम्हारी मान ली मैंने। कितना पीछे पड गए थे हरे रंग के पीछे।  निकल गया ना सारा। तुम्हारे सब फैसले बकवास होते हैं। मैं तो लाल रंग की कह रही थी लेकिन तुम्हारे चक्कर में हरा रंग लेना पड़ गया।  पति बेहो",0.0403,0.0139,0.0264,3,collapsed_length,Patti: Suno 2 shirt lete hai.
train-19149,train,1,,"জৈ সতগুরু কী সঙ্গত করতে, সকল কর্ম কটি জাই। অমর পুরি আসন হোতে, জাহাঁ ধুপ ন ছাঁই।। সন্ত গরীব দাস পরমেশ্বর কবীর জীর থেকে পাওয়া সূক্ষমবেদে পরে বলেছেন কি যদি সতগুরুর (তত্ত্বদর্শী সন্ত) শরণে গিয়ে দীক্ষা নিতে তাহলে সমস্ত কর্মের কষ্ট কেটে যেত অর্থাৎ না প্রেত হতে, না গাধা, না বলদ হতে।  जै सतगुरू की संगत करते, सकल कर्म कटि जाईं। अमर पुरि पर आसन होते, जहाँ धूप न छाँइ।। सन्त गरीब दास ने परमेश्वर कबीर जी से प्राप्त सूक्ष्मवेद में आगे कहा है कि यदि सतगुरू (तत्वदर्शी सन्त) की शरण में जाकर दीक्षा लेते तो सर्व कर्मों के कष्ट कट जाते अर्थात् न प्रेत बनते, न गधा, न बैल बनते।",0.0136,0.0288,-0.0152,3,collapsed_length,"Jai Satguru ki sangat karte, sab karm kate jaaye. Amar puri ke asan hoote, jaha dhoop na chhai. Sant garib das ne Parameshwar Kabir ji se prapt sukshma ved me aage kaha hai ki agar Satguru (tattvadarshi sant) ki sharan me ja kar diksha lete to sarve karm ke kshatt kate jaate, arthata nai pret bante, nai gadha, nai bail bante."
train-19308,train,0,,देश के गद्दार है,0.9959,0.0699,0.9261,3,abuse_score_drop,Des ke gaddar hai
train-19356,train,0,,गधी कह काही,0.9878,0.026,0.9618,3,abuse_score_drop,gadhi kah kahie
train-19345,train,0,,किती सलीम बँडि आहे तुझा नबर देती का,0.9866,0.0843,0.9023,3,abuse_score_drop,"Kitni salim bandi hai, tumha number de rahi hai?"
train-19301,train,0,,लिंग मैं विकास बोल रहा हूं फोन नंबर  <number> पर कॉल करो फटाफट फोटो देख लेना है दिखा रहा हूं अभी तुरंत,0.9906,0.1257,0.8648,3,abuse_score_drop,"Ling main Vikas bol raha hu, number par call karke photo dekh lo, abhi to dekh raha hu, fatfat call karo."
train-19386,train,0,,सरम आती है शिक्षा मंत्री कहते हुये,0.9963,0.0095,0.9868,3,abuse_score_drop,Sarm aati hai shiksha mantri kehte hue
train-19395,train,0,,मर ये हमार सार लोग,0.9871,0.0336,0.9536,3,abuse_score_drop,"Mar, yeh hamara sar ke log hai"
train-19373,train,0,,"चार चवन्नी घोड़े में असाउद्दीन ओवैसी 🐖🐖मेरे लो,,ड़े में 😂😂😂😂😝😝😝😝🤣🤣🤣🤣🤣🤣",0.979,0.0307,0.9483,3,abuse_score_drop,Char chawanne wale ghor mein Asaduddin Owaisi 🐖🐖 meri ladki ka ghar hai 😂😂😂😝😝😝🤣🤣🤣🤣🤣
train-19515,train,0,,तुम लोग जूते की आदि हो,0.9914,0.0323,0.9591,3,abuse_score_drop,Tum logo ko jute ke uadhi hai
train-19435,train,0,,हा बिल्कुल सही कहा कुछ हम  जैसे फटीचर से भी मुलाक़ात हो  जाती है 🤪🤪🤪,0.53,0.0162,0.5138,3,abuse_score_drop,"Ha bilkul sahi kahaa, kuch ham jaise fartiyachar se bhi mulaqat ho jaati hai 🤪🤪🤪"
train-19562,train,0,,सही  बात कही  नंगे नहीं नहाना  चहिए कभी..  धर्म  कहता है  गीता में भी लिखा है,0.9555,0.7181,0.2374,3,abuse_score_drop,"Sahi baat kahi, nanga nahe nahaney chahiye kabhi... Dharma kahata hai, Gita me bhi likha hai"
train-19600,train,0,,योगी जी सूवरो की औकात बताएंगे और 2022मे फिर से cm होगे और 2024 मे मोदी pm होगे और 2026 मे योगी जी cm से pm बनाए जाएगे देख लेना,0.9555,0.0124,0.9431,3,abuse_score_drop,"Yogi ji sover ko aurkhat batayeinge aur 2022 me phir se CM honge aur 2024 me Modi PM honge aur 2026 me Yogi ji CM se PM banaye jayenge, dekh lena."
train-19648,train,0,,भारत देश के सबसे बड़े गरीबों कपड़े तो सही पहन लो,0.736,0.1183,0.6177,3,abuse_score_drop,Bharat desh ke sabse bade garibon ke kaparde to sahi pahen lo
train-19735,train,0,,गधी को गधा ही पसंद आता है 🤣🤣,0.995,0.0189,0.9761,3,abuse_score_drop,Gadhi ko hi gadha pasand aata hai 🤣🤣
train-19846,train,0,,इस पोस्ट से गद्दार दुखी हो रहे हैं,0.9739,0.0072,0.9667,3,abuse_score_drop,Is post se gaddar dukh rhe hain
train-19839,train,0,,कितने दिन हो गए गाली गाली खेले 1 साल हो गए 😅😅😅,0.9317,0.0297,0.9021,3,abuse_score_drop,"Kitne din ho gaye gali gali khale, 1 saal ho gaya 😅😅😅"
train-19865,train,0,,और टोल टैक्स की लूटमार कितने की होगी,0.9753,0.019,0.9563,3,abuse_score_drop,Toll tax ki lootmar kitni hogi yeh to batao na
train-19897,train,0,,इसकी गद्दारी से ही इसका विनाश हूआ,0.9927,0.0648,0.9279,3,abuse_score_drop,Iske gaddari se hi iska vinash hua hai
train-19854,train,0,,"तहजीब की मिशाल गरीबो के घर पे है, दुपट्टा फटा हुआ है मगर उनके सर पे है,",0.9521,0.0782,0.874,3,abuse_score_drop,"Tehzib ki mishal gareebon ke ghar me hai, dupatta fatta hai par unke sar me hai."
train-19940,train,0,,आप बुलु फिल्म 🎥 क्यों नहीं बनाती,0.995,0.0123,0.9827,3,abuse_score_drop,Aap bullu film banayi kyun nahi banati
train-20095,train,0,,अरे सेल्फी या मर गई थी,0.7867,0.0092,0.7775,3,abuse_score_drop,Arey selfie ya mar gayi thi
train-20049,train,0,,पागल आप सिर्फ मेरे और में सिर्फ आपकी हुं आप मेरी जिंदगी हो सब कुछ हो कोल नहीं कर पाई में कोचिंग से 7बज आई थी,0.2199,0.0065,0.2134,3,abuse_score_drop,"Pagal, aap sirf meri aur main sirf aapki hun, aap meri zindagi ho sab kuch ho. Koi na karna pa rahi main, coaching se 7 baj aayi thi."
val-361,val,0,,चूतियो की कोई कमी नहीं है,0.9975,0.9824,0.0151,3,abuse_lexicon_missing,Chutiyo ki koi kami nahi hai
val-1225,val,0,,मिलना रहता लड़कों को क्यूँ कि जिस्म होना कुत्तो को जिस्म दोगे तब तक बहुत प्यार रहेगा जिस दिन ना कर दिए उस दिन सब खत्म,0.8769,0.0771,0.7998,3,abuse_lexicon_missing,"Milna raha ladkon ko kyun ki jism hota, kutto ko jism doge tab tak bahut pyar rhega, jis din na kar diye us din sab khatam."
val-10,val,0,,फट के चार हो गई,0.9912,0.0302,0.961,3,abuse_score_drop,Fatt ke char ho gayi
val-66,val,0,,जान ना पहचान खाला बूबू सलाम 😂😂😂,0.9637,0.0074,0.9563,3,abuse_score_drop,Jan na pahchan khala bubi salaam 😂😂😂
val-230,val,1,,"टीचर- 1 अक्टूबर, 2 अक्टूबर ओर 15 अक्टूबर को क्या हुआ था  जिसे हर साल याद करके उत्सव के रूप में मनाया जाता हे  विद्यार्थी- सर 1अक्टूबर को गांधी जी की माँ को भर्ती किया गया था..  2 अक्टूबर को गांधी जी का जन्म हुआ था जिससे हम 2 अक्टूबर को ग़ांधी जयंती मानते हे  टीचर: ओर 15 अक्टूबर क्या हुआ था ?? 😁😁  विद्यार्थी-15 अक्टूबर को गांधी जी की पंजीरी आई थी। 😜😜😜😜😗😜😜😜😜  टीचर आज तक कोमा में हे.😂😂😂",0.0164,0.008,0.0084,3,collapsed_length,"Teacher: 1 October, 2 October aur 15 October ko kya hua tha jo har saal yaad karke utsav ke roop me manaya jata hai?"
val-117,val,0,,फिर भी चोरी कर लेंगे उसके पास बहुत तरिके है😭😭😭,0.4137,0.0321,0.3815,3,abuse_score_drop,"Phir bhi chor lete hain, uske paas bahut tareke hai 😭😭😭"
val-63,val,0,,साला समझ में नहीं आ रहा क्यों मार रही है और अभी तक पूरी बात पता ही ना चली,0.9938,0.6206,0.3732,3,abuse_score_drop,Sala samajh mein nahi a raha kyunki mar rahi hai aur abhi tak puri baat pata hi nahi chala
val-134,val,0,,सकल से डाकू लग रहा हैं 🙄🙄🙄🙄,0.9902,0.0541,0.936,3,abuse_score_drop,Sakal se daku lag raha hai 🙄🙄🙄🙄
val-119,val,0,,इसी कारण से आदमी लोग तुमको पालतू बनाते हैं ।😄😄😄😄,0.7085,0.0816,0.6269,3,abuse_score_drop,Isi wajah se log tumko pet animal bana letey hain 😄😄😄😄
val-154,val,0,,भैंस लात ना मार दे,0.9593,0.0142,0.9451,3,abuse_score_drop,Bains laat mar do yaar
val-294,val,0,,बकवास अंधी औरत,0.9974,0.0233,0.9741,3,abuse_score_drop,Bakwas andhi aurat
val-493,val,0,,बेटा यूपी का नाम तो बदमाशी में ही आयेगा,0.9794,0.1444,0.835,3,abuse_score_drop,Beta UP ka naam badmashiyon me hi ayega
val-453,val,0,,फिल्मों में चडडी  ब्रा वालियों  से अच्छी है  ये मोटी सी  प्यारी  बहन  और डांस भी सुपर।,0.9959,0.5814,0.4145,3,abuse_score_drop,"Filmon mei chaddi bra waliyon se accha hai ye moti si pyari behn, aur dance bhi superb."
val-569,val,0,,फिर सबकी गाड़ मरुगा,0.98,0.0072,0.9728,3,abuse_score_drop,Fir sabki gadi maruga
val-560,val,0,,पागल होता कि काय हा ड्राइवर 🤣🤣🤣,0.563,0.0428,0.5202,3,abuse_score_drop,Pagal hota hai ki kya hai driver 🤣🤣🤣
val-580,val,0,,कोठे पर जाकर sexy विडियो बना,0.9772,0.033,0.9442,3,abuse_score_drop,Kotha par jake sexy video bana
val-584,val,0,,टकला आ जा इनबॉक्स से.!,0.9905,0.0085,0.9821,3,abuse_score_drop,Takla a ja inbox se.!
val-589,val,0,,नग्गी हो जा आवारा 😏,0.9931,0.1034,0.8897,3,abuse_score_drop,Naggy ho jao aawara 😏
val-644,val,0,,लोड़े जैसा टीम चुन लिया,0.9926,0.0154,0.9771,3,abuse_score_drop,Lorde jaisa team choose kar liya
val-646,val,0,,इस क़दर की अंध भक्ति 😤,0.9861,0.0329,0.9533,3,abuse_score_drop,Is qadar ki andh bhakti 😤
val-641,val,0,,अबे ऐसी टांग मत उठा मेरा उठ जाता है,0.9588,0.0352,0.9236,3,abuse_score_drop,Abey aisi tanga mat uthao meri to uth jata hai
val-698,val,0,,साली के बाद कोई नहीं,0.7609,0.0839,0.677,3,abuse_score_drop,Sali ke baad koi nahi
val-730,val,0,,आपके सभी वीडियो बहुत सेक्सी है अन्ना सेक्सी वीडियो मत बनाया करो दिल में चलने लगता है,0.9014,0.0133,0.8881,3,abuse_score_drop,"Aapke sabhi video bahut sexy hai, anna sexy video mat banao, dil me chalne laga hai"
val-754,val,0,,बकवास डांस बेवड़े लोगों का मुड बनाने आते हो और हमारा खराब कर जाती हो,0.9973,0.0931,0.9042,3,abuse_score_drop,"Bakwas dance, bewde logon ka mood banane aate ho aur hamara toh kharaab kar jati ho"
val-766,val,0,,जय श्री राम वोतो होना ही था अभी जितने लोग एन्गेज है साधुओंकी हत्या मे सभी कुत्तो की मौत मरेंगे।,0.9895,0.9934,-0.0039,3,abuse_lexicon_missing,"Jay shri Ram wote ho na hi tha, ab jitne log engaged hai sadhuon ki hatya mein sabhi ke kutto ki maut marengay."
val-853,val,0,,जिस्मो का रेस्टोरेंट है  क्या कुत्तो 😡😡 Holel malik ko नंगा कर के मारो😡😡👊👊,0.9959,0.9967,-0.0008,3,abuse_lexicon_missing,Jism ka restaurant hai kya kutto 😡😡 Holel malik ko nanga kar ke maro 😡😡👊👊
val-1003,val,0,,फेंकु  रोतलु कहीँ का ।,0.7496,0.0195,0.7301,3,abuse_score_drop,Phena rotlu kahan ke.
val-852,val,0,,लगता है मैडम कीआप घर में सबसे बडे‌ हो मैडम आप के गले में जो चेन‌ है मैडम वो अच्छी नहीं लगती एक चेन‌ पहनकर देखो आप बहुत सुन्दर लगती हो मैडम,0.8273,0.005,0.8223,3,abuse_score_drop,"Lagta hai madam tum ghar me sabse bada ho, madam tumke gale me jo chain hai madam vo achchi nahi lagti. Ek chain pahenkar dekho, tum bahut sundar lagti ho madam."
val-1041,val,0,,अल्लाह कुत्तों हैं,0.9944,0.9233,0.0711,3,abuse_lexicon_missing,Allah kutto ho
val-1223,val,0,,जय हो काला सांड बाबा,0.9885,0.0061,0.9824,3,abuse_score_drop,Jay ho kala saand baba
val-1186,val,0,,गधा मतलब होता है सबसे सीधा सबसे सच्चे सबसे प्यारा जानवर का नाम गधे बेचारे को कुछ भी दे दो लेकर चल जाएगी,0.9967,0.0167,0.98,3,abuse_score_drop,"Gadha matlab hota hai sabse sidha, sabse sach, sabse pyara animal ka naam. Gade becharay ko kuch bhi do lekar chal jaye ga."
val-1238,val,0,,लंड जैसे हो तूम,0.9972,0.0459,0.9512,3,abuse_lexicon_missing,Tum lad jaise ho
val-1073,val,0,,मैंने मोदी जी से बात किया है आपको भी बनाएंगे टेंशन मत ले लो 2 दिन पति बना देंगे आपको भी मोदी जी मोदी जी से बात हो गया मेरा लेकिन बिहार जाना पड़ेगा आपको फिर 2 दिन के लिए आपको जरूर बना देंगे,0.2848,0.0476,0.2371,3,abuse_score_drop,"Mainne Modi ji se baat ki hai, aapko bhi banayenge, tension mat lo, 2 din patti banadege aapko bhi Modi ji, Modi ji se baat ho gaya mera lekin Bihar jana padega aapko fir 2 din ke liye aapko jaroor banadege"
val-1261,val,0,,चाटा मारु ने ज्यादा मत इतरा ठीक है ना बता दूंगी,0.8616,0.0195,0.842,3,abuse_score_drop,"Chati maru ne jyada mat itra, thik hai na batadungi"
val-1573,val,0,,साली एक बांस ले लेती वो भी बिना छिले🤪,0.9962,0.1607,0.8355,3,abuse_score_drop,"Sali ek bans le leti, vo bina chile bhi chala jati"
val-1572,val,0,,मैम मेरे हस्बैंड का लिंग बहुत छोटा है मुझे क्या करना चाहिए,0.9932,0.7624,0.2307,3,abuse_score_drop,"Mam meri husband ka ling bahut chota hai, main kya karoon?"
val-1602,val,0,,लिंग ला दाबा रे,0.991,0.0089,0.982,3,abuse_score_drop,Ling la dabao re
val-1731,val,0,,ज्यादा लाइक कमेंट शेयर के चक्कर में नंगे मत हो जाओ,0.9758,0.1018,0.874,3,abuse_score_drop,"Jyada like, comment, share ke chakar mein nangai mat banana"
val-1914,val,0,,अंधी ध्यान से देख पागल,0.9869,0.7491,0.2378,3,abuse_score_drop,Andhi dhyon se dekh pagal
val-1988,val,0,,कुमार सानू का भूत इसके शरीर मे 😂,0.9856,0.094,0.8917,3,abuse_score_drop,Kumar Sanu ka bhoot iske shareer me 😂
val-2009,val,0,,मनहूस है साला,0.9857,0.8078,0.1778,3,abuse_score_drop,Manhoos hai sala
val-1903,val,0,,कोई भी धक्का मुक्की नहीं करेंगा सभी को गाली देने का बराबर मोका मिलेगा सभी के चाय नाश्ते कि व्यवस्था करता हूं और आशा करता हूं कि सभी नयी गाली देंगे😂😂😂  आप सबसे निवेदन है लेखन में हिंदी का प्रयोग करें क्योंकि हमारे देश की गाली हिंदी में ही अच्छी लगती है कृपया गाली मोटी मोटी लिखें😂😂😂 और कोशिश करे की ज्यादातर नई गलियों का प्रयोग करें 😂😂😂ɪᴹ᭄Sᴀɴᴋᴛ Lᴜɴᴅᴀ☂,0.985,0.2879,0.6972,3,abuse_score_drop,"Koi bhi dhakka mukki nahi karenga, sabko gali dene ka barabar muka milti hai. Sabke chay-nastey ki vyavastha karta hoon aur asha karta hoon ki sab nayi gali denge 😂😂😂 Aap sabse nivedan hai lekhne me Hindi ka prayog karein kyunki hamare desh ki gali Hindi me hi accha lagti hai. Kripya gali moti moti likhein 😂😂😂 Aur koshish kare ki jyadaatarm naye galiyon ka prayog karein 😂😂😂ɪᴹ᭄Sᴀɴᴋᴛ Lᴜɴᴅᴀ☂"
val-2315,val,0,,बहुत मोटी हो,0.9875,0.0049,0.9826,3,abuse_score_drop,Tu bahut moti ho
val-2330,val,0,,चोदने से प्यार होता है 😝😝😝,0.9972,0.029,0.9682,3,abuse_score_drop,Chodne se pyar hota hai 😝😝😝
val-2520,val,0,,लाल ब्रा हटा देनी चाहिए थी।,0.995,0.0156,0.9795,3,abuse_score_drop,Lal bra hata deni chahiye thi.
val-2527,val,0,,कितनी मोटी हे यार 😂😂,0.9793,0.0084,0.9709,3,abuse_score_drop,Kitni moti he yaar 😂😂
val-2552,val,0,,मुम्बई पानी कम हेय चेन्नई तेरा बाप हेय,0.9877,0.0057,0.982,3,abuse_score_drop,"Mumbai pani kam hey, Chennai tera baap hey"
val-2590,val,0,,70 सालो से जिसने देश को  लूटने वाले सरकार हैं उसे लाना हैं,0.9451,0.0494,0.8957,3,abuse_score_drop,"70 saalo se jo desh ko lootne wala sarkar hai, usko laana hai"
val-2703,val,0,,कोठे  पर बेड जा बोत पैसे कमाएंगी,0.6078,0.0294,0.5784,3,abuse_score_drop,Kotha par bed ja bot paisa kamayenge
val-2764,val,0,,तिहाड़ भेजो इनको और इनके मां बाप को भी,0.9896,0.4554,0.5342,3,abuse_score_drop,Tihar bhejo inko aur inke ma-bap ko bhi
val-2756,val,0,,70 साल राज्य करने के बाद भी आखें नहीं खुली  अब काम हो रहा है तो सब को मिर्ची लगी है,0.9768,0.0363,0.9405,3,abuse_score_drop,"70 saal raj karne ke baad bhi aakh nahi khuli, ab kam ho raha hai toh sabko mirchi lag rahi hai"
val-2850,val,0,,"""बसंती"" इन कुत्तों के सामने मत नाचना",0.9789,0.9374,0.0415,3,abuse_lexicon_missing,Basantee in kutto ke saamne mat naachna
val-2883,val,0,,देश का सबसे बड़ा गद्दार तो यही है !,0.9929,0.0172,0.9758,3,abuse_score_drop,Des ka sabse bada gaddar to yahi hai!
val-2896,val,0,,"गांधी ने तो चरखा चलाया ,औरों से कहा तुम पिडते रहो",0.9878,0.2115,0.7763,3,abuse_score_drop,"Gandhi ne to charakha chalaaya, auron se kaha tum pidega raho"
val-2933,val,1,,"Welcome ji 💐❤️🙏 🙏🌺🦚‼️श्री‼️🦚🌺🙏     ‼️ॐ नमो नारायणा ‼️ 🍂‼️👣🦚🦚👣‼️🍂         🌿‼️ॐ•‼️🌿   🌹श्री राधे‼️राधे जी🌹 🌿""""""""""""🦚🙏🦚""""""""""""🌿 ‼️🍂जयश्रीकृष्णा 🍂‼️.        💠🌻♦️🌻💠 🍂‼️ॐ वसुदेव सुतं  देवं,कंस चाणूर मर्दनम!! 🍂देवकी परमानंदम,कृष्ण  वंदे जगद्गुरुं!! ‼️🌿🍂🦚🦚🍂🌿‼️ *नमो    नमस्ते  परमार्थरूप*          *नमो  नमस्तेऽखिलकारणाय।* *नमो  नमस्तेऽखिलकारकाय*           *सर्वेन्द्रियाणामधिवासिनेऽपि।।*     भावार्थ -- *हे परमार्थस्वरूप ! आपको नमस्कार है, नमस्कार है। आप सबके कारण हैं, आपको नमस्कार है, नमस्कार है। आप सबके कर्ता हैं, आपको नमस्कार है l आप सब इन्द्रियों में निवास करते हैं, आपको नमस्कार है l*  🌿हरे राम हरे राम राम राम हरे हरे🍂 हरे राम हरे राम राम राम हरे हरे🌿 ‼️सीताराम जय राधेश्याम‼️   🙏🌹 श्री राधे कृष्णा🌹🙏 🍂‼️🦚🧡🦚‼️🍂 🙏🌺हरे कृष्ण हरे कृष्ण  कृष्ण कृष्ण हरे हरे🌺 🙏    🌹श्री राधे राधे जी🌹   !!जय श्री राधे कृष्णा जी!!              🌺🙏🌺 🦚🌿🌳🌿🦚🌿🌳🦚      ‼️🌿बम बम🌿‼️ 💠🦚🚩🌻🌻🚩🦚💠        ‼️👣🙏👣‼️ ~~~~~~~~~~~~~~~",0.0069,0.0052,0.0017,3,collapsed_length,"Welcome ji 💐❤️🙏🙏🌺🦚‼️Shree‼️🦚🌺🙏‼️Om Namah Shivaya ‼️🍂‼️Feet peacock peacock feet ‼️🍂🌿‼️Om•‼️🌿🌹Shree Radhe‼️Radhe ji🌹🌿""""""""""""🦚🙏🦚""""""""""""🌿‼️🍂Jay shri krishna 🍂‼️💠🌻♦️🌻💠🍂‼️Om vasudev sutan devan, kans chaur mardan!! 🍂Devaki paramanandam, krishna vande jagadguru!! ‼️🌿🍂🦚🦚🍂🌿‼️*Namah namaste paramartharup* *Namah namaste akhilkaranaaya* *Namah namaste akhilkarakaya* *Sarvendriyanaam adhivasiyene api* *Bhavarth -- He paramarthaswaroop! Aapko namaskar hai, namaskar hai. Aap sabke karan hai, aapko namaskar hai, namaskar hai. Aap sabke karta hai, aapko namaskar hai. Aap sab"
val-3416,val,0,,उम्र केद की सजा हो उन कुत्तो को,0.9929,0.9747,0.0183,3,abuse_lexicon_missing,Umr ke diya saza ho un kutto ko
val-3393,val,0,,जलवा नहीं ब्रो आप हलवा ho बहोत hi बढ़ी balwa ho,0.7652,0.0079,0.7574,3,abuse_score_drop,"Jalwa nahi bro, aap halwa ho, bahut hi badhiya balwa ho"
val-3435,val,0,,चल हट भाभी,0.9938,0.0287,0.9651,3,abuse_score_drop,Chal hat bhaji
val-3440,val,0,,वा रे चूतियों,0.9971,0.9967,0.0004,3,abuse_lexicon_missing,Wa re chutiyo!
val-3465,val,0,,इस बार योगी की ही सरकार बनेगी क्योंकि मेरे सपने मै भगवान आए थे उन्होंने कहा था कि इस बार भी कुत्तो की सरकार बनेगी,0.9843,0.0088,0.9755,3,abuse_lexicon_missing,Is baar Yogi ke hi Sarkar banegi kyunki mere sapne main Bhagwan aaye the unhone kaha tha ki is baar bhi kutto ki Sarkar banegi
val-3544,val,0,,बस बस हमें सब मालूम है अंदर दिव्या और अमूल माचो दोनों है,0.9929,0.0503,0.9426,3,abuse_score_drop,"Bas bas humne sab pata chala hai, andar Divya aur Aamul macho dono hai"
val-3682,val,0,,कितना खाती हो मोटी हो जाओगी,0.9906,0.0076,0.983,3,abuse_score_drop,"Kitna khaati ho, moti ho jaogi"
val-3779,val,0,,सांड अपने लिए कोई भैस देख 😎,0.9862,0.0113,0.9749,3,abuse_score_drop,Sanda apne liye koi bhai sa diya dekh 😎
val-3798,val,0,,दीदी होते बेकार फ्रेंड,0.9879,0.012,0.9759,3,abuse_score_drop,Didi hote bakaar friend
val-3866,val,0,,लन्ड टाइट हो गया,0.9932,0.2527,0.7405,3,abuse_score_drop,Lund tight ho gaya
val-3893,val,0,,शेर को 🦁🦁🦁 कुत्तो ने मारा कुत्तो अपनी औकात मे रहो बो तुम्हारे बाप हे बाप बाप होता हे,0.9929,0.9971,-0.0042,3,abuse_lexicon_missing,"Sher ko 🦁🦁🦁 kutto ne mara, kutto apni okaat me raho, bo tumhare bap he, bap bap hota he"
val-3984,val,0,,तभी तो उत्तर प्रदेश में गैंग रेप होता है.,0.9508,0.7734,0.1774,3,abuse_score_drop,Tabhi toh Uttar Pradesh mein gang rape ho raha hai.
val-4031,val,0,,सादा लिबास में अच्छी लगती हैं जींस में तो गुंडी नजर आती हैं,0.9918,0.1153,0.8766,3,abuse_score_drop,"Sadha libas me achhi lagti hai, jeans me to gundi nazar aati hai"
val-3888,val,1,,1️⃣हंसते😄हंसते😃कट✂️जाये रस्ते🚙 2️⃣काटे✂️नही❌कटते✂️दिन☀️और रात🌙 3️⃣ सूरज☀️हुआ मध्यम🌇चांद🌙जलने🔥लगा 4️⃣चल🚶चल🚶चल🚶मेरे हांथी🐘 5️⃣मेरा जूता👞 है जापानी🇯🇵ये पतलून👖इंग्लिशतानी🇬🇧 6️⃣मेरे〽️हाथों🙌में9️⃣नो9️⃣नो चूड़ियां⭕⭕है 7️⃣फूल🌺 तुम्हें👉भेजा है खत 💌में ये फूल🌺नही ❌मेरा👤दिल❤️है 8️⃣सुन👂बाबा👲सुन👂प्यार💓की धुन🎶 9️⃣हम दोनों👫एक☝️कमरे🚪में बंद🔒हो और चाबी🔑खो जाए..,0.0208,0.9452,-0.9244,3,collapsed_length,Hansate hansate katta jaye raste
val-3687,val,1,,प्रभु मुद्रिका मैलि मुख माही जलदि लांघि गए अचरज नाही दुर्गम काज जगत के जेते सुगम अनुग्रह तुम्हरे तेते राम दुवारे तुम रखवारे होत न आज्ञा बिन पैसारे सब सुख लहईतुम्हारे सरना तुम रछक काहू को डर ना आपन तेज सम्हारो आके तिनीउ लोक हांक ते कांपे भूत पिसाच निकट नहि आवै महावीर जब नाम सुनावै नासै रोग हरे सब पीरा जपत निरन्तर हनुमत वीरा संकट से हनुमान छुडावे मन क्रम वचन ध्यान जो लावै सब पर राम तपस्वी राजा तिनके सकल काज तुम साजा और मनोरथ जो कोई लावे सोई अमित जीवन फल पावे चारो जुग प्रताप तुम्हारा हैं परसिधि जगत उजियारा साधु सन्त के तुम रख वारे असुर निकंदन राम दुआरे अष्ट सिद्धि नौ निधि के दाता अस बर दीन जानकी माता राम रसायन तुम्हरे पासा सदा रहऊ रघुपति के दासा तुमरे भजन राम को भावे जन्म जन्म के दुःख बिसरावै अन्त काल रघुपति पर जाई जहां जनम हरि भक्त कहाई और देवता चित्त न धरई हनुमत सेई सर्व सुख करई संकट कटे मिटे सब पीरा जो सुमिरे हनुमत बलबीरा जय जय जय हनुमान गोसाईं कृपा करउ गुरु देव कि नाई जो सत बार पाठ कर कोई छुटई बंदी महा सुख होई जो यह पढ़े हनुमान चालीसा होहि सिद्धि साखी गौरीसा तुलसी दास सदा हरि चेरा,0.0129,0.9856,-0.9727,3,abuse_score_spike,"Prabhu mudrika mali mukh maahi, jaldi laagi gaye acchar na durgam kaj jagat ke jetey sugam anugrah tumhare tetey Ram duvara tum rakhoware hot na aajna bin paise ra sab sukhalhai tumhare sarana tum rakha kaah ko dar naa apna tej smaharo ake tinio lok haank te kampaye bhoot pisach nikat nahi aave mahaveer jab naam sunave na sai roga hare sab piira japat nirantar hanumat veera sankat se hanuman chudaave man kram vakhan dhyaan jo laave sab par Ram tapasvi raajaa tinke sakal kaj tum saaja aur manorath jo koie laave soi amit jivan phal paave chaaro jug pratap tumhara hai parsidhi jagat ujiyara sadhu sant ke tum rakha warea asur nikandana Ram duaara asht sidhi nau nidhi ke data as bar dein jaankaee mataa Ram rasayana tumhare pasa sadha rahau raghupati ke dasa tumare bhajan Ram"
val-4027,val,0,,नहाने से वजन कम होता h कल्लो और तुम तो पानी गंदा कर रहे हो बाहर आ जाओ,0.984,0.0123,0.9717,3,abuse_score_drop,"Nahane se wajah kam hota h Kallu, aur tum to paani ganda kar rhe ho bahar aajao"
val-4061,val,1,,"💥पानी मे #तस्वीर कहाँ बनती है, ________💥    🌀ख्वाबों से #तकदीर कहाँ बनती है, ______      💥 कोई भी #रिश्ता हो #ज़िन्दगी में________      🌀 सच्चे #दिल से #निभाओ क्योकि_______    💥 ये #ज़िन्दगी वापस #किसे मिलती है_____",0.0054,0.0133,-0.0079,3,collapsed_length,"Pani me photo kahan banati hai, acha baccha kahan hai tum"
val-4206,val,0,,Saas Bahu Jokes मां – बेटा इतनी लिपस्टिक लगा के कहां जा रही है?  बेटी – मां मैं कॉलेज जा रही हूं... मां – बेटी तुझे कोई लड़का पसंद है क्या ?  बेटी खुश होके – हां मां बहुत पसंद है  मां – . . . . तो उस कमीने से बोल दे कि तेरी शादी वर्मा जी के बेटे से तय कर दी है।,0.6447,0.9096,-0.2649,3,collapsed_length,Saas Bahu Jokes Maan – Beta itni lipstik lagake kahan jaa rahi hai?
val-4392,val,0,,ओर कितना लूटोगे बे साला रिचार्ज करके हालत खराब है वैसे ही कोरोना से वैसे ही तो अभी उभरे है कहा से लाये बे इतना पैसा,0.9916,0.0282,0.9634,3,abuse_score_drop,"Or kitna lootoge bhai sala recharge karke, haalat kharaab hai waisa hi corona se waisa hi, abhi to ubhere hai, kahaan se laaye bhai itna paisa"
val-4282,val,1,,संता – ये है वो लड़की जिससे मेरी शादी होने वाली है  बंता – अरे इसे तो मैं जानता हूँ  संता – कमीने तू इसे कैसे जानता है ?  बंता – ये और मैं एक साथ सोते हुए पकडे गए थे  संता – क्या ?? कब ?  बंता – . . . . अरे गणित की कक्षा में ये मेरी क्लास में पढ़ती थी,0.315,0.0117,0.3033,3,collapsed_length,Santa – Ye hai woh ladki jo meri shadi hone wali hai
val-4570,val,0,,तौरा बुर में पानी बाा रे,0.3868,0.0086,0.3782,3,abuse_score_drop,Tura bure mein pani baara re
val-4627,val,0,,"चंडी,तो,अपने,यार,को,दिटाये",0.8595,0.2131,0.6464,3,abuse_score_drop,"Chandi, to, apne yaar ko dikhaye"
val-4690,val,0,,बहुत अच्छा गिरा साला,0.9892,0.0219,0.9673,3,abuse_score_drop,Bahut achha giraa sala
val-4145,val,0,,मैं एक बात बोलता हूं। लड़कियों को पैर छूने से खुद के  बाप माँ पूरे रिस्तेदार मना करते है। छुए सिर्फ अपने पति का जो उसका हकदार है तो भैया वहाँ छूने से इज्जत घट रही ये कुछ नही सिर्फ अहंकार है और कुछ नही चाहे पति जितना शरीफ धन ऐश्वर्य से घर को भर दे पर आज की औरत पैर छू ले पति का उसके फेमिनिस्म में आग लग जायेगी । आज कल औरत की फेमिनिज्म ही उसका असली पति है। एक जारी सी पोस्ट में पिछवाड़े आग लग गयी फेमिनिज्म भूतनी बौरा गयी अरे अपने ही  पति के पैर छुए मा इज्जत घटे लगी। आजकल उस पति को शरीफ समझते जो मैहरगंडई करे जोरू के गुलामी करे जोरू कहे पर मा बाप छोड़ अलग हो जॉए। ये जमाना है अरे पहले खुद अहंकार से मुक्त हो खुद की सोच बढ़िया करो तब इज्जत मिलती इज्जत उसी औरत को मिलती है जो खुद पहले घर मे सबका इज्जत करे ये नही फेमिनिस्म में हवा फायर बनी पड़ी हो कोई चुतिया है क्या फालतू इज्जत दे।,0.8744,0.9288,-0.0545,3,abuse_lexicon_missing,Main ek baat bol raha hoon. Ladkiyon ko paar chhoone se khud ke babu maa puraye rishtedaar manate hain. Chhuaye sirf apna pati jo uska hakidaar hai to bhia wahan chhoone se izzat ghat rahi hai ye kuch nahi sirf ahamkhar hai aur kuch nahi chahiye pati jitna sherif dhan aiswar se ghar ko bhare par aaj ki aurat paar chho le pati ka uski feminism me ag la jayega. Aaj kal aurat ki feminism he uska asli pati hai. Ek jaari si post me pichhwada ag la gayi feminism bhootni baura gayi are apne hi pati ke paar chhuaye ma izzat ghatne lage. Aajkal us pati ko sherif samajhte jo mehergandi kare joru ke gulami kare joru kehne par ma baap chhod alag ho jaaye. Ye jamanah hai are pehle khud ahamkhar se mukt ho kh
val-4902,val,0,,मेरी जान मेरा तो लन्ड खड़ा हो गिया,0.9937,0.0072,0.9865,3,abuse_score_drop,Mere jan mere to laal khada hota hai
val-5022,val,0,,Babu कहा हो तुम 😍 मेरी पोस्ट मैं तेरा साला आया है rks कब से बोल रहा है मेरा नवाबjiju कहा है,0.8983,0.0089,0.8894,3,abuse_score_drop,Babu kahan ho tum 😍 meri post me tera sala aya hai rks kab se bol raha hai mera nawab jiju kahan hai
val-5136,val,0,,फ्री  का लोग अपने घर से देगा खाने वाले और खिलाने वाले दोनो गद्दार,0.994,0.3454,0.6486,3,abuse_score_drop,Free ka log apne ghar se dega khane wale aur khilane wale dono gaddar
val-5190,val,0,,अरे आप तो बहुत सेक्सी लग रहे हैं आप पर तो सब फिदा हो रहा है माल एकदम ट्रांस है,0.9853,0.4644,0.5209,3,abuse_score_drop,"Arey aap toh bahut sexy lag rahe ho, aap par toh sab fida ho raha hai, maal ekdam trans hai"
val-5373,val,0,,चोदने को दोगी,0.9976,0.0383,0.9593,3,abuse_score_drop,Chodne ko doogi
val-5339,val,0,,राहुल साहनी की बहेन ओर सामने वाला सनकी,0.9928,0.0271,0.9657,3,abuse_score_drop,Rahul Sahani ki behen aur same side wala sanki
val-5564,val,0,,मैडम आप तो सनी लियोन को फेल कर दोगी,0.9842,0.1519,0.8323,3,abuse_score_drop,Madam aap to Sunny Leone ko fail kar denge
val-5539,val,0,,सजा ए  मौत की सजा होंगी और नहीं तो इन काउंटर होंगा बच सके तो बच्चों कुत्तो 😠😠😠,0.9839,0.9936,-0.0096,3,abuse_lexicon_missing,"Sajay e maut ki saza hogi aur nahin to in counter hoonga, bach sake to baccho kutto 😠😠😠"
val-5515,val,0,,"😎😎 grl : तुम बहुत बेशर्म हो !  boy : हाँ, पैदा ही नंगा हुआ था  Blocked  😁😂😀😊😉😅😃😆😄 🌸🌸🌸🌸🌸🌸🌸🌸😍😍😍😍😍😍😍😍😍😍😍",0.9837,0.6526,0.3311,3,abuse_score_drop,"Grl: Tum bahut besharm ho! Boy: Haan, padda hi nanga hua tha Blocked 😁😂😀😊😉😅😃😆😄 🌸🌸🌸🌸🌸🌸🌸🌸😍😍😍😍😍😍😍😍😍😍😍"
val-5627,val,0,,हम नही उठा पायेंगे बहुत मोटी हो 😀😀😀😃😄,0.7785,0.0144,0.7641,3,abuse_score_drop,"Hum nahi utha paayenge, bahut moti hai 😄"
val-5662,val,0,,"अच्छा तो ये बात ह चूहों की, पानी मैने भी डाला है लेकिन साला चूहा बाद में फिर भी जिंदा निकलता",0.7168,0.0949,0.6219,3,abuse_score_drop,"Accha to ye baat hai chuhon ki, paani main bhi dal diya lekin sala chuhaa bad me fir bhi jinda nikalta hai"
val-5722,val,0,,2 इंच ची ब्रा ची पट्टी हाय..,0.997,0.2961,0.7009,3,abuse_score_drop,2 inch che bra che patti hai...
val-5816,val,0,,बहुत सुंदर व बड़े स्तन है,0.2818,0.0076,0.2743,3,abuse_score_drop,Bahut sundar aur bade sthan hai
val-5784,val,0,,🤪😝😂 इन माँ बेटे को बाहर फेंक दिया तो ज्यादा ज्ञान झाड़ रहा है आख़िर है तो गाँधी ही 😀😜🤪,0.8086,0.0764,0.7322,3,abuse_score_drop,"Maa-bete ko bahar phena diya toh jyada jnan jhadh raha hai, aakhir toh Gandhiji he 😜🤪"
val-5892,val,0,,लन्ड लोगी क्या मेरा,0.9967,0.0181,0.9786,3,abuse_score_drop,"Lund lo, kya maine kya kiya?"
val-5901,val,0,,बकवास है तू,0.997,0.0218,0.9752,3,abuse_score_drop,Bakwas hai tu
val-5918,val,0,,और बाकी हैं सुवर कि औलाद जो खिचड से बहार आये hai,0.9911,0.0514,0.9397,3,abuse_score_drop,"Aur baaki hai suvar kya, aulaad jo khichdi se bahar aaye hai"
val-5995,val,0,,लौड़े बहुत hai,0.9961,0.0304,0.9658,3,abuse_score_drop,Louda bahut hai
val-5900,val,1,,सोनू: दूध उबल जाने पर लेडीज क्यों दौड़ती हैं?  मोनू: मलाई बचाने?  सोनू: नहीं।  मोनू: दूध बचाने?  सोनू: बिलकुल नहीं।  मोनू: अरे तो फिर किसलिए?  सोनू: ताकि गैस और प्लैटफॉर्म पोछना न पड़े इसलिए।,0.0338,0.0386,-0.0048,3,collapsed_length,Sonu: Doodh ubal jaane par ladies kyu dorrati hain?
val-6127,val,0,,बहुत सेक्स लड़की हो हम तुमसे बात करना चाहते हैं,0.7398,0.0312,0.7086,3,abuse_score_drop,"Bahut sexy ladki ho, hum tumse baat karna chahte hain"
val-6016,val,1,,"गप्पू- मां सारे खिलौने बेड के नीचे छिपा दो...  गप्पू की मां- क्यों?  गप्पू- क्योंकि मेरा दोस्त डब्बू आ रहा है..  गप्पू की मां- डब्बू खिलौने चुरा लेगा क्या?  गप्पू- नहीं, वह अपने खिलौने पहचान लेगा..",0.0258,0.8466,-0.8208,3,collapsed_length,"Gappu - Ma, sare khilone bed ke niche chipa do..."
val-6138,val,0,,मालिक साला सुबह से फोन नहीं उठा रहा है दिमाग खराब हुआ है तुम टेंशन मत लेना बाबु प्लीज बाबु प्लीज 😭😭😭😭😭😭😭😭😭😭😭,0.4047,0.0486,0.3561,3,abuse_score_drop,"Maler sala subah se phone nahi utha raha hai, dimag kharab ho gaya hai, tension mat lena babu plz babu plz 😭😭😭"
val-6189,val,0,,"तोड़ा सा कमी रह गया, और कपड़े कम पहनती तो और  फेमस हो जाती !",0.9819,0.1312,0.8507,3,abuse_score_drop,"Tora sa kam raha gaya, aur kapade kam pehnti to aur fame ho jati!"
val-5984,val,0,,कोई भी धक्का मुक्की नहीं करेंगा सभी को गाली देने का बराबर मोका मिलेगा सभी के चाय नाश्ते कि व्यवस्था करता हूं और आशा करता हूं कि सभी नयी गाली देंगे😂😂😂  आप सबसे निवेदन है लेखन में हिंदी का प्रयोग करें क्योंकि हमारे देश की गाली हिंदी में ही अच्छी लगती है कृपया गाली मोटी मोटी लिखें😂😂😂 और कोसिस करे की ज्यादातर नई गलियों का प्रयोग करें 😂😂😂ऐसे हालात मैं बेहतर यही है कि इंसान सतर्क होकर अपने जज्बात को काबू में रख कर अपने कदम पीछे हटा ले। सावधान रहें। सतर्क रहें। 🤣🤣🤣🤣🤣🤣🤣🤣,0.8841,0.0216,0.8625,3,abuse_score_drop,"Koi bhi dhokki mukki nahi karenge, sabko gali dena barabar muka milega, main sabke chay nashte ki vayvastha kar raha hoon aur ummed hai ki sab nayi gali denge 😂😂😂 Aap sabse nivedan hai likhne mein Hindi ka prayog karein kyunki hamare desh ki gali Hindi me hi accha lagti hai. Kripaya gali moti-moti likhein 😂😂😂 aur kosish kare ki jyada tar naye gali ka prayog kare 😂😂😂 Aise haalat me behtar yahi hai ki insaan satark hone ke saath apne jazba ko kabu me rakhte hue apne kadam peechhe hata le. Savdhaniyaan rakhein, satark rakhein 😣🤣🤣🤣🤣🤣🤣🤣"
val-6293,val,0,,साला कूदने से प्यार हो जाता है क्या,0.9838,0.6998,0.284,3,abuse_score_drop,Sala koodne se pyaar ho jata hai kya
val-6302,val,0,,उर्वशी नहीं आएगी सांड आएगा,0.9899,0.007,0.9828,3,abuse_score_drop,"Urvashi nahi aayegi, saand aayega"
val-6342,val,0,,बिल्कुल संहि कहा। हिन्दूओं में बहुत गद्दार है जो अपने धर्म को भुला कर तलवे  चानटने में लगा है।,0.9939,0.1695,0.8244,3,abuse_score_drop,Billkul sahi kaha. Hindus me bahut gaddar hai jo apne dharm ko bhula kar talve chhaantne me laga hai.
val-6413,val,0,,और भी ऐसी सेक्सी सेक्सी वीडियो बनाते रहिए,0.9735,0.344,0.6295,3,abuse_score_drop,"Aur bhi isi tarah sexy, sexy video banate raho"
val-6462,val,0,,जानकर दिखा रही है भाभी जी आपना ब्रा,0.9935,0.6291,0.3644,3,abuse_score_drop,Janko dekh rahi hai bhabhi ji apni bra
val-6463,val,0,,आप इतने सुंदर कपड़े मत पहना करो किसी की नजर लग जाएगी,0.9722,0.022,0.9502,3,abuse_score_drop,Aap itne sundar kapde mat pahena kisi ki nazar lag jayegi
val-6468,val,0,,मस्त सेक्सी पानी गिरने लाइव,0.4316,0.037,0.3946,3,abuse_score_drop,Mast sexy paani girne live
val-6483,val,0,,चोदने में बहुत मजा आता है,0.9973,0.1134,0.884,3,abuse_score_drop,Chodne me bahut maza aata hai
val-6467,val,0,,भड़वी पर कौन कौन नजर डालेगा,0.9946,0.0071,0.9874,3,abuse_score_drop,Bhadwa par kaun kaun nazar daalega
val-6477,val,0,,अल्लाह का फोटो लगाना था तब हिट हो जाती ये तो फ्लॉप होगी जय श्री राम,0.9654,0.1652,0.8002,3,abuse_score_drop,"Allah ka photo laga na tha tab hit ho jata, ye to flop hogi, Jai Shri Ram"
val-6480,val,0,,चोर लुटेरे सब तैयार इससे हरे  सब होशियार फिर इक बार योगी सरकार 🚩🚩🚩🚩🚩,0.9919,0.0049,0.987,3,abuse_score_drop,"Chor lutere sab taiyar, isse hare sab hoshiyar, fir ek baar Yogi Sarkar 🚩🚩🚩🚩🚩"
val-6547,val,0,,बकवास आहे सगळं,0.9948,0.0094,0.9854,3,abuse_score_drop,Bakwas hai sab kuchh
val-6612,val,0,,आपकी सोच ही बेकार है,0.5198,0.0132,0.5066,3,abuse_score_drop,Aapke soch hi bekaar hai
val-6655,val,0,,देख अब तु रोज तुमरी सब बहन को कैसे लूंगा ☄😁,0.7709,0.0244,0.7465,3,abuse_score_drop,Dekh ab tu roz tumhari sab behan ko kaise luunga 😄😁
val-6701,val,0,,नीचे से तो एक दम चिकनी है,0.9653,0.0163,0.9489,3,abuse_score_drop,Neche se to ekdam chikni hai
test-110,test,0,,मस्त माल है यार,0.9596,0.1682,0.7913,3,abuse_score_drop,Mast mall hai yaar
test-268,test,0,,इसका तो खडा हो गया,0.9342,0.0597,0.8745,3,abuse_score_drop,Iska toh khada ho gaya
test-290,test,0,,ना गाय मेरी माँ हैँ और ना ही सांड मेरा बाप.क्यूंकि मे इंसान कि औलाद हूँ. जानवर की नहीं,0.9918,0.0236,0.9683,3,abuse_score_drop,"Nahi meri maan gay hai, nahi meri baap sardar hai. Kyunki mein insaan ki aulad hu, janaavar ki nahi."
test-1156,test,0,,"ADAM KI BETI NAHI BIWI THI JAWWA. 😂 BRAMHA BETICHOD KA PUJARI. 🕉️ ""विष्णु भगवान या बलात्कारी?"" 🕉️  जी हां आज़ मैं आपको झूटे, मक्कार,धोकेबाज़,फरेबी, कपटचारी,तथा भगवान के नाम पर बलात्कार करने वाले इस दुष्ट पापी भगवान की असलियत उजागर कर रहा हूँ इन्हीं के धर्म ग्रन्थों से... वृन्दा का सतीत्व लूटने वाला विष्णु   👉🏿 विष्णु ने अपनी करतूतों का सर्वश्रेष्ठनमूना उस समय दिखलाया जब वेअसुरेन्द्र जालन्धरकी स्त्री वृन्दा का सतीत्व अपहरण करनेमें तनिकभी नहीं हिचके। उसको वरदान था जब तक उसकी स्त्री का सतीत्व अक्षुण बना रहेगा, तब तक उसे कोई भी मार नहीं सकेगा। पर वह इतना अत्याचारी निकला कि उसके लिए विष्णु को परस्त्रीगमन जैसेघृणित उपाय का आश्रय लेना पड़ा।  रूद्र संहिता युद्ध खंड, अध्याय 24 में लिखा है - विष्णुर्जलन्धरं गत्वा दैत्यस्य पुटभेदनम्।  अर्थात : विष्णु ने जलन्धर दैत्य की राजधानी जाकर उसकी स्त्री वृन्दा सतीव्रत्य(पतिव्रत्य) नष्ट करने का विचार किया।  इधर शिव जलन्धर के साथ युद्ध कर रहा था और उधर विष्णु महाराज ने जलन्धर का वेष धारण कर उसकी स्त्री का सतीत्व नष्ट कर दिया,जिससे वह दैत्य मारा गया। जब",0.9948,0.0243,0.9705,3,collapsed_length,"CRITICAL: This rewrite was previously rejected. Write natural Roman Hinglish. Keep EVERY vulgar word uncensored (no dots, stars, or euphemisms). If the Hindi is abusive, the Hinglish must stay equally abusive. Output ONLY the rewrite."
test-423,test,0,,सुअर ग्रुप में शिकार करते है,0.9957,0.0122,0.9835,3,abuse_score_drop,Sura group me shikar karte hai.
test-410,test,0,,एक काम करो दोनों जने जो होना जिला मुरादाबाद ग्राम जटपुरा में आ जाओ तुम दोनों की जोड़ी ऐसी तैसी मार के हाथ में दे कर जाना वापस मुंबई भेजेंगे,0.9677,0.0653,0.9024,3,abuse_score_drop,"Ek kaam karo dono jante jo hona jale, jila Muzaffarnagar jatpura a jao tum dono ki jodi aisaisi marke haath mein deke jana Mumbai bhejenge"
test-447,test,0,,Tum to ekdam बंदरिया और बकरियां लग रही हो,0.9803,0.0186,0.9617,3,abuse_score_drop,Tum to ekdam bandariya aur bakriyaan lag rahi ho
test-453,test,0,,प्यार करता हूं साले तुमको अगर तुम किसी और से बात करोगे तो मुझको कैसा felling aayegi  सोचे हो कभी बोलो,0.9644,0.0668,0.8977,3,abuse_score_drop,"Pyar karta hu sale tumko, agar tum kisi aur se baat karo to mujhe kaisa feeling aayega soch to hai kisi bolo"
test-506,test,0,,लन्ड भी खड़ा करता है क्या ये..?,0.9926,0.0173,0.9753,3,abuse_score_drop,Lund bhi khada karta hai kya ye..?
test-549,test,0,,ब्यूटी खान ने जांघो में क्या बाँधा है?,0.4976,0.0252,0.4724,3,abuse_score_drop,Beauty Khan ne jangh mein kya bandha hai?
test-537,test,0,,जो कहते है आतंक बाद का धर्म नही होता  देख लो अब बो आतंक का एक ही मजहब होता ह कटा हुआ नल और हलला का फल😛,0.9886,0.5059,0.4827,3,abuse_score_drop,"Jo kehna hai ke terror baad ka dharma nahi hota, dekh lo ab bo terror ka ek hi mazhab hota hai, katta hua nall aur halala ka phal 😒"
test-239,test,0,,सिखो मे हिन्दु के प्रति जहर धोल रही है काँग्रेस समझो सिख भाईयो जब पंजाब मे आतंक वाद था 19000 हिन्दुओ को खालीस्तानीयो ने मारा ईतने तो सिख 84 मे भी नही मारे फिरभी हिन्दुओ ने सिखो से कभी नफरत नही कि सरमोर बनाए रखा अकेली लडकी अगर जारही है ओर सिख दिख जाता है तो उसको गुरू गोविन्दसिहजी तेगबहादुर जी दजिताना विशवास सिख पर होजाता है समझो भाईयो हिन्दुत्व की रक्षा मे सिख गुरुओने महान बलीदान का हिन्दु एहसान मंद है आज भी संध ने कभी सिखो को विरोध नही किया हिन्दुओ ने पलको पर बिठाया किसान किसान किसान दर्शनपाल उग्राह हनानमोला योगेन्द्र यादव ये सब वामपंथी है जो जन्मजात मोदी विरोधी है किसानो की आड लेकर विदेशो से व विपक्ष से मोटी रकम लैकर 1 साल तक क्यो बैठे धरने पर जबकी सुप्रिम कोट से कानूनो पर स्टे करदिया था 700 को मरवाने वाले ये ट3कैत ओर ये तथाकथित किसान नेता है मोदी ने गुरू पर्व पर माफी मांग कर वापस लेलिए तो फिर पंजाब मे किसबात का विरोद्ध मोदी सोगात देने आरहे थे क्यो वंचित रखा क्या सिख कोम मे कोई बुद्दीजीवी नही अगर है तो आवाज क्यो नही उठाता अगर किस सिख के हाथ से जैसा काँग्रेस का प्लान था मोदी के साथ कुछ,0.9696,0.8799,0.0897,3,collapsed_length,"Sikh o Hindoo ke prati jahar dhola rahe Congress, samjho Sikh bhaiyo jab Punjab me atankvad tha 19000 Hindoo ko Khalistaniyo ne mara, itne to Sikh 84 me bhi nahi mare, phir bhi Hindoo ne Sikh se kabhie nafrat nahi ki, samajh rakha akeli ladki agar jaa rahi hai aur Sikh dikhta hai to usko Guru Gobind Singh ji Teg Bahadur ji da jitana vishwas Sikh par ho jata hai, samjho bhaiyo Hindutva ki raksha me Sikh guruo ne mahan balidan ka Hindoo ehsan man hai, aaj bhi sandh ne kabhie Sikh ko virrodh nahi kiya Hindoo ne palke par bitaya kisaan kisaan kisaan darshanpal ugrah hananmola Yogen dr Yadv, ye sab wampanthi hai jo janhajat Modi virrodhi hai, kisaano ki ad lekar videsho se aur vikipaksh se moti raikm lai kar"
test-628,test,0,,साली कैरी बिली,0.9918,0.0535,0.9383,3,abuse_score_drop,Sali carry billy
test-657,test,0,,सुपर सेक्स वाली,0.9732,0.0172,0.956,3,abuse_score_drop,Super sexy wali
test-705,test,0,,बहुत शर्म की बात है। सभी गाने अधूरे है।,0.9053,0.0165,0.8888,3,abuse_score_drop,Bahut shame hai. Sabhi gane adhure hai.
test-765,test,0,,सरम कर नास्तिक लड़की,0.9969,0.0663,0.9306,3,abuse_score_drop,Sarm kar nastik ladki
test-667,test,0,,चमचों को सुझाव है कि अपना खून जलाने से बचें अन्यथा 2024 तक इतनी WEEKNESS हो जायेगी कि 2024 का झटका नहीं सहन कर पाओगे।,0.9882,0.746,0.2422,3,abuse_score_drop,Chamcho ko suggestion hai ki apna khoon jalane se bachein anyatha 2024 tak itni weakness ho jayega ki 2024 ka jhatka nahi sahna paroge.
test-754,test,0,,अरे मोटी जिद्दी हो जिंदा हो या मर गई हो,0.9897,0.0249,0.9648,3,abuse_score_drop,"Arey moti jiddi ho, jinda ho ya mar gayi ho"
test-882,test,0,,सूअर हमेशा सूअर ही रहते है...,0.9897,0.0345,0.9552,3,abuse_score_drop,Sura hamesha sura hi rehta hai...
test-891,test,0,,चोदने को मिल सकता है कि नही,0.9976,0.0148,0.9828,3,abuse_score_drop,Chodne ko milega ki nahi
test-955,test,0,,जितने दंगे सीरियल ब्लास्ट और आतंकी घटना हुए उसमे तुझ जैसे सुवर ही थे और कोई नही।,0.9886,0.0116,0.977,3,abuse_score_drop,Jitne dange serial blast aur terorist incident hue unmein tum jaise suvar hi the aur koi na.
test-1044,test,0,,लौड़े जैसी चल रहा है,0.9964,0.2727,0.7237,3,abuse_score_drop,Lorde jaisi chal raha hai
test-1060,test,0,,तुम्हारे सुवर फुफ़ा है,0.9876,0.0126,0.975,3,abuse_score_drop,Tumhare suvar fafa hai
test-1165,test,0,,टटी मे भी पढ लिया करो,0.9941,0.3512,0.6428,3,abuse_score_drop,Tuti me bhi pad liya karo
test-1255,test,0,,सिद्धार्थ शुक्ला की जगह कोई नहीं ले सकता साला हमशकल कहां से लगता है और होगा बड़ा यह हमशक्ल लेकिन जो सिद्धार्थ की जगह हमारे दिल में है वह कोई और हमशक्ल नहीं ले सकता,0.8007,0.0176,0.7831,3,abuse_score_drop,"Siddharth Shukla ki jagah koi nahi le sakta sala, hamshakal kahan se lagta hai aur ho ga bada yeh hamshakal lekin jo Siddharth ki jagah hamare dil me hai woh koi aur hamshakal nahi le sakta"
test-1303,test,0,,ये जिग्दगी बडी कुत्ती चीझ है एक बार अगर मोका मुझे मिले ना तो कसम से हम झिदागी से एक ही सिखवा करेगे की  सामने वाली की हर दुवा कबूल हो कबूल हो🙂,0.9401,0.0121,0.928,3,abuse_score_drop,"Ye jidagai badi kuttie cheez hai, ek baar agar mokha mujhe mile na to kasm se hum jidagai se ek hi sikhta denge ki samne wali ki har duwa kabul ho kabul ho."
test-1426,test,0,,सीधा जेल मे डालो कुत्तो को 😡😡😡😡,0.9917,0.9492,0.0426,3,abuse_lexicon_missing,Saidha jail me daalo kutto ko 😡😡😡😡
test-1458,test,0,,लंड ना होता तो क्या होता क्या अच्छा खासा मूड़ को खराब कर दिया,0.9973,0.1452,0.8522,3,abuse_score_drop,"Land na hota to kya hota, kya achcha khasa mood ko kharaab kar diya"
test-1433,test,0,,आज समाज में जो कुछ भी हो रहा है सब इन्ही सबकी वजह से हो रहा है इन लोगों की नकल कर करके आज समाज पूरी तरह से भ्रष्ट हो चुका है,0.8618,0.1285,0.7333,3,abuse_score_drop,"Aaj society me jo bhi ho raha hai sab in logo ki wajah se ho raha hai, in logo ki nakkal karke aaj society puri tarah se corrupt ho chuka hai"
test-1484,test,0,,तुजसे काम कर अपना भूतनी की,0.9826,0.0126,0.97,3,abuse_score_drop,Tujse kama karta hai apna bhootni ki
test-1540,test,0,,एक काली औरत काली साडी पहन कर काली की पुजा करणे चाली,0.9615,0.0424,0.9191,3,abuse_score_drop,"Ek kali aurat kali sari pehkar kali ki puja kar rahi hai, chali"
test-1642,test,0,,कांग्रेस सुरु से ही गद्दार थी और गद्दार रहेगी,0.9915,0.0203,0.9712,3,abuse_score_drop,Congress se suru se hi gaddar thi aur gaddar hi rehigi
test-1815,test,0,,फेंकू भगाओ देश बचाओ,0.9913,0.0354,0.9558,3,abuse_score_drop,"Phena bhagao, desh bachao"
test-1967,test,0,,किसी भी आदमी के नीचे आ जा मार ही डालेगा अपने हथियार से.....😝,0.933,0.6614,0.2716,3,abuse_score_drop,"Kisi bhi admi ke niche a ja, mar hi dalenge apne hathyar se... 😝"
test-1891,test,0,,𝐹𝑎𝑘𝑢 ये जितना देश घुम रहा है उतना ही 𝑑𝑒𝑠ℎ 𝑚𝑒 महंगाई बढ रही है,0.8835,0.4679,0.4156,3,abuse_score_drop,Faku ye jitna desh ghum raha hai utna hi desh me mahangai badh rahi hai
test-1969,test,0,,"बाप का महंगाई से फट गया कच्छा ,और  बेटा लिख रहा है कमल का फूल सबसे अच्छा। 😂🤪😂",0.9255,0.0534,0.8721,3,abuse_score_drop,"Bap ka mahangai se phat gaya kachcha, aur beta likh raha hai kamal ka ful sabse best. 😂🤪😂"
test-2141,test,0,,मरी ससुराल में हर sohk पूरी होते है,0.3995,0.0112,0.3883,3,abuse_score_drop,Meri sasural me har sohk puri hoti hai
test-2216,test,0,,मैडम कबी मेरे से वी मिसाज करवा लो कोई मेरा तो तुमारीया ऐसी वीडियो को देख कर बहुत खडा हो जाता है,0.8438,0.5056,0.3382,3,abuse_score_drop,Madam kabhi mere se video misaz kardo. Koi mera to tumariya aise video dekh ke bahut khada ho jata hai.
test-2172,test,0,,"जीस भगवान के सामने इंसानो के उपर अत्याचार होता है,नाइंसाफी होती है,तो ऐसे भगवान को उठाकर कचरे मे फेक देना चाहीये,",0.9241,0.0359,0.8882,3,abuse_score_drop,"Jis bhagwan ke saamne insaano pe upr atyaachar hota hai, nayinsaafi hoti hai, to ise hi kachre mein fek dena chahiye."
test-2225,test,0,,कुत्तो को देशी घी और लड़को को सच्चा प्यार हज़म नहीं होता ये सही है,0.9805,0.7514,0.2291,3,abuse_score_drop,Kutta ko desi ghee aur ladko ko sachcha pyaar hazm nahi hota ye sahi hai
test-2304,test,1,,बसंती इन कुत्तों के सामने नहीं नाचना😁😀😂😂🤣😂,0.9476,0.9798,-0.0321,3,abuse_lexicon_missing,"Basanti in kutto ke saamne naache nahi, basit hai kya tumhare? 😂😂"
test-2377,test,0,,और तलवे चाटू तेरे जैसा।वैसे चाहे तो अमित शाह को बाप मैन ले तूझे अच्छा एलजी रहा ना।,0.9838,0.0215,0.9624,3,abuse_score_drop,Aur talve chaatoo tere jaisa. Waise chaye toh Amit Shah ko bap mane le toojhe achcha LG raha na.
test-2418,test,0,,मेरा लन्ड जोगिंदर 😂😂🤣🤣🤣,0.9949,0.0267,0.9682,3,abuse_score_drop,Mera laund jaginder 😂😂🤣🤣🤣
test-2546,test,0,,लन्ड लेने लायक हो गई,0.9961,0.0065,0.9896,3,abuse_score_drop,Lund lene wali ho gayi
test-2590,test,0,,ढोंगी बाबा नेपाली  है !!!,0.9929,0.0099,0.983,3,abuse_score_drop,Dhongi Baba Nepal wala hai!!!
test-2632,test,0,,सुना है महात्मा गांधी बकरी पेलते थे सॉरी यार पालते थे 😂😂,0.983,0.2747,0.7082,3,abuse_score_drop,"Sunya hai Mahatma Gandhi ne bokri palti the, sorry yaar palte the 😂😂"
test-2652,test,0,,बेस्ट इंडीज का लिंग बडा होता है,0.9808,0.0103,0.9705,3,abuse_score_drop,Best Indian ka ling bada hota hai
test-2745,test,0,,आप तो ऐसे लग गई है कोई गवार हो,0.9357,0.0064,0.9293,3,abuse_score_drop,Aap to aise lag gayi ho koi gawar ho
test-2785,test,0,,सरम आना चाहिए कि एक ना बोलता जानवर के साथ ऐसे करते हो.,0.9957,0.0071,0.9886,3,abuse_score_drop,Saram aana chahiye ki ek na bolta jaanwar ke saath aise karte ho.
test-2166,test,0,,आयशा 👙रंडी🕋अल्लाह🐷मादरचौद🕋खदिजा👙रंडी🕋नवी🐷मादरचौद🐷फातिम👙रंडी🕋मोहम्मद 🐷आयसा👙रंडी🕋अल्लाह🐷मादरचौद           आयशा 👙रंडी🕋अल्लाह🐷मादरचौद🕋खदिजा👙रंडी🕋नवी🐷मादरचौद🐷फातिम👙रंडी🕋मोहम्मद 🐷आयसा👙रंडी🕋अल्लाह🐷मादरचौद          आयशा 👙रंडी🕋अल्लाह🐷मादरचौद🕋खदिजा👙रंडी🕋नवी🐷मादरचौद🐷फातिम👙रंडी🕋मोहम्मद 🐷आयसा👙रंडी🕋अल्लाह🐷मादरचौद        आयशा 👙रंडी🕋अल्लाह🐷मादरचौद🕋खदिजा👙रंडी🕋नवी🐷मादरचौद🐷फातिम👙रंडी🕋मोहम्मद 🐷आयसा👙रंडी🕋अल्लाह🐷मादरचौद          आयशा 👙रंडी🕋अल्लाह🐷मादरचौद🕋खदिजा👙रंडी🕋नवी🐷मादरचौद🐷फातिम👙रंडी🕋मोहम्मद 🐷आयसा👙रंडी🕋अल्लाह🐷मादरचौद,0.9976,0.9976,0.0,3,collapsed_length,Ayesha 👙randi 🕊️Allah 🐷madrchod 🌟Khadija 👙randi 🕊️Nabi 🐷madrchod 🐷Fatima 👙randi 🕊️Mohammad 🐷Ayesha 👙randi 🕊️Allah 🐷madrchod
test-2836,test,0,,मन से अछा होना चाहिए गोरे तो सूवर भी होते हे,0.9292,0.0361,0.8931,3,abuse_score_drop,Man se achha hona chahiye gora to suvar bhi hote he
test-2834,test,0,,बहुतों को बेरोजगार कर दिया इस बुड्ढ़े ने। प्राइवेट सेक्टर सभी बंद कर दिए,0.9443,0.1353,0.8091,3,abuse_score_drop,Bhootno ko beerojgar kar diya is budhhe ne. Private sector sabhi band kar diye
test-2924,test,0,,जनता इतना मुर्ख नही है भाई ।अमेठी का रणछोर याद है।,0.981,0.0985,0.8825,3,abuse_score_drop,Janata itna murkh nahi hai bhai. Amethi ka ranchhor yaad hai.
test-2877,test,0,,", क्या आप मुद्दों में बात करुंगी और बताओ कैसे हो आप से पुछो हो क्या हुआ बोलो ना हो जाए तब ठंडा होने दें और बताओ कि तुम मुझे खून नहीं पानी आ जाता क्या हुआ कि मैं एक लड़का था क्या मस्त लौड़ा तो क्या आप भी नहीं",0.9897,0.0202,0.9695,3,abuse_score_drop,"Kya ap muddon mein baat karoonga aur batao kaise ho ap se pucho ho kya hua, bolo na ho jaaye tab thanda hone den aur batao ki tum mujhe khun nahi paani aata hai, kya hua ki main ek larka tha, kya mast loda to kya ap bhi nahi"
test-2970,test,0,,4 के 40 बच्चे सूअर के बारे में बताओ बच्चो😂😂,0.9923,0.0166,0.9758,3,abuse_score_drop,"4 ke 40 bacche, soor ke baare me batao baccho😂😂"
test-2989,test,0,,कुत्ता और शेर में बहुत फर्क होता है,0.911,0.4369,0.474,3,abuse_score_drop,Kutta aur sher mein bahut fark hota hai
test-3077,test,0,,उछल कर बहार आ जाऐगा,0.586,0.011,0.575,3,abuse_score_drop,Uthke bahar aajayega
test-3032,test,0,,Kaya तुम्हारे मा बाप ने संस्कार सिखाया नहीं. <number> बाते करो मै तुम्हे सिखौगा,0.9679,0.0107,0.9572,3,abuse_score_drop,Kya tumhare ma-bap ne sanskaar nahi sikhaya. 2 baatein karoge to main tumhe sikha dungi
test-3133,test,0,,गजब के माल हो तुम,0.9919,0.0974,0.8946,3,abuse_score_drop,Gajab ke mal hai tum
test-3093,test,0,,उठाके ले जाने वाला  खुद उठ जायगा मोटी 😀😂😆🤣🤣😄😃🤣🤣,0.9208,0.0112,0.9096,3,abuse_score_drop,Utjaake le jaye wala apna ut jaayga moti 😄😂😆🤣🤣😄😃🤣
test-3137,test,0,,ये गद्दार गिरगिट है जो समय समय पर रंग बदलता रहता है  अपने एड और प्रचार  में  बैनर पोस्टर पर ही  दिल्ली में टिका हुआ है,0.9941,0.3149,0.6792,3,abuse_score_drop,"Ye gaddar girgit hai jo samay-samay par rang badalta rehta hai apne ad aur prachar me, banner poster par hi Delhi me tika hua hai"
test-3276,test,0,,तेरा भी पानी जाता,0.8789,0.0085,0.8704,3,abuse_score_drop,Tera bhi paani jata hai
test-3266,test,0,,भैंस का गोबर लगा लो चेहरा साफ हो जाएगा,0.9128,0.0953,0.8175,3,abuse_score_drop,"Bhai ka gobr lagao, chehra saf ho jayega"
test-3295,test,0,,आजकल तो औरत का भी लंबा हो गया है टीका 😄😄😄,0.8292,0.1824,0.6468,3,abuse_score_drop,Aajkal toh aurat ke bhi lamba ho gaya hai teekay 😄😄😄
test-3330,test,0,,पापा होते तो टांग तोड़ देते,0.9631,0.1177,0.8454,3,abuse_score_drop,Papa hote to tanga tod deta
test-3516,test,0,,साला इंजन तो बजाज का है😂😂,0.9823,0.7899,0.1923,3,abuse_score_drop,Sala engine to bajaj ka hai 😂😂
test-3591,test,0,,इसकी सील तोड़ने  का मज़ा ही अलग होगा 😁😁,0.9203,0.0376,0.8827,3,abuse_score_drop,Iske seal todne ka maza to alag hoga 😁😁
test-3620,test,0,,अभी तो बुढढी हो गयी,0.9545,0.0062,0.9483,3,abuse_score_drop,Ab to budhi ho gayi
test-3700,test,0,,चुप कर ओवेसी  भांड,0.9878,0.1042,0.8836,3,abuse_score_drop,Chup kar Owasiya banda
test-3801,test,0,,जनता को बेवकूफ बनाया इन सब से सीखे,0.9796,0.7957,0.1839,3,abuse_lexicon_missing,Janata ko be wakoof bana diya in sabse sikhe
test-3862,test,0,,अगर वो फट गई तो कैसे सिलेगी,0.994,0.526,0.468,3,abuse_score_drop,Agar wo fatak gayi to kaise silegi
test-3672,test,0,,"बैंक की cashier खिड़की पर खड़े आदमी को cashier ने कहा ” पैसे नहीं है ” ग्राहक : और दो मोदी माल्या को पैसा , सारे पैसे लेकर भाग गए विदेश में कैशियर ने खिड़की में से हाथ निकाला और उसकी गर्दन दबोच कर कहा ” साले बैंक में तो है तेरे खाते में नहीं है” भिखारी 😝😝😅😳🤣😨🥺😱🥺😱🥺😱",0.8626,0.0884,0.7742,3,collapsed_length,"Bank ki cashier khidki par khade admi ko cashier ne kaha ""paisa nahi hai"
test-3932,test,0,,चिल्लाह लौरा ला है,0.9954,0.022,0.9734,3,abuse_score_drop,Chillana laura la hai
test-3486,test,0,,✯͜͡𝄞𝐒𝐇𝐀𝐇𝐈𝐃≛⃝❥⋆͙̈≛̸❖⃟⃟꯭≛⃝𝐊𝐇𝐀𝐍✯͜͡࿐.🖤⚔️Sherni ⚔️🖤⚔️☠️हैवान👹ज़िन्दाबाद☠️⚔️💯❌अल्लाह चुद रहा है भाई जान❌💯 💯❌अल्लाह चुद रहा है भाई जान❌💯 💯❌अल्लाह चुद रहा है भाई जान❌💯 💯❌अल्लाह चुद रहा है भाई जान❌💯 💯❌अल्लाह चुद रहा है भाई जान❌💯 💯❌अल्लाह चुद रहा है भाई जान❌💯 💯❌अल्लाह चुद रहा है भाई जान❌💯 💯❌अल्लाह चुद रहा है भाई जान❌💯 💯❌अल्लाह चुद रहा है भाई जान❌💯 💯❌अल्लाह चुद रहा है भाई जान❌💯 💯❌अल्लाह चुद रहा है भाई जान❌💯 💯❌अल्लाह चुद रहा है भाई जान❌💯 💯❌अल्लाह चुद रहा है भाई जान❌💯 💯❌अल्लाह चुद रहा है भाई जान❌💯 💯❌अल्लाह चुद रहा है भाई जान❌💯💯❌अल्लाह चुद रहा है भाई जान❌💯 💯❌अल्लाह चुद रहा है भाई जान❌💯 💯❌अल्लाह चुद रहा है भाई जान❌💯 💯❌अल्लाह चुद रहा है भाई जान❌💯 💯❌अल्लाह चुद रहा है भाई जान❌💯 💯❌अल्लाह चुद रहा है भाई जान❌💯 💯❌अल्लाह चुद रहा है भाई जान❌💯 💯❌अल्लाह चुद रहा है भाई जान❌💯 💯❌अल्लाह चुद रहा है भाई जान❌💯 💯❌अल्लाह चुद रहा है भाई जान❌💯 💯❌अल्लाह चुद रहा है भाई जान❌💯 💯❌अल्लाह चुद रहा है भाई जान❌💯 💯❌अल्लाह चुद रहा है भाई जान❌💯 💯❌अल्लाह चुद रहा है भाई जान❌💯 💯❌अल्लाह चुद रहा है भाई जान❌💯💯❌अल्लाह चुद रहा है भाई जान❌💯 💯❌अल्लाह चुद रहा है भाई जान❌💯 💯❌अल्लाह चुद रहा है भाई जान❌💯 💯❌अल्लाह चुद रहा है भाई जान❌💯 💯❌अल्लाह चुद रहा है भाई जान❌💯 💯❌अल्लाह चुद रहा है भाई जान❌💯 💯❌अल्लाह चुद रहा है भाई जान❌💯 💯❌अल्लाह चुद रहा है भाई जान❌💯 💯❌अल्लाह चुद रहा है भाई जान❌💯 💯❌अल्लाह चुद रहा है भाई जान❌💯 💯❌अल्लाह चुद रहा है भाई जान❌💯 💯❌अल्लाह चुद रहा है भाई जान❌💯 💯❌अल्लाह चुद रहा है भाई जान❌💯 💯❌अल्लाह चुद रहा है भाई जान❌💯 💯❌अल्लाह चुद रहा है भाई जान❌💯💯❌अल्लाह चुद रहा है भाई जान❌💯,0.9927,0.9934,-0.0008,3,collapsed_length,Shahid Khan. Sherni ⚔️_BLACK_ ⚔️_BLACK_ ⚓️_BLACK_ haiwan Zindabad ⚓️_BLACK_ Allah chud raha hai bhai jaan Allah chud raha hai bhai jaan Allah chud raha hai bhai jaan Allah chud raha hai bhai jaan Allah chud raha hai bhai jaan Allah chud raha hai bhai jaan Allah chud raha hai bhai jaan Allah chud raha hai bhai jaan Allah chud raha hai bhai jaan Allah chud raha hai bhai jaan Allah chud raha hai bhai jaan Allah chud raha hai bhai jaan Allah chud raha hai bhai jaan Allah chud raha hai bhai jaan Allah chud raha hai bhai jaan Allah chud raha hai bhai jaan Allah chud raha hai bhai jaan Allah chud raha hai bhai jaan Allah chud raha hai bhai jaan Allah chud raha hai bhai jaan Allah chud raha hai bhai jaan Allah chud raha hai
test-3960,test,0,,अहा मोटी मोटी 😁😁,0.9408,0.0075,0.9333,3,abuse_score_drop,Aha moti moti 😁😁
test-3872,test,0,,देखो कहीं ए सुवर समुदाय का ना हो जिसने रौंदा है ऐसी घटना शायद अमेरिका/आस्ट्रेलिया मे कर चुके हैं सुवर किलियर तो नही है किस देश की घटना है बट हुआ था ऐसा ए बात पता है अच्छे से,0.9819,0.086,0.8958,3,abuse_score_drop,"Dekho, kahin e suvar samuday ka na ho jo runda hai, aisee ghatna shayad America/Australia me kar chuke hain. Suvar clear to nahi hai ki kis desh ki ghatna hai, but hua tha aisa e baat pata hai achhe se."
test-3965,test,0,,अंध भक्तों पर हर चीज की कॉपी करना बहुत अच्छी तरह से आता है विकास हो रहा है विकास,0.9707,0.145,0.8257,3,abuse_score_drop,"Andha bhakt to har cheez ka copy karta hai, bahut achhi tarah se aata hai, development ho raha hai development"
test-4074,test,0,,तुम्हें किस देदी सालू ने,0.9747,0.0705,0.9042,3,abuse_score_drop,Tumhe kis dedi saalo ne
test-4081,test,0,,आप मोटी ज्यादा हो गई हो,0.9874,0.0068,0.9806,3,abuse_score_drop,Aap moti jyada ho gayi ho
test-4054,test,0,,पहला मायावती के तलवे चाटे अब अखिलेश यादव की बारी,0.5855,0.0618,0.5237,3,abuse_score_drop,"Pehla Mayawati ke talve chaate, ab Akhilesh Yadav ke paas pahunch gaya hai"
test-4083,test,0,,अगर किसी और नेता से मदद मांगता तो शायद वो नेता देशद्रोही कहलाता ये बात सच है क्या,0.9841,0.1383,0.8458,3,abuse_score_drop,"Agar kisi aur neta se madad mangta toh shaayad woh neta deshdrohi kehla jata, ye baat sach hai kya?"
test-4109,test,0,,इन दरिंदों का लिंग काट देना चाहिए,0.9968,0.0932,0.9036,3,abuse_score_drop,In darindo ka ling kaat dena chahiye
test-4177,test,0,,भाई तू ब्रा खरीद ले 😝,0.9942,0.0093,0.9849,3,abuse_score_drop,Bhai tu bra kyun le raha hai 😝
test-4151,test,0,,एक दो दिन नही खाओगी दुबली थोड़ी हो जाओगी वैसे भी मोटी दिखती हो !🙄,0.9791,0.0912,0.8879,3,abuse_score_drop,"Ekk do din na khao gi to dubali thodi ho jay gi, waese bhi moti dikhay ho!"
test-4194,test,0,,पाखंडी हटाओ देश बचाओ,0.996,0.0111,0.9849,3,abuse_score_drop,"Pakhandi hatao, desh bachao"
test-4169,test,0,,चोद जैसी सकल 🤣🤣🤣🤣🤣🤣🤣🤣🤣🤣🤣🤣🤣🤣🤣😡😡😡😡😡😡😡😡😡😡😡😡🤬,0.9974,0.5074,0.49,3,abuse_score_drop,Chod jaise sakal 😣🤣🤣🤣🤣🤣🤣🤣🤣🤣🤣🤣🤣🤣🤣😡😡😡😡😡😡😡😡😡😡😡😡🤬
test-4480,test,0,,uncle का खड़ा होता हे। लोंडिया माँग रही हे। साली तुम्हारी क्या problem हे।,0.984,0.6053,0.3787,3,abuse_score_drop,"Uncle ka khada hota hai, londiya manga rahi hai. Sali tumhari kya problem hai."
test-4682,test,0,,फौजी की मां की बोसी,0.983,0.0991,0.8838,3,abuse_score_drop,Fauji ke ma ki bosiye
test-4685,test,0,,भैंस किस से उठा पाएगी,0.9369,0.0169,0.92,3,abuse_score_drop,Bhai ns se utha paayega?
test-4706,test,0,,क्या माल है,0.9923,0.0154,0.9768,3,abuse_score_drop,Kya maal hai
test-4764,test,0,,आप का बोबा बहुत बड़ा बड़ा है,0.8929,0.0904,0.8026,3,abuse_score_drop,Aapka boba bahut bada bada hai
test-4439,test,0,,"कट्टर हिंदू राष्ट्रवादी विचारधारा की निर्थकता > साथियों हमारे देश में पिछले कई सालों से हिंदुत्व एवं कट्टरता वादी एवं और नफरत वादी विचारधारा तथाकथित नाम हिंदुत्व या रामराज्य एवं देशभक्ति पूर्ण बदले की भावना से प्रेरित कट्टर हिंदुत्व या हिंदू राष्ट्रवादी विचारधारा से स्पष्ट रूप से दृष्टिगत धर्म संप्रदाय पंथ क्षेत्र भाषा जातिगत एवं राजनीतिक दल विशेष के रूप में ना केवल अलोकतांत्रिक अमानवीय अनैतिक शक्ति पूर्ण हिंसा एवं मनमाने अवंत्र अभद्र असभ्य एवं अहंकारी पूर्ण सोच एवं किसी भी विरोध को मनमानी अहंकारी विचारधारा से आरोपित कर सत्ता की शक्ति एवं अलोकतांत्रिक नीति से अपनी असफलता को गैर जिम्मेदार रूप से ध्यान भटकाने हेतु सोशल मीडिया द्वारा पूर्व प्रायोजित एवं सत्ता संरक्षण में लगातार किए जा रहे ,भ्रामक भावनात्मक अपमानित करते देश के अंदरूनी एवं सामाजिक व्यक्तिगत रूप से ऐंकारी अहंकारी स्वार्थी महत्वाकांक्षी एवं कैसे भी सत्ता प्राप्ति या सर्वश्रेष्ठ व्यक्तिगत रूप को आडंबर पूर्ण अंध भक्ति  आगे दिखाने की अंधी दौड़ में पीछे ना रह जाने की ईर्ष्या ,नफरती सोच से ऐसी दर्दनाक स्थितियां दृष्टि गत  है ??😇",0.8888,0.9932,-0.1045,3,collapsed_length,"Hindu rashtravad ke vichar dharayein nirthak ho gayi hain, unke nafarat, abhiman aur swaarthi soch se toh pura desh bekar hain. Ye log apne alagatvad, amanaviyat aur adhikariyon ke saamne apni asafalta ko social media par prorogit aur fake news ke daur mein apni bhalo baukiyon ke saath badhate rahenge. Unke chakar mein toh aaj bhi desh ke andar ek prakar ke nafrati, irshya aur mazboot abhiman wale vichar badh rahe hain jo ki unke ""Rama Rajya"" aur ""Hindu rashtra"" ke naam par chal rahe hain. Unke soch me toh desh ka aatmanirbharta sirf unke jatiya, bhasha, dharma aur rajneeti bhed ke saath hi ho sakta hai. Unke nafarati aur swaarthi soch ke chakar mein toh aaj"
test-4794,test,0,,लास्ट में क्या हुआ रे सूअर,0.994,0.063,0.931,3,abuse_score_drop,Last me kya hua re suar
test-4828,test,0,,मैच होना चाहिये और कटवा लोगो की और कटनी चाहिए,0.9097,0.0333,0.8764,3,abuse_score_drop,Match hone chaiye aur cutwala logon ki aur kattani chahiye
test-4443,test,0,,"सनी लियॉन की माँ : बेटी गिलास का दूध पी लो…😊😊  संनी : नो मम्मी मुझे नहीं पीना.😏😏😏  माँ : बेटी अगर दूध नहीं पियोगी तो बड़ी कैसे होगी ?😳😳😳  संनी : माँ आपको भी तो दूध पसंद नहीं है😁😁😁  फिर भी आप बड़ी हो गई मै भी नहीं पियूंगी तो भी बड़ी हो जाउंगी😂😂😂😂  माँ : अच्छी बच्चियां ज़िद नहीं करती अगर मेरी अच्छी बेटी हो तुम तो दूध पी लो , वरना में तुम से नाराज़ हो जाउंगी😒😒😒  संनी : ओके मम्मी, आप कहती है तो मै दूध पी लेती हु…गट…गट…गट…😂😂😂😂  और इस तरहा संनी ने दूध पी लिया…😍  संनी लियॉन का नाम सुनते ही मेसेज आखिर तक इतने गौर से पढ़ रहे थे🤣🤣🤣  बस करो दरिंदो😊😳  सोच बदलो… तो देश बदलेगा…🤣🤣🤣😂  अकेला मै और मोदी जी क्या-क्या करेंगे !😂😂😂       😂😂😂😜😛😛😛😛😛🙄 🙏🙏🙏",0.4943,0.171,0.3233,3,collapsed_length,Sunny Leone ki ma: Beta glass ka doodh pi lo…😊😊
test-4919,test,0,,ऐसे लोगों को ऐसी सजा दो लिंग काट के उनको बीच बाजार में टॉप दो,0.9885,0.0476,0.9409,3,abuse_score_drop,"Aise logon ko aise saza do, ling kaat ke unko beech bazaar mein top do"
test-4888,test,1,,हरीश: तुम्हारी आंख क्यों सूजी हुई है ?  पप्पू: कल मैं अपनी पत्नी के जन्मदिन पर केक लाया था।  हरीश: लेकिन इसका आंख सूजने से क्या संबंध है?  पप्पू: मेरी पत्नी का नाम तपस्या है लेकिन केक वाले बेवकूफ दुकानदार ने लिख दिया “हैप्पी बर्थडे समस्या”! 😂 😂😂😂😂,0.0337,0.0112,0.0225,3,collapsed_length,Harish: Tumhari aankh kyun suji hui hai?
test-5102,test,0,,लड़का : एक ही कपडे पहन के रोज घूमती हो अजीब नहीं लगता ?     लड़की : ये मेरी ऑफिस यूनिफार्म है साले बेरोजगार …,0.9621,0.3336,0.6286,3,abuse_lexicon_missing,"Larka: Ek hi kapde peh kar roj ghoomti ho, ajeeb nahi lagta?"
test-5213,test,0,,पता तेरी औकात वी सब नी 😢👎🥴😂,0.9207,0.099,0.8216,3,abuse_score_drop,Pata teri aukat bhi sabko hai 😢👎🥴😂
test-5094,test,0,,"एक बात बताय prya जी फिर टच कौन करेगा किस कौन करेगा और साथ कौन घूमेगा और उसने ये किया तो बो प्यार नहीं होगा,  और हाँ जो प्यार करता है बो ये सारी चीजे करेगा 🙏",0.9649,0.0106,0.9543,3,abuse_score_drop,"Ek baat batay priya ji, fir touch kaun karega, kis kaun karega aur saath kaun ghumega aur usne ye kiya to bo pyar nahi hoga, aur haan jo pyar karta hai bo ye sarri cheejey karega"
test-5305,test,0,,लोड़े लग गए,0.9927,0.0101,0.9826,3,abuse_score_drop,Lorde lag gaye
test-5425,test,0,,तेजो के साथ नहीं अच्छी लगती तेजो तो बुड्ढी हो चुकी,0.986,0.0113,0.9747,3,abuse_score_drop,"Tejo ke saath nahi acchi lakti, Tejo to budhhi ho chuki hai"
test-5423,test,0,,बच गया साला !,0.9711,0.6368,0.3343,3,abuse_score_drop,Bach gaya sala!
test-5371,test,0,,"खुद की संभाल नही पाया🙄 दूसरों की बीवी की उम्र तय कर रहा है..!!🙈  लेकिन, 𝟐𝟏बढिया है!",0.9128,0.3371,0.5757,3,abuse_score_drop,"Khud ki sambhal nahi paaya, dusron ki bivi ki umar tay kar raha hai... lekin, 21 best hai!"
test-5468,test,0,,मुँह में लोगी या फिर हाथ में लण्ड,0.9874,0.1758,0.8115,3,abuse_score_drop,Munh me logi ya fir haath me lund
test-5548,test,0,,बात तो सही है छक्का,0.9931,0.06,0.9331,3,abuse_score_drop,Baat to sahi hai chhakka
test-5594,test,0,,इसको पकड़ कर तुरंत जेल मे डाल देना चाहिए और सख्त से सख्त सजा देनी चाहिए,0.6503,0.0196,0.6307,3,abuse_score_drop,Isko pakkar ke abhi jail mein daal dena chahiye aur sabse strict se strict saza deni chahiye
test-5877,test,0,,नेहरू और गांधी दोनो चूतियो ने तो देश को कब का अंग्रेजो के हाथो बेच दिया था मगर हमारे शाहिद भाईयो ने अपनी जान देकर देश को आजादी दिलवाई थी।,0.9968,0.9973,-0.0005,3,abuse_lexicon_missing,"Nehru aur Gandi dono chutiyo ne to desh ko kab ka angrezon ke haathon bech diya tha, magar hamare shaheed bhaiyon ne apni jaan dekar desh ko azaadi dilwai thi."
test-5853,test,1,,बिंदास मुस्कुराओ क्या ग़म है 🌹🌹           जिंदगी में टेंशन किसको कम है 🌹🌹 अच्छा या बुरा तो केवल भ्रम है 🌹🌹        जिंदगी का नाम ही कभी ख़ुशी कभी ग़म है 🌹🌹,0.005,0.0089,-0.0039,3,collapsed_length,Bindass muskurao kya gham hai 🌹🌹
test-5940,test,0,,Bhan के लण्डो ये प्यार नही जिस थाली में खाया उसी में छेद करना होता है,0.9924,0.0746,0.9178,3,abuse_score_drop,"Bhan ke lando, ye pyar nahi, jis thali mein khaya usme hi ched karna hota hai"
test-5975,test,0,,ऐसे लोगों को जान से ही मार देना चाहिए,0.9828,0.0406,0.9422,3,abuse_score_drop,Aise logon ko jeet se mar dena chahiye
test-5967,test,0,,तू  बहुत  सेक्सी है संनी लियोन के पास जा ओ तेरा काम कर देगी,0.7512,0.3451,0.4061,3,abuse_score_drop,"Tum bahut sexy ho, Sunny Leone ke paas ja, o tera kam kardengi"
test-5973,test,0,,पागल लड़की है दुनिया में मां बाप से बढ़कर कोई दूसरा प्यार नहीं होता उन्हीं का प्यार दुनिया में सच्चा होता है हां तो जी ले अपनी जिंदगी जीना है लेकिन मां बाप को छोड़कर नहीं,0.2597,0.0093,0.2504,3,abuse_score_drop,"Pagal ladki hai, dunia mei ma-bap se badhkar koi dusra pyar nahi hota. Unhein hi pyar dunia mei sachcha hota hai. Ha to je le apni zindagi jeena hai lekin ma-bap ko chhorke nahi."
test-6025,test,0,,जेठालाल :- ऐ पागल औरत सातवीं फ़ैल 🥰😇😍,0.5067,0.08,0.4267,3,abuse_score_drop,"Jethalal: Aye pagal aurat, 7th fail hai 😜😇😍"
test-5886,test,1,,"राहुल: आप के पास कितनी जमीन है। किसान: हजूर, 15 बीघा। राहुल: वो कितनी होती है? किसान बहुत सोचने के बाद : आप के जीजा जी की जमीन के छोटे कोने जितनी। राहुल: ओह्ह!!! तो आप क्या उगाते हैं? किसान : कपास। राहुल: वो क्या होता है? किसान: जी जिससे आप का कुर्ता बनता है। राहुल: तो आप कुर्ते की खेती करते है.. और क्या है आप के पास? किसान: जी, दो बैल हैं? राहुल: गुड.. कितना दूध दे किसान: आत्महत्या करवा कर ही मानेगा क्या बे पप्पू??😂😂🤣🤣🤣🤣🤣",0.718,0.0199,0.6981,3,collapsed_length,Rahul: Apke pas kitni jameen hai?
test-6094,test,0,,लौड़ा है बादाम,0.9968,0.0183,0.9785,3,abuse_score_drop,Lauda hai badam
test-6067,test,0,,ऐसा लंड डालूंगा ना तेरा आत्मा ठंड हो जायेगा,0.9973,0.9974,-0.0001,3,abuse_lexicon_missing,Aisa l**d dalunga na tera aatma thand ho jayega
test-6098,test,0,,और जो बात तुम बोल रहे हो अगर बीजेपी नहीं होती तो करोना ही नहीं आता करोना के नाम पे सबको बेवकूफ बनाया जा रहा है कहां सोए हो तुम लोग,0.9915,0.3172,0.6744,3,abuse_lexicon_missing,"Aur jo baat tum bol re ho, agar BJP nahi hoti to corona hi nahi aata, corona ke naam pe sabko bevakoof bana raha hai. Kahan soye ho tum log?"
test-6212,test,0,,देवरा से मरवाले,0.7076,0.0283,0.6793,3,abuse_score_drop,Devra se marwale
test-6281,test,0,,तुम इतना पतली थी यार मोटी हो गई क्या बात है,0.9888,0.0086,0.9801,3,abuse_score_drop,"Tum itna patli thi yaar, ab moti ho gayi kya baat hai"
test-6292,test,0,,अरे मेडम जी आपसे उमर मे बहुत बणा है ये लणका के आपको बणा लेना पसंद है,0.4944,0.0295,0.4649,3,abuse_score_drop,"Arey madam ji aapse umar me bahut bana hai, ye lanka ke aapko bana lene pasand hai"
test-6354,test,0,,तुम्हारे पास कपड़ा नहीं है क्या बोलो भेज दूं,0.9147,0.1173,0.7975,3,abuse_score_drop,"Tumhare paas kapra nahi hai, kya bole, bhej du?"
test-6569,test,0,,तुम्हरा पेट सेक्सी हे,0.3244,0.0192,0.3053,3,abuse_score_drop,Tumhara pet sexy hai
test-6521,test,0,,में साला दस साल से फेसबुक चला रहा हू मुझे कोई मिली नही आजकल के छोरा छोरी दो दिन हुए हो फेसबुक चलाते हुए रिलेशनशिप विद का स्टेटस डाल रहे है😭😭😭😁😁😁🤭😁😁😜,0.5603,0.1015,0.4589,3,abuse_score_drop,"Main sala das saal se Facebook chala raha hoon, mainko koi mila nahi. Abke chor chorie do din hi hai Facebook chala ke relationship with ka status dal rahi hain 😭😭😭😁😁😁🤭😁😁😜"
test-6549,test,0,,जिस से सादी होगा वो खुला सील मिलेगा,0.9358,0.0129,0.9228,3,abuse_score_drop,Jo se saadi ho jaye usko khula seal milyega
test-6532,test,0,,तुम पालर जाकर आती हो पर फिर भी चुड़ैल लगती हो 😂😂😂😜😜🧟‍♀️🧟‍♀️,0.982,0.3323,0.6498,3,abuse_score_drop,Tum paalr jake aati ho par fir bhi chudail lg rahi hai 😂😂😂😜😜🧟‍♀️🧟‍♀️
test-6594,test,0,,साली नाटक कर रही है,0.9971,0.8349,0.1622,3,abuse_score_drop,Sali natak kar rahi hai
test-6647,test,0,,गजब साली चापा,0.9648,0.1651,0.7997,3,abuse_score_drop,Gajab saali chapar.
test-6672,test,0,,टट्टी     खात तका,0.9943,0.0098,0.9845,3,abuse_score_drop,Tatti khana wala tumhare paon mei khona wala
test-6598,test,0,,मानसिक विक्रत के लोग।   राजनेता भी।।    अब कोई नहीं बोलेगा क्या।    कहा गए नेताओ के बोल।।।। ।  साला बाप की ऐसी की तैसी।।।।    बेटी मेरी दुआ प्रार्थना ही तुम फिर से स्वस्थ्य होकर जीवन जियो😢😢🙏🙏🙏,0.9553,0.6179,0.3375,3,abuse_score_drop,Mental vikrat ke log. Rajneetabhi. Ab koi nahi bolega kya. Kaha gaye netao ke bol. Sala bap ki aisi ki tai si. Beti mery dua prayer hi tum phir se swasth hoke jivan jio
test-6567,test,0,,अभी खैर मना कि तेरा नाम नही बदला गया है तुमको ये नही दिख रहा की यूपी के सारे गुण्डे और बदमास अपने आप saraenedar कर देते है योगी जी का नाम लेकर योगी सबसे best cm हर राज्य मे ऐसा cm होना चहिये full support yogi ji जो जो support करता है योगी को वो like kre,0.9917,0.1674,0.8243,3,abuse_score_drop,"Abhi kya man raha hai tera naam nahi badla gaya hai, tumko ye nahi dikhta ki UP ke saare gunde aur badmas apne aap saranedhar kar dete hain. Yogi ji ka naam leke, Yogi sabse best CM, har rajya me aisa CM hona chahiye. Full support Yogi ji. Jo jo support karta hai Yogi ko, wo like kare"
test-6698,test,0,,चली जा फोसडी के 😂😂,0.9839,0.0232,0.9606,3,abuse_score_drop,Chali ja phosadi ke 😂😂
