✓ Initialized. View run at 
https://modal.com/apps/podshorts/main/ap-8TRoUqIjyWeZTxLVofEIKq


✓ Created objects.
├── 🔨 Created mount 
│   /Users/prathamgarg/Desktop/senior-sde-audit-surakshanet/aws_train/train_code
│   mix_modal.py
├── 🔨 Created function fetch_bundle.
├── 🔨 Created function train.
└── 🔨 Created function put_data.
local codemix_hinglish/train.csv: 6324399 bytes
local codemix_hinglish/val.csv: 2107500 bytes
local codemix_hinglish/test.csv: 2116092 bytes
local macd_hindi/hindi_train.csv: 4003901 bytes
local macd_hindi/hindi_val.csv: 1352246 bytes
local macd_hindi/hindi_test.csv: 1349636 bytes
wrote /vol/checkpoints/codemix_hinglish/train.csv (6324399 bytes)
wrote /vol/checkpoints/codemix_hinglish/val.csv (2107500 bytes)
wrote /vol/checkpoints/codemix_hinglish/test.csv (2116092 bytes)
wrote /vol/checkpoints/macd_hindi/hindi_train.csv (4003901 bytes)
wrote /vol/checkpoints/macd_hindi/hindi_val.csv (1352246 bytes)
wrote /vol/checkpoints/macd_hindi/hindi_test.csv (1349636 bytes)
uploaded 6 files
cuda: True Tesla T4

[1AGenerating train split: 0 examples [00:00, ? examples/s]
[1AGenerating train split: 20000 examples [00:00, 130480.76 examples/s]Generating train split: 20183 examples [00:00, 128439.98 examples/s]

[1AGenerating train split: 0 examples [00:00, ? examples/s]Generating train split: 6728 examples [00:00, 121464.66 examples/s]

[1AGenerating train split: 0 examples [00:00, ? examples/s]Generating train split: 6728 examples [00:00, 118376.90 examples/s]
hindi sizes: 20183 6728 6728
hindi sample: {'label': 0, 'text': 'भीड़ में  बहुत  हब्सी मिलेंगे'}

[1AGenerating train split: 0 examples [00:00, ? examples/s]
[1AGenerating train split: 10000 examples [00:00, 78177.99 examples/s]Generating train split: 18920 examples [00:00, 85466.67 examples/s]

[1AGenerating train split: 0 examples [00:00, ? examples/s]Generating train split: 6375 examples [00:00, 84312.74 examples/s]

[1AGenerating train split: 0 examples [00:00, ? examples/s]Generating train split: 6368 examples [00:00, 88248.91 examples/s]
hinglish sizes: 18920 6375 6368
hinglish sample: {'label': 0, 'text': 'Bheed mein bahut habsi milenge'}

[1ADownloading data:   0%|          | 0.00/1.05M [00:00<?, ?B/s]Downloading data: 2.55MB [00:00, 29.8MB/s]

[1AGenerating train split: 0 examples [00:00, ? examples/s]Generating train split: 24783 examples [00:00, 354320.76 examples/s]

[1AMap:   0%|          | 0/24783 [00:00<?, ? examples/s]
[1AMap:   8%|▊         | 2000/24783 [00:00<00:01, 18317.46 examples/s]
[1AMap:  16%|█▌        | 4000/24783 [00:00<00:01, 19201.17 examples/s]
[1AMap:  24%|██▍       | 6000/24783 [00:00<00:00, 19424.44 examples/s]
[1AMap:  32%|███▏      | 8000/24783 [00:00<00:00, 19484.70 examples/s]
[1AMap:  40%|████      | 10000/24783 [00:00<00:01, 12791.22 examples/s]
[1AMap:  48%|████▊     | 12000/24783 [00:00<00:00, 14349.19 examples/s]
[1AMap:  56%|█████▋    | 14000/24783 [00:00<00:00, 15629.95 examples/s]
[1AMap:  65%|██████▍   | 16000/24783 [00:00<00:00, 16580.99 examples/s]
[1AMap:  73%|███████▎  | 18000/24783 [00:01<00:00, 17381.75 examples/s]
[1AMap:  81%|████████  | 20000/24783 [00:01<00:00, 17865.66 examples/s]
[1AMap:  89%|████████▉ | 22000/24783 [00:01<00:00, 13064.00 examples/s]
[1AMap:  97%|█████████▋| 24000/24783 [00:01<00:00, 14426.70 examples/s]
[1AMap: 100%|██████████| 24783/24783 [00:01<00:00, 15599.96 examples/s]
davidson sizes: 19826 2478 2479
MIXED sizes train/val/test: 58929 15581 15575
  train = hindi 20183 + dav 19826 + hinglish 18920
  val   = hindi 6728 + dav 2478 + hinglish 6375
  test  = hindi 6728 + dav 2479 + hinglish 6368
/usr/local/lib/python3.11/site-packages/transformers/tokenization_utils_base.py:1601: FutureWarning: `clean_up_tokenization_spaces` was not set. It will be set to `True` by default. This behavior will be depracted in transformers v4.45, and will be then set to `False` by default. For more details check this issue: https://github.com/huggingface/transformers/issues/31884
  warnings.warn(

[1AMap:   0%|          | 0/58929 [00:00<?, ? examples/s]
[1AMap:   3%|▎         | 2000/58929 [00:00<00:04, 13933.82 examples/s]
[1AMap:   8%|▊         | 5000/58929 [00:00<00:03, 17310.65 examples/s]
[1AMap:  12%|█▏        | 7000/58929 [00:00<00:02, 17920.57 examples/s]
[1AMap:  15%|█▌        | 9000/58929 [00:00<00:02, 18420.85 examples/s]
[1AMap:  22%|██▏       | 13000/58929 [00:00<00:02, 19581.88 examples/s]
[1AMap:  29%|██▉       | 17000/58929 [00:00<00:02, 20100.87 examples/s]
[1AMap:  32%|███▏      | 19000/58929 [00:01<00:02, 14962.41 examples/s]
[1AMap:  37%|███▋      | 22000/58929 [00:01<00:02, 16303.33 examples/s]
[1AMap:  42%|████▏     | 25000/58929 [00:01<00:01, 17276.09 examples/s]
[1AMap:  46%|████▌     | 27000/58929 [00:01<00:01, 17520.12 examples/s]
[1AMap:  49%|████▉     | 29000/58929 [00:01<00:01, 17409.37 examples/s]
[1AMap:  53%|█████▎    | 31000/58929 [00:01<00:01, 16513.08 examples/s]
[1AMap:  59%|█████▉    | 35000/58929 [00:02<00:01, 17951.33 examples/s]
[1AMap:  63%|██████▎   | 37000/58929 [00:02<00:01, 13646.00 examples/s]
[1AMap:  68%|██████▊   | 40000/58929 [00:02<00:01, 15180.01 examples/s]
[1AMap:  71%|███████▏  | 42000/58929 [00:02<00:01, 16086.78 examples/s]
[1AMap:  78%|███████▊  | 46000/58929 [00:02<00:00, 17586.01 examples/s]
[1AMap:  83%|████████▎ | 49000/58929 [00:02<00:00, 18333.34 examples/s]
[1AMap:  87%|████████▋ | 51000/58929 [00:02<00:00, 18603.93 examples/s]
[1AMap:  93%|█████████▎| 55000/58929 [00:03<00:00, 19215.55 examples/s]
[1AMap:  97%|█████████▋| 57000/58929 [00:03<00:00, 14428.70 examples/s]
[1AMap: 100%|██████████| 58929/58929 [00:03<00:00, 16716.46 examples/s]

[1AMap:   0%|          | 0/15581 [00:00<?, ? examples/s]
[1AMap:  13%|█▎        | 2000/15581 [00:00<00:00, 19760.36 examples/s]
[1AMap:  39%|███▊      | 6000/15581 [00:00<00:00, 20792.59 examples/s]
[1AMap:  64%|██████▍   | 10000/15581 [00:00<00:00, 21128.67 examples/s]
[1AMap:  90%|████████▉ | 14000/15581 [00:00<00:00, 15933.00 examples/s]Map: 100%|██████████| 15581/15581 [00:00<00:00, 17401.12 examples/s]

[1AMap:   0%|          | 0/15575 [00:00<?, ? examples/s]
[1AMap:  26%|██▌       | 4000/15575 [00:00<00:00, 22158.70 examples/s]
[1AMap:  51%|█████▏    | 8000/15575 [00:00<00:00, 22230.18 examples/s]
[1AMap:  77%|███████▋  | 12000/15575 [00:00<00:00, 22353.86 examples/s]
[1AMap: 100%|██████████| 15575/15575 [00:00<00:00, 22409.77 examples/s]Map: 100%|██████████| 15575/15575 [00:00<00:00, 22216.17 examples/s]

[1AMap:   0%|          | 0/6728 [00:00<?, ? examples/s]
[1AMap:  45%|████▍     | 3000/6728 [00:00<00:00, 10976.77 examples/s]
[1AMap: 100%|██████████| 6728/6728 [00:00<00:00, 17290.49 examples/s]
[1AMap: 100%|██████████| 6728/6728 [00:00<00:00, 15918.98 examples/s]

[1AMap:   0%|          | 0/2478 [00:00<?, ? examples/s]
[1AMap: 100%|██████████| 2478/2478 [00:00<00:00, 21871.03 examples/s]
[1AMap: 100%|██████████| 2478/2478 [00:00<00:00, 21134.46 examples/s]

[1AMap:   0%|          | 0/6375 [00:00<?, ? examples/s]
[1AMap:  63%|██████▎   | 4000/6375 [00:00<00:00, 28895.60 examples/s]Map: 100%|██████████| 6375/6375 [00:00<00:00, 28507.19 examples/s]

[1AMap:   0%|          | 0/6728 [00:00<?, ? examples/s]
[1AMap:  59%|█████▉    | 4000/6728 [00:00<00:00, 29123.67 examples/s]
[1AMap: 100%|██████████| 6728/6728 [00:00<00:00, 28540.30 examples/s]

[1AMap:   0%|          | 0/2479 [00:00<?, ? examples/s]
[1AMap: 100%|██████████| 2479/2479 [00:00<00:00, 22399.76 examples/s]Map: 100%|██████████| 2479/2479 [00:00<00:00, 21671.58 examples/s]

[1AMap:   0%|          | 0/6368 [00:00<?, ? examples/s]
[1AMap:  31%|███▏      | 2000/6368 [00:00<00:00, 9024.52 examples/s]
[1AMap:  94%|█████████▍| 6000/6368 [00:00<00:00, 17863.90 examples/s]Map: 100%|██████████| 6368/6368 [00:00<00:00, 16387.55 examples/s]
Some weights of BertForSequenceClassification were not initialized from the model checkpoint at sentence-transformers/paraphrase-multilingual-MiniLM-L12-v2 and are newly initialized: ['classifier.bias', 'classifier.weight']
You should probably TRAIN this model on a down-stream task to be able to use it for predictions and inference.
/usr/local/lib/python3.11/site-packages/accelerate/accelerator.py:488: FutureWarning: `torch.cuda.amp.GradScaler(args...)` is deprecated. Please use `torch.amp.GradScaler('cuda', args...)` instead.
  self.scaler = torch.cuda.amp.GradScaler(**kwargs)
Detected kernel version 4.19.0, which is below the recommended minimum of 5.5.0; this can cause the process to hang. It is recommended to upgrade the kernel to the minimum version or higher.

[1A  0%|          | 0/11052 [00:00<?, ?it/s]
[1A  0%|          | 1/11052 [00:01<4:31:22,  1.47s/it]
[1A  0%|          | 3/11052 [00:01<1:22:08,  2.24it/s]
[1A  0%|          | 5/11052 [00:01<48:47,  3.77it/s]  
[1A  0%|          | 7/11052 [00:02<35:33,  5.18it/s]
[1A  0%|          | 8/11052 [00:02<41:23,  4.45it/s]
[1A  0%|          | 10/11052 [00:02<31:28,  5.85it/s]
[1A  0%|          | 12/11052 [00:02<26:11,  7.02it/s]
[1A  0%|          | 13/11052 [00:02<24:40,  7.45it/s]
[1A  0%|          | 15/11052 [00:03<21:53,  8.40it/s]
[1A  0%|          | 17/11052 [00:03<20:44,  8.87it/s]
[1A  0%|          | 19/11052 [00:03<20:42,  8.88it/s]
[1A  0%|          | 21/11052 [00:03<19:32,  9.41it/s]
[1A  0%|          | 22/11052 [00:03<19:23,  9.48it/s]
[1A  0%|          | 24/11052 [00:03<18:33,  9.90it/s]
[1A  0%|          | 26/11052 [00:04<18:07, 10.13it/s]
[1A  0%|          | 28/11052 [00:04<17:56, 10.24it/s]
[1A  0%|          | 30/11052 [00:04<17:33, 10.47it/s]
[1A  0%|          | 32/11052 [00:04<17:20, 10.59it/s]
[1A  0%|          | 34/11052 [00:04<17:22, 10.57it/s]
[1A  0%|          | 36/11052 [00:05<17:31, 10.48it/s]
[1A  0%|          | 38/11052 [00:05<17:30, 10.48it/s]
[1A  0%|          | 40/11052 [00:05<17:19, 10.60it/s]
[1A  0%|          | 42/11052 [00:05<17:07, 10.71it/s]
[1A  0%|          | 44/11052 [00:05<17:10, 10.68it/s]
[1A  0%|          | 46/11052 [00:05<17:05, 10.74it/s]
[1A  0%|          | 48/11052 [00:06<18:17, 10.02it/s]
[1A  0%|          | 50/11052 [00:06<17:49, 10.29it/s]                          
{'loss': 0.6936, 'grad_norm': 0.5342180132865906, 'learning_rate': 1.5060240963855425e-06, 'epoch': 0.01}
[1A
[1A  0%|          | 50/11052 [00:06<17:49, 10.29it/s]
[1A  0%|          | 52/11052 [00:06<17:35, 10.43it/s]
[1A  0%|          | 54/11052 [00:06<17:33, 10.44it/s]
[1A  1%|          | 56/11052 [00:06<17:37, 10.40it/s]
[1A  1%|          | 58/11052 [00:07<18:05, 10.13it/s]
[1A  1%|          | 60/11052 [00:07<17:38, 10.39it/s]
[1A  1%|          | 62/11052 [00:07<17:24, 10.52it/s]
[1A  1%|          | 64/11052 [00:07<17:17, 10.59it/s]
[1A  1%|          | 66/11052 [00:07<17:35, 10.40it/s]
[1A  1%|          | 68/11052 [00:08<17:45, 10.31it/s]
[1A  1%|          | 70/11052 [00:08<19:26,  9.42it/s]
[1A  1%|          | 71/11052 [00:08<19:27,  9.40it/s]
[1A  1%|          | 73/11052 [00:08<18:34,  9.85it/s]
[1A  1%|          | 75/11052 [00:08<17:57, 10.18it/s]
[1A  1%|          | 77/11052 [00:09<19:01,  9.61it/s]
[1A  1%|          | 79/11052 [00:09<18:21,  9.96it/s]
[1A  1%|          | 81/11052 [00:09<17:56, 10.19it/s]
[1A  1%|          | 83/11052 [00:09<17:43, 10.31it/s]
[1A  1%|          | 85/11052 [00:09<17:19, 10.55it/s]
[1A  1%|          | 87/11052 [00:09<16:59, 10.76it/s]
[1A  1%|          | 89/11052 [00:10<16:58, 10.76it/s]
[1A  1%|          | 91/11052 [00:10<17:08, 10.66it/s]
[1A  1%|          | 93/11052 [00:10<17:08, 10.66it/s]
[1A  1%|          | 95/11052 [00:10<16:53, 10.82it/s]
[1A  1%|          | 97/11052 [00:10<16:54, 10.79it/s]
[1A  1%|          | 99/11052 [00:11<17:23, 10.50it/s]
[1A                                                  
{'loss': 0.6795, 'grad_norm': 0.8080762028694153, 'learning_rate': 3.012048192771085e-06, 'epoch': 0.03}
[1A
[1A  1%|          | 100/11052 [00:11<17:22, 10.50it/s]
[1A  1%|          | 101/11052 [00:11<17:06, 10.67it/s]
[1A  1%|          | 103/11052 [00:11<16:55, 10.78it/s]
[1A  1%|          | 105/11052 [00:11<17:35, 10.37it/s]
[1A  1%|          | 107/11052 [00:11<17:24, 10.47it/s]
[1A  1%|          | 109/11052 [00:12<20:55,  8.72it/s]
[1A  1%|          | 111/11052 [00:12<19:43,  9.25it/s]
[1A  1%|          | 112/11052 [00:12<19:46,  9.22it/s]
[1A  1%|          | 114/11052 [00:12<18:37,  9.79it/s]
[1A  1%|          | 116/11052 [00:12<18:06, 10.06it/s]
[1A  1%|          | 118/11052 [00:13<17:38, 10.33it/s]
[1A  1%|          | 120/11052 [00:13<17:15, 10.56it/s]
[1A  1%|          | 122/11052 [00:13<17:00, 10.71it/s]
[1A  1%|          | 124/11052 [00:13<18:03, 10.09it/s]
[1A  1%|          | 126/11052 [00:13<17:37, 10.34it/s]
[1A  1%|          | 128/11052 [00:14<17:40, 10.30it/s]
[1A  1%|          | 130/11052 [00:14<17:15, 10.54it/s]
[1A  1%|          | 132/11052 [00:14<17:11, 10.58it/s]
[1A  1%|          | 134/11052 [00:14<17:46, 10.24it/s]
[1A  1%|          | 136/11052 [00:14<17:15, 10.54it/s]
[1A  1%|          | 138/11052 [00:14<17:02, 10.68it/s]
[1A  1%|▏         | 140/11052 [00:15<17:06, 10.63it/s]
[1A  1%|▏         | 142/11052 [00:15<16:59, 10.70it/s]
[1A  1%|▏         | 144/11052 [00:15<17:37, 10.31it/s]
[1A  1%|▏         | 146/11052 [00:15<17:13, 10.55it/s]
[1A  1%|▏         | 148/11052 [00:15<16:54, 10.75it/s]
[1A  1%|▏         | 150/11052 [00:16<16:51, 10.78it/s]
[1A                                                   
{'loss': 0.6426, 'grad_norm': 1.32880437374115, 'learning_rate': 4.518072289156627e-06, 'epoch': 0.04}
[1A
[1A  1%|▏         | 150/11052 [00:16<16:51, 10.78it/s]
[1A  1%|▏         | 152/11052 [00:16<16:55, 10.73it/s]
[1A  1%|▏         | 154/11052 [00:16<16:41, 10.88it/s]
[1A  1%|▏         | 156/11052 [00:16<16:44, 10.84it/s]
[1A  1%|▏         | 158/11052 [00:16<16:33, 10.96it/s]
[1A  1%|▏         | 160/11052 [00:16<16:46, 10.82it/s]
[1A  1%|▏         | 162/11052 [00:17<16:36, 10.93it/s]
[1A  1%|▏         | 164/11052 [00:17<16:27, 11.02it/s]
[1A  2%|▏         | 166/11052 [00:17<16:16, 11.15it/s]
[1A  2%|▏         | 168/11052 [00:17<16:11, 11.20it/s]
[1A  2%|▏         | 170/11052 [00:17<16:13, 11.18it/s]
[1A  2%|▏         | 172/11052 [00:18<16:08, 11.23it/s]
[1A  2%|▏         | 174/11052 [00:18<16:19, 11.11it/s]
[1A  2%|▏         | 176/11052 [00:18<16:12, 11.19it/s]
[1A  2%|▏         | 178/11052 [00:18<16:10, 11.20it/s]
[1A  2%|▏         | 180/11052 [00:18<16:07, 11.24it/s]
[1A  2%|▏         | 182/11052 [00:18<16:12, 11.17it/s]
[1A  2%|▏         | 184/11052 [00:19<17:10, 10.55it/s]
[1A  2%|▏         | 186/11052 [00:19<16:45, 10.81it/s]
[1A  2%|▏         | 188/11052 [00:19<16:25, 11.02it/s]
[1A  2%|▏         | 190/11052 [00:19<16:17, 11.11it/s]
[1A  2%|▏         | 192/11052 [00:19<16:20, 11.08it/s]
[1A  2%|▏         | 194/11052 [00:20<16:13, 11.16it/s]
[1A  2%|▏         | 196/11052 [00:20<17:51, 10.13it/s]
[1A  2%|▏         | 198/11052 [00:20<17:31, 10.32it/s]
[1A  2%|▏         | 200/11052 [00:20<17:05, 10.59it/s]
[1A                                                   
{'loss': 0.6048, 'grad_norm': 2.9352831840515137, 'learning_rate': 6.02409638554217e-06, 'epoch': 0.05}
[1A
[1A  2%|▏         | 200/11052 [00:20<17:05, 10.59it/s]
[1A  2%|▏         | 202/11052 [00:20<16:40, 10.85it/s]
[1A  2%|▏         | 204/11052 [00:21<16:38, 10.87it/s]
[1A  2%|▏         | 206/11052 [00:21<17:00, 10.62it/s]
[1A  2%|▏         | 208/11052 [00:21<16:40, 10.84it/s]
[1A  2%|▏         | 210/11052 [00:21<16:27, 10.98it/s]
[1A  2%|▏         | 212/11052 [00:21<16:52, 10.71it/s]
[1A  2%|▏         | 214/11052 [00:21<16:37, 10.86it/s]
[1A  2%|▏         | 216/11052 [00:22<17:10, 10.51it/s]
[1A  2%|▏         | 218/11052 [00:22<16:47, 10.75it/s]
[1A  2%|▏         | 220/11052 [00:22<16:30, 10.94it/s]
[1A  2%|▏         | 222/11052 [00:22<16:34, 10.89it/s]
[1A  2%|▏         | 224/11052 [00:22<16:49, 10.72it/s]
[1A  2%|▏         | 226/11052 [00:23<16:46, 10.76it/s]
[1A  2%|▏         | 228/11052 [00:23<17:33, 10.28it/s]
[1A  2%|▏         | 230/11052 [00:23<17:24, 10.37it/s]
[1A  2%|▏         | 232/11052 [00:23<17:16, 10.44it/s]
[1A  2%|▏         | 234/11052 [00:23<16:52, 10.69it/s]
[1A  2%|▏         | 236/11052 [00:23<16:40, 10.81it/s]
[1A  2%|▏         | 238/11052 [00:24<16:23, 10.99it/s]
[1A  2%|▏         | 240/11052 [00:24<16:09, 11.15it/s]
[1A  2%|▏         | 242/11052 [00:24<16:02, 11.23it/s]
[1A  2%|▏         | 244/11052 [00:24<17:14, 10.45it/s]
[1A  2%|▏         | 246/11052 [00:24<18:20,  9.82it/s]
[1A  2%|▏         | 248/11052 [00:25<17:48, 10.11it/s]
[1A  2%|▏         | 250/11052 [00:25<17:06, 10.53it/s]                         
{'loss': 0.5641, 'grad_norm': 5.791281700134277, 'learning_rate': 7.530120481927712e-06, 'epoch': 0.07}
[1A
[1A  2%|▏         | 250/11052 [00:25<17:06, 10.53it/s]
[1A  2%|▏         | 252/11052 [00:25<16:43, 10.76it/s]
[1A  2%|▏         | 254/11052 [00:25<16:28, 10.93it/s]
[1A  2%|▏         | 256/11052 [00:25<16:14, 11.08it/s]
[1A  2%|▏         | 258/11052 [00:26<16:04, 11.19it/s]
[1A  2%|▏         | 260/11052 [00:26<17:56, 10.03it/s]
[1A  2%|▏         | 262/11052 [00:26<17:46, 10.12it/s]
[1A  2%|▏         | 264/11052 [00:26<17:32, 10.25it/s]
[1A  2%|▏         | 266/11052 [00:26<16:56, 10.61it/s]
[1A  2%|▏         | 268/11052 [00:27<16:42, 10.76it/s]
[1A  2%|▏         | 270/11052 [00:27<16:41, 10.76it/s]
[1A  2%|▏         | 272/11052 [00:27<17:24, 10.32it/s]
[1A  2%|▏         | 274/11052 [00:27<16:54, 10.63it/s]
[1A  2%|▏         | 276/11052 [00:27<17:07, 10.49it/s]
[1A  3%|▎         | 278/11052 [00:27<16:49, 10.68it/s]
[1A  3%|▎         | 280/11052 [00:28<16:29, 10.88it/s]
[1A  3%|▎         | 282/11052 [00:28<16:14, 11.05it/s]
[1A  3%|▎         | 284/11052 [00:28<16:17, 11.02it/s]
[1A  3%|▎         | 286/11052 [00:28<16:21, 10.97it/s]
[1A  3%|▎         | 288/11052 [00:28<16:33, 10.83it/s]
[1A  3%|▎         | 290/11052 [00:29<16:34, 10.82it/s]
[1A  3%|▎         | 292/11052 [00:29<16:20, 10.97it/s]
[1A  3%|▎         | 294/11052 [00:29<16:09, 11.10it/s]
[1A  3%|▎         | 296/11052 [00:29<16:08, 11.10it/s]
[1A  3%|▎         | 298/11052 [00:29<16:08, 11.11it/s]
[1A  3%|▎         | 300/11052 [00:29<16:18, 10.99it/s]
[1A                                                   
{'loss': 0.5353, 'grad_norm': 3.7287776470184326, 'learning_rate': 9.036144578313254e-06, 'epoch': 0.08}
[1A
[1A  3%|▎         | 300/11052 [00:29<16:18, 10.99it/s]
[1A  3%|▎         | 302/11052 [00:30<16:12, 11.05it/s]
[1A  3%|▎         | 304/11052 [00:30<16:11, 11.06it/s]
[1A  3%|▎         | 306/11052 [00:30<16:07, 11.11it/s]
[1A  3%|▎         | 308/11052 [00:30<15:58, 11.21it/s]
[1A  3%|▎         | 310/11052 [00:30<15:54, 11.26it/s]
[1A  3%|▎         | 312/11052 [00:31<15:55, 11.24it/s]
[1A  3%|▎         | 314/11052 [00:31<16:04, 11.13it/s]
[1A  3%|▎         | 316/11052 [00:31<16:45, 10.68it/s]
[1A  3%|▎         | 318/11052 [00:31<16:25, 10.89it/s]
[1A  3%|▎         | 320/11052 [00:31<16:20, 10.95it/s]
[1A  3%|▎         | 322/11052 [00:31<16:05, 11.11it/s]
[1A  3%|▎         | 324/11052 [00:32<16:07, 11.09it/s]
[1A  3%|▎         | 326/11052 [00:32<15:58, 11.19it/s]
[1A  3%|▎         | 328/11052 [00:32<15:48, 11.30it/s]
[1A  3%|▎         | 330/11052 [00:32<15:48, 11.30it/s]
[1A  3%|▎         | 332/11052 [00:32<15:50, 11.28it/s]
[1A  3%|▎         | 334/11052 [00:33<15:57, 11.19it/s]
[1A  3%|▎         | 336/11052 [00:33<16:07, 11.07it/s]
[1A  3%|▎         | 338/11052 [00:33<16:06, 11.09it/s]
[1A  3%|▎         | 340/11052 [00:33<16:53, 10.57it/s]
[1A  3%|▎         | 342/11052 [00:33<16:39, 10.72it/s]
[1A  3%|▎         | 344/11052 [00:33<16:38, 10.73it/s]
[1A  3%|▎         | 346/11052 [00:34<17:17, 10.32it/s]
[1A  3%|▎         | 348/11052 [00:34<16:53, 10.56it/s]
[1A  3%|▎         | 350/11052 [00:34<16:38, 10.72it/s]
[1A                                                   
{'loss': 0.533, 'grad_norm': 4.55436372756958, 'learning_rate': 1.0542168674698796e-05, 'epoch': 0.1}
[1A
[1A  3%|▎         | 350/11052 [00:34<16:38, 10.72it/s]
[1A  3%|▎         | 352/11052 [00:34<16:27, 10.84it/s]
[1A  3%|▎         | 354/11052 [00:34<16:16, 10.96it/s]
[1A  3%|▎         | 356/11052 [00:35<16:10, 11.02it/s]
[1A  3%|▎         | 358/11052 [00:35<16:07, 11.05it/s]
[1A  3%|▎         | 360/11052 [00:35<15:59, 11.14it/s]
[1A  3%|▎         | 362/11052 [00:35<16:00, 11.13it/s]
[1A  3%|▎         | 364/11052 [00:35<17:50,  9.98it/s]
[1A  3%|▎         | 366/11052 [00:36<17:13, 10.34it/s]
[1A  3%|▎         | 368/11052 [00:36<16:46, 10.61it/s]
[1A  3%|▎         | 370/11052 [00:36<16:28, 10.81it/s]
[1A  3%|▎         | 372/11052 [00:36<16:15, 10.95it/s]
[1A  3%|▎         | 374/11052 [00:36<16:06, 11.05it/s]
[1A  3%|▎         | 376/11052 [00:36<16:03, 11.08it/s]
[1A  3%|▎         | 378/11052 [00:37<16:42, 10.65it/s]
[1A  3%|▎         | 380/11052 [00:37<16:26, 10.82it/s]
[1A  3%|▎         | 382/11052 [00:37<16:14, 10.94it/s]
[1A  3%|▎         | 384/11052 [00:37<16:00, 11.11it/s]
[1A  3%|▎         | 386/11052 [00:37<16:05, 11.05it/s]
[1A  4%|▎         | 388/11052 [00:37<15:58, 11.12it/s]
[1A  4%|▎         | 390/11052 [00:38<15:52, 11.20it/s]
[1A  4%|▎         | 392/11052 [00:38<16:02, 11.07it/s]
[1A  4%|▎         | 394/11052 [00:38<15:49, 11.22it/s]
[1A  4%|▎         | 396/11052 [00:38<16:00, 11.10it/s]
[1A  4%|▎         | 398/11052 [00:38<16:17, 10.90it/s]
[1A  4%|▎         | 400/11052 [00:39<16:09, 10.98it/s]
[1A                                                   
{'loss': 0.497, 'grad_norm': 9.975902557373047, 'learning_rate': 1.204819277108434e-05, 'epoch': 0.11}
[1A
[1A  4%|▎         | 400/11052 [00:39<16:09, 10.98it/s]
[1A  4%|▎         | 402/11052 [00:39<16:22, 10.84it/s]
[1A  4%|▎         | 404/11052 [00:39<16:14, 10.93it/s]
[1A  4%|▎         | 406/11052 [00:39<17:05, 10.38it/s]
[1A  4%|▎         | 408/11052 [00:39<17:19, 10.24it/s]
[1A  4%|▎         | 410/11052 [00:40<16:49, 10.54it/s]
[1A  4%|▎         | 412/11052 [00:40<16:25, 10.80it/s]
[1A  4%|▎         | 414/11052 [00:40<16:05, 11.01it/s]
[1A  4%|▍         | 416/11052 [00:40<16:50, 10.52it/s]
[1A  4%|▍         | 418/11052 [00:40<17:07, 10.35it/s]
[1A  4%|▍         | 420/11052 [00:40<16:42, 10.60it/s]
[1A  4%|▍         | 422/11052 [00:41<16:24, 10.80it/s]
[1A  4%|▍         | 424/11052 [00:41<16:06, 11.00it/s]
[1A  4%|▍         | 426/11052 [00:41<16:00, 11.06it/s]
[1A  4%|▍         | 428/11052 [00:41<15:53, 11.14it/s]
[1A  4%|▍         | 430/11052 [00:41<15:47, 11.21it/s]
[1A  4%|▍         | 432/11052 [00:42<15:44, 11.24it/s]
[1A  4%|▍         | 434/11052 [00:42<15:43, 11.26it/s]
[1A  4%|▍         | 436/11052 [00:42<15:44, 11.24it/s]
[1A  4%|▍         | 438/11052 [00:42<15:41, 11.27it/s]
[1A  4%|▍         | 440/11052 [00:42<16:20, 10.82it/s]
[1A  4%|▍         | 442/11052 [00:42<16:47, 10.53it/s]
[1A  4%|▍         | 444/11052 [00:43<16:26, 10.76it/s]
[1A  4%|▍         | 446/11052 [00:43<17:02, 10.38it/s]
[1A  4%|▍         | 448/11052 [00:43<16:33, 10.67it/s]
[1A  4%|▍         | 450/11052 [00:43<16:34, 10.66it/s]
[1A                                                   
{'loss': 0.4836, 'grad_norm': 4.346667766571045, 'learning_rate': 1.355421686746988e-05, 'epoch': 0.12}
[1A
[1A  4%|▍         | 450/11052 [00:43<16:34, 10.66it/s]
[1A  4%|▍         | 452/11052 [00:43<17:03, 10.36it/s]
[1A  4%|▍         | 454/11052 [00:44<16:47, 10.52it/s]
[1A  4%|▍         | 456/11052 [00:44<16:44, 10.55it/s]
[1A  4%|▍         | 458/11052 [00:44<16:18, 10.83it/s]
[1A  4%|▍         | 460/11052 [00:44<15:57, 11.06it/s]
[1A  4%|▍         | 462/11052 [00:44<16:02, 11.00it/s]
[1A  4%|▍         | 464/11052 [00:45<16:01, 11.01it/s]
[1A  4%|▍         | 466/11052 [00:45<15:57, 11.06it/s]
[1A  4%|▍         | 468/11052 [00:45<15:47, 11.17it/s]
[1A  4%|▍         | 470/11052 [00:45<15:41, 11.24it/s]
[1A  4%|▍         | 472/11052 [00:45<15:35, 11.31it/s]
[1A  4%|▍         | 474/11052 [00:45<15:37, 11.28it/s]
[1A  4%|▍         | 476/11052 [00:46<19:00,  9.27it/s]
[1A  4%|▍         | 478/11052 [00:46<18:03,  9.75it/s]
[1A  4%|▍         | 480/11052 [00:46<17:18, 10.18it/s]
[1A  4%|▍         | 482/11052 [00:46<16:46, 10.50it/s]
[1A  4%|▍         | 484/11052 [00:46<16:27, 10.70it/s]
[1A  4%|▍         | 486/11052 [00:47<16:10, 10.88it/s]
[1A  4%|▍         | 488/11052 [00:47<16:04, 10.96it/s]
[1A  4%|▍         | 490/11052 [00:47<16:03, 10.96it/s]
[1A  4%|▍         | 492/11052 [00:47<16:01, 10.98it/s]
[1A  4%|▍         | 494/11052 [00:47<16:04, 10.95it/s]
[1A  4%|▍         | 496/11052 [00:48<17:10, 10.24it/s]
[1A  5%|▍         | 498/11052 [00:48<16:50, 10.44it/s]
[1A  5%|▍         | 500/11052 [00:48<16:30, 10.65it/s]                         
{'loss': 0.4471, 'grad_norm': 10.668355941772461, 'learning_rate': 1.5060240963855424e-05, 'epoch': 0.14}
[1A
[1A  5%|▍         | 500/11052 [00:48<16:30, 10.65it/s]
[1A  5%|▍         | 502/11052 [00:48<16:15, 10.82it/s]
[1A  5%|▍         | 504/11052 [00:48<16:06, 10.91it/s]
[1A  5%|▍         | 506/11052 [00:48<16:00, 10.98it/s]
[1A  5%|▍         | 508/11052 [00:49<15:53, 11.05it/s]
[1A  5%|▍         | 510/11052 [00:49<15:50, 11.10it/s]
[1A  5%|▍         | 512/11052 [00:49<15:49, 11.10it/s]
[1A  5%|▍         | 514/11052 [00:49<16:55, 10.37it/s]
[1A  5%|▍         | 516/11052 [00:49<16:28, 10.65it/s]
[1A  5%|▍         | 518/11052 [00:50<16:13, 10.82it/s]
[1A  5%|▍         | 520/11052 [00:50<15:56, 11.01it/s]
[1A  5%|▍         | 522/11052 [00:50<15:42, 11.18it/s]
[1A  5%|▍         | 524/11052 [00:50<15:32, 11.30it/s]
[1A  5%|▍         | 526/11052 [00:50<15:24, 11.38it/s]
[1A  5%|▍         | 528/11052 [00:50<15:27, 11.35it/s]
[1A  5%|▍         | 530/11052 [00:51<15:29, 11.31it/s]
[1A  5%|▍         | 532/11052 [00:51<15:29, 11.32it/s]
[1A  5%|▍         | 534/11052 [00:51<16:10, 10.83it/s]
[1A  5%|▍         | 536/11052 [00:51<15:59, 10.97it/s]
[1A  5%|▍         | 538/11052 [00:51<15:51, 11.06it/s]
[1A  5%|▍         | 540/11052 [00:52<15:40, 11.18it/s]
[1A  5%|▍         | 542/11052 [00:52<15:33, 11.25it/s]
[1A  5%|▍         | 544/11052 [00:52<15:24, 11.37it/s]
[1A  5%|▍         | 546/11052 [00:52<15:20, 11.41it/s]
[1A  5%|▍         | 548/11052 [00:52<16:01, 10.92it/s]
[1A  5%|▍         | 550/11052 [00:52<15:58, 10.96it/s]
[1A                                                   
{'loss': 0.4345, 'grad_norm': 7.067124366760254, 'learning_rate': 1.6566265060240965e-05, 'epoch': 0.15}
[1A
[1A  5%|▍         | 550/11052 [00:52<15:58, 10.96it/s]
[1A  5%|▍         | 552/11052 [00:53<15:55, 10.98it/s]
[1A  5%|▌         | 554/11052 [00:53<16:11, 10.80it/s]
[1A  5%|▌         | 556/11052 [00:53<15:54, 10.99it/s]
[1A  5%|▌         | 558/11052 [00:53<15:50, 11.04it/s]
[1A  5%|▌         | 560/11052 [00:53<15:37, 11.20it/s]
[1A  5%|▌         | 562/11052 [00:53<15:42, 11.14it/s]
[1A  5%|▌         | 564/11052 [00:54<16:00, 10.92it/s]
[1A  5%|▌         | 566/11052 [00:54<15:47, 11.06it/s]
[1A  5%|▌         | 568/11052 [00:54<15:36, 11.20it/s]
[1A  5%|▌         | 570/11052 [00:54<16:09, 10.81it/s]
[1A  5%|▌         | 572/11052 [00:54<16:11, 10.78it/s]
[1A  5%|▌         | 574/11052 [00:55<16:19, 10.70it/s]
[1A  5%|▌         | 576/11052 [00:55<16:09, 10.80it/s]
[1A  5%|▌         | 578/11052 [00:55<15:50, 11.02it/s]
[1A  5%|▌         | 580/11052 [00:55<15:37, 11.17it/s]
[1A  5%|▌         | 582/11052 [00:55<15:38, 11.15it/s]
[1A  5%|▌         | 584/11052 [00:55<15:32, 11.23it/s]
[1A  5%|▌         | 586/11052 [00:56<15:24, 11.32it/s]
[1A  5%|▌         | 588/11052 [00:56<15:23, 11.34it/s]
[1A  5%|▌         | 590/11052 [00:56<15:18, 11.39it/s]
[1A  5%|▌         | 592/11052 [00:56<15:26, 11.29it/s]
[1A  5%|▌         | 594/11052 [00:56<16:08, 10.80it/s]
[1A  5%|▌         | 596/11052 [00:57<16:47, 10.38it/s]
[1A  5%|▌         | 598/11052 [00:57<16:22, 10.64it/s]
[1A  5%|▌         | 600/11052 [00:57<16:07, 10.80it/s]
[1A                                                   
{'loss': 0.4285, 'grad_norm': 13.503874778747559, 'learning_rate': 1.807228915662651e-05, 'epoch': 0.16}
[1A
[1A  5%|▌         | 600/11052 [00:57<16:07, 10.80it/s]
[1A  5%|▌         | 602/11052 [00:57<15:53, 10.96it/s]
[1A  5%|▌         | 604/11052 [00:57<15:40, 11.11it/s]
[1A  5%|▌         | 606/11052 [00:58<15:41, 11.09it/s]
[1A  6%|▌         | 608/11052 [00:58<15:35, 11.17it/s]
[1A  6%|▌         | 610/11052 [00:58<15:27, 11.26it/s]
[1A  6%|▌         | 612/11052 [00:58<15:25, 11.29it/s]
[1A  6%|▌         | 614/11052 [00:58<15:28, 11.24it/s]
[1A  6%|▌         | 616/11052 [00:58<15:20, 11.33it/s]
[1A  6%|▌         | 618/11052 [00:59<14:26, 12.05it/s]
[1A  6%|▌         | 620/11052 [00:59<14:45, 11.78it/s]
[1A  6%|▌         | 622/11052 [00:59<14:53, 11.67it/s]
[1A  6%|▌         | 624/11052 [00:59<16:22, 10.62it/s]
[1A  6%|▌         | 626/11052 [00:59<15:57, 10.89it/s]
[1A  6%|▌         | 628/11052 [00:59<15:45, 11.02it/s]
[1A  6%|▌         | 630/11052 [01:00<15:36, 11.12it/s]
[1A  6%|▌         | 632/11052 [01:00<15:34, 11.15it/s]
[1A  6%|▌         | 634/11052 [01:00<15:55, 10.90it/s]
[1A  6%|▌         | 636/11052 [01:00<16:26, 10.56it/s]
[1A  6%|▌         | 638/11052 [01:00<17:08, 10.12it/s]
[1A  6%|▌         | 640/11052 [01:01<16:49, 10.31it/s]
[1A  6%|▌         | 642/11052 [01:01<16:33, 10.48it/s]
[1A  6%|▌         | 644/11052 [01:01<16:12, 10.70it/s]
[1A  6%|▌         | 646/11052 [01:01<16:13, 10.69it/s]
[1A  6%|▌         | 648/11052 [01:01<15:59, 10.85it/s]
[1A  6%|▌         | 650/11052 [01:02<15:43, 11.02it/s]
[1A                                                   
{'loss': 0.4173, 'grad_norm': 13.86181354522705, 'learning_rate': 1.954819277108434e-05, 'epoch': 0.18}
[1A
[1A  6%|▌         | 650/11052 [01:02<15:43, 11.02it/s]
[1A  6%|▌         | 652/11052 [01:02<15:34, 11.13it/s]
[1A  6%|▌         | 654/11052 [01:02<15:23, 11.26it/s]
[1A  6%|▌         | 656/11052 [01:02<15:17, 11.33it/s]
[1A  6%|▌         | 658/11052 [01:02<15:29, 11.19it/s]
[1A  6%|▌         | 660/11052 [01:02<15:52, 10.92it/s]
[1A  6%|▌         | 662/11052 [01:03<15:44, 11.00it/s]
[1A  6%|▌         | 664/11052 [01:03<15:38, 11.07it/s]
[1A  6%|▌         | 666/11052 [01:03<15:49, 10.93it/s]
[1A  6%|▌         | 668/11052 [01:03<15:40, 11.04it/s]
[1A  6%|▌         | 670/11052 [01:03<15:34, 11.11it/s]
[1A  6%|▌         | 672/11052 [01:03<15:34, 11.11it/s]
[1A  6%|▌         | 674/11052 [01:04<15:37, 11.07it/s]
[1A  6%|▌         | 676/11052 [01:04<15:37, 11.07it/s]
[1A  6%|▌         | 678/11052 [01:04<15:56, 10.85it/s]
[1A  6%|▌         | 680/11052 [01:04<15:40, 11.03it/s]
[1A  6%|▌         | 682/11052 [01:04<15:32, 11.13it/s]
[1A  6%|▌         | 684/11052 [01:05<15:31, 11.13it/s]
[1A  6%|▌         | 686/11052 [01:05<16:27, 10.50it/s]
[1A  6%|▌         | 688/11052 [01:05<16:00, 10.79it/s]
[1A  6%|▌         | 690/11052 [01:05<15:43, 10.99it/s]
[1A  6%|▋         | 692/11052 [01:05<15:42, 11.00it/s]
[1A  6%|▋         | 694/11052 [01:06<15:59, 10.80it/s]
[1A  6%|▋         | 696/11052 [01:06<15:55, 10.84it/s]
[1A  6%|▋         | 698/11052 [01:06<16:45, 10.30it/s]
[1A  6%|▋         | 700/11052 [01:06<16:48, 10.27it/s]
[1A                                                   
{'loss': 0.3988, 'grad_norm': 4.457290172576904, 'learning_rate': 1.9932614555256068e-05, 'epoch': 0.19}
[1A
[1A  6%|▋         | 700/11052 [01:06<16:48, 10.27it/s]
[1A  6%|▋         | 702/11052 [01:06<16:43, 10.32it/s]
[1A  6%|▋         | 704/11052 [01:06<16:36, 10.38it/s]
[1A  6%|▋         | 706/11052 [01:07<21:27,  8.03it/s]
[1A  6%|▋         | 707/11052 [01:07<21:56,  7.86it/s]
[1A  6%|▋         | 708/11052 [01:07<21:47,  7.91it/s]
[1A  6%|▋         | 709/11052 [01:07<24:06,  7.15it/s]
[1A  6%|▋         | 710/11052 [01:07<23:23,  7.37it/s]
[1A  6%|▋         | 712/11052 [01:08<20:34,  8.37it/s]
[1A  6%|▋         | 713/11052 [01:08<20:40,  8.34it/s]
[1A  6%|▋         | 715/11052 [01:08<18:57,  9.09it/s]
[1A  6%|▋         | 717/11052 [01:08<18:02,  9.54it/s]
[1A  6%|▋         | 718/11052 [01:08<19:55,  8.64it/s]
[1A  7%|▋         | 719/11052 [01:08<20:52,  8.25it/s]
[1A  7%|▋         | 720/11052 [01:09<23:12,  7.42it/s]
[1A  7%|▋         | 721/11052 [01:09<24:20,  7.07it/s]
[1A  7%|▋         | 722/11052 [01:09<24:44,  6.96it/s]
[1A  7%|▋         | 723/11052 [01:09<24:15,  7.10it/s]
[1A  7%|▋         | 724/11052 [01:09<24:14,  7.10it/s]
[1A  7%|▋         | 725/11052 [01:09<23:31,  7.32it/s]
[1A  7%|▋         | 726/11052 [01:09<22:20,  7.70it/s]
[1A  7%|▋         | 727/11052 [01:10<22:07,  7.78it/s]
[1A  7%|▋         | 728/11052 [01:10<21:19,  8.07it/s]
[1A  7%|▋         | 729/11052 [01:10<20:30,  8.39it/s]
[1A  7%|▋         | 730/11052 [01:10<20:24,  8.43it/s]
[1A  7%|▋         | 731/11052 [01:10<21:33,  7.98it/s]
[1A  7%|▋         | 732/11052 [01:10<23:53,  7.20it/s]
[1A  7%|▋         | 733/11052 [01:10<22:57,  7.49it/s]
[1A  7%|▋         | 734/11052 [01:10<22:08,  7.76it/s]
[1A  7%|▋         | 736/11052 [01:11<19:11,  8.96it/s]
[1A  7%|▋         | 738/11052 [01:11<17:49,  9.64it/s]
[1A  7%|▋         | 740/11052 [01:11<17:15,  9.96it/s]
[1A  7%|▋         | 742/11052 [01:11<17:14,  9.97it/s]
[1A  7%|▋         | 744/11052 [01:11<16:35, 10.36it/s]
[1A  7%|▋         | 746/11052 [01:12<16:04, 10.69it/s]
[1A  7%|▋         | 748/11052 [01:12<15:43, 10.92it/s]
[1A  7%|▋         | 750/11052 [01:12<15:34, 11.03it/s]                         
{'loss': 0.4376, 'grad_norm': 14.023725509643555, 'learning_rate': 1.9836349634193303e-05, 'epoch': 0.2}
[1A
[1A  7%|▋         | 750/11052 [01:12<15:34, 11.03it/s]
[1A  7%|▋         | 752/11052 [01:12<15:43, 10.91it/s]
[1A  7%|▋         | 754/11052 [01:12<15:35, 11.01it/s]
[1A  7%|▋         | 756/11052 [01:12<15:29, 11.07it/s]
[1A  7%|▋         | 758/11052 [01:13<15:23, 11.15it/s]
[1A  7%|▋         | 760/11052 [01:13<15:21, 11.17it/s]
[1A  7%|▋         | 762/11052 [01:13<15:19, 11.19it/s]
[1A  7%|▋         | 764/11052 [01:13<15:21, 11.16it/s]
[1A  7%|▋         | 766/11052 [01:13<15:52, 10.79it/s]
[1A  7%|▋         | 768/11052 [01:14<15:48, 10.84it/s]
[1A  7%|▋         | 770/11052 [01:14<16:46, 10.21it/s]
[1A  7%|▋         | 772/11052 [01:14<19:14,  8.90it/s]
[1A  7%|▋         | 773/11052 [01:14<19:36,  8.74it/s]
[1A  7%|▋         | 774/11052 [01:14<20:21,  8.42it/s]
[1A  7%|▋         | 775/11052 [01:14<22:27,  7.63it/s]
[1A  7%|▋         | 776/11052 [01:15<23:46,  7.20it/s]
[1A  7%|▋         | 777/11052 [01:15<22:56,  7.46it/s]
[1A  7%|▋         | 778/11052 [01:15<21:38,  7.91it/s]
[1A  7%|▋         | 779/11052 [01:15<21:38,  7.91it/s]
[1A  7%|▋         | 780/11052 [01:15<21:16,  8.05it/s]
[1A  7%|▋         | 781/11052 [01:15<20:27,  8.37it/s]
[1A  7%|▋         | 782/11052 [01:15<21:42,  7.88it/s]
[1A  7%|▋         | 783/11052 [01:16<22:15,  7.69it/s]
[1A  7%|▋         | 784/11052 [01:16<21:55,  7.80it/s]
[1A  7%|▋         | 785/11052 [01:16<22:34,  7.58it/s]
[1A  7%|▋         | 786/11052 [01:16<22:44,  7.52it/s]
[1A  7%|▋         | 787/11052 [01:16<24:25,  7.00it/s]
[1A  7%|▋         | 788/11052 [01:16<22:34,  7.58it/s]
[1A  7%|▋         | 789/11052 [01:16<21:38,  7.90it/s]
[1A  7%|▋         | 790/11052 [01:16<20:54,  8.18it/s]
[1A  7%|▋         | 791/11052 [01:17<20:27,  8.36it/s]
[1A  7%|▋         | 793/11052 [01:17<19:11,  8.91it/s]
[1A  7%|▋         | 794/11052 [01:17<19:42,  8.67it/s]
[1A  7%|▋         | 795/11052 [01:17<19:14,  8.89it/s]
[1A  7%|▋         | 796/11052 [01:17<19:38,  8.70it/s]
[1A  7%|▋         | 797/11052 [01:17<19:42,  8.67it/s]
[1A  7%|▋         | 798/11052 [01:17<19:06,  8.95it/s]
[1A  7%|▋         | 799/11052 [01:18<34:22,  4.97it/s]
{'loss': 0.3811, 'grad_norm': 2.9468836784362793, 'learning_rate': 1.9740084713130537e-05, 'epoch': 0.22}
[1A  7%|▋         | 800/11052 [01:18<36:21,  4.70it/s]                         
[1A  7%|▋         | 800/11052 [01:18<36:21,  4.70it/s]
[1A  7%|▋         | 801/11052 [01:18<40:55,  4.17it/s]
[1A  7%|▋         | 802/11052 [01:18<38:22,  4.45it/s]
[1A  7%|▋         | 803/11052 [01:19<33:05,  5.16it/s]
[1A  7%|▋         | 805/11052 [01:19<25:11,  6.78it/s]
[1A  7%|▋         | 807/11052 [01:19<21:14,  8.04it/s]
[1A  7%|▋         | 809/11052 [01:19<19:32,  8.74it/s]
[1A  7%|▋         | 810/11052 [01:19<19:09,  8.91it/s]
[1A  7%|▋         | 811/11052 [01:19<20:22,  8.38it/s]
[1A  7%|▋         | 812/11052 [01:20<25:33,  6.68it/s]
[1A  7%|▋         | 813/11052 [01:20<24:40,  6.92it/s]
[1A  7%|▋         | 814/11052 [01:20<26:05,  6.54it/s]
[1A  7%|▋         | 815/11052 [01:20<25:09,  6.78it/s]
[1A  7%|▋         | 816/11052 [01:20<24:06,  7.08it/s]
[1A  7%|▋         | 817/11052 [01:20<23:19,  7.31it/s]
[1A  7%|▋         | 818/11052 [01:20<22:09,  7.70it/s]
[1A  7%|▋         | 819/11052 [01:21<22:31,  7.57it/s]
[1A  7%|▋         | 820/11052 [01:21<21:20,  7.99it/s]
[1A  7%|▋         | 821/11052 [01:21<22:28,  7.59it/s]
[1A  7%|▋         | 822/11052 [01:21<23:50,  7.15it/s]
[1A  7%|▋         | 823/11052 [01:21<24:43,  6.89it/s]
[1A  7%|▋         | 824/11052 [01:21<25:51,  6.59it/s]
[1A  7%|▋         | 825/11052 [01:21<25:17,  6.74it/s]
[1A  7%|▋         | 826/11052 [01:22<25:08,  6.78it/s]
[1A  7%|▋         | 827/11052 [01:22<26:49,  6.35it/s]
[1A  7%|▋         | 828/11052 [01:22<25:37,  6.65it/s]
[1A  8%|▊         | 829/11052 [01:22<25:23,  6.71it/s]
[1A  8%|▊         | 830/11052 [01:22<23:14,  7.33it/s]
[1A  8%|▊         | 831/11052 [01:22<21:56,  7.76it/s]
[1A  8%|▊         | 832/11052 [01:22<21:55,  7.77it/s]
[1A  8%|▊         | 833/11052 [01:23<20:43,  8.22it/s]
[1A  8%|▊         | 834/11052 [01:23<20:07,  8.46it/s]
[1A  8%|▊         | 835/11052 [01:23<21:44,  7.83it/s]
[1A  8%|▊         | 836/11052 [01:23<20:41,  8.23it/s]
[1A  8%|▊         | 837/11052 [01:23<20:54,  8.14it/s]
[1A  8%|▊         | 838/11052 [01:23<20:35,  8.26it/s]
[1A  8%|▊         | 839/11052 [01:23<22:32,  7.55it/s]
[1A  8%|▊         | 840/11052 [01:24<29:25,  5.78it/s]
[1A  8%|▊         | 841/11052 [01:24<30:37,  5.56it/s]
[1A  8%|▊         | 842/11052 [01:24<27:07,  6.27it/s]
[1A  8%|▊         | 844/11052 [01:24<21:56,  7.75it/s]
[1A  8%|▊         | 846/11052 [01:24<20:22,  8.35it/s]
[1A  8%|▊         | 848/11052 [01:24<18:42,  9.09it/s]
[1A  8%|▊         | 850/11052 [01:25<17:46,  9.57it/s]
[1A                                                   
{'loss': 0.3333, 'grad_norm': 6.039675712585449, 'learning_rate': 1.964381979206777e-05, 'epoch': 0.23}
[1A
[1A  8%|▊         | 850/11052 [01:25<17:46,  9.57it/s]
[1A  8%|▊         | 852/11052 [01:25<17:20,  9.81it/s]
[1A  8%|▊         | 853/11052 [01:25<18:42,  9.09it/s]
[1A  8%|▊         | 854/11052 [01:25<18:44,  9.07it/s]
[1A  8%|▊         | 856/11052 [01:25<17:33,  9.68it/s]
[1A  8%|▊         | 858/11052 [01:25<16:55, 10.04it/s]
[1A  8%|▊         | 860/11052 [01:26<16:22, 10.37it/s]
[1A  8%|▊         | 862/11052 [01:26<16:06, 10.55it/s]
[1A  8%|▊         | 864/11052 [01:26<15:50, 10.71it/s]
[1A  8%|▊         | 866/11052 [01:26<15:45, 10.77it/s]
[1A  8%|▊         | 868/11052 [01:26<15:38, 10.85it/s]
[1A  8%|▊         | 870/11052 [01:27<15:50, 10.71it/s]
[1A  8%|▊         | 872/11052 [01:27<16:11, 10.48it/s]
[1A  8%|▊         | 874/11052 [01:27<17:56,  9.46it/s]
[1A  8%|▊         | 875/11052 [01:27<17:46,  9.54it/s]
[1A  8%|▊         | 877/11052 [01:27<17:01,  9.96it/s]
[1A  8%|▊         | 879/11052 [01:27<16:33, 10.24it/s]
[1A  8%|▊         | 881/11052 [01:28<17:17,  9.81it/s]
[1A  8%|▊         | 883/11052 [01:28<16:43, 10.14it/s]
[1A  8%|▊         | 885/11052 [01:28<16:43, 10.14it/s]
[1A  8%|▊         | 887/11052 [01:28<16:59,  9.97it/s]
[1A  8%|▊         | 889/11052 [01:28<16:28, 10.29it/s]
[1A  8%|▊         | 891/11052 [01:29<16:03, 10.54it/s]
[1A  8%|▊         | 893/11052 [01:29<15:46, 10.73it/s]
[1A  8%|▊         | 895/11052 [01:29<15:56, 10.61it/s]
[1A  8%|▊         | 897/11052 [01:29<15:47, 10.72it/s]
[1A  8%|▊         | 899/11052 [01:29<15:37, 10.83it/s]
[1A                                                   
{'loss': 0.3612, 'grad_norm': 16.411237716674805, 'learning_rate': 1.954755487100501e-05, 'epoch': 0.24}
[1A
[1A  8%|▊         | 900/11052 [01:30<15:37, 10.83it/s]
[1A  8%|▊         | 901/11052 [01:30<15:36, 10.84it/s]
[1A  8%|▊         | 903/11052 [01:30<15:27, 10.94it/s]
[1A  8%|▊         | 905/11052 [01:30<16:12, 10.44it/s]
[1A  8%|▊         | 907/11052 [01:30<15:58, 10.59it/s]
[1A  8%|▊         | 909/11052 [01:30<17:17,  9.78it/s]
[1A  8%|▊         | 911/11052 [01:31<16:45, 10.08it/s]
[1A  8%|▊         | 913/11052 [01:31<16:36, 10.17it/s]
[1A  8%|▊         | 915/11052 [01:31<16:13, 10.41it/s]
[1A  8%|▊         | 917/11052 [01:31<16:46, 10.07it/s]
[1A  8%|▊         | 919/11052 [01:31<16:27, 10.26it/s]
[1A  8%|▊         | 921/11052 [01:32<16:02, 10.52it/s]
[1A  8%|▊         | 923/11052 [01:32<15:41, 10.76it/s]
[1A  8%|▊         | 925/11052 [01:32<15:50, 10.66it/s]
[1A  8%|▊         | 927/11052 [01:32<15:57, 10.58it/s]
[1A  8%|▊         | 929/11052 [01:32<17:01,  9.91it/s]
[1A  8%|▊         | 931/11052 [01:32<16:33, 10.19it/s]
[1A  8%|▊         | 933/11052 [01:33<16:16, 10.37it/s]
[1A  8%|▊         | 935/11052 [01:33<16:40, 10.12it/s]
[1A  8%|▊         | 937/11052 [01:33<16:19, 10.33it/s]
[1A  8%|▊         | 939/11052 [01:33<16:07, 10.45it/s]
[1A  9%|▊         | 941/11052 [01:33<15:54, 10.60it/s]
[1A  9%|▊         | 943/11052 [01:34<15:40, 10.75it/s]
[1A  9%|▊         | 945/11052 [01:34<15:36, 10.80it/s]
[1A  9%|▊         | 947/11052 [01:34<15:50, 10.63it/s]
[1A  9%|▊         | 949/11052 [01:34<15:54, 10.59it/s]
[1A                                                   
{'loss': 0.3586, 'grad_norm': 16.68871307373047, 'learning_rate': 1.9451289949942244e-05, 'epoch': 0.26}
[1A
[1A  9%|▊         | 950/11052 [01:34<15:54, 10.59it/s]
[1A  9%|▊         | 951/11052 [01:34<16:57,  9.93it/s]
[1A  9%|▊         | 953/11052 [01:35<16:48, 10.02it/s]
[1A  9%|▊         | 955/11052 [01:35<16:28, 10.22it/s]
[1A  9%|▊         | 957/11052 [01:35<16:32, 10.17it/s]
[1A  9%|▊         | 959/11052 [01:35<16:14, 10.36it/s]
[1A  9%|▊         | 961/11052 [01:35<16:34, 10.14it/s]
[1A  9%|▊         | 963/11052 [01:36<16:30, 10.18it/s]
[1A  9%|▊         | 965/11052 [01:36<16:13, 10.36it/s]
[1A  9%|▊         | 967/11052 [01:36<16:05, 10.44it/s]
[1A  9%|▉         | 969/11052 [01:36<16:04, 10.46it/s]
[1A  9%|▉         | 971/11052 [01:36<16:31, 10.16it/s]
[1A  9%|▉         | 973/11052 [01:37<16:27, 10.21it/s]
[1A  9%|▉         | 975/11052 [01:37<16:53,  9.95it/s]
[1A  9%|▉         | 977/11052 [01:37<16:22, 10.26it/s]
[1A  9%|▉         | 979/11052 [01:37<16:31, 10.16it/s]
[1A  9%|▉         | 981/11052 [01:37<16:12, 10.36it/s]
[1A  9%|▉         | 983/11052 [01:38<16:03, 10.45it/s]
[1A  9%|▉         | 985/11052 [01:38<15:56, 10.53it/s]
[1A  9%|▉         | 987/11052 [01:38<16:12, 10.35it/s]
[1A  9%|▉         | 989/11052 [01:38<17:35,  9.54it/s]
[1A  9%|▉         | 990/11052 [01:38<17:58,  9.33it/s]
[1A  9%|▉         | 992/11052 [01:38<17:05,  9.81it/s]
[1A  9%|▉         | 994/11052 [01:39<16:26, 10.20it/s]
[1A  9%|▉         | 996/11052 [01:39<15:56, 10.51it/s]
[1A  9%|▉         | 998/11052 [01:39<15:38, 10.72it/s]
[1A  9%|▉         | 1000/11052 [01:39<15:22, 10.90it/s]
[1A                                                    
{'loss': 0.3618, 'grad_norm': 6.754716873168945, 'learning_rate': 1.935502502887948e-05, 'epoch': 0.27}
[1A
[1A  9%|▉         | 1000/11052 [01:39<15:22, 10.90it/s]
[1A  9%|▉         | 1002/11052 [01:39<15:23, 10.88it/s]
[1A  9%|▉         | 1004/11052 [01:40<15:22, 10.89it/s]
[1A  9%|▉         | 1006/11052 [01:40<15:27, 10.83it/s]
[1A  9%|▉         | 1008/11052 [01:40<15:28, 10.82it/s]
[1A  9%|▉         | 1010/11052 [01:40<15:17, 10.95it/s]
[1A  9%|▉         | 1012/11052 [01:40<15:12, 11.00it/s]
[1A  9%|▉         | 1014/11052 [01:41<16:58,  9.85it/s]
[1A  9%|▉         | 1016/11052 [01:41<17:18,  9.66it/s]
[1A  9%|▉         | 1018/11052 [01:41<16:29, 10.14it/s]
[1A  9%|▉         | 1020/11052 [01:41<15:56, 10.49it/s]
[1A  9%|▉         | 1022/11052 [01:41<15:47, 10.59it/s]
[1A  9%|▉         | 1024/11052 [01:41<16:08, 10.36it/s]
[1A  9%|▉         | 1026/11052 [01:42<15:48, 10.57it/s]
[1A  9%|▉         | 1028/11052 [01:42<15:35, 10.71it/s]
[1A  9%|▉         | 1030/11052 [01:42<15:44, 10.62it/s]
[1A  9%|▉         | 1032/11052 [01:42<15:31, 10.75it/s]
[1A  9%|▉         | 1034/11052 [01:42<15:21, 10.87it/s]
[1A  9%|▉         | 1036/11052 [01:43<15:29, 10.77it/s]
[1A  9%|▉         | 1038/11052 [01:43<15:11, 10.98it/s]
[1A  9%|▉         | 1040/11052 [01:43<15:01, 11.10it/s]
[1A  9%|▉         | 1042/11052 [01:43<15:08, 11.02it/s]
[1A  9%|▉         | 1044/11052 [01:43<15:14, 10.95it/s]
[1A  9%|▉         | 1046/11052 [01:43<15:20, 10.87it/s]
[1A  9%|▉         | 1048/11052 [01:44<15:21, 10.86it/s]
[1A 10%|▉         | 1050/11052 [01:44<17:52,  9.33it/s]
[1A                                                    
{'loss': 0.3554, 'grad_norm': 7.1427226066589355, 'learning_rate': 1.9258760107816713e-05, 'epoch': 0.29}
[1A
[1A 10%|▉         | 1050/11052 [01:44<17:52,  9.33it/s]
[1A 10%|▉         | 1052/11052 [01:44<17:09,  9.72it/s]
[1A 10%|▉         | 1054/11052 [01:44<16:30, 10.10it/s]
[1A 10%|▉         | 1056/11052 [01:44<16:03, 10.38it/s]
[1A 10%|▉         | 1058/11052 [01:45<18:51,  8.84it/s]
[1A 10%|▉         | 1060/11052 [01:45<17:37,  9.45it/s]
[1A 10%|▉         | 1062/11052 [01:45<16:42,  9.97it/s]
[1A 10%|▉         | 1064/11052 [01:45<16:04, 10.36it/s]
[1A 10%|▉         | 1066/11052 [01:46<15:56, 10.44it/s]
[1A 10%|▉         | 1068/11052 [01:46<15:28, 10.75it/s]
[1A 10%|▉         | 1070/11052 [01:46<16:20, 10.18it/s]
[1A 10%|▉         | 1072/11052 [01:46<15:48, 10.52it/s]
[1A 10%|▉         | 1074/11052 [01:46<15:32, 10.70it/s]
[1A 10%|▉         | 1076/11052 [01:46<16:07, 10.31it/s]
[1A 10%|▉         | 1078/11052 [01:47<15:37, 10.63it/s]
[1A 10%|▉         | 1080/11052 [01:47<15:18, 10.85it/s]
[1A 10%|▉         | 1082/11052 [01:47<15:13, 10.92it/s]
[1A 10%|▉         | 1084/11052 [01:47<15:00, 11.07it/s]
[1A 10%|▉         | 1086/11052 [01:47<14:52, 11.16it/s]
[1A 10%|▉         | 1088/11052 [01:48<14:50, 11.18it/s]
[1A 10%|▉         | 1090/11052 [01:48<15:49, 10.49it/s]
[1A 10%|▉         | 1092/11052 [01:48<15:29, 10.71it/s]
[1A 10%|▉         | 1094/11052 [01:48<15:30, 10.70it/s]
[1A 10%|▉         | 1096/11052 [01:48<16:09, 10.27it/s]
[1A 10%|▉         | 1098/11052 [01:49<15:47, 10.51it/s]
[1A 10%|▉         | 1100/11052 [01:49<16:12, 10.23it/s]
[1A                                                    
{'loss': 0.3716, 'grad_norm': 12.367057800292969, 'learning_rate': 1.9162495186753947e-05, 'epoch': 0.3}
[1A
[1A 10%|▉         | 1100/11052 [01:49<16:12, 10.23it/s]
[1A 10%|▉         | 1102/11052 [01:49<15:50, 10.47it/s]
[1A 10%|▉         | 1104/11052 [01:49<16:02, 10.33it/s]
[1A 10%|█         | 1106/11052 [01:49<15:39, 10.59it/s]
[1A 10%|█         | 1108/11052 [01:49<15:21, 10.79it/s]
[1A 10%|█         | 1110/11052 [01:50<15:26, 10.73it/s]
[1A 10%|█         | 1112/11052 [01:50<15:14, 10.87it/s]
[1A 10%|█         | 1114/11052 [01:50<15:00, 11.04it/s]
[1A 10%|█         | 1116/11052 [01:50<14:56, 11.09it/s]
[1A 10%|█         | 1118/11052 [01:50<14:45, 11.21it/s]
[1A 10%|█         | 1120/11052 [01:51<14:52, 11.13it/s]
[1A 10%|█         | 1122/11052 [01:51<16:58,  9.75it/s]
[1A 10%|█         | 1124/11052 [01:51<16:19, 10.14it/s]
[1A 10%|█         | 1126/11052 [01:51<16:33,  9.99it/s]
[1A 10%|█         | 1128/11052 [01:51<16:31, 10.01it/s]
[1A 10%|█         | 1130/11052 [01:52<15:56, 10.38it/s]
[1A 10%|█         | 1132/11052 [01:52<15:31, 10.65it/s]
[1A 10%|█         | 1134/11052 [01:52<15:18, 10.79it/s]
[1A 10%|█         | 1136/11052 [01:52<15:39, 10.55it/s]
[1A 10%|█         | 1138/11052 [01:52<15:24, 10.73it/s]
[1A 10%|█         | 1140/11052 [01:52<15:50, 10.42it/s]
[1A 10%|█         | 1142/11052 [01:53<16:16, 10.15it/s]
[1A 10%|█         | 1144/11052 [01:53<15:44, 10.50it/s]
[1A 10%|█         | 1146/11052 [01:53<15:39, 10.54it/s]
[1A 10%|█         | 1148/11052 [01:53<15:19, 10.77it/s]
[1A 10%|█         | 1150/11052 [01:53<15:08, 10.90it/s]
[1A                                                    
{'loss': 0.3563, 'grad_norm': 15.002917289733887, 'learning_rate': 1.9066230265691182e-05, 'epoch': 0.31}
[1A
[1A 10%|█         | 1150/11052 [01:53<15:08, 10.90it/s]
[1A 10%|█         | 1152/11052 [01:54<15:31, 10.63it/s]
[1A 10%|█         | 1154/11052 [01:54<15:41, 10.51it/s]
[1A 10%|█         | 1156/11052 [01:54<15:19, 10.76it/s]
[1A 10%|█         | 1158/11052 [01:54<16:33,  9.96it/s]
[1A 10%|█         | 1160/11052 [01:54<16:01, 10.29it/s]
[1A 11%|█         | 1162/11052 [01:55<15:34, 10.58it/s]
[1A 11%|█         | 1164/11052 [01:55<15:26, 10.67it/s]
[1A 11%|█         | 1166/11052 [01:55<15:09, 10.87it/s]
[1A 11%|█         | 1168/11052 [01:55<14:58, 11.00it/s]
[1A 11%|█         | 1170/11052 [01:55<14:51, 11.08it/s]
[1A 11%|█         | 1172/11052 [01:56<15:36, 10.56it/s]
[1A 11%|█         | 1174/11052 [01:56<15:11, 10.83it/s]
[1A 11%|█         | 1176/11052 [01:56<15:02, 10.94it/s]
[1A 11%|█         | 1178/11052 [01:56<15:07, 10.88it/s]
[1A 11%|█         | 1180/11052 [01:56<16:27, 10.00it/s]
[1A 11%|█         | 1182/11052 [01:56<15:56, 10.32it/s]
[1A 11%|█         | 1184/11052 [01:57<16:04, 10.23it/s]
[1A 11%|█         | 1186/11052 [01:57<16:25, 10.02it/s]
[1A 11%|█         | 1188/11052 [01:57<15:49, 10.38it/s]
[1A 11%|█         | 1190/11052 [01:57<15:27, 10.64it/s]
[1A 11%|█         | 1192/11052 [01:57<15:15, 10.77it/s]
[1A 11%|█         | 1194/11052 [01:58<15:41, 10.47it/s]
[1A 11%|█         | 1196/11052 [01:58<15:36, 10.52it/s]
[1A 11%|█         | 1198/11052 [01:58<15:35, 10.53it/s]
[1A 11%|█         | 1200/11052 [01:58<15:27, 10.62it/s]
[1A                                                    
{'loss': 0.3957, 'grad_norm': 7.094710350036621, 'learning_rate': 1.896996534462842e-05, 'epoch': 0.33}
[1A
[1A 11%|█         | 1200/11052 [01:58<15:27, 10.62it/s]
[1A 11%|█         | 1202/11052 [01:58<15:38, 10.49it/s]
[1A 11%|█         | 1204/11052 [01:59<15:31, 10.58it/s]
[1A 11%|█         | 1206/11052 [01:59<15:13, 10.78it/s]
[1A 11%|█         | 1208/11052 [01:59<14:56, 10.98it/s]
[1A 11%|█         | 1210/11052 [01:59<15:17, 10.72it/s]
[1A 11%|█         | 1212/11052 [01:59<15:04, 10.88it/s]
[1A 11%|█         | 1214/11052 [01:59<14:58, 10.95it/s]
[1A 11%|█         | 1216/11052 [02:00<14:54, 10.99it/s]
[1A 11%|█         | 1218/11052 [02:00<14:45, 11.11it/s]
[1A 11%|█         | 1220/11052 [02:00<14:38, 11.19it/s]
[1A 11%|█         | 1222/11052 [02:00<14:36, 11.21it/s]
[1A 11%|█         | 1224/11052 [02:00<14:36, 11.21it/s]
[1A 11%|█         | 1226/11052 [02:01<14:40, 11.16it/s]
[1A 11%|█         | 1228/11052 [02:01<14:40, 11.16it/s]
[1A 11%|█         | 1230/11052 [02:01<14:50, 11.02it/s]
[1A 11%|█         | 1232/11052 [02:01<14:37, 11.18it/s]
[1A 11%|█         | 1234/11052 [02:01<14:32, 11.26it/s]
[1A 11%|█         | 1236/11052 [02:01<14:44, 11.10it/s]
[1A 11%|█         | 1238/11052 [02:02<14:37, 11.19it/s]
[1A 11%|█         | 1240/11052 [02:02<14:42, 11.11it/s]
[1A 11%|█         | 1242/11052 [02:02<14:38, 11.17it/s]
[1A 11%|█▏        | 1244/11052 [02:02<14:33, 11.23it/s]
[1A 11%|█▏        | 1246/11052 [02:02<14:32, 11.24it/s]
[1A 11%|█▏        | 1248/11052 [02:02<14:37, 11.17it/s]
[1A 11%|█▏        | 1250/11052 [02:03<14:39, 11.14it/s]                        
{'loss': 0.311, 'grad_norm': 9.034202575683594, 'learning_rate': 1.8873700423565654e-05, 'epoch': 0.34}
[1A
[1A 11%|█▏        | 1250/11052 [02:03<14:39, 11.14it/s]
[1A 11%|█▏        | 1252/11052 [02:03<14:51, 10.99it/s]
[1A 11%|█▏        | 1254/11052 [02:03<14:42, 11.10it/s]
[1A 11%|█▏        | 1256/11052 [02:03<14:54, 10.95it/s]
[1A 11%|█▏        | 1258/11052 [02:03<15:54, 10.26it/s]
[1A 11%|█▏        | 1260/11052 [02:04<15:39, 10.42it/s]
[1A 11%|█▏        | 1262/11052 [02:04<16:57,  9.63it/s]
[1A 11%|█▏        | 1264/11052 [02:04<16:07, 10.12it/s]
[1A 11%|█▏        | 1266/11052 [02:04<15:38, 10.43it/s]
[1A 11%|█▏        | 1268/11052 [02:04<15:19, 10.64it/s]
[1A 11%|█▏        | 1270/11052 [02:05<15:13, 10.70it/s]
[1A 12%|█▏        | 1272/11052 [02:05<15:17, 10.66it/s]
[1A 12%|█▏        | 1274/11052 [02:05<15:01, 10.84it/s]
[1A 12%|█▏        | 1276/11052 [02:05<15:03, 10.83it/s]
[1A 12%|█▏        | 1278/11052 [02:05<15:10, 10.74it/s]
[1A 12%|█▏        | 1280/11052 [02:06<14:57, 10.89it/s]
[1A 12%|█▏        | 1282/11052 [02:06<14:46, 11.02it/s]
[1A 12%|█▏        | 1284/11052 [02:06<14:45, 11.03it/s]
[1A 12%|█▏        | 1286/11052 [02:06<14:47, 11.00it/s]
[1A 12%|█▏        | 1288/11052 [02:06<14:47, 11.00it/s]
[1A 12%|█▏        | 1290/11052 [02:06<14:40, 11.08it/s]
[1A 12%|█▏        | 1292/11052 [02:07<14:33, 11.17it/s]
[1A 12%|█▏        | 1294/11052 [02:07<14:58, 10.86it/s]
[1A 12%|█▏        | 1296/11052 [02:07<14:43, 11.05it/s]
[1A 12%|█▏        | 1298/11052 [02:07<14:32, 11.18it/s]
[1A 12%|█▏        | 1300/11052 [02:07<14:31, 11.19it/s]                        
{'loss': 0.3213, 'grad_norm': 3.049450159072876, 'learning_rate': 1.877743550250289e-05, 'epoch': 0.35}
[1A
[1A 12%|█▏        | 1300/11052 [02:07<14:31, 11.19it/s]
[1A 12%|█▏        | 1302/11052 [02:07<14:36, 11.12it/s]
[1A 12%|█▏        | 1304/11052 [02:08<14:34, 11.15it/s]
[1A 12%|█▏        | 1306/11052 [02:08<14:54, 10.89it/s]
[1A 12%|█▏        | 1308/11052 [02:08<14:40, 11.06it/s]
[1A 12%|█▏        | 1310/11052 [02:08<14:38, 11.10it/s]
[1A 12%|█▏        | 1312/11052 [02:08<14:35, 11.12it/s]
[1A 12%|█▏        | 1314/11052 [02:09<14:33, 11.15it/s]
[1A 12%|█▏        | 1316/11052 [02:09<14:35, 11.11it/s]
[1A 12%|█▏        | 1318/11052 [02:09<14:32, 11.16it/s]
[1A 12%|█▏        | 1320/11052 [02:09<14:29, 11.20it/s]
[1A 12%|█▏        | 1322/11052 [02:09<15:01, 10.79it/s]
[1A 12%|█▏        | 1324/11052 [02:09<14:53, 10.89it/s]
[1A 12%|█▏        | 1326/11052 [02:10<14:51, 10.92it/s]
[1A 12%|█▏        | 1328/11052 [02:10<15:17, 10.60it/s]
[1A 12%|█▏        | 1330/11052 [02:10<14:56, 10.85it/s]
[1A 12%|█▏        | 1332/11052 [02:10<14:48, 10.94it/s]
[1A 12%|█▏        | 1334/11052 [02:10<14:43, 11.00it/s]
[1A 12%|█▏        | 1336/11052 [02:11<14:41, 11.02it/s]
[1A 12%|█▏        | 1338/11052 [02:11<14:52, 10.88it/s]
[1A 12%|█▏        | 1340/11052 [02:11<14:41, 11.02it/s]
[1A 12%|█▏        | 1342/11052 [02:11<14:31, 11.14it/s]
[1A 12%|█▏        | 1344/11052 [02:11<14:31, 11.14it/s]
[1A 12%|█▏        | 1346/11052 [02:11<14:37, 11.06it/s]
[1A 12%|█▏        | 1348/11052 [02:12<14:31, 11.14it/s]
[1A 12%|█▏        | 1350/11052 [02:12<14:27, 11.18it/s]                        
{'loss': 0.3372, 'grad_norm': 5.136899948120117, 'learning_rate': 1.8681170581440123e-05, 'epoch': 0.37}
[1A
[1A 12%|█▏        | 1350/11052 [02:12<14:27, 11.18it/s]
[1A 12%|█▏        | 1352/11052 [02:12<14:25, 11.20it/s]
[1A 12%|█▏        | 1354/11052 [02:12<14:25, 11.21it/s]
[1A 12%|█▏        | 1356/11052 [02:12<14:37, 11.05it/s]
[1A 12%|█▏        | 1358/11052 [02:13<14:42, 10.99it/s]
[1A 12%|█▏        | 1360/11052 [02:13<14:50, 10.89it/s]
[1A 12%|█▏        | 1362/11052 [02:13<14:40, 11.00it/s]
[1A 12%|█▏        | 1364/11052 [02:13<14:34, 11.08it/s]
[1A 12%|█▏        | 1366/11052 [02:13<14:33, 11.09it/s]
[1A 12%|█▏        | 1368/11052 [02:13<14:28, 11.15it/s]
[1A 12%|█▏        | 1370/11052 [02:14<14:29, 11.13it/s]
[1A 12%|█▏        | 1372/11052 [02:14<14:35, 11.06it/s]
[1A 12%|█▏        | 1374/11052 [02:14<16:11,  9.97it/s]
[1A 12%|█▏        | 1376/11052 [02:14<15:40, 10.29it/s]
[1A 12%|█▏        | 1378/11052 [02:14<15:21, 10.50it/s]
[1A 12%|█▏        | 1380/11052 [02:15<15:12, 10.60it/s]
[1A 13%|█▎        | 1382/11052 [02:15<15:11, 10.61it/s]
[1A 13%|█▎        | 1384/11052 [02:15<15:29, 10.40it/s]
[1A 13%|█▎        | 1386/11052 [02:15<16:11,  9.95it/s]
[1A 13%|█▎        | 1388/11052 [02:15<15:41, 10.27it/s]
[1A 13%|█▎        | 1390/11052 [02:16<15:13, 10.57it/s]
[1A 13%|█▎        | 1392/11052 [02:16<16:25,  9.81it/s]
[1A 13%|█▎        | 1394/11052 [02:16<15:46, 10.20it/s]
[1A 13%|█▎        | 1396/11052 [02:16<15:24, 10.45it/s]
[1A 13%|█▎        | 1398/11052 [02:16<15:08, 10.63it/s]
[1A 13%|█▎        | 1400/11052 [02:17<16:00, 10.05it/s]                        
{'loss': 0.3527, 'grad_norm': 10.581794738769531, 'learning_rate': 1.8584905660377358e-05, 'epoch': 0.38}
[1A
[1A 13%|█▎        | 1400/11052 [02:17<16:00, 10.05it/s]
[1A 13%|█▎        | 1402/11052 [02:17<15:32, 10.35it/s]
[1A 13%|█▎        | 1404/11052 [02:17<15:10, 10.60it/s]
[1A 13%|█▎        | 1406/11052 [02:17<15:01, 10.70it/s]
[1A 13%|█▎        | 1408/11052 [02:17<14:58, 10.74it/s]
[1A 13%|█▎        | 1410/11052 [02:18<15:04, 10.66it/s]
[1A 13%|█▎        | 1412/11052 [02:18<15:04, 10.66it/s]
[1A 13%|█▎        | 1414/11052 [02:18<15:03, 10.67it/s]
[1A 13%|█▎        | 1416/11052 [02:18<15:00, 10.70it/s]
[1A 13%|█▎        | 1418/11052 [02:18<14:58, 10.72it/s]
[1A 13%|█▎        | 1420/11052 [02:18<15:00, 10.70it/s]
[1A 13%|█▎        | 1422/11052 [02:19<15:23, 10.43it/s]
[1A 13%|█▎        | 1424/11052 [02:19<15:35, 10.29it/s]
[1A 13%|█▎        | 1426/11052 [02:19<15:23, 10.43it/s]
[1A 13%|█▎        | 1428/11052 [02:19<15:35, 10.29it/s]
[1A 13%|█▎        | 1430/11052 [02:19<15:24, 10.41it/s]
[1A 13%|█▎        | 1432/11052 [02:20<15:33, 10.30it/s]
[1A 13%|█▎        | 1434/11052 [02:20<15:14, 10.52it/s]
[1A 13%|█▎        | 1436/11052 [02:20<14:54, 10.75it/s]
[1A 13%|█▎        | 1438/11052 [02:20<15:17, 10.48it/s]
[1A 13%|█▎        | 1440/11052 [02:20<14:55, 10.73it/s]
[1A 13%|█▎        | 1442/11052 [02:21<14:47, 10.83it/s]
[1A 13%|█▎        | 1444/11052 [02:21<14:36, 10.96it/s]
[1A 13%|█▎        | 1446/11052 [02:21<14:48, 10.82it/s]
[1A 13%|█▎        | 1448/11052 [02:21<14:44, 10.85it/s]
[1A 13%|█▎        | 1450/11052 [02:21<14:51, 10.77it/s]                        
{'loss': 0.3253, 'grad_norm': 5.025895118713379, 'learning_rate': 1.8488640739314596e-05, 'epoch': 0.39}
[1A
[1A 13%|█▎        | 1450/11052 [02:21<14:51, 10.77it/s]
[1A 13%|█▎        | 1452/11052 [02:21<14:40, 10.90it/s]
[1A 13%|█▎        | 1454/11052 [02:22<14:31, 11.02it/s]
[1A 13%|█▎        | 1456/11052 [02:22<14:29, 11.04it/s]
[1A 13%|█▎        | 1458/11052 [02:22<14:25, 11.09it/s]
[1A 13%|█▎        | 1460/11052 [02:22<14:24, 11.10it/s]
[1A 13%|█▎        | 1462/11052 [02:22<14:22, 11.11it/s]
[1A 13%|█▎        | 1464/11052 [02:23<14:20, 11.14it/s]
[1A 13%|█▎        | 1466/11052 [02:23<14:14, 11.22it/s]
[1A 13%|█▎        | 1468/11052 [02:23<14:16, 11.19it/s]
[1A 13%|█▎        | 1470/11052 [02:23<14:44, 10.83it/s]
[1A 13%|█▎        | 1472/11052 [02:23<14:32, 10.98it/s]
[1A 13%|█▎        | 1474/11052 [02:23<14:27, 11.04it/s]
[1A 13%|█▎        | 1476/11052 [02:24<14:26, 11.05it/s]
[1A 13%|█▎        | 1478/11052 [02:24<15:08, 10.54it/s]
[1A 13%|█▎        | 1480/11052 [02:24<15:07, 10.54it/s]
[1A 13%|█▎        | 1482/11052 [02:24<14:57, 10.66it/s]
[1A 13%|█▎        | 1484/11052 [02:24<14:45, 10.81it/s]
[1A 13%|█▎        | 1486/11052 [02:25<14:32, 10.97it/s]
[1A 13%|█▎        | 1488/11052 [02:25<14:22, 11.08it/s]
[1A 13%|█▎        | 1490/11052 [02:25<14:18, 11.14it/s]
[1A 13%|█▎        | 1492/11052 [02:25<14:15, 11.18it/s]
[1A 14%|█▎        | 1494/11052 [02:25<14:16, 11.16it/s]
[1A 14%|█▎        | 1496/11052 [02:25<14:25, 11.04it/s]
[1A 14%|█▎        | 1498/11052 [02:26<14:29, 10.98it/s]
[1A 14%|█▎        | 1500/11052 [02:26<14:37, 10.88it/s]
[1A                                                    
{'loss': 0.3056, 'grad_norm': 7.285399436950684, 'learning_rate': 1.839237581825183e-05, 'epoch': 0.41}
[1A
[1A 14%|█▎        | 1500/11052 [02:26<14:37, 10.88it/s]
[1A 14%|█▎        | 1502/11052 [02:26<14:32, 10.94it/s]
[1A 14%|█▎        | 1504/11052 [02:26<14:27, 11.00it/s]
[1A 14%|█▎        | 1506/11052 [02:26<14:59, 10.61it/s]
[1A 14%|█▎        | 1508/11052 [02:27<14:47, 10.76it/s]
[1A 14%|█▎        | 1510/11052 [02:27<14:45, 10.78it/s]
[1A 14%|█▎        | 1512/11052 [02:27<15:49, 10.04it/s]
[1A 14%|█▎        | 1514/11052 [02:27<15:22, 10.34it/s]
[1A 14%|█▎        | 1516/11052 [02:27<15:00, 10.59it/s]
[1A 14%|█▎        | 1518/11052 [02:28<15:12, 10.44it/s]
[1A 14%|█▍        | 1520/11052 [02:28<14:52, 10.68it/s]
[1A 14%|█▍        | 1522/11052 [02:28<16:17,  9.75it/s]
[1A 14%|█▍        | 1524/11052 [02:28<15:35, 10.18it/s]
[1A 14%|█▍        | 1526/11052 [02:28<15:04, 10.53it/s]
[1A 14%|█▍        | 1528/11052 [02:29<14:54, 10.65it/s]
[1A 14%|█▍        | 1530/11052 [02:29<14:54, 10.65it/s]
[1A 14%|█▍        | 1532/11052 [02:29<14:53, 10.65it/s]
[1A 14%|█▍        | 1534/11052 [02:29<14:52, 10.66it/s]
[1A 14%|█▍        | 1536/11052 [02:29<14:45, 10.75it/s]
[1A 14%|█▍        | 1538/11052 [02:29<14:31, 10.92it/s]
[1A 14%|█▍        | 1540/11052 [02:30<14:22, 11.03it/s]
[1A 14%|█▍        | 1542/11052 [02:30<14:14, 11.13it/s]
[1A 14%|█▍        | 1544/11052 [02:30<14:13, 11.14it/s]
[1A 14%|█▍        | 1546/11052 [02:30<14:28, 10.95it/s]
[1A 14%|█▍        | 1548/11052 [02:30<16:43,  9.47it/s]
[1A 14%|█▍        | 1550/11052 [02:31<15:57,  9.92it/s]
[1A                                                    
{'loss': 0.3286, 'grad_norm': 7.5560479164123535, 'learning_rate': 1.8296110897189065e-05, 'epoch': 0.42}
[1A
[1A 14%|█▍        | 1550/11052 [02:31<15:57,  9.92it/s]
[1A 14%|█▍        | 1552/11052 [02:31<15:20, 10.32it/s]
[1A 14%|█▍        | 1554/11052 [02:31<15:01, 10.54it/s]
[1A 14%|█▍        | 1556/11052 [02:31<14:42, 10.76it/s]
[1A 14%|█▍        | 1558/11052 [02:31<14:30, 10.91it/s]
[1A 14%|█▍        | 1560/11052 [02:32<14:56, 10.59it/s]
[1A 14%|█▍        | 1562/11052 [02:32<14:40, 10.78it/s]
[1A 14%|█▍        | 1564/11052 [02:32<17:39,  8.96it/s]
[1A 14%|█▍        | 1566/11052 [02:32<16:38,  9.50it/s]
[1A 14%|█▍        | 1568/11052 [02:32<15:58,  9.89it/s]
[1A 14%|█▍        | 1570/11052 [02:33<15:27, 10.22it/s]
[1A 14%|█▍        | 1572/11052 [02:33<16:16,  9.71it/s]
[1A 14%|█▍        | 1574/11052 [02:33<15:38, 10.10it/s]
[1A 14%|█▍        | 1576/11052 [02:33<15:13, 10.38it/s]
[1A 14%|█▍        | 1578/11052 [02:33<14:50, 10.64it/s]
[1A 14%|█▍        | 1580/11052 [02:33<14:34, 10.83it/s]
[1A 14%|█▍        | 1582/11052 [02:34<14:23, 10.97it/s]
[1A 14%|█▍        | 1584/11052 [02:34<15:01, 10.50it/s]
[1A 14%|█▍        | 1586/11052 [02:34<14:41, 10.74it/s]
[1A 14%|█▍        | 1588/11052 [02:34<14:41, 10.74it/s]
[1A 14%|█▍        | 1590/11052 [02:34<14:31, 10.85it/s]
[1A 14%|█▍        | 1592/11052 [02:35<14:23, 10.96it/s]
[1A 14%|█▍        | 1594/11052 [02:35<14:16, 11.05it/s]
[1A 14%|█▍        | 1596/11052 [02:35<14:56, 10.54it/s]
[1A 14%|█▍        | 1598/11052 [02:35<14:31, 10.84it/s]
[1A 14%|█▍        | 1600/11052 [02:35<14:15, 11.05it/s]
[1A                                                    
{'loss': 0.2996, 'grad_norm': 13.958699226379395, 'learning_rate': 1.81998459761263e-05, 'epoch': 0.43}
[1A
[1A 14%|█▍        | 1600/11052 [02:35<14:15, 11.05it/s]
[1A 14%|█▍        | 1602/11052 [02:36<14:19, 10.99it/s]
[1A 15%|█▍        | 1604/11052 [02:36<14:12, 11.09it/s]
[1A 15%|█▍        | 1606/11052 [02:36<14:27, 10.89it/s]
[1A 15%|█▍        | 1608/11052 [02:36<14:16, 11.03it/s]
[1A 15%|█▍        | 1610/11052 [02:36<14:10, 11.10it/s]
[1A 15%|█▍        | 1612/11052 [02:36<14:05, 11.16it/s]
[1A 15%|█▍        | 1614/11052 [02:37<14:00, 11.23it/s]
[1A 15%|█▍        | 1616/11052 [02:37<13:54, 11.30it/s]
[1A 15%|█▍        | 1618/11052 [02:37<13:56, 11.28it/s]
[1A 15%|█▍        | 1620/11052 [02:37<14:05, 11.16it/s]
[1A 15%|█▍        | 1622/11052 [02:37<14:02, 11.20it/s]
[1A 15%|█▍        | 1624/11052 [02:37<14:01, 11.21it/s]
[1A 15%|█▍        | 1626/11052 [02:38<14:36, 10.75it/s]
[1A 15%|█▍        | 1628/11052 [02:38<14:22, 10.93it/s]
[1A 15%|█▍        | 1630/11052 [02:38<14:15, 11.01it/s]
[1A 15%|█▍        | 1632/11052 [02:38<14:09, 11.09it/s]
[1A 15%|█▍        | 1634/11052 [02:38<14:03, 11.16it/s]
[1A 15%|█▍        | 1636/11052 [02:39<14:30, 10.81it/s]
[1A 15%|█▍        | 1638/11052 [02:39<14:20, 10.95it/s]
[1A 15%|█▍        | 1640/11052 [02:39<14:09, 11.08it/s]
[1A 15%|█▍        | 1642/11052 [02:39<14:03, 11.15it/s]
[1A 15%|█▍        | 1644/11052 [02:39<14:47, 10.60it/s]
[1A 15%|█▍        | 1646/11052 [02:40<14:26, 10.86it/s]
[1A 15%|█▍        | 1648/11052 [02:40<14:34, 10.75it/s]
[1A 15%|█▍        | 1650/11052 [02:40<14:20, 10.93it/s]
[1A                                                    
{'loss': 0.3282, 'grad_norm': 5.184504508972168, 'learning_rate': 1.8103581055063537e-05, 'epoch': 0.45}
[1A
[1A 15%|█▍        | 1650/11052 [02:40<14:20, 10.93it/s]
[1A 15%|█▍        | 1652/11052 [02:40<14:11, 11.04it/s]
[1A 15%|█▍        | 1654/11052 [02:40<14:05, 11.12it/s]
[1A 15%|█▍        | 1656/11052 [02:40<14:02, 11.15it/s]
[1A 15%|█▌        | 1658/11052 [02:41<14:27, 10.82it/s]
[1A 15%|█▌        | 1660/11052 [02:41<14:39, 10.67it/s]
[1A 15%|█▌        | 1662/11052 [02:41<14:32, 10.76it/s]
[1A 15%|█▌        | 1664/11052 [02:41<14:26, 10.84it/s]
[1A 15%|█▌        | 1666/11052 [02:41<14:45, 10.60it/s]
[1A 15%|█▌        | 1668/11052 [02:42<14:51, 10.53it/s]
[1A 15%|█▌        | 1670/11052 [02:42<14:31, 10.77it/s]
[1A 15%|█▌        | 1672/11052 [02:42<14:19, 10.91it/s]
[1A 15%|█▌        | 1674/11052 [02:42<14:06, 11.07it/s]
[1A 15%|█▌        | 1676/11052 [02:42<14:03, 11.11it/s]
[1A 15%|█▌        | 1678/11052 [02:42<13:59, 11.16it/s]
[1A 15%|█▌        | 1680/11052 [02:43<14:01, 11.13it/s]
[1A 15%|█▌        | 1682/11052 [02:43<14:25, 10.83it/s]
[1A 15%|█▌        | 1684/11052 [02:43<14:35, 10.70it/s]
[1A 15%|█▌        | 1686/11052 [02:43<14:15, 10.95it/s]
[1A 15%|█▌        | 1688/11052 [02:43<14:50, 10.52it/s]
[1A 15%|█▌        | 1690/11052 [02:44<14:34, 10.70it/s]
[1A 15%|█▌        | 1692/11052 [02:44<14:20, 10.88it/s]
[1A 15%|█▌        | 1694/11052 [02:44<14:10, 11.01it/s]
[1A 15%|█▌        | 1696/11052 [02:44<14:01, 11.11it/s]
[1A 15%|█▌        | 1698/11052 [02:44<13:55, 11.19it/s]
[1A 15%|█▌        | 1700/11052 [02:44<14:03, 11.08it/s]
[1A                                                    
{'loss': 0.2914, 'grad_norm': 10.563639640808105, 'learning_rate': 1.800731613400077e-05, 'epoch': 0.46}
[1A
[1A 15%|█▌        | 1700/11052 [02:44<14:03, 11.08it/s]
[1A 15%|█▌        | 1702/11052 [02:45<14:13, 10.95it/s]
[1A 15%|█▌        | 1704/11052 [02:45<15:26, 10.09it/s]
[1A 15%|█▌        | 1706/11052 [02:45<15:14, 10.22it/s]
[1A 15%|█▌        | 1708/11052 [02:45<15:00, 10.37it/s]
[1A 15%|█▌        | 1710/11052 [02:45<14:45, 10.55it/s]
[1A 15%|█▌        | 1712/11052 [02:46<14:42, 10.59it/s]
[1A 16%|█▌        | 1714/11052 [02:46<14:31, 10.72it/s]
[1A 16%|█▌        | 1716/11052 [02:46<16:24,  9.48it/s]
[1A 16%|█▌        | 1718/11052 [02:46<15:40,  9.93it/s]
[1A 16%|█▌        | 1720/11052 [02:46<15:13, 10.21it/s]
[1A 16%|█▌        | 1722/11052 [02:47<14:46, 10.53it/s]
[1A 16%|█▌        | 1724/11052 [02:47<14:57, 10.40it/s]
[1A 16%|█▌        | 1726/11052 [02:47<14:31, 10.70it/s]
[1A 16%|█▌        | 1728/11052 [02:47<14:21, 10.83it/s]
[1A 16%|█▌        | 1730/11052 [02:47<14:16, 10.88it/s]
[1A 16%|█▌        | 1732/11052 [02:48<14:16, 10.88it/s]
[1A 16%|█▌        | 1734/11052 [02:48<14:31, 10.69it/s]
[1A 16%|█▌        | 1736/11052 [02:48<14:32, 10.67it/s]
[1A 16%|█▌        | 1738/11052 [02:48<14:30, 10.69it/s]
[1A 16%|█▌        | 1740/11052 [02:48<14:29, 10.71it/s]
[1A 16%|█▌        | 1742/11052 [02:48<14:28, 10.72it/s]
[1A 16%|█▌        | 1744/11052 [02:49<15:33,  9.97it/s]
[1A 16%|█▌        | 1746/11052 [02:49<15:02, 10.31it/s]
[1A 16%|█▌        | 1748/11052 [02:49<14:35, 10.63it/s]
[1A 16%|█▌        | 1750/11052 [02:49<14:25, 10.75it/s]
[1A                                                    
{'loss': 0.3213, 'grad_norm': 5.7939910888671875, 'learning_rate': 1.7911051212938006e-05, 'epoch': 0.48}
[1A
[1A 16%|█▌        | 1750/11052 [02:49<14:25, 10.75it/s]
[1A 16%|█▌        | 1752/11052 [02:49<14:31, 10.67it/s]
[1A 16%|█▌        | 1754/11052 [02:50<14:13, 10.89it/s]
[1A 16%|█▌        | 1756/11052 [02:50<14:03, 11.02it/s]
[1A 16%|█▌        | 1758/11052 [02:50<13:58, 11.09it/s]
[1A 16%|█▌        | 1760/11052 [02:50<13:54, 11.13it/s]
[1A 16%|█▌        | 1762/11052 [02:50<14:22, 10.77it/s]
[1A 16%|█▌        | 1764/11052 [02:51<14:54, 10.38it/s]
[1A 16%|█▌        | 1766/11052 [02:51<15:00, 10.32it/s]
[1A 16%|█▌        | 1768/11052 [02:51<15:10, 10.20it/s]
[1A 16%|█▌        | 1770/11052 [02:51<15:18, 10.10it/s]
[1A 16%|█▌        | 1772/11052 [02:51<14:49, 10.43it/s]
[1A 16%|█▌        | 1774/11052 [02:51<14:29, 10.67it/s]
[1A 16%|█▌        | 1776/11052 [02:52<14:19, 10.79it/s]
[1A 16%|█▌        | 1778/11052 [02:52<14:18, 10.80it/s]
[1A 16%|█▌        | 1780/11052 [02:52<14:13, 10.86it/s]
[1A 16%|█▌        | 1782/11052 [02:52<14:25, 10.71it/s]
[1A 16%|█▌        | 1784/11052 [02:52<14:20, 10.77it/s]
[1A 16%|█▌        | 1786/11052 [02:53<14:14, 10.84it/s]
[1A 16%|█▌        | 1788/11052 [02:53<14:46, 10.45it/s]
[1A 16%|█▌        | 1790/11052 [02:53<15:02, 10.27it/s]
[1A 16%|█▌        | 1792/11052 [02:53<14:46, 10.45it/s]
[1A 16%|█▌        | 1794/11052 [02:53<14:42, 10.49it/s]
[1A 16%|█▋        | 1796/11052 [02:54<14:36, 10.56it/s]
[1A 16%|█▋        | 1798/11052 [02:54<14:35, 10.57it/s]
[1A 16%|█▋        | 1800/11052 [02:54<14:33, 10.59it/s]
[1A                                                    
{'loss': 0.3347, 'grad_norm': 18.149518966674805, 'learning_rate': 1.781478629187524e-05, 'epoch': 0.49}
[1A
[1A 16%|█▋        | 1800/11052 [02:54<14:33, 10.59it/s]
[1A 16%|█▋        | 1802/11052 [02:54<14:33, 10.59it/s]
[1A 16%|█▋        | 1804/11052 [02:54<14:31, 10.61it/s]
[1A 16%|█▋        | 1806/11052 [02:55<14:31, 10.61it/s]
[1A 16%|█▋        | 1808/11052 [02:55<14:31, 10.61it/s]
[1A 16%|█▋        | 1810/11052 [02:55<14:29, 10.63it/s]
[1A 16%|█▋        | 1812/11052 [02:55<14:28, 10.64it/s]
[1A 16%|█▋        | 1814/11052 [02:55<14:25, 10.67it/s]
[1A 16%|█▋        | 1816/11052 [02:55<14:15, 10.80it/s]
[1A 16%|█▋        | 1818/11052 [02:56<14:03, 10.95it/s]
[1A 16%|█▋        | 1820/11052 [02:56<13:57, 11.02it/s]
[1A 16%|█▋        | 1822/11052 [02:56<13:54, 11.07it/s]
[1A 17%|█▋        | 1824/11052 [02:56<14:47, 10.39it/s]
[1A 17%|█▋        | 1826/11052 [02:56<14:24, 10.67it/s]
[1A 17%|█▋        | 1828/11052 [02:57<14:07, 10.89it/s]
[1A 17%|█▋        | 1830/11052 [02:57<14:47, 10.39it/s]
[1A 17%|█▋        | 1832/11052 [02:57<14:25, 10.65it/s]
[1A 17%|█▋        | 1834/11052 [02:57<14:08, 10.86it/s]
[1A 17%|█▋        | 1836/11052 [02:57<13:55, 11.04it/s]
[1A 17%|█▋        | 1838/11052 [02:57<14:41, 10.45it/s]
[1A 17%|█▋        | 1840/11052 [02:58<14:38, 10.48it/s]
[1A 17%|█▋        | 1842/11052 [02:58<14:32, 10.56it/s]
[1A 17%|█▋        | 1844/11052 [02:58<14:15, 10.77it/s]
[1A 17%|█▋        | 1846/11052 [02:58<14:05, 10.88it/s]
[1A 17%|█▋        | 1848/11052 [02:58<14:07, 10.86it/s]
[1A 17%|█▋        | 1850/11052 [02:59<13:55, 11.02it/s]
[1A                                                    
{'loss': 0.3085, 'grad_norm': 5.066397666931152, 'learning_rate': 1.771852137081248e-05, 'epoch': 0.5}
[1A
[1A 17%|█▋        | 1850/11052 [02:59<13:55, 11.02it/s]
[1A 17%|█▋        | 1852/11052 [02:59<13:48, 11.11it/s]
[1A 17%|█▋        | 1854/11052 [02:59<13:41, 11.20it/s]
[1A 17%|█▋        | 1856/11052 [02:59<13:40, 11.20it/s]
[1A 17%|█▋        | 1858/11052 [02:59<14:05, 10.87it/s]
[1A 17%|█▋        | 1860/11052 [03:00<14:43, 10.40it/s]
[1A 17%|█▋        | 1862/11052 [03:00<16:12,  9.45it/s]
[1A 17%|█▋        | 1864/11052 [03:00<16:21,  9.36it/s]
[1A 17%|█▋        | 1865/11052 [03:00<16:34,  9.24it/s]
[1A 17%|█▋        | 1867/11052 [03:00<15:33,  9.84it/s]
[1A 17%|█▋        | 1869/11052 [03:00<14:58, 10.22it/s]
[1A 17%|█▋        | 1871/11052 [03:01<15:06, 10.13it/s]
[1A 17%|█▋        | 1873/11052 [03:01<14:31, 10.53it/s]
[1A 17%|█▋        | 1875/11052 [03:01<14:12, 10.77it/s]
[1A 17%|█▋        | 1877/11052 [03:01<14:13, 10.75it/s]
[1A 17%|█▋        | 1879/11052 [03:01<14:56, 10.23it/s]
[1A 17%|█▋        | 1881/11052 [03:02<14:29, 10.55it/s]
[1A 17%|█▋        | 1883/11052 [03:02<14:16, 10.70it/s]
[1A 17%|█▋        | 1885/11052 [03:02<14:00, 10.91it/s]
[1A 17%|█▋        | 1887/11052 [03:02<14:27, 10.57it/s]
[1A 17%|█▋        | 1889/11052 [03:02<14:08, 10.80it/s]
[1A 17%|█▋        | 1891/11052 [03:03<14:08, 10.80it/s]
[1A 17%|█▋        | 1893/11052 [03:03<15:41,  9.73it/s]
[1A 17%|█▋        | 1894/11052 [03:03<16:19,  9.35it/s]
[1A 17%|█▋        | 1896/11052 [03:03<15:31,  9.83it/s]
[1A 17%|█▋        | 1898/11052 [03:03<15:09, 10.07it/s]
[1A 17%|█▋        | 1900/11052 [03:03<15:04, 10.12it/s]
[1A                                                    
{'loss': 0.3224, 'grad_norm': 12.24261474609375, 'learning_rate': 1.7622256449749713e-05, 'epoch': 0.52}
[1A
[1A 17%|█▋        | 1900/11052 [03:04<15:04, 10.12it/s]
[1A 17%|█▋        | 1902/11052 [03:04<14:49, 10.28it/s]
[1A 17%|█▋        | 1904/11052 [03:04<14:40, 10.39it/s]
[1A 17%|█▋        | 1906/11052 [03:04<15:08, 10.06it/s]
[1A 17%|█▋        | 1908/11052 [03:04<15:30,  9.83it/s]
[1A 17%|█▋        | 1910/11052 [03:04<15:07, 10.07it/s]
[1A 17%|█▋        | 1912/11052 [03:05<14:55, 10.20it/s]
[1A 17%|█▋        | 1914/11052 [03:05<16:06,  9.46it/s]
[1A 17%|█▋        | 1916/11052 [03:05<15:33,  9.79it/s]
[1A 17%|█▋        | 1917/11052 [03:05<15:30,  9.82it/s]
[1A 17%|█▋        | 1919/11052 [03:05<14:56, 10.19it/s]
[1A 17%|█▋        | 1921/11052 [03:06<14:28, 10.52it/s]
[1A 17%|█▋        | 1923/11052 [03:06<14:07, 10.78it/s]
[1A 17%|█▋        | 1925/11052 [03:06<14:12, 10.71it/s]
[1A 17%|█▋        | 1927/11052 [03:06<13:59, 10.87it/s]
[1A 17%|█▋        | 1929/11052 [03:06<13:54, 10.93it/s]
[1A 17%|█▋        | 1931/11052 [03:06<14:00, 10.85it/s]
[1A 17%|█▋        | 1933/11052 [03:07<14:26, 10.52it/s]
[1A 18%|█▊        | 1935/11052 [03:07<14:44, 10.31it/s]
[1A 18%|█▊        | 1937/11052 [03:07<15:11, 10.00it/s]
[1A 18%|█▊        | 1939/11052 [03:07<15:20,  9.90it/s]
[1A 18%|█▊        | 1941/11052 [03:07<15:18,  9.92it/s]
[1A 18%|█▊        | 1943/11052 [03:08<14:42, 10.32it/s]
[1A 18%|█▊        | 1945/11052 [03:08<14:38, 10.37it/s]
[1A 18%|█▊        | 1947/11052 [03:08<14:26, 10.51it/s]
[1A 18%|█▊        | 1949/11052 [03:08<14:14, 10.65it/s]
[1A                                                    
{'loss': 0.2808, 'grad_norm': 3.702864170074463, 'learning_rate': 1.7525991528686947e-05, 'epoch': 0.53}
[1A
[1A 18%|█▊        | 1950/11052 [03:08<14:14, 10.65it/s]
[1A 18%|█▊        | 1951/11052 [03:08<14:07, 10.74it/s]
[1A 18%|█▊        | 1953/11052 [03:09<14:53, 10.18it/s]
[1A 18%|█▊        | 1955/11052 [03:09<14:23, 10.53it/s]
[1A 18%|█▊        | 1957/11052 [03:09<14:05, 10.76it/s]
[1A 18%|█▊        | 1959/11052 [03:09<13:50, 10.94it/s]
[1A 18%|█▊        | 1961/11052 [03:09<13:40, 11.08it/s]
[1A 18%|█▊        | 1963/11052 [03:10<13:36, 11.13it/s]
[1A 18%|█▊        | 1965/11052 [03:10<13:29, 11.22it/s]
[1A 18%|█▊        | 1967/11052 [03:10<13:34, 11.16it/s]
[1A 18%|█▊        | 1969/11052 [03:10<14:03, 10.76it/s]
[1A 18%|█▊        | 1971/11052 [03:10<14:03, 10.77it/s]
[1A 18%|█▊        | 1973/11052 [03:10<13:52, 10.91it/s]
[1A 18%|█▊        | 1975/11052 [03:11<13:37, 11.10it/s]
[1A 18%|█▊        | 1977/11052 [03:11<13:42, 11.03it/s]
[1A 18%|█▊        | 1979/11052 [03:11<13:34, 11.14it/s]
[1A 18%|█▊        | 1981/11052 [03:11<13:27, 11.23it/s]
[1A 18%|█▊        | 1983/11052 [03:11<13:23, 11.29it/s]
[1A 18%|█▊        | 1985/11052 [03:11<13:27, 11.23it/s]
[1A 18%|█▊        | 1987/11052 [03:12<13:34, 11.13it/s]
[1A 18%|█▊        | 1989/11052 [03:12<13:47, 10.96it/s]
[1A 18%|█▊        | 1991/11052 [03:12<13:48, 10.94it/s]
[1A 18%|█▊        | 1993/11052 [03:12<13:39, 11.06it/s]
[1A 18%|█▊        | 1995/11052 [03:12<13:44, 10.99it/s]
[1A 18%|█▊        | 1997/11052 [03:13<13:37, 11.08it/s]
[1A 18%|█▊        | 1999/11052 [03:13<13:26, 11.23it/s]
[1A                                                    
{'loss': 0.3237, 'grad_norm': 13.677165031433105, 'learning_rate': 1.7429726607624182e-05, 'epoch': 0.54}
[1A
[1A 18%|█▊        | 2000/11052 [03:13<13:26, 11.23it/s]
[1A 18%|█▊        | 2001/11052 [03:13<13:25, 11.24it/s]
[1A 18%|█▊        | 2003/11052 [03:13<14:36, 10.32it/s]
[1A 18%|█▊        | 2005/11052 [03:13<14:59, 10.06it/s]
[1A 18%|█▊        | 2007/11052 [03:14<15:14,  9.89it/s]
[1A 18%|█▊        | 2009/11052 [03:14<14:42, 10.25it/s]
[1A 18%|█▊        | 2011/11052 [03:14<14:16, 10.56it/s]
[1A 18%|█▊        | 2013/11052 [03:14<13:57, 10.80it/s]
[1A 18%|█▊        | 2015/11052 [03:14<13:46, 10.93it/s]
[1A 18%|█▊        | 2017/11052 [03:14<14:12, 10.60it/s]
[1A 18%|█▊        | 2019/11052 [03:15<14:32, 10.35it/s]
[1A 18%|█▊        | 2021/11052 [03:15<14:45, 10.20it/s]
[1A 18%|█▊        | 2023/11052 [03:15<14:19, 10.50it/s]
[1A 18%|█▊        | 2025/11052 [03:15<13:57, 10.77it/s]
[1A 18%|█▊        | 2027/11052 [03:15<13:43, 10.95it/s]
[1A 18%|█▊        | 2029/11052 [03:16<13:31, 11.12it/s]
[1A 18%|█▊        | 2031/11052 [03:16<13:29, 11.15it/s]
[1A 18%|█▊        | 2033/11052 [03:16<13:42, 10.97it/s]
[1A 18%|█▊        | 2035/11052 [03:16<13:34, 11.07it/s]
[1A 18%|█▊        | 2037/11052 [03:16<14:28, 10.38it/s]
[1A 18%|█▊        | 2039/11052 [03:17<14:06, 10.64it/s]
[1A 18%|█▊        | 2041/11052 [03:17<13:47, 10.89it/s]
[1A 18%|█▊        | 2043/11052 [03:17<13:58, 10.74it/s]
[1A 19%|█▊        | 2045/11052 [03:17<14:02, 10.69it/s]
[1A 19%|█▊        | 2047/11052 [03:17<13:47, 10.88it/s]
[1A 19%|█▊        | 2049/11052 [03:17<14:08, 10.61it/s]
[1A                                                    
{'loss': 0.2902, 'grad_norm': 9.056214332580566, 'learning_rate': 1.733346168656142e-05, 'epoch': 0.56}
[1A
[1A 19%|█▊        | 2050/11052 [03:18<14:08, 10.61it/s]
[1A 19%|█▊        | 2051/11052 [03:18<13:58, 10.73it/s]
[1A 19%|█▊        | 2053/11052 [03:18<13:51, 10.83it/s]
[1A 19%|█▊        | 2055/11052 [03:18<13:45, 10.89it/s]
[1A 19%|█▊        | 2057/11052 [03:18<13:44, 10.91it/s]
[1A 19%|█▊        | 2059/11052 [03:18<13:51, 10.82it/s]
[1A 19%|█▊        | 2061/11052 [03:19<13:38, 10.98it/s]
[1A 19%|█▊        | 2063/11052 [03:19<13:35, 11.02it/s]
[1A 19%|█▊        | 2065/11052 [03:19<13:27, 11.13it/s]
[1A 19%|█▊        | 2067/11052 [03:19<13:22, 11.20it/s]
[1A 19%|█▊        | 2069/11052 [03:19<13:18, 11.25it/s]
[1A 19%|█▊        | 2071/11052 [03:19<13:15, 11.29it/s]
[1A 19%|█▉        | 2073/11052 [03:20<13:26, 11.13it/s]
[1A 19%|█▉        | 2075/11052 [03:20<13:37, 10.98it/s]
[1A 19%|█▉        | 2077/11052 [03:20<13:36, 10.99it/s]
[1A 19%|█▉        | 2079/11052 [03:20<13:44, 10.89it/s]
[1A 19%|█▉        | 2081/11052 [03:20<13:35, 11.00it/s]
[1A 19%|█▉        | 2083/11052 [03:21<13:30, 11.06it/s]
[1A 19%|█▉        | 2085/11052 [03:21<13:29, 11.07it/s]
[1A 19%|█▉        | 2087/11052 [03:21<13:33, 11.02it/s]
[1A 19%|█▉        | 2089/11052 [03:21<13:40, 10.92it/s]
[1A 19%|█▉        | 2091/11052 [03:21<13:32, 11.03it/s]
[1A 19%|█▉        | 2093/11052 [03:21<14:02, 10.64it/s]
[1A 19%|█▉        | 2095/11052 [03:22<13:43, 10.88it/s]
[1A 19%|█▉        | 2097/11052 [03:22<13:35, 10.99it/s]
[1A 19%|█▉        | 2099/11052 [03:22<13:49, 10.79it/s]
[1A                                                    
{'loss': 0.3141, 'grad_norm': 9.25817584991455, 'learning_rate': 1.7237196765498654e-05, 'epoch': 0.57}
[1A
[1A 19%|█▉        | 2100/11052 [03:22<13:49, 10.79it/s]
[1A 19%|█▉        | 2101/11052 [03:22<14:01, 10.64it/s]
[1A 19%|█▉        | 2103/11052 [03:22<13:53, 10.74it/s]
[1A 19%|█▉        | 2105/11052 [03:23<13:45, 10.83it/s]
[1A 19%|█▉        | 2107/11052 [03:23<13:33, 11.00it/s]
[1A 19%|█▉        | 2109/11052 [03:23<13:32, 11.01it/s]
[1A 19%|█▉        | 2111/11052 [03:23<13:32, 11.00it/s]
[1A 19%|█▉        | 2113/11052 [03:23<14:02, 10.61it/s]
[1A 19%|█▉        | 2115/11052 [03:24<14:23, 10.35it/s]
[1A 19%|█▉        | 2117/11052 [03:24<14:06, 10.55it/s]
[1A 19%|█▉        | 2119/11052 [03:24<13:51, 10.75it/s]
[1A 19%|█▉        | 2121/11052 [03:24<13:36, 10.94it/s]
[1A 19%|█▉        | 2123/11052 [03:24<13:32, 10.99it/s]
[1A 19%|█▉        | 2125/11052 [03:24<15:02,  9.89it/s]
[1A 19%|█▉        | 2127/11052 [03:25<14:47, 10.06it/s]
[1A 19%|█▉        | 2129/11052 [03:25<14:42, 10.11it/s]
[1A 19%|█▉        | 2131/11052 [03:25<14:40, 10.13it/s]
[1A 19%|█▉        | 2133/11052 [03:25<14:28, 10.27it/s]
[1A 19%|█▉        | 2135/11052 [03:25<14:15, 10.42it/s]
[1A 19%|█▉        | 2137/11052 [03:26<14:06, 10.53it/s]
[1A 19%|█▉        | 2139/11052 [03:26<14:31, 10.23it/s]
[1A 19%|█▉        | 2141/11052 [03:26<14:10, 10.48it/s]
[1A 19%|█▉        | 2143/11052 [03:26<13:58, 10.62it/s]
[1A 19%|█▉        | 2145/11052 [03:26<13:47, 10.77it/s]
[1A 19%|█▉        | 2147/11052 [03:27<13:54, 10.67it/s]
[1A 19%|█▉        | 2149/11052 [03:27<14:24, 10.30it/s]                        
{'loss': 0.3133, 'grad_norm': 5.302318096160889, 'learning_rate': 1.714093184443589e-05, 'epoch': 0.58}
[1A
[1A 19%|█▉        | 2150/11052 [03:27<14:24, 10.30it/s]
[1A 19%|█▉        | 2151/11052 [03:27<14:03, 10.56it/s]
[1A 19%|█▉        | 2153/11052 [03:27<13:53, 10.68it/s]
[1A 19%|█▉        | 2155/11052 [03:27<14:09, 10.48it/s]
[1A 20%|█▉        | 2157/11052 [03:28<13:50, 10.71it/s]
[1A 20%|█▉        | 2159/11052 [03:28<13:37, 10.88it/s]
[1A 20%|█▉        | 2161/11052 [03:28<13:30, 10.97it/s]
[1A 20%|█▉        | 2163/11052 [03:28<13:22, 11.08it/s]
[1A 20%|█▉        | 2165/11052 [03:28<13:20, 11.10it/s]
[1A 20%|█▉        | 2167/11052 [03:28<13:28, 10.99it/s]
[1A 20%|█▉        | 2169/11052 [03:29<14:00, 10.56it/s]
[1A 20%|█▉        | 2171/11052 [03:29<13:41, 10.81it/s]
[1A 20%|█▉        | 2173/11052 [03:29<13:37, 10.86it/s]
[1A 20%|█▉        | 2175/11052 [03:29<13:29, 10.97it/s]
[1A 20%|█▉        | 2177/11052 [03:29<14:01, 10.55it/s]
[1A 20%|█▉        | 2179/11052 [03:30<13:42, 10.79it/s]
[1A 20%|█▉        | 2181/11052 [03:30<13:30, 10.94it/s]
[1A 20%|█▉        | 2183/11052 [03:30<14:24, 10.26it/s]
[1A 20%|█▉        | 2185/11052 [03:30<14:03, 10.51it/s]
[1A 20%|█▉        | 2187/11052 [03:30<13:44, 10.76it/s]
[1A 20%|█▉        | 2189/11052 [03:30<13:34, 10.88it/s]
[1A 20%|█▉        | 2191/11052 [03:31<13:20, 11.06it/s]
[1A 20%|█▉        | 2193/11052 [03:31<13:16, 11.12it/s]
[1A 20%|█▉        | 2195/11052 [03:31<13:10, 11.21it/s]
[1A 20%|█▉        | 2197/11052 [03:31<13:05, 11.27it/s]
[1A 20%|█▉        | 2199/11052 [03:31<13:03, 11.30it/s]
[1A                                                    
{'loss': 0.2847, 'grad_norm': 6.4705705642700195, 'learning_rate': 1.7044666923373123e-05, 'epoch': 0.6}
[1A
[1A 20%|█▉        | 2200/11052 [03:32<13:03, 11.30it/s]
[1A 20%|█▉        | 2201/11052 [03:32<14:33, 10.13it/s]
[1A 20%|█▉        | 2203/11052 [03:32<14:04, 10.48it/s]
[1A 20%|█▉        | 2205/11052 [03:32<14:27, 10.20it/s]
[1A 20%|█▉        | 2207/11052 [03:32<14:19, 10.29it/s]
[1A 20%|█▉        | 2209/11052 [03:32<14:14, 10.35it/s]
[1A 20%|██        | 2211/11052 [03:33<13:55, 10.58it/s]
[1A 20%|██        | 2213/11052 [03:33<14:23, 10.23it/s]
[1A 20%|██        | 2215/11052 [03:33<14:35, 10.09it/s]
[1A 20%|██        | 2217/11052 [03:33<14:07, 10.42it/s]
[1A 20%|██        | 2219/11052 [03:33<13:50, 10.64it/s]
[1A 20%|██        | 2221/11052 [03:34<13:56, 10.56it/s]
[1A 20%|██        | 2223/11052 [03:34<13:45, 10.69it/s]
[1A 20%|██        | 2225/11052 [03:34<13:43, 10.72it/s]
[1A 20%|██        | 2227/11052 [03:34<14:04, 10.45it/s]
[1A 20%|██        | 2229/11052 [03:34<14:04, 10.45it/s]
[1A 20%|██        | 2231/11052 [03:34<14:14, 10.33it/s]
[1A 20%|██        | 2233/11052 [03:35<15:12,  9.67it/s]
[1A 20%|██        | 2235/11052 [03:35<14:44,  9.97it/s]
[1A 20%|██        | 2237/11052 [03:35<14:36, 10.06it/s]
[1A 20%|██        | 2239/11052 [03:35<14:21, 10.23it/s]
[1A 20%|██        | 2241/11052 [03:35<14:14, 10.32it/s]
[1A 20%|██        | 2243/11052 [03:36<16:54,  8.69it/s]
[1A 20%|██        | 2245/11052 [03:36<15:56,  9.21it/s]
[1A 20%|██        | 2247/11052 [03:36<15:13,  9.64it/s]
[1A 20%|██        | 2249/11052 [03:36<14:37, 10.03it/s]
[1A                                                    
{'loss': 0.323, 'grad_norm': 22.274009704589844, 'learning_rate': 1.694840200231036e-05, 'epoch': 0.61}
[1A
[1A 20%|██        | 2250/11052 [03:36<14:37, 10.03it/s]
[1A 20%|██        | 2251/11052 [03:37<14:16, 10.27it/s]
[1A 20%|██        | 2253/11052 [03:37<14:51,  9.87it/s]
[1A 20%|██        | 2255/11052 [03:37<14:15, 10.28it/s]
[1A 20%|██        | 2257/11052 [03:37<14:09, 10.36it/s]
[1A 20%|██        | 2259/11052 [03:37<14:14, 10.29it/s]
[1A 20%|██        | 2261/11052 [03:37<13:59, 10.47it/s]
[1A 20%|██        | 2263/11052 [03:38<14:08, 10.35it/s]
[1A 20%|██        | 2265/11052 [03:38<13:45, 10.64it/s]
[1A 21%|██        | 2267/11052 [03:38<14:17, 10.25it/s]
[1A 21%|██        | 2269/11052 [03:38<13:54, 10.52it/s]
[1A 21%|██        | 2271/11052 [03:38<13:40, 10.70it/s]
[1A 21%|██        | 2273/11052 [03:39<13:28, 10.86it/s]
[1A 21%|██        | 2275/11052 [03:39<13:30, 10.83it/s]
[1A 21%|██        | 2277/11052 [03:39<13:18, 11.00it/s]
[1A 21%|██        | 2279/11052 [03:39<13:12, 11.07it/s]
[1A 21%|██        | 2281/11052 [03:39<13:15, 11.03it/s]
[1A 21%|██        | 2283/11052 [03:40<13:17, 11.00it/s]
[1A 21%|██        | 2285/11052 [03:40<13:06, 11.14it/s]
[1A 21%|██        | 2287/11052 [03:40<13:01, 11.21it/s]
[1A 21%|██        | 2289/11052 [03:40<12:53, 11.32it/s]
[1A 21%|██        | 2291/11052 [03:40<12:53, 11.33it/s]
[1A 21%|██        | 2293/11052 [03:40<12:52, 11.34it/s]
[1A 21%|██        | 2295/11052 [03:41<12:55, 11.29it/s]
[1A 21%|██        | 2297/11052 [03:41<12:54, 11.30it/s]
[1A 21%|██        | 2299/11052 [03:41<12:53, 11.31it/s]                        
{'loss': 0.2754, 'grad_norm': 31.652095794677734, 'learning_rate': 1.6852137081247595e-05, 'epoch': 0.62}
[1A
[1A 21%|██        | 2300/11052 [03:41<12:53, 11.31it/s]
[1A 21%|██        | 2301/11052 [03:41<12:55, 11.28it/s]
[1A 21%|██        | 2303/11052 [03:41<13:17, 10.98it/s]
[1A 21%|██        | 2305/11052 [03:41<13:21, 10.91it/s]
[1A 21%|██        | 2307/11052 [03:42<13:48, 10.56it/s]
[1A 21%|██        | 2309/11052 [03:42<13:38, 10.68it/s]
[1A 21%|██        | 2311/11052 [03:42<13:25, 10.85it/s]
[1A 21%|██        | 2313/11052 [03:42<13:30, 10.78it/s]
[1A 21%|██        | 2315/11052 [03:42<13:21, 10.90it/s]
[1A 21%|██        | 2317/11052 [03:43<13:16, 10.96it/s]
[1A 21%|██        | 2319/11052 [03:43<13:48, 10.54it/s]
[1A 21%|██        | 2321/11052 [03:43<13:28, 10.80it/s]
[1A 21%|██        | 2323/11052 [03:43<13:51, 10.50it/s]
[1A 21%|██        | 2325/11052 [03:43<14:16, 10.19it/s]
[1A 21%|██        | 2327/11052 [03:44<13:46, 10.56it/s]
[1A 21%|██        | 2329/11052 [03:44<13:32, 10.73it/s]
[1A 21%|██        | 2331/11052 [03:44<13:41, 10.61it/s]
[1A 21%|██        | 2333/11052 [03:44<13:23, 10.85it/s]
[1A 21%|██        | 2335/11052 [03:44<13:22, 10.86it/s]
[1A 21%|██        | 2337/11052 [03:44<13:18, 10.92it/s]
[1A 21%|██        | 2339/11052 [03:45<13:24, 10.83it/s]
[1A 21%|██        | 2341/11052 [03:45<13:12, 11.00it/s]
[1A 21%|██        | 2343/11052 [03:45<13:22, 10.85it/s]
[1A 21%|██        | 2345/11052 [03:45<13:13, 10.97it/s]
[1A 21%|██        | 2347/11052 [03:45<13:29, 10.75it/s]
[1A 21%|██▏       | 2349/11052 [03:46<13:22, 10.84it/s]                        
{'loss': 0.3022, 'grad_norm': 9.566405296325684, 'learning_rate': 1.675587216018483e-05, 'epoch': 0.64}
[1A
[1A 21%|██▏       | 2350/11052 [03:46<13:22, 10.84it/s]
[1A 21%|██▏       | 2351/11052 [03:46<13:28, 10.77it/s]
[1A 21%|██▏       | 2353/11052 [03:46<13:25, 10.80it/s]
[1A 21%|██▏       | 2355/11052 [03:46<13:40, 10.60it/s]
[1A 21%|██▏       | 2357/11052 [03:46<13:43, 10.56it/s]
[1A 21%|██▏       | 2359/11052 [03:47<13:39, 10.61it/s]
[1A 21%|██▏       | 2361/11052 [03:47<14:29, 10.00it/s]
[1A 21%|██▏       | 2363/11052 [03:47<14:01, 10.33it/s]
[1A 21%|██▏       | 2365/11052 [03:47<14:18, 10.12it/s]
[1A 21%|██▏       | 2367/11052 [03:47<13:54, 10.41it/s]
[1A 21%|██▏       | 2369/11052 [03:48<14:21, 10.08it/s]
[1A 21%|██▏       | 2371/11052 [03:48<14:38,  9.89it/s]
[1A 21%|██▏       | 2373/11052 [03:48<14:17, 10.12it/s]
[1A 21%|██▏       | 2375/11052 [03:48<14:32,  9.95it/s]
[1A 22%|██▏       | 2377/11052 [03:48<14:02, 10.30it/s]
[1A 22%|██▏       | 2379/11052 [03:48<13:41, 10.56it/s]
[1A 22%|██▏       | 2381/11052 [03:49<14:22, 10.06it/s]
[1A 22%|██▏       | 2383/11052 [03:49<13:51, 10.43it/s]
[1A 22%|██▏       | 2385/11052 [03:49<13:27, 10.73it/s]
[1A 22%|██▏       | 2387/11052 [03:49<13:12, 10.93it/s]
[1A 22%|██▏       | 2389/11052 [03:49<13:07, 11.00it/s]
[1A 22%|██▏       | 2391/11052 [03:50<13:03, 11.06it/s]
[1A 22%|██▏       | 2393/11052 [03:50<12:53, 11.20it/s]
[1A 22%|██▏       | 2395/11052 [03:50<12:56, 11.15it/s]
[1A 22%|██▏       | 2397/11052 [03:50<13:31, 10.66it/s]
[1A 22%|██▏       | 2399/11052 [03:50<13:51, 10.41it/s]
[1A                                                    
{'loss': 0.2729, 'grad_norm': 6.976109027862549, 'learning_rate': 1.6659607239122064e-05, 'epoch': 0.65}
[1A
[1A 22%|██▏       | 2400/11052 [03:50<13:50, 10.41it/s]
[1A 22%|██▏       | 2401/11052 [03:51<13:40, 10.54it/s]
[1A 22%|██▏       | 2403/11052 [03:51<13:23, 10.76it/s]
[1A 22%|██▏       | 2405/11052 [03:51<14:40,  9.82it/s]
[1A 22%|██▏       | 2407/11052 [03:51<14:20, 10.04it/s]
[1A 22%|██▏       | 2409/11052 [03:51<14:05, 10.23it/s]
[1A 22%|██▏       | 2411/11052 [03:52<13:43, 10.49it/s]
[1A 22%|██▏       | 2413/11052 [03:52<15:38,  9.21it/s]
[1A 22%|██▏       | 2415/11052 [03:52<14:46,  9.74it/s]
[1A 22%|██▏       | 2417/11052 [03:52<14:08, 10.18it/s]
[1A 22%|██▏       | 2419/11052 [03:52<13:45, 10.46it/s]
[1A 22%|██▏       | 2421/11052 [03:53<13:32, 10.63it/s]
[1A 22%|██▏       | 2423/11052 [03:53<13:35, 10.58it/s]
[1A 22%|██▏       | 2425/11052 [03:53<13:17, 10.81it/s]
[1A 22%|██▏       | 2427/11052 [03:53<13:03, 11.01it/s]
[1A 22%|██▏       | 2429/11052 [03:53<12:58, 11.07it/s]
[1A 22%|██▏       | 2431/11052 [03:53<13:00, 11.05it/s]
[1A 22%|██▏       | 2433/11052 [03:54<13:01, 11.03it/s]
[1A 22%|██▏       | 2435/11052 [03:54<12:53, 11.14it/s]
[1A 22%|██▏       | 2437/11052 [03:54<12:49, 11.19it/s]
[1A 22%|██▏       | 2439/11052 [03:54<13:40, 10.50it/s]
[1A 22%|██▏       | 2441/11052 [03:54<13:33, 10.58it/s]
[1A 22%|██▏       | 2443/11052 [03:55<14:01, 10.23it/s]
[1A 22%|██▏       | 2445/11052 [03:55<14:12, 10.09it/s]
[1A 22%|██▏       | 2447/11052 [03:55<14:15, 10.06it/s]
[1A 22%|██▏       | 2449/11052 [03:55<14:51,  9.65it/s]
[1A                                                    
{'loss': 0.3094, 'grad_norm': 4.627650737762451, 'learning_rate': 1.6563342318059302e-05, 'epoch': 0.67}
[1A
[1A 22%|██▏       | 2450/11052 [03:55<14:51,  9.65it/s]
[1A 22%|██▏       | 2451/11052 [03:55<14:32,  9.85it/s]
[1A 22%|██▏       | 2453/11052 [03:56<14:06, 10.15it/s]
[1A 22%|██▏       | 2455/11052 [03:56<13:45, 10.41it/s]
[1A 22%|██▏       | 2457/11052 [03:56<14:03, 10.20it/s]
[1A 22%|██▏       | 2459/11052 [03:56<14:26,  9.92it/s]
[1A 22%|██▏       | 2461/11052 [03:56<14:03, 10.18it/s]
[1A 22%|██▏       | 2463/11052 [03:57<13:47, 10.38it/s]
[1A 22%|██▏       | 2465/11052 [03:57<13:33, 10.56it/s]
[1A 22%|██▏       | 2467/11052 [03:57<13:52, 10.31it/s]
[1A 22%|██▏       | 2469/11052 [03:57<13:54, 10.29it/s]
[1A 22%|██▏       | 2471/11052 [03:57<13:33, 10.55it/s]
[1A 22%|██▏       | 2473/11052 [03:58<14:43,  9.71it/s]
[1A 22%|██▏       | 2475/11052 [03:58<14:10, 10.08it/s]
[1A 22%|██▏       | 2477/11052 [03:58<14:13, 10.05it/s]
[1A 22%|██▏       | 2479/11052 [03:58<13:43, 10.41it/s]
[1A 22%|██▏       | 2481/11052 [03:58<13:24, 10.66it/s]
[1A 22%|██▏       | 2483/11052 [03:58<13:17, 10.74it/s]
[1A 22%|██▏       | 2485/11052 [03:59<13:03, 10.93it/s]
[1A 23%|██▎       | 2487/11052 [03:59<12:55, 11.04it/s]
[1A 23%|██▎       | 2489/11052 [03:59<12:49, 11.13it/s]
[1A 23%|██▎       | 2491/11052 [03:59<12:43, 11.22it/s]
[1A 23%|██▎       | 2493/11052 [03:59<12:40, 11.26it/s]
[1A 23%|██▎       | 2495/11052 [04:00<12:43, 11.21it/s]
[1A 23%|██▎       | 2497/11052 [04:00<13:26, 10.61it/s]
[1A 23%|██▎       | 2499/11052 [04:00<13:18, 10.71it/s]
[1A                                                    
{'loss': 0.2667, 'grad_norm': 14.16209602355957, 'learning_rate': 1.6467077396996537e-05, 'epoch': 0.68}
[1A
[1A 23%|██▎       | 2500/11052 [04:00<13:18, 10.71it/s]
[1A 23%|██▎       | 2501/11052 [04:00<13:18, 10.71it/s]
[1A 23%|██▎       | 2503/11052 [04:00<13:04, 10.89it/s]
[1A 23%|██▎       | 2505/11052 [04:01<14:57,  9.52it/s]
[1A 23%|██▎       | 2507/11052 [04:01<14:12, 10.02it/s]
[1A 23%|██▎       | 2509/11052 [04:01<13:53, 10.25it/s]
[1A 23%|██▎       | 2511/11052 [04:01<13:29, 10.55it/s]
[1A 23%|██▎       | 2513/11052 [04:01<13:14, 10.75it/s]
[1A 23%|██▎       | 2515/11052 [04:01<13:03, 10.89it/s]
[1A 23%|██▎       | 2517/11052 [04:02<13:28, 10.55it/s]
[1A 23%|██▎       | 2519/11052 [04:02<13:14, 10.74it/s]
[1A 23%|██▎       | 2521/11052 [04:02<13:36, 10.45it/s]
[1A 23%|██▎       | 2523/11052 [04:02<13:17, 10.70it/s]
[1A 23%|██▎       | 2525/11052 [04:02<13:34, 10.46it/s]
[1A 23%|██▎       | 2527/11052 [04:03<13:54, 10.21it/s]
[1A 23%|██▎       | 2529/11052 [04:03<13:35, 10.46it/s]
[1A 23%|██▎       | 2531/11052 [04:03<13:21, 10.63it/s]
[1A 23%|██▎       | 2533/11052 [04:03<13:14, 10.73it/s]
[1A 23%|██▎       | 2535/11052 [04:03<13:12, 10.75it/s]
[1A 23%|██▎       | 2537/11052 [04:04<13:12, 10.74it/s]
[1A 23%|██▎       | 2539/11052 [04:04<13:17, 10.67it/s]
[1A 23%|██▎       | 2541/11052 [04:04<13:18, 10.66it/s]
[1A 23%|██▎       | 2543/11052 [04:04<13:26, 10.55it/s]
[1A 23%|██▎       | 2545/11052 [04:04<14:22,  9.86it/s]
[1A 23%|██▎       | 2547/11052 [04:05<13:55, 10.19it/s]
[1A 23%|██▎       | 2549/11052 [04:05<13:38, 10.38it/s]                        
{'loss': 0.3079, 'grad_norm': 12.402690887451172, 'learning_rate': 1.637081247593377e-05, 'epoch': 0.69}
[1A
[1A 23%|██▎       | 2550/11052 [04:05<13:38, 10.38it/s]
[1A 23%|██▎       | 2551/11052 [04:05<13:18, 10.65it/s]
[1A 23%|██▎       | 2553/11052 [04:05<12:59, 10.90it/s]
[1A 23%|██▎       | 2555/11052 [04:05<12:53, 10.99it/s]
[1A 23%|██▎       | 2557/11052 [04:05<13:14, 10.69it/s]
[1A 23%|██▎       | 2559/11052 [04:06<13:12, 10.72it/s]
[1A 23%|██▎       | 2561/11052 [04:06<13:40, 10.35it/s]
[1A 23%|██▎       | 2563/11052 [04:06<13:21, 10.59it/s]
[1A 23%|██▎       | 2565/11052 [04:06<13:02, 10.85it/s]
[1A 23%|██▎       | 2567/11052 [04:06<12:48, 11.04it/s]
[1A 23%|██▎       | 2569/11052 [04:07<13:26, 10.52it/s]
[1A 23%|██▎       | 2571/11052 [04:07<13:05, 10.80it/s]
[1A 23%|██▎       | 2573/11052 [04:07<12:55, 10.94it/s]
[1A 23%|██▎       | 2575/11052 [04:07<12:43, 11.10it/s]
[1A 23%|██▎       | 2577/11052 [04:07<13:12, 10.70it/s]
[1A 23%|██▎       | 2579/11052 [04:07<13:08, 10.74it/s]
[1A 23%|██▎       | 2581/11052 [04:08<13:08, 10.74it/s]
[1A 23%|██▎       | 2583/11052 [04:08<13:21, 10.57it/s]
[1A 23%|██▎       | 2585/11052 [04:08<13:44, 10.27it/s]
[1A 23%|██▎       | 2587/11052 [04:08<13:27, 10.48it/s]
[1A 23%|██▎       | 2589/11052 [04:08<13:19, 10.59it/s]
[1A 23%|██▎       | 2591/11052 [04:09<13:14, 10.65it/s]
[1A 23%|██▎       | 2593/11052 [04:09<13:45, 10.25it/s]
[1A 23%|██▎       | 2595/11052 [04:09<13:22, 10.54it/s]
[1A 23%|██▎       | 2597/11052 [04:09<13:30, 10.43it/s]
[1A 24%|██▎       | 2599/11052 [04:09<13:39, 10.32it/s]
[1A                                                    
{'loss': 0.2964, 'grad_norm': 3.5103111267089844, 'learning_rate': 1.6274547554871006e-05, 'epoch': 0.71}
[1A
[1A 24%|██▎       | 2600/11052 [04:10<13:38, 10.32it/s]
[1A 24%|██▎       | 2601/11052 [04:10<13:15, 10.62it/s]
[1A 24%|██▎       | 2603/11052 [04:10<12:58, 10.85it/s]
[1A 24%|██▎       | 2605/11052 [04:10<12:48, 10.99it/s]
[1A 24%|██▎       | 2607/11052 [04:10<12:54, 10.91it/s]
[1A 24%|██▎       | 2609/11052 [04:10<12:51, 10.95it/s]
[1A 24%|██▎       | 2611/11052 [04:11<14:18,  9.84it/s]
[1A 24%|██▎       | 2613/11052 [04:11<13:53, 10.13it/s]
[1A 24%|██▎       | 2615/11052 [04:11<13:25, 10.47it/s]
[1A 24%|██▎       | 2617/11052 [04:11<13:05, 10.74it/s]
[1A 24%|██▎       | 2619/11052 [04:11<13:00, 10.81it/s]
[1A 24%|██▎       | 2621/11052 [04:11<12:50, 10.94it/s]
[1A 24%|██▎       | 2623/11052 [04:12<12:41, 11.07it/s]
[1A 24%|██▍       | 2625/11052 [04:12<12:39, 11.09it/s]
[1A 24%|██▍       | 2627/11052 [04:12<12:42, 11.05it/s]
[1A 24%|██▍       | 2629/11052 [04:12<12:33, 11.18it/s]
[1A 24%|██▍       | 2631/11052 [04:12<12:27, 11.26it/s]
[1A 24%|██▍       | 2633/11052 [04:13<13:07, 10.69it/s]
[1A 24%|██▍       | 2635/11052 [04:13<12:50, 10.93it/s]
[1A 24%|██▍       | 2637/11052 [04:13<12:07, 11.56it/s]
[1A 24%|██▍       | 2639/11052 [04:13<12:22, 11.33it/s]
[1A 24%|██▍       | 2641/11052 [04:13<13:01, 10.76it/s]
[1A 24%|██▍       | 2643/11052 [04:13<13:15, 10.57it/s]
[1A 24%|██▍       | 2645/11052 [04:14<13:12, 10.61it/s]
[1A 24%|██▍       | 2647/11052 [04:14<12:57, 10.81it/s]
[1A 24%|██▍       | 2649/11052 [04:14<12:53, 10.86it/s]                        
{'loss': 0.2992, 'grad_norm': 7.992649555206299, 'learning_rate': 1.6180207932229497e-05, 'epoch': 0.72}
[1A
[1A 24%|██▍       | 2650/11052 [04:14<12:53, 10.86it/s]
[1A 24%|██▍       | 2651/11052 [04:14<12:44, 10.99it/s]
[1A 24%|██▍       | 2653/11052 [04:14<14:00,  9.99it/s]
[1A 24%|██▍       | 2655/11052 [04:15<15:22,  9.10it/s]
[1A 24%|██▍       | 2657/11052 [04:15<14:41,  9.52it/s]
[1A 24%|██▍       | 2659/11052 [04:15<14:09,  9.88it/s]
[1A 24%|██▍       | 2661/11052 [04:15<13:50, 10.11it/s]
[1A 24%|██▍       | 2663/11052 [04:15<13:38, 10.24it/s]
[1A 24%|██▍       | 2665/11052 [04:16<13:29, 10.36it/s]
[1A 24%|██▍       | 2667/11052 [04:16<14:19,  9.75it/s]
[1A 24%|██▍       | 2669/11052 [04:16<13:43, 10.18it/s]
[1A 24%|██▍       | 2671/11052 [04:16<13:24, 10.42it/s]
[1A 24%|██▍       | 2673/11052 [04:16<13:42, 10.18it/s]
[1A 24%|██▍       | 2675/11052 [04:17<13:56, 10.01it/s]
[1A 24%|██▍       | 2677/11052 [04:17<14:33,  9.59it/s]
[1A 24%|██▍       | 2679/11052 [04:17<13:59,  9.97it/s]
[1A 24%|██▍       | 2681/11052 [04:17<13:34, 10.27it/s]
[1A 24%|██▍       | 2683/11052 [04:17<13:21, 10.45it/s]
[1A 24%|██▍       | 2685/11052 [04:18<13:10, 10.59it/s]
[1A 24%|██▍       | 2687/11052 [04:18<13:03, 10.67it/s]
[1A 24%|██▍       | 2689/11052 [04:18<12:58, 10.74it/s]
[1A 24%|██▍       | 2691/11052 [04:18<12:51, 10.84it/s]
[1A 24%|██▍       | 2693/11052 [04:18<12:44, 10.94it/s]
[1A 24%|██▍       | 2695/11052 [04:18<12:42, 10.96it/s]
[1A 24%|██▍       | 2697/11052 [04:19<12:42, 10.96it/s]
[1A 24%|██▍       | 2699/11052 [04:19<13:13, 10.53it/s]
[1A                                                    
{'loss': 0.3101, 'grad_norm': 13.57005786895752, 'learning_rate': 1.608394301116673e-05, 'epoch': 0.73}
[1A
[1A 24%|██▍       | 2700/11052 [04:19<13:13, 10.53it/s]
[1A 24%|██▍       | 2701/11052 [04:19<13:47, 10.09it/s]
[1A 24%|██▍       | 2703/11052 [04:19<13:26, 10.36it/s]
[1A 24%|██▍       | 2705/11052 [04:19<13:08, 10.59it/s]
[1A 24%|██▍       | 2707/11052 [04:20<12:57, 10.74it/s]
[1A 25%|██▍       | 2709/11052 [04:20<12:52, 10.80it/s]
[1A 25%|██▍       | 2711/11052 [04:20<12:43, 10.92it/s]
[1A 25%|██▍       | 2713/11052 [04:20<12:42, 10.94it/s]
[1A 25%|██▍       | 2715/11052 [04:20<13:47, 10.07it/s]
[1A 25%|██▍       | 2717/11052 [04:21<13:25, 10.35it/s]
[1A 25%|██▍       | 2719/11052 [04:21<13:11, 10.53it/s]
[1A 25%|██▍       | 2721/11052 [04:21<13:00, 10.68it/s]
[1A 25%|██▍       | 2723/11052 [04:21<12:51, 10.79it/s]
[1A 25%|██▍       | 2725/11052 [04:21<13:08, 10.57it/s]
[1A 25%|██▍       | 2727/11052 [04:22<13:00, 10.66it/s]
[1A 25%|██▍       | 2729/11052 [04:22<12:52, 10.78it/s]
[1A 25%|██▍       | 2731/11052 [04:22<12:46, 10.86it/s]
[1A 25%|██▍       | 2733/11052 [04:22<12:54, 10.74it/s]
[1A 25%|██▍       | 2735/11052 [04:22<12:45, 10.86it/s]
[1A 25%|██▍       | 2737/11052 [04:22<12:47, 10.83it/s]
[1A 25%|██▍       | 2739/11052 [04:23<13:19, 10.40it/s]
[1A 25%|██▍       | 2741/11052 [04:23<13:13, 10.48it/s]
[1A 25%|██▍       | 2743/11052 [04:23<13:03, 10.61it/s]
[1A 25%|██▍       | 2745/11052 [04:23<12:57, 10.69it/s]
[1A 25%|██▍       | 2747/11052 [04:23<12:50, 10.77it/s]
[1A 25%|██▍       | 2749/11052 [04:24<12:54, 10.72it/s]
[1A                                                    
{'loss': 0.2694, 'grad_norm': 4.953098773956299, 'learning_rate': 1.5987678090103966e-05, 'epoch': 0.75}
[1A
[1A 25%|██▍       | 2750/11052 [04:24<12:54, 10.72it/s]
[1A 25%|██▍       | 2751/11052 [04:24<12:56, 10.69it/s]
[1A 25%|██▍       | 2753/11052 [04:24<13:11, 10.49it/s]
[1A 25%|██▍       | 2755/11052 [04:24<13:05, 10.56it/s]
[1A 25%|██▍       | 2757/11052 [04:24<13:02, 10.60it/s]
[1A 25%|██▍       | 2759/11052 [04:25<13:00, 10.63it/s]
[1A 25%|██▍       | 2761/11052 [04:25<13:01, 10.62it/s]
[1A 25%|██▌       | 2763/11052 [04:25<12:56, 10.67it/s]
[1A 25%|██▌       | 2765/11052 [04:25<13:27, 10.26it/s]
[1A 25%|██▌       | 2767/11052 [04:25<13:18, 10.38it/s]
[1A 25%|██▌       | 2769/11052 [04:25<13:07, 10.52it/s]
[1A 25%|██▌       | 2771/11052 [04:26<12:59, 10.62it/s]
[1A 25%|██▌       | 2773/11052 [04:26<12:57, 10.65it/s]
[1A 25%|██▌       | 2775/11052 [04:26<13:35, 10.15it/s]
[1A 25%|██▌       | 2777/11052 [04:26<13:16, 10.39it/s]
[1A 25%|██▌       | 2779/11052 [04:26<13:05, 10.54it/s]
[1A 25%|██▌       | 2781/11052 [04:27<12:51, 10.72it/s]
[1A 25%|██▌       | 2783/11052 [04:27<12:43, 10.83it/s]
[1A 25%|██▌       | 2785/11052 [04:27<12:34, 10.96it/s]
[1A 25%|██▌       | 2787/11052 [04:27<12:26, 11.08it/s]
[1A 25%|██▌       | 2789/11052 [04:27<13:54,  9.90it/s]
[1A 25%|██▌       | 2791/11052 [04:28<13:29, 10.21it/s]
[1A 25%|██▌       | 2793/11052 [04:28<13:01, 10.57it/s]
[1A 25%|██▌       | 2795/11052 [04:28<12:49, 10.73it/s]
[1A 25%|██▌       | 2797/11052 [04:28<12:34, 10.94it/s]
[1A 25%|██▌       | 2799/11052 [04:28<12:27, 11.04it/s]                        
{'loss': 0.2866, 'grad_norm': 12.45461654663086, 'learning_rate': 1.5891413169041204e-05, 'epoch': 0.76}
[1A
[1A 25%|██▌       | 2800/11052 [04:28<12:27, 11.04it/s]
[1A 25%|██▌       | 2801/11052 [04:28<12:44, 10.79it/s]
[1A 25%|██▌       | 2803/11052 [04:29<12:38, 10.88it/s]
[1A 25%|██▌       | 2805/11052 [04:29<12:35, 10.92it/s]
[1A 25%|██▌       | 2807/11052 [04:29<12:32, 10.96it/s]
[1A 25%|██▌       | 2809/11052 [04:29<12:28, 11.02it/s]
[1A 25%|██▌       | 2811/11052 [04:29<12:20, 11.13it/s]
[1A 25%|██▌       | 2813/11052 [04:30<12:20, 11.12it/s]
[1A 25%|██▌       | 2815/11052 [04:30<12:23, 11.07it/s]
[1A 25%|██▌       | 2817/11052 [04:30<13:32, 10.13it/s]
[1A 26%|██▌       | 2819/11052 [04:30<13:22, 10.26it/s]
[1A 26%|██▌       | 2821/11052 [04:30<13:09, 10.43it/s]
[1A 26%|██▌       | 2823/11052 [04:31<13:04, 10.50it/s]
[1A 26%|██▌       | 2825/11052 [04:31<13:00, 10.53it/s]
[1A 26%|██▌       | 2827/11052 [04:31<12:57, 10.58it/s]
[1A 26%|██▌       | 2829/11052 [04:31<12:54, 10.62it/s]
[1A 26%|██▌       | 2831/11052 [04:31<12:52, 10.64it/s]
[1A 26%|██▌       | 2833/11052 [04:32<13:52,  9.87it/s]
[1A 26%|██▌       | 2835/11052 [04:32<13:32, 10.11it/s]
[1A 26%|██▌       | 2837/11052 [04:32<13:46,  9.94it/s]
[1A 26%|██▌       | 2839/11052 [04:32<13:13, 10.35it/s]
[1A 26%|██▌       | 2841/11052 [04:32<12:50, 10.65it/s]
[1A 26%|██▌       | 2843/11052 [04:32<12:45, 10.73it/s]
[1A 26%|██▌       | 2845/11052 [04:33<13:40, 10.00it/s]
[1A 26%|██▌       | 2847/11052 [04:33<13:14, 10.33it/s]
[1A 26%|██▌       | 2849/11052 [04:33<12:52, 10.62it/s]
[1A                                                    
{'loss': 0.3391, 'grad_norm': 9.193191528320312, 'learning_rate': 1.5795148247978438e-05, 'epoch': 0.77}
[1A
[1A 26%|██▌       | 2850/11052 [04:33<12:52, 10.62it/s]
[1A 26%|██▌       | 2851/11052 [04:33<12:38, 10.81it/s]
[1A 26%|██▌       | 2853/11052 [04:33<12:35, 10.85it/s]
[1A 26%|██▌       | 2855/11052 [04:34<12:36, 10.84it/s]
[1A 26%|██▌       | 2857/11052 [04:34<12:37, 10.81it/s]
[1A 26%|██▌       | 2859/11052 [04:34<12:42, 10.75it/s]
[1A 26%|██▌       | 2861/11052 [04:34<13:06, 10.42it/s]
[1A 26%|██▌       | 2863/11052 [04:34<12:43, 10.73it/s]
[1A 26%|██▌       | 2865/11052 [04:35<12:45, 10.70it/s]
[1A 26%|██▌       | 2867/11052 [04:35<12:36, 10.82it/s]
[1A 26%|██▌       | 2869/11052 [04:35<12:31, 10.89it/s]
[1A 26%|██▌       | 2871/11052 [04:35<13:20, 10.22it/s]
[1A 26%|██▌       | 2873/11052 [04:35<12:57, 10.52it/s]
[1A 26%|██▌       | 2875/11052 [04:35<12:50, 10.62it/s]
[1A 26%|██▌       | 2877/11052 [04:36<12:48, 10.64it/s]
[1A 26%|██▌       | 2879/11052 [04:36<12:59, 10.48it/s]
[1A 26%|██▌       | 2881/11052 [04:36<12:55, 10.54it/s]
[1A 26%|██▌       | 2883/11052 [04:36<12:41, 10.73it/s]
[1A 26%|██▌       | 2885/11052 [04:36<12:32, 10.85it/s]
[1A 26%|██▌       | 2887/11052 [04:37<12:23, 10.98it/s]
[1A 26%|██▌       | 2889/11052 [04:37<12:38, 10.77it/s]
[1A 26%|██▌       | 2891/11052 [04:37<12:43, 10.69it/s]
[1A 26%|██▌       | 2893/11052 [04:37<12:44, 10.67it/s]
[1A 26%|██▌       | 2895/11052 [04:37<12:47, 10.63it/s]
[1A 26%|██▌       | 2897/11052 [04:38<12:50, 10.58it/s]
[1A 26%|██▌       | 2899/11052 [04:38<12:53, 10.54it/s]
[1A                                                    
{'loss': 0.285, 'grad_norm': 9.235456466674805, 'learning_rate': 1.5698883326915673e-05, 'epoch': 0.79}
[1A
[1A 26%|██▌       | 2900/11052 [04:38<12:53, 10.54it/s]
[1A 26%|██▌       | 2901/11052 [04:38<13:01, 10.44it/s]
[1A 26%|██▋       | 2903/11052 [04:38<13:00, 10.44it/s]
[1A 26%|██▋       | 2905/11052 [04:38<13:28, 10.08it/s]
[1A 26%|██▋       | 2907/11052 [04:39<13:57,  9.72it/s]
[1A 26%|██▋       | 2909/11052 [04:39<13:53,  9.77it/s]
[1A 26%|██▋       | 2910/11052 [04:39<14:01,  9.67it/s]
[1A 26%|██▋       | 2912/11052 [04:39<13:52,  9.78it/s]
[1A 26%|██▋       | 2913/11052 [04:39<13:50,  9.80it/s]
[1A 26%|██▋       | 2914/11052 [04:39<14:22,  9.44it/s]
[1A 26%|██▋       | 2916/11052 [04:39<14:28,  9.37it/s]
[1A 26%|██▋       | 2917/11052 [04:40<14:18,  9.48it/s]
[1A 26%|██▋       | 2919/11052 [04:40<14:08,  9.59it/s]
[1A 26%|██▋       | 2921/11052 [04:40<13:47,  9.83it/s]
[1A 26%|██▋       | 2922/11052 [04:40<13:44,  9.86it/s]
[1A 26%|██▋       | 2924/11052 [04:40<13:37,  9.94it/s]
[1A 26%|██▋       | 2926/11052 [04:40<13:30, 10.02it/s]
[1A 26%|██▋       | 2928/11052 [04:41<13:20, 10.15it/s]
[1A 27%|██▋       | 2930/11052 [04:41<13:59,  9.68it/s]
[1A 27%|██▋       | 2932/11052 [04:41<13:37,  9.94it/s]
[1A 27%|██▋       | 2934/11052 [04:41<13:22, 10.11it/s]
[1A 27%|██▋       | 2936/11052 [04:41<13:14, 10.21it/s]
[1A 27%|██▋       | 2938/11052 [04:42<13:08, 10.29it/s]
[1A 27%|██▋       | 2940/11052 [04:42<14:25,  9.38it/s]
[1A 27%|██▋       | 2942/11052 [04:42<13:39,  9.90it/s]
[1A 27%|██▋       | 2944/11052 [04:42<13:25, 10.07it/s]
[1A 27%|██▋       | 2946/11052 [04:42<13:03, 10.35it/s]
[1A 27%|██▋       | 2948/11052 [04:43<12:42, 10.63it/s]
[1A 27%|██▋       | 2950/11052 [04:43<12:30, 10.79it/s]
[1A                                                    
{'loss': 0.306, 'grad_norm': 9.837027549743652, 'learning_rate': 1.560261840585291e-05, 'epoch': 0.8}
[1A
[1A 27%|██▋       | 2950/11052 [04:43<12:30, 10.79it/s]
[1A 27%|██▋       | 2952/11052 [04:43<12:20, 10.94it/s]
[1A 27%|██▋       | 2954/11052 [04:43<12:16, 11.00it/s]
[1A 27%|██▋       | 2956/11052 [04:43<12:14, 11.02it/s]
[1A 27%|██▋       | 2958/11052 [04:44<12:30, 10.79it/s]
[1A 27%|██▋       | 2960/11052 [04:44<12:23, 10.88it/s]
[1A 27%|██▋       | 2962/11052 [04:44<12:21, 10.91it/s]
[1A 27%|██▋       | 2964/11052 [04:44<12:17, 10.97it/s]
[1A 27%|██▋       | 2966/11052 [04:44<12:10, 11.08it/s]
[1A 27%|██▋       | 2968/11052 [04:44<12:06, 11.12it/s]
[1A 27%|██▋       | 2970/11052 [04:45<12:06, 11.13it/s]
[1A 27%|██▋       | 2972/11052 [04:45<12:13, 11.02it/s]
[1A 27%|██▋       | 2974/11052 [04:45<12:17, 10.96it/s]
[1A 27%|██▋       | 2976/11052 [04:45<12:42, 10.60it/s]
[1A 27%|██▋       | 2978/11052 [04:45<12:48, 10.50it/s]
[1A 27%|██▋       | 2980/11052 [04:46<12:37, 10.66it/s]
[1A 27%|██▋       | 2982/11052 [04:46<12:33, 10.71it/s]
[1A 27%|██▋       | 2984/11052 [04:46<13:01, 10.32it/s]
[1A 27%|██▋       | 2986/11052 [04:46<12:47, 10.50it/s]
[1A 27%|██▋       | 2988/11052 [04:46<13:39,  9.85it/s]
[1A 27%|██▋       | 2990/11052 [04:47<13:24, 10.03it/s]
[1A 27%|██▋       | 2992/11052 [04:47<12:58, 10.35it/s]
[1A 27%|██▋       | 2994/11052 [04:47<12:42, 10.56it/s]
[1A 27%|██▋       | 2996/11052 [04:47<12:28, 10.76it/s]
[1A 27%|██▋       | 2998/11052 [04:47<12:53, 10.41it/s]
[1A 27%|██▋       | 3000/11052 [04:48<13:56,  9.63it/s]                        
{'loss': 0.2694, 'grad_norm': 5.881948947906494, 'learning_rate': 1.5506353484790145e-05, 'epoch': 0.81}
[1A
[1A 27%|██▋       | 3000/11052 [04:48<13:56,  9.63it/s]
[1A 27%|██▋       | 3002/11052 [04:48<13:18, 10.08it/s]
[1A 27%|██▋       | 3004/11052 [04:48<12:55, 10.37it/s]
[1A 27%|██▋       | 3006/11052 [04:48<12:42, 10.56it/s]
[1A 27%|██▋       | 3008/11052 [04:48<12:32, 10.69it/s]
[1A 27%|██▋       | 3010/11052 [04:48<12:24, 10.80it/s]
[1A 27%|██▋       | 3012/11052 [04:49<12:15, 10.93it/s]
[1A 27%|██▋       | 3014/11052 [04:49<12:12, 10.97it/s]
[1A 27%|██▋       | 3016/11052 [04:49<12:17, 10.90it/s]
[1A 27%|██▋       | 3018/11052 [04:49<12:53, 10.39it/s]
[1A 27%|██▋       | 3020/11052 [04:49<13:33,  9.88it/s]
[1A 27%|██▋       | 3022/11052 [04:50<12:57, 10.33it/s]
[1A 27%|██▋       | 3024/11052 [04:50<12:36, 10.61it/s]
[1A 27%|██▋       | 3026/11052 [04:50<12:18, 10.86it/s]
[1A 27%|██▋       | 3028/11052 [04:50<12:06, 11.04it/s]
[1A 27%|██▋       | 3030/11052 [04:50<12:02, 11.10it/s]
[1A 27%|██▋       | 3032/11052 [04:51<12:14, 10.92it/s]
[1A 27%|██▋       | 3034/11052 [04:51<12:20, 10.82it/s]
[1A 27%|██▋       | 3036/11052 [04:51<12:12, 10.94it/s]
[1A 27%|██▋       | 3038/11052 [04:51<12:14, 10.92it/s]
[1A 28%|██▊       | 3040/11052 [04:51<12:50, 10.40it/s]
[1A 28%|██▊       | 3042/11052 [04:51<12:51, 10.39it/s]
[1A 28%|██▊       | 3044/11052 [04:52<12:32, 10.64it/s]
[1A 28%|██▊       | 3046/11052 [04:52<12:34, 10.61it/s]
[1A 28%|██▊       | 3048/11052 [04:52<12:29, 10.68it/s]
[1A 28%|██▊       | 3050/11052 [04:52<12:14, 10.90it/s]
[1A                                                    
{'loss': 0.2525, 'grad_norm': 16.134796142578125, 'learning_rate': 1.541008856372738e-05, 'epoch': 0.83}
[1A
[1A 28%|██▊       | 3050/11052 [04:52<12:14, 10.90it/s]
[1A 28%|██▊       | 3052/11052 [04:52<12:27, 10.71it/s]
[1A 28%|██▊       | 3054/11052 [04:53<12:15, 10.87it/s]
[1A 28%|██▊       | 3056/11052 [04:53<12:09, 10.97it/s]
[1A 28%|██▊       | 3058/11052 [04:53<12:46, 10.43it/s]
[1A 28%|██▊       | 3060/11052 [04:53<12:42, 10.48it/s]
[1A 28%|██▊       | 3062/11052 [04:53<12:26, 10.70it/s]
[1A 28%|██▊       | 3064/11052 [04:54<12:18, 10.82it/s]
[1A 28%|██▊       | 3066/11052 [04:54<12:43, 10.46it/s]
[1A 28%|██▊       | 3068/11052 [04:54<12:31, 10.63it/s]
[1A 28%|██▊       | 3070/11052 [04:54<12:18, 10.81it/s]
[1A 28%|██▊       | 3072/11052 [04:54<12:11, 10.90it/s]
[1A 28%|██▊       | 3074/11052 [04:54<12:08, 10.95it/s]
[1A 28%|██▊       | 3076/11052 [04:55<12:01, 11.06it/s]
[1A 28%|██▊       | 3078/11052 [04:55<12:25, 10.70it/s]
[1A 28%|██▊       | 3080/11052 [04:55<13:04, 10.16it/s]
[1A 28%|██▊       | 3082/11052 [04:55<12:39, 10.50it/s]
[1A 28%|██▊       | 3084/11052 [04:55<12:22, 10.73it/s]
[1A 28%|██▊       | 3086/11052 [04:56<12:10, 10.90it/s]
[1A 28%|██▊       | 3088/11052 [04:56<12:02, 11.02it/s]
[1A 28%|██▊       | 3090/11052 [04:56<12:02, 11.03it/s]
[1A 28%|██▊       | 3092/11052 [04:56<12:29, 10.61it/s]
[1A 28%|██▊       | 3094/11052 [04:56<13:09, 10.07it/s]
[1A 28%|██▊       | 3096/11052 [04:57<12:59, 10.21it/s]
[1A 28%|██▊       | 3098/11052 [04:57<12:48, 10.35it/s]
[1A 28%|██▊       | 3100/11052 [04:57<12:41, 10.44it/s]
[1A                                                    
{'loss': 0.3025, 'grad_norm': 6.6928791999816895, 'learning_rate': 1.5313823642664614e-05, 'epoch': 0.84}
[1A
[1A 28%|██▊       | 3100/11052 [04:57<12:41, 10.44it/s]
[1A 28%|██▊       | 3102/11052 [04:57<13:16,  9.99it/s]
[1A 28%|██▊       | 3104/11052 [04:57<13:01, 10.17it/s]
[1A 28%|██▊       | 3106/11052 [04:58<13:10, 10.05it/s]
[1A 28%|██▊       | 3108/11052 [04:58<13:15,  9.98it/s]
[1A 28%|██▊       | 3110/11052 [04:58<13:05, 10.12it/s]
[1A 28%|██▊       | 3112/11052 [04:58<13:16,  9.96it/s]
[1A 28%|██▊       | 3114/11052 [04:58<12:59, 10.18it/s]
[1A 28%|██▊       | 3116/11052 [04:58<12:48, 10.33it/s]
[1A 28%|██▊       | 3118/11052 [04:59<12:36, 10.48it/s]
[1A 28%|██▊       | 3120/11052 [04:59<12:37, 10.47it/s]
[1A 28%|██▊       | 3122/11052 [04:59<13:46,  9.60it/s]
[1A 28%|██▊       | 3124/11052 [04:59<13:08, 10.05it/s]
[1A 28%|██▊       | 3126/11052 [04:59<12:50, 10.28it/s]
[1A 28%|██▊       | 3128/11052 [05:00<12:31, 10.54it/s]
[1A 28%|██▊       | 3130/11052 [05:00<12:42, 10.39it/s]
[1A 28%|██▊       | 3132/11052 [05:00<12:25, 10.62it/s]
[1A 28%|██▊       | 3134/11052 [05:00<12:16, 10.74it/s]
[1A 28%|██▊       | 3136/11052 [05:00<12:13, 10.80it/s]
[1A 28%|██▊       | 3138/11052 [05:01<13:25,  9.83it/s]
[1A 28%|██▊       | 3140/11052 [05:01<13:31,  9.76it/s]
[1A 28%|██▊       | 3142/11052 [05:01<12:58, 10.16it/s]
[1A 28%|██▊       | 3144/11052 [05:01<12:38, 10.42it/s]
[1A 28%|██▊       | 3146/11052 [05:01<12:24, 10.62it/s]
[1A 28%|██▊       | 3148/11052 [05:02<12:14, 10.77it/s]
[1A 29%|██▊       | 3150/11052 [05:02<12:03, 10.92it/s]
[1A                                                    
{'loss': 0.2748, 'grad_norm': 2.6593689918518066, 'learning_rate': 1.521755872160185e-05, 'epoch': 0.86}
[1A
[1A 29%|██▊       | 3150/11052 [05:02<12:03, 10.92it/s]
[1A 29%|██▊       | 3152/11052 [05:02<12:03, 10.91it/s]
[1A 29%|██▊       | 3154/11052 [05:02<12:09, 10.83it/s]
[1A 29%|██▊       | 3156/11052 [05:02<11:58, 10.98it/s]
[1A 29%|██▊       | 3158/11052 [05:02<12:03, 10.92it/s]
[1A 29%|██▊       | 3160/11052 [05:03<12:02, 10.93it/s]
[1A 29%|██▊       | 3162/11052 [05:03<11:59, 10.97it/s]
[1A 29%|██▊       | 3164/11052 [05:03<11:55, 11.02it/s]
[1A 29%|██▊       | 3166/11052 [05:03<11:55, 11.02it/s]
[1A 29%|██▊       | 3168/11052 [05:03<11:51, 11.09it/s]
[1A 29%|██▊       | 3170/11052 [05:04<11:51, 11.08it/s]
[1A 29%|██▊       | 3172/11052 [05:04<11:46, 11.15it/s]
[1A 29%|██▊       | 3174/11052 [05:04<12:00, 10.93it/s]
[1A 29%|██▊       | 3176/11052 [05:04<11:52, 11.05it/s]
[1A 29%|██▉       | 3178/11052 [05:04<12:37, 10.39it/s]
[1A 29%|██▉       | 3180/11052 [05:05<12:21, 10.61it/s]
[1A 29%|██▉       | 3182/11052 [05:05<12:09, 10.79it/s]
[1A 29%|██▉       | 3184/11052 [05:05<12:03, 10.88it/s]
[1A 29%|██▉       | 3186/11052 [05:05<12:06, 10.83it/s]
[1A 29%|██▉       | 3188/11052 [05:05<12:39, 10.35it/s]
[1A 29%|██▉       | 3190/11052 [05:05<12:20, 10.61it/s]
[1A 29%|██▉       | 3192/11052 [05:06<12:08, 10.79it/s]
[1A 29%|██▉       | 3194/11052 [05:06<12:02, 10.87it/s]
[1A 29%|██▉       | 3196/11052 [05:06<12:28, 10.50it/s]
[1A 29%|██▉       | 3198/11052 [05:06<12:14, 10.69it/s]
[1A 29%|██▉       | 3200/11052 [05:06<12:01, 10.88it/s]
[1A                                                    
{'loss': 0.2895, 'grad_norm': 7.762655258178711, 'learning_rate': 1.5121293800539085e-05, 'epoch': 0.87}
[1A
[1A 29%|██▉       | 3200/11052 [05:06<12:01, 10.88it/s]
[1A 29%|██▉       | 3202/11052 [05:07<11:57, 10.94it/s]
[1A 29%|██▉       | 3204/11052 [05:07<11:53, 11.00it/s]
[1A 29%|██▉       | 3206/11052 [05:07<11:49, 11.05it/s]
[1A 29%|██▉       | 3208/11052 [05:07<12:12, 10.70it/s]
[1A 29%|██▉       | 3210/11052 [05:07<12:08, 10.77it/s]
[1A 29%|██▉       | 3212/11052 [05:07<12:05, 10.80it/s]
[1A 29%|██▉       | 3214/11052 [05:08<11:53, 10.98it/s]
[1A 29%|██▉       | 3216/11052 [05:08<11:53, 10.99it/s]
[1A 29%|██▉       | 3218/11052 [05:08<11:47, 11.07it/s]
[1A 29%|██▉       | 3220/11052 [05:08<12:20, 10.58it/s]
[1A 29%|██▉       | 3222/11052 [05:08<12:07, 10.76it/s]
[1A 29%|██▉       | 3224/11052 [05:09<11:59, 10.88it/s]
[1A 29%|██▉       | 3226/11052 [05:09<11:53, 10.97it/s]
[1A 29%|██▉       | 3228/11052 [05:09<11:50, 11.01it/s]
[1A 29%|██▉       | 3230/11052 [05:09<11:45, 11.09it/s]
[1A 29%|██▉       | 3232/11052 [05:09<11:40, 11.17it/s]
[1A 29%|██▉       | 3234/11052 [05:09<11:36, 11.22it/s]
[1A 29%|██▉       | 3236/11052 [05:10<11:38, 11.18it/s]
[1A 29%|██▉       | 3238/11052 [05:10<12:05, 10.77it/s]
[1A 29%|██▉       | 3240/11052 [05:10<12:05, 10.77it/s]
[1A 29%|██▉       | 3242/11052 [05:10<11:58, 10.87it/s]
[1A 29%|██▉       | 3244/11052 [05:10<11:55, 10.91it/s]
[1A 29%|██▉       | 3246/11052 [05:11<11:48, 11.01it/s]
[1A 29%|██▉       | 3248/11052 [05:11<12:08, 10.72it/s]
[1A 29%|██▉       | 3250/11052 [05:11<11:53, 10.93it/s]                        
{'loss': 0.2815, 'grad_norm': 5.447967052459717, 'learning_rate': 1.502502887947632e-05, 'epoch': 0.88}
[1A
[1A 29%|██▉       | 3250/11052 [05:11<11:53, 10.93it/s]
[1A 29%|██▉       | 3252/11052 [05:11<11:47, 11.02it/s]
[1A 29%|██▉       | 3254/11052 [05:11<13:54,  9.34it/s]
[1A 29%|██▉       | 3256/11052 [05:12<13:16,  9.79it/s]
[1A 29%|██▉       | 3258/11052 [05:12<12:46, 10.17it/s]
[1A 29%|██▉       | 3260/11052 [05:12<12:27, 10.42it/s]
[1A 30%|██▉       | 3262/11052 [05:12<12:31, 10.37it/s]
[1A 30%|██▉       | 3264/11052 [05:12<12:13, 10.62it/s]
[1A 30%|██▉       | 3266/11052 [05:13<12:09, 10.67it/s]
[1A 30%|██▉       | 3268/11052 [05:13<13:57,  9.29it/s]
[1A 30%|██▉       | 3270/11052 [05:13<13:27,  9.64it/s]
[1A 30%|██▉       | 3272/11052 [05:13<12:55, 10.03it/s]
[1A 30%|██▉       | 3274/11052 [05:13<12:30, 10.37it/s]
[1A 30%|██▉       | 3276/11052 [05:14<12:13, 10.61it/s]
[1A 30%|██▉       | 3278/11052 [05:14<12:14, 10.58it/s]
[1A 30%|██▉       | 3280/11052 [05:14<13:18,  9.73it/s]
[1A 30%|██▉       | 3282/11052 [05:14<12:42, 10.19it/s]
[1A 30%|██▉       | 3284/11052 [05:14<12:17, 10.54it/s]
[1A 30%|██▉       | 3286/11052 [05:14<12:07, 10.67it/s]
[1A 30%|██▉       | 3288/11052 [05:15<12:08, 10.66it/s]
[1A 30%|██▉       | 3290/11052 [05:15<11:59, 10.79it/s]
[1A 30%|██▉       | 3292/11052 [05:15<11:50, 10.92it/s]
[1A 30%|██▉       | 3294/11052 [05:15<11:42, 11.05it/s]
[1A 30%|██▉       | 3296/11052 [05:15<11:35, 11.15it/s]
[1A 30%|██▉       | 3298/11052 [05:16<11:36, 11.13it/s]
[1A 30%|██▉       | 3300/11052 [05:16<11:35, 11.15it/s]
[1A                                                    
{'loss': 0.3098, 'grad_norm': 2.5116565227508545, 'learning_rate': 1.4928763958413555e-05, 'epoch': 0.9}
[1A
[1A 30%|██▉       | 3300/11052 [05:16<11:35, 11.15it/s]
[1A 30%|██▉       | 3302/11052 [05:16<11:37, 11.12it/s]
[1A 30%|██▉       | 3304/11052 [05:16<11:33, 11.17it/s]
[1A 30%|██▉       | 3306/11052 [05:16<11:32, 11.18it/s]
[1A 30%|██▉       | 3308/11052 [05:16<12:04, 10.68it/s]
[1A 30%|██▉       | 3310/11052 [05:17<11:51, 10.87it/s]
[1A 30%|██▉       | 3312/11052 [05:17<11:43, 11.00it/s]
[1A 30%|██▉       | 3314/11052 [05:17<12:16, 10.51it/s]
[1A 30%|███       | 3316/11052 [05:17<12:03, 10.69it/s]
[1A 30%|███       | 3318/11052 [05:17<12:00, 10.74it/s]
[1A 30%|███       | 3320/11052 [05:18<11:49, 10.90it/s]
[1A 30%|███       | 3322/11052 [05:18<11:41, 11.01it/s]
[1A 30%|███       | 3324/11052 [05:18<11:39, 11.05it/s]
[1A 30%|███       | 3326/11052 [05:18<11:34, 11.13it/s]
[1A 30%|███       | 3328/11052 [05:18<11:33, 11.15it/s]
[1A 30%|███       | 3330/11052 [05:18<11:33, 11.13it/s]
[1A 30%|███       | 3332/11052 [05:19<11:28, 11.21it/s]
[1A 30%|███       | 3334/11052 [05:19<11:29, 11.20it/s]
[1A 30%|███       | 3336/11052 [05:19<11:28, 11.20it/s]
[1A 30%|███       | 3338/11052 [05:19<11:59, 10.73it/s]
[1A 30%|███       | 3340/11052 [05:19<11:50, 10.86it/s]
[1A 30%|███       | 3342/11052 [05:20<11:44, 10.95it/s]
[1A 30%|███       | 3344/11052 [05:20<12:03, 10.65it/s]
[1A 30%|███       | 3346/11052 [05:20<12:00, 10.70it/s]
[1A 30%|███       | 3348/11052 [05:20<12:34, 10.21it/s]
[1A 30%|███       | 3350/11052 [05:20<12:47, 10.03it/s]
[1A                                                    
{'loss': 0.2943, 'grad_norm': 6.173402786254883, 'learning_rate': 1.4832499037350792e-05, 'epoch': 0.91}
[1A
[1A 30%|███       | 3350/11052 [05:20<12:47, 10.03it/s]
[1A 30%|███       | 3352/11052 [05:21<12:43, 10.08it/s]
[1A 30%|███       | 3354/11052 [05:21<12:21, 10.38it/s]
[1A 30%|███       | 3356/11052 [05:21<12:02, 10.65it/s]
[1A 30%|███       | 3358/11052 [05:21<11:50, 10.83it/s]
[1A 30%|███       | 3360/11052 [05:21<11:42, 10.95it/s]
[1A 30%|███       | 3362/11052 [05:21<11:39, 11.00it/s]
[1A 30%|███       | 3364/11052 [05:22<11:34, 11.07it/s]
[1A 30%|███       | 3366/11052 [05:22<11:32, 11.09it/s]
[1A 30%|███       | 3368/11052 [05:22<11:28, 11.17it/s]
[1A 30%|███       | 3370/11052 [05:22<11:26, 11.18it/s]
[1A 31%|███       | 3372/11052 [05:22<11:34, 11.06it/s]
[1A 31%|███       | 3374/11052 [05:23<11:47, 10.85it/s]
[1A 31%|███       | 3376/11052 [05:23<11:39, 10.97it/s]
[1A 31%|███       | 3378/11052 [05:23<12:03, 10.61it/s]
[1A 31%|███       | 3380/11052 [05:23<11:51, 10.79it/s]
[1A 31%|███       | 3382/11052 [05:23<11:40, 10.94it/s]
[1A 31%|███       | 3384/11052 [05:23<11:34, 11.03it/s]
[1A 31%|███       | 3386/11052 [05:24<11:32, 11.07it/s]
[1A 31%|███       | 3388/11052 [05:24<11:31, 11.09it/s]
[1A 31%|███       | 3390/11052 [05:24<11:29, 11.11it/s]
[1A 31%|███       | 3392/11052 [05:24<11:30, 11.09it/s]
[1A 31%|███       | 3394/11052 [05:24<12:01, 10.61it/s]
[1A 31%|███       | 3396/11052 [05:25<11:46, 10.83it/s]
[1A 31%|███       | 3398/11052 [05:25<11:37, 10.97it/s]
[1A 31%|███       | 3400/11052 [05:25<11:30, 11.09it/s]
[1A                                                    
{'loss': 0.253, 'grad_norm': 4.677962303161621, 'learning_rate': 1.4736234116288026e-05, 'epoch': 0.92}
[1A
[1A 31%|███       | 3400/11052 [05:25<11:30, 11.09it/s]
[1A 31%|███       | 3402/11052 [05:25<11:27, 11.13it/s]
[1A 31%|███       | 3404/11052 [05:25<11:26, 11.15it/s]
[1A 31%|███       | 3406/11052 [05:25<11:23, 11.19it/s]
[1A 31%|███       | 3408/11052 [05:26<11:19, 11.25it/s]
[1A 31%|███       | 3410/11052 [05:26<11:20, 11.22it/s]
[1A 31%|███       | 3412/11052 [05:26<11:22, 11.20it/s]
[1A 31%|███       | 3414/11052 [05:26<11:32, 11.03it/s]
[1A 31%|███       | 3416/11052 [05:26<11:28, 11.08it/s]
[1A 31%|███       | 3418/11052 [05:27<11:27, 11.11it/s]
[1A 31%|███       | 3420/11052 [05:27<11:25, 11.14it/s]
[1A 31%|███       | 3422/11052 [05:27<11:24, 11.15it/s]
[1A 31%|███       | 3424/11052 [05:27<11:24, 11.15it/s]
[1A 31%|███       | 3426/11052 [05:27<12:54,  9.84it/s]
[1A 31%|███       | 3428/11052 [05:28<12:34, 10.11it/s]
[1A 31%|███       | 3430/11052 [05:28<12:09, 10.44it/s]
[1A 31%|███       | 3432/11052 [05:28<11:54, 10.67it/s]
[1A 31%|███       | 3434/11052 [05:28<11:39, 10.89it/s]
[1A 31%|███       | 3436/11052 [05:28<11:57, 10.62it/s]
[1A 31%|███       | 3438/11052 [05:28<11:53, 10.67it/s]
[1A 31%|███       | 3440/11052 [05:29<11:42, 10.84it/s]
[1A 31%|███       | 3442/11052 [05:29<11:38, 10.90it/s]
[1A 31%|███       | 3444/11052 [05:29<11:27, 11.06it/s]
[1A 31%|███       | 3446/11052 [05:29<11:19, 11.19it/s]
[1A 31%|███       | 3448/11052 [05:29<11:15, 11.25it/s]
[1A 31%|███       | 3450/11052 [05:30<11:28, 11.04it/s]
[1A                                                    
{'loss': 0.3015, 'grad_norm': 2.2923896312713623, 'learning_rate': 1.463996919522526e-05, 'epoch': 0.94}
[1A
[1A 31%|███       | 3450/11052 [05:30<11:28, 11.04it/s]
[1A 31%|███       | 3452/11052 [05:30<11:37, 10.90it/s]
[1A 31%|███▏      | 3454/11052 [05:30<12:04, 10.49it/s]
[1A 31%|███▏      | 3456/11052 [05:30<11:51, 10.68it/s]
[1A 31%|███▏      | 3458/11052 [05:30<12:07, 10.43it/s]
[1A 31%|███▏      | 3460/11052 [05:30<11:55, 10.61it/s]
[1A 31%|███▏      | 3462/11052 [05:31<11:42, 10.80it/s]
[1A 31%|███▏      | 3464/11052 [05:31<11:53, 10.63it/s]
[1A 31%|███▏      | 3466/11052 [05:31<11:54, 10.61it/s]
[1A 31%|███▏      | 3468/11052 [05:31<12:11, 10.37it/s]
[1A 31%|███▏      | 3470/11052 [05:31<12:18, 10.26it/s]
[1A 31%|███▏      | 3472/11052 [05:32<11:59, 10.53it/s]
[1A 31%|███▏      | 3474/11052 [05:32<12:10, 10.37it/s]
[1A 31%|███▏      | 3476/11052 [05:32<11:57, 10.56it/s]
[1A 31%|███▏      | 3478/11052 [05:32<11:48, 10.68it/s]
[1A 31%|███▏      | 3480/11052 [05:32<11:41, 10.80it/s]
[1A 32%|███▏      | 3482/11052 [05:33<11:38, 10.84it/s]
[1A 32%|███▏      | 3484/11052 [05:33<11:35, 10.88it/s]
[1A 32%|███▏      | 3486/11052 [05:33<11:28, 10.99it/s]
[1A 32%|███▏      | 3488/11052 [05:33<11:31, 10.94it/s]
[1A 32%|███▏      | 3490/11052 [05:33<11:26, 11.01it/s]
[1A 32%|███▏      | 3492/11052 [05:33<11:48, 10.68it/s]
[1A 32%|███▏      | 3494/11052 [05:34<11:39, 10.81it/s]
[1A 32%|███▏      | 3496/11052 [05:34<11:35, 10.86it/s]
[1A 32%|███▏      | 3498/11052 [05:34<11:28, 10.98it/s]
[1A 32%|███▏      | 3500/11052 [05:34<11:29, 10.95it/s]
[1A                                                    
{'loss': 0.2761, 'grad_norm': 13.081133842468262, 'learning_rate': 1.4543704274162495e-05, 'epoch': 0.95}
[1A
[1A 32%|███▏      | 3500/11052 [05:34<11:29, 10.95it/s]
[1A 32%|███▏      | 3502/11052 [05:34<11:30, 10.93it/s]
[1A 32%|███▏      | 3504/11052 [05:35<11:25, 11.01it/s]
[1A 32%|███▏      | 3506/11052 [05:35<11:22, 11.05it/s]
[1A 32%|███▏      | 3508/11052 [05:35<11:19, 11.10it/s]
[1A 32%|███▏      | 3510/11052 [05:35<11:14, 11.18it/s]
[1A 32%|███▏      | 3512/11052 [05:35<11:11, 11.22it/s]
[1A 32%|███▏      | 3514/11052 [05:35<11:08, 11.28it/s]
[1A 32%|███▏      | 3516/11052 [05:36<11:13, 11.19it/s]
[1A 32%|███▏      | 3518/11052 [05:36<11:51, 10.59it/s]
[1A 32%|███▏      | 3520/11052 [05:36<11:37, 10.80it/s]
[1A 32%|███▏      | 3522/11052 [05:36<11:28, 10.94it/s]
[1A 32%|███▏      | 3524/11052 [05:36<11:25, 10.98it/s]
[1A 32%|███▏      | 3526/11052 [05:37<11:19, 11.08it/s]
[1A 32%|███▏      | 3528/11052 [05:37<11:19, 11.08it/s]
[1A 32%|███▏      | 3530/11052 [05:37<12:40,  9.89it/s]
[1A 32%|███▏      | 3532/11052 [05:37<12:13, 10.25it/s]
[1A 32%|███▏      | 3534/11052 [05:37<11:58, 10.46it/s]
[1A 32%|███▏      | 3536/11052 [05:38<11:48, 10.60it/s]
[1A 32%|███▏      | 3538/11052 [05:38<11:36, 10.78it/s]
[1A 32%|███▏      | 3540/11052 [05:38<11:30, 10.87it/s]
[1A 32%|███▏      | 3542/11052 [05:38<11:28, 10.91it/s]
[1A 32%|███▏      | 3544/11052 [05:38<11:22, 11.00it/s]
[1A 32%|███▏      | 3546/11052 [05:38<11:22, 11.00it/s]
[1A 32%|███▏      | 3548/11052 [05:39<11:33, 10.83it/s]
[1A 32%|███▏      | 3550/11052 [05:39<11:29, 10.88it/s]                        
{'loss': 0.2951, 'grad_norm': 12.781166076660156, 'learning_rate': 1.4447439353099733e-05, 'epoch': 0.96}
[1A
[1A 32%|███▏      | 3550/11052 [05:39<11:29, 10.88it/s]
[1A 32%|███▏      | 3552/11052 [05:39<11:28, 10.90it/s]
[1A 32%|███▏      | 3554/11052 [05:39<11:23, 10.97it/s]
[1A 32%|███▏      | 3556/11052 [05:39<11:20, 11.01it/s]
[1A 32%|███▏      | 3558/11052 [05:40<11:16, 11.08it/s]
[1A 32%|███▏      | 3560/11052 [05:40<11:15, 11.09it/s]
[1A 32%|███▏      | 3562/11052 [05:40<11:45, 10.62it/s]
[1A 32%|███▏      | 3564/11052 [05:40<11:36, 10.75it/s]
[1A 32%|███▏      | 3566/11052 [05:40<11:26, 10.91it/s]
[1A 32%|███▏      | 3568/11052 [05:40<11:22, 10.96it/s]
[1A 32%|███▏      | 3570/11052 [05:41<11:15, 11.07it/s]
[1A 32%|███▏      | 3572/11052 [05:41<11:14, 11.09it/s]
[1A 32%|███▏      | 3574/11052 [05:41<11:15, 11.06it/s]
[1A 32%|███▏      | 3576/11052 [05:41<11:11, 11.13it/s]
[1A 32%|███▏      | 3578/11052 [05:41<12:27, 10.00it/s]
[1A 32%|███▏      | 3580/11052 [05:42<12:03, 10.32it/s]
[1A 32%|███▏      | 3582/11052 [05:42<11:48, 10.54it/s]
[1A 32%|███▏      | 3584/11052 [05:42<11:36, 10.72it/s]
[1A 32%|███▏      | 3586/11052 [05:42<11:26, 10.87it/s]
[1A 32%|███▏      | 3588/11052 [05:42<11:18, 10.99it/s]
[1A 32%|███▏      | 3590/11052 [05:42<11:43, 10.61it/s]
[1A 33%|███▎      | 3592/11052 [05:43<11:31, 10.79it/s]
[1A 33%|███▎      | 3594/11052 [05:43<11:31, 10.78it/s]
[1A 33%|███▎      | 3596/11052 [05:43<11:31, 10.78it/s]
[1A 33%|███▎      | 3598/11052 [05:43<11:34, 10.74it/s]
[1A 33%|███▎      | 3600/11052 [05:43<11:42, 10.60it/s]
[1A                                                    
{'loss': 0.2694, 'grad_norm': 13.701905250549316, 'learning_rate': 1.4351174432036967e-05, 'epoch': 0.98}
[1A
[1A 33%|███▎      | 3600/11052 [05:43<11:42, 10.60it/s]
[1A 33%|███▎      | 3602/11052 [05:44<11:40, 10.63it/s]
[1A 33%|███▎      | 3604/11052 [05:44<11:38, 10.66it/s]
[1A 33%|███▎      | 3606/11052 [05:44<11:36, 10.69it/s]
[1A 33%|███▎      | 3608/11052 [05:44<11:54, 10.41it/s]
[1A 33%|███▎      | 3610/11052 [05:44<11:44, 10.56it/s]
[1A 33%|███▎      | 3612/11052 [05:45<11:36, 10.69it/s]
[1A 33%|███▎      | 3614/11052 [05:45<11:31, 10.76it/s]
[1A 33%|███▎      | 3616/11052 [05:45<12:14, 10.12it/s]
[1A 33%|███▎      | 3618/11052 [05:45<11:56, 10.38it/s]
[1A 33%|███▎      | 3620/11052 [05:45<11:37, 10.66it/s]
[1A 33%|███▎      | 3622/11052 [05:46<11:35, 10.68it/s]
[1A 33%|███▎      | 3624/11052 [05:46<11:29, 10.77it/s]
[1A 33%|███▎      | 3626/11052 [05:46<11:24, 10.85it/s]
[1A 33%|███▎      | 3628/11052 [05:46<11:22, 10.88it/s]
[1A 33%|███▎      | 3630/11052 [05:46<11:17, 10.95it/s]
[1A 33%|███▎      | 3632/11052 [05:46<11:16, 10.96it/s]
[1A 33%|███▎      | 3634/11052 [05:47<11:22, 10.87it/s]
[1A 33%|███▎      | 3636/11052 [05:47<11:23, 10.85it/s]
[1A 33%|███▎      | 3638/11052 [05:47<11:13, 11.00it/s]
[1A 33%|███▎      | 3640/11052 [05:47<11:11, 11.04it/s]
[1A 33%|███▎      | 3642/11052 [05:47<12:10, 10.14it/s]
[1A 33%|███▎      | 3644/11052 [05:48<11:51, 10.41it/s]
[1A 33%|███▎      | 3646/11052 [05:48<12:02, 10.25it/s]
[1A 33%|███▎      | 3648/11052 [05:48<11:51, 10.40it/s]
[1A 33%|███▎      | 3650/11052 [05:48<11:57, 10.32it/s]
[1A                                                    
{'loss': 0.2423, 'grad_norm': 24.533065795898438, 'learning_rate': 1.4254909510974202e-05, 'epoch': 0.99}
[1A
[1A 33%|███▎      | 3650/11052 [05:48<11:57, 10.32it/s]
[1A 33%|███▎      | 3652/11052 [05:48<11:47, 10.45it/s]
[1A 33%|███▎      | 3654/11052 [05:49<11:41, 10.55it/s]
[1A 33%|███▎      | 3656/11052 [05:49<12:08, 10.15it/s]
[1A 33%|███▎      | 3658/11052 [05:49<11:47, 10.45it/s]
[1A 33%|███▎      | 3660/11052 [05:49<11:38, 10.58it/s]
[1A 33%|███▎      | 3662/11052 [05:49<11:23, 10.82it/s]
[1A 33%|███▎      | 3664/11052 [05:50<12:29,  9.85it/s]
[1A 33%|███▎      | 3666/11052 [05:50<11:58, 10.28it/s]
[1A 33%|███▎      | 3668/11052 [05:50<11:42, 10.50it/s]
[1A 33%|███▎      | 3670/11052 [05:50<11:26, 10.75it/s]
[1A 33%|███▎      | 3672/11052 [05:50<11:18, 10.88it/s]
[1A 33%|███▎      | 3674/11052 [05:50<11:18, 10.87it/s]
[1A 33%|███▎      | 3676/11052 [05:51<11:40, 10.54it/s]
[1A 33%|███▎      | 3678/11052 [05:51<11:30, 10.67it/s]
[1A 33%|███▎      | 3680/11052 [05:51<11:23, 10.79it/s]
[1A 33%|███▎      | 3682/11052 [05:51<11:26, 10.73it/s]
[1A 33%|███▎      | 3684/11052 [05:52<15:11,  8.09it/s]

[1A
[1A  0%|          | 0/487 [00:00<?, ?it/s][A

[1A
[1A  1%|▏         | 7/487 [00:00<00:07, 65.24it/s][A

[1A
[1A  3%|▎         | 14/487 [00:00<00:08, 52.86it/s][A

[1A
[1A  4%|▍         | 20/487 [00:00<00:09, 50.93it/s][A

[1A
[1A  5%|▌         | 26/487 [00:00<00:10, 42.41it/s][A

[1A
[1A  6%|▋         | 31/487 [00:00<00:12, 37.04it/s][A

[1A
[1A  7%|▋         | 35/487 [00:00<00:12, 35.81it/s][A

[1A
[1A  8%|▊         | 40/487 [00:00<00:11, 38.52it/s][A

[1A
[1A  9%|▉         | 45/487 [00:01<00:11, 39.29it/s][A

[1A
[1A 10%|█         | 51/487 [00:01<00:09, 44.42it/s][A

[1A
[1A 12%|█▏        | 57/487 [00:01<00:09, 47.50it/s][A

[1A
[1A 13%|█▎        | 62/487 [00:01<00:08, 47.92it/s][A

[1A
[1A 14%|█▍        | 68/487 [00:01<00:08, 51.28it/s][A

[1A
[1A 15%|█▌        | 74/487 [00:01<00:09, 44.85it/s][A

[1A
[1A 16%|█▌        | 79/487 [00:01<00:09, 41.61it/s][A

[1A
[1A 17%|█▋        | 84/487 [00:01<00:09, 41.85it/s][A

[1A
[1A 18%|█▊        | 89/487 [00:02<00:09, 43.43it/s][A

[1A
[1A 19%|█▉        | 94/487 [00:02<00:09, 42.24it/s][A

[1A
[1A 20%|██        | 99/487 [00:02<00:09, 42.87it/s][A

[1A
[1A 21%|██▏       | 104/487 [00:02<00:10, 37.60it/s][A

[1A
[1A 22%|██▏       | 108/487 [00:02<00:10, 36.07it/s][A

[1A
[1A 23%|██▎       | 114/487 [00:02<00:09, 40.58it/s][A

[1A
[1A 24%|██▍       | 119/487 [00:02<00:08, 41.20it/s][A

[1A
[1A 25%|██▌       | 124/487 [00:02<00:08, 42.47it/s][A

[1A
[1A 26%|██▋       | 129/487 [00:03<00:09, 39.55it/s][A

[1A
[1A 28%|██▊       | 135/487 [00:03<00:07, 44.42it/s][A

[1A
[1A 29%|██▊       | 140/487 [00:03<00:08, 41.81it/s][A

[1A
[1A 30%|██▉       | 145/487 [00:03<00:09, 37.35it/s][A

[1A
[1A 31%|███       | 149/487 [00:03<00:09, 35.20it/s][A

[1A
[1A 32%|███▏      | 154/487 [00:03<00:08, 38.28it/s][A

[1A
[1A 32%|███▏      | 158/487 [00:03<00:09, 36.37it/s][A

[1A
[1A 33%|███▎      | 162/487 [00:03<00:09, 34.42it/s][A

[1A
[1A 34%|███▍      | 167/487 [00:04<00:08, 36.83it/s][A

[1A
[1A 35%|███▌      | 172/487 [00:04<00:08, 38.57it/s][A

[1A
[1A 36%|███▌      | 176/487 [00:04<00:07, 38.94it/s][A

[1A
[1A 37%|███▋      | 182/487 [00:04<00:07, 42.41it/s][A

[1A
[1A 38%|███▊      | 187/487 [00:04<00:09, 32.45it/s][A

[1A
[1A 39%|███▉      | 192/487 [00:04<00:08, 33.44it/s][A

[1A
[1A 41%|████      | 198/487 [00:04<00:07, 38.01it/s][A

[1A
[1A 42%|████▏     | 203/487 [00:05<00:08, 34.65it/s][A

[1A
[1A 43%|████▎     | 208/487 [00:05<00:07, 36.96it/s][A

[1A
[1A 44%|████▎     | 213/487 [00:05<00:06, 39.54it/s][A

[1A
[1A 45%|████▍     | 218/487 [00:05<00:06, 39.80it/s][A

[1A
[1A 46%|████▌     | 223/487 [00:05<00:07, 36.35it/s][A

[1A
[1A 47%|████▋     | 227/487 [00:05<00:07, 35.07it/s][A

[1A
[1A 48%|████▊     | 232/487 [00:05<00:06, 38.05it/s][A

[1A
[1A 49%|████▊     | 237/487 [00:05<00:06, 40.90it/s][A

[1A
[1A 50%|████▉     | 242/487 [00:06<00:06, 37.88it/s][A

[1A
[1A 51%|█████     | 247/487 [00:06<00:06, 40.00it/s][A

[1A
[1A 52%|█████▏    | 252/487 [00:06<00:06, 37.72it/s][A

[1A
[1A 53%|█████▎    | 256/487 [00:06<00:06, 37.91it/s][A

[1A
[1A 53%|█████▎    | 260/487 [00:06<00:06, 36.20it/s][A

[1A
[1A 54%|█████▍    | 264/487 [00:06<00:06, 37.11it/s][A

[1A
[1A 55%|█████▌    | 269/487 [00:06<00:05, 39.87it/s][A

[1A
[1A 56%|█████▋    | 274/487 [00:06<00:05, 36.45it/s][A

[1A
[1A 57%|█████▋    | 278/487 [00:07<00:05, 36.43it/s][A

[1A
[1A 58%|█████▊    | 282/487 [00:07<00:05, 36.46it/s][A

[1A
[1A 59%|█████▊    | 286/487 [00:07<00:05, 35.16it/s][A

[1A
[1A 60%|██████    | 293/487 [00:07<00:04, 43.12it/s][A

[1A
[1A 61%|██████    | 298/487 [00:07<00:04, 40.19it/s][A

[1A
[1A 62%|██████▏   | 303/487 [00:07<00:04, 42.33it/s][A

[1A
[1A 63%|██████▎   | 308/487 [00:07<00:04, 36.76it/s][A

[1A
[1A 64%|██████▍   | 313/487 [00:07<00:04, 37.65it/s][A

[1A
[1A 65%|██████▌   | 317/487 [00:08<00:04, 37.00it/s][A

[1A
[1A 66%|██████▌   | 322/487 [00:08<00:04, 39.08it/s][A

[1A
[1A 67%|██████▋   | 326/487 [00:08<00:04, 37.53it/s][A

[1A
[1A 68%|██████▊   | 331/487 [00:08<00:04, 38.69it/s][A

[1A
[1A 69%|██████▉   | 337/487 [00:08<00:03, 41.98it/s][A

[1A
[1A 70%|███████   | 342/487 [00:08<00:03, 39.99it/s][A

[1A
[1A 71%|███████▏  | 347/487 [00:08<00:03, 40.48it/s][A

[1A
[1A 72%|███████▏  | 352/487 [00:08<00:03, 40.31it/s][A

[1A
[1A 73%|███████▎  | 357/487 [00:09<00:03, 42.20it/s][A

[1A
[1A 74%|███████▍  | 362/487 [00:09<00:02, 43.91it/s][A

[1A
[1A 75%|███████▌  | 367/487 [00:09<00:03, 38.79it/s][A

[1A
[1A 76%|███████▋  | 372/487 [00:09<00:02, 41.32it/s][A

[1A
[1A 77%|███████▋  | 377/487 [00:09<00:02, 37.90it/s][A

[1A
[1A 78%|███████▊  | 382/487 [00:09<00:02, 37.90it/s][A

[1A
[1A 79%|███████▉  | 387/487 [00:09<00:02, 36.79it/s][A

[1A
[1A 80%|████████  | 391/487 [00:09<00:02, 36.59it/s][A

[1A
[1A 81%|████████▏ | 396/487 [00:10<00:02, 38.47it/s][A

[1A
[1A 82%|████████▏ | 400/487 [00:10<00:02, 36.76it/s][A

[1A
[1A 83%|████████▎ | 404/487 [00:10<00:02, 35.59it/s][A

[1A
[1A 84%|████████▍ | 408/487 [00:10<00:02, 35.90it/s][A

[1A
[1A 85%|████████▍ | 412/487 [00:10<00:02, 33.88it/s][A

[1A
[1A 85%|████████▌ | 416/487 [00:10<00:02, 35.40it/s][A

[1A
[1A 86%|████████▋ | 421/487 [00:10<00:01, 38.85it/s][A

[1A
[1A 87%|████████▋ | 425/487 [00:10<00:01, 37.34it/s][A

[1A
[1A 89%|████████▊ | 431/487 [00:10<00:01, 39.45it/s][A

[1A
[1A 89%|████████▉ | 435/487 [00:11<00:01, 38.33it/s][A

[1A
[1A 90%|█████████ | 439/487 [00:11<00:01, 38.14it/s][A

[1A
[1A 91%|█████████ | 444/487 [00:11<00:01, 41.06it/s][A

[1A
[1A 92%|█████████▏| 450/487 [00:11<00:00, 45.34it/s][A

[1A
[1A 94%|█████████▎| 456/487 [00:11<00:00, 45.11it/s][A

[1A
[1A 95%|█████████▍| 461/487 [00:11<00:00, 45.31it/s][A

[1A
[1A 96%|█████████▌| 466/487 [00:11<00:00, 35.71it/s][A

[1A
[1A 97%|█████████▋| 472/487 [00:11<00:00, 41.09it/s][A

[1A
[1A 98%|█████████▊| 477/487 [00:12<00:00, 38.70it/s][A

[1A
[1A 99%|█████████▉| 482/487 [00:12<00:00, 40.46it/s][A

[1A
[1A100%|██████████| 487/487 [00:12<00:00, 35.75it/s][A
[1A                                                    
[1A

[1A                                                 
[1A
{'eval_loss': 0.36574116349220276, 'eval_accuracy': 0.8507156151723253, 'eval_f1_macro': 0.8478261771414628, 'eval_precision_macro': 0.8513627074609744, 'eval_recall_macro': 0.8457522394242047, 'eval_runtime': 12.4841, 'eval_samples_per_second': 1248.066, 'eval_steps_per_second': 39.01, 'epoch': 1.0}
[1A[A 33%|███▎      | 3684/11052 [06:04<15:11,  8.09it/s]

[1A100%|██████████| 487/487 [00:12<00:00, 35.75it/s][A

[1A
[1A                                                 [A
[1A 33%|███▎      | 3685/11052 [06:08<6:16:23,  3.07s/it]
[1A 33%|███▎      | 3687/11052 [06:09<4:14:02,  2.07s/it]
[1A 33%|███▎      | 3689/11052 [06:09<2:55:28,  1.43s/it]
[1A 33%|███▎      | 3690/11052 [06:09<2:25:24,  1.19s/it]
[1A 33%|███▎      | 3691/11052 [06:09<1:57:32,  1.04it/s]
[1A 33%|███▎      | 3693/11052 [06:09<1:17:24,  1.58it/s]
[1A 33%|███▎      | 3695/11052 [06:09<54:11,  2.26it/s]  
[1A 33%|███▎      | 3697/11052 [06:10<39:50,  3.08it/s]
[1A 33%|███▎      | 3699/11052 [06:10<30:31,  4.01it/s]
[1A                                                    
{'loss': 0.2301, 'grad_norm': 9.635335922241211, 'learning_rate': 1.4158644589911436e-05, 'epoch': 1.0}
[1A
[1A 33%|███▎      | 3700/11052 [06:10<30:31,  4.01it/s]
[1A 33%|███▎      | 3701/11052 [06:10<24:34,  4.98it/s]
[1A 34%|███▎      | 3703/11052 [06:10<20:48,  5.89it/s]
[1A 34%|███▎      | 3705/11052 [06:10<18:06,  6.76it/s]
[1A 34%|███▎      | 3707/11052 [06:11<17:28,  7.01it/s]
[1A 34%|███▎      | 3708/11052 [06:11<16:47,  7.29it/s]
[1A 34%|███▎      | 3710/11052 [06:11<15:06,  8.10it/s]
[1A 34%|███▎      | 3712/11052 [06:11<13:53,  8.80it/s]
[1A 34%|███▎      | 3713/11052 [06:11<13:56,  8.77it/s]
[1A 34%|███▎      | 3715/11052 [06:11<12:56,  9.45it/s]
[1A 34%|███▎      | 3717/11052 [06:12<12:16,  9.95it/s]
[1A 34%|███▎      | 3719/11052 [06:12<11:51, 10.31it/s]
[1A 34%|███▎      | 3721/11052 [06:12<12:04, 10.12it/s]
[1A 34%|███▎      | 3723/11052 [06:12<11:56, 10.23it/s]
[1A 34%|███▎      | 3725/11052 [06:12<11:38, 10.49it/s]
[1A 34%|███▎      | 3727/11052 [06:12<11:29, 10.62it/s]
[1A 34%|███▎      | 3729/11052 [06:13<11:30, 10.60it/s]
[1A 34%|███▍      | 3731/11052 [06:13<11:20, 10.76it/s]
[1A 34%|███▍      | 3733/11052 [06:13<12:09, 10.04it/s]
[1A 34%|███▍      | 3735/11052 [06:13<12:53,  9.46it/s]
[1A 34%|███▍      | 3736/11052 [06:13<12:54,  9.45it/s]
[1A 34%|███▍      | 3737/11052 [06:13<12:48,  9.51it/s]
[1A 34%|███▍      | 3739/11052 [06:14<12:17,  9.92it/s]
[1A 34%|███▍      | 3741/11052 [06:14<11:50, 10.29it/s]
[1A 34%|███▍      | 3743/11052 [06:14<12:38,  9.63it/s]
[1A 34%|███▍      | 3745/11052 [06:14<12:13,  9.97it/s]
[1A 34%|███▍      | 3747/11052 [06:14<11:50, 10.29it/s]
[1A 34%|███▍      | 3749/11052 [06:15<11:38, 10.46it/s]
[1A                                                    
{'loss': 0.2328, 'grad_norm': 14.208440780639648, 'learning_rate': 1.4062379668848674e-05, 'epoch': 1.02}
[1A
[1A 34%|███▍      | 3750/11052 [06:15<11:38, 10.46it/s]
[1A 34%|███▍      | 3751/11052 [06:15<11:31, 10.56it/s]
[1A 34%|███▍      | 3753/11052 [06:15<11:56, 10.19it/s]
[1A 34%|███▍      | 3755/11052 [06:15<11:34, 10.51it/s]
[1A 34%|███▍      | 3757/11052 [06:15<11:15, 10.80it/s]
[1A 34%|███▍      | 3759/11052 [06:16<11:04, 10.98it/s]
[1A 34%|███▍      | 3761/11052 [06:16<11:02, 11.00it/s]
[1A 34%|███▍      | 3763/11052 [06:16<10:59, 11.05it/s]
[1A 34%|███▍      | 3765/11052 [06:16<11:04, 10.97it/s]
[1A 34%|███▍      | 3767/11052 [06:16<11:17, 10.75it/s]
[1A 34%|███▍      | 3769/11052 [06:16<11:10, 10.86it/s]
[1A 34%|███▍      | 3771/11052 [06:17<11:06, 10.92it/s]
[1A 34%|███▍      | 3773/11052 [06:17<10:59, 11.03it/s]
[1A 34%|███▍      | 3775/11052 [06:17<11:30, 10.54it/s]
[1A 34%|███▍      | 3777/11052 [06:17<11:15, 10.78it/s]
[1A 34%|███▍      | 3779/11052 [06:17<11:05, 10.93it/s]
[1A 34%|███▍      | 3781/11052 [06:18<11:02, 10.97it/s]
[1A 34%|███▍      | 3783/11052 [06:18<10:54, 11.10it/s]
[1A 34%|███▍      | 3785/11052 [06:18<10:52, 11.13it/s]
[1A 34%|███▍      | 3787/11052 [06:18<10:49, 11.19it/s]
[1A 34%|███▍      | 3789/11052 [06:18<10:49, 11.18it/s]
[1A 34%|███▍      | 3791/11052 [06:18<10:48, 11.20it/s]
[1A 34%|███▍      | 3793/11052 [06:19<13:14,  9.13it/s]
[1A 34%|███▍      | 3795/11052 [06:19<12:28,  9.70it/s]
[1A 34%|███▍      | 3797/11052 [06:19<12:20,  9.80it/s]
[1A 34%|███▍      | 3799/11052 [06:19<11:47, 10.25it/s]
[1A                                                    
{'loss': 0.22, 'grad_norm': 11.237397193908691, 'learning_rate': 1.3966114747785909e-05, 'epoch': 1.03}
[1A
[1A 34%|███▍      | 3800/11052 [06:19<11:47, 10.25it/s]
[1A 34%|███▍      | 3801/11052 [06:20<11:25, 10.58it/s]
[1A 34%|███▍      | 3803/11052 [06:20<11:10, 10.81it/s]
[1A 34%|███▍      | 3805/11052 [06:20<11:04, 10.91it/s]
[1A 34%|███▍      | 3807/11052 [06:20<12:49,  9.41it/s]
[1A 34%|███▍      | 3809/11052 [06:20<12:06,  9.97it/s]
[1A 34%|███▍      | 3811/11052 [06:20<11:44, 10.28it/s]
[1A 35%|███▍      | 3813/11052 [06:21<11:32, 10.46it/s]
[1A 35%|███▍      | 3815/11052 [06:21<12:35,  9.58it/s]
[1A 35%|███▍      | 3816/11052 [06:21<13:01,  9.26it/s]
[1A 35%|███▍      | 3818/11052 [06:21<12:20,  9.76it/s]
[1A 35%|███▍      | 3820/11052 [06:21<12:09,  9.92it/s]
[1A 35%|███▍      | 3822/11052 [06:22<11:51, 10.16it/s]
[1A 35%|███▍      | 3824/11052 [06:22<11:33, 10.42it/s]
[1A 35%|███▍      | 3826/11052 [06:22<11:21, 10.61it/s]
[1A 35%|███▍      | 3828/11052 [06:22<11:17, 10.66it/s]
[1A 35%|███▍      | 3830/11052 [06:22<11:16, 10.67it/s]
[1A 35%|███▍      | 3832/11052 [06:23<11:41, 10.29it/s]
[1A 35%|███▍      | 3834/11052 [06:23<11:26, 10.51it/s]
[1A 35%|███▍      | 3836/11052 [06:23<11:12, 10.73it/s]
[1A 35%|███▍      | 3838/11052 [06:23<11:02, 10.90it/s]
[1A 35%|███▍      | 3840/11052 [06:23<10:58, 10.96it/s]
[1A 35%|███▍      | 3842/11052 [06:23<11:02, 10.88it/s]
[1A 35%|███▍      | 3844/11052 [06:24<11:33, 10.40it/s]
[1A 35%|███▍      | 3846/11052 [06:24<11:20, 10.59it/s]
[1A 35%|███▍      | 3848/11052 [06:24<11:13, 10.69it/s]
[1A 35%|███▍      | 3850/11052 [06:24<11:04, 10.85it/s]
[1A                                                    
{'loss': 0.2438, 'grad_norm': 6.500383377075195, 'learning_rate': 1.3869849826723143e-05, 'epoch': 1.05}
[1A
[1A 35%|███▍      | 3850/11052 [06:24<11:04, 10.85it/s]
[1A 35%|███▍      | 3852/11052 [06:24<11:12, 10.70it/s]
[1A 35%|███▍      | 3854/11052 [06:25<11:18, 10.61it/s]
[1A 35%|███▍      | 3856/11052 [06:25<11:14, 10.66it/s]
[1A 35%|███▍      | 3858/11052 [06:25<11:06, 10.80it/s]
[1A 35%|███▍      | 3860/11052 [06:25<11:06, 10.79it/s]
[1A 35%|███▍      | 3862/11052 [06:25<10:56, 10.96it/s]
[1A 35%|███▍      | 3864/11052 [06:26<10:56, 10.94it/s]
[1A 35%|███▍      | 3866/11052 [06:26<10:55, 10.97it/s]
[1A 35%|███▍      | 3868/11052 [06:26<10:51, 11.03it/s]
[1A 35%|███▌      | 3870/11052 [06:26<11:09, 10.73it/s]
[1A 35%|███▌      | 3872/11052 [06:26<11:46, 10.17it/s]
[1A 35%|███▌      | 3874/11052 [06:27<12:32,  9.54it/s]
[1A 35%|███▌      | 3875/11052 [06:27<12:32,  9.54it/s]
[1A 35%|███▌      | 3876/11052 [06:27<12:26,  9.61it/s]
[1A 35%|███▌      | 3877/11052 [06:27<12:23,  9.66it/s]
[1A 35%|███▌      | 3878/11052 [06:27<12:31,  9.55it/s]
[1A 35%|███▌      | 3879/11052 [06:27<12:58,  9.22it/s]
[1A 35%|███▌      | 3880/11052 [06:27<13:17,  9.00it/s]
[1A 35%|███▌      | 3882/11052 [06:27<12:25,  9.62it/s]
[1A 35%|███▌      | 3884/11052 [06:28<11:58,  9.98it/s]
[1A 35%|███▌      | 3885/11052 [06:28<12:17,  9.72it/s]
[1A 35%|███▌      | 3887/11052 [06:28<11:41, 10.21it/s]
[1A 35%|███▌      | 3889/11052 [06:28<11:14, 10.62it/s]
[1A 35%|███▌      | 3891/11052 [06:28<11:07, 10.73it/s]
[1A 35%|███▌      | 3893/11052 [06:28<11:20, 10.52it/s]
[1A 35%|███▌      | 3895/11052 [06:29<11:07, 10.72it/s]
[1A 35%|███▌      | 3897/11052 [06:29<11:01, 10.82it/s]
[1A 35%|███▌      | 3899/11052 [06:29<10:53, 10.95it/s]
[1A                                                    
{'loss': 0.2465, 'grad_norm': 5.437830448150635, 'learning_rate': 1.3773584905660378e-05, 'epoch': 1.06}
[1A
[1A 35%|███▌      | 3900/11052 [06:29<10:53, 10.95it/s]
[1A 35%|███▌      | 3901/11052 [06:29<11:25, 10.43it/s]
[1A 35%|███▌      | 3903/11052 [06:29<11:17, 10.56it/s]
[1A 35%|███▌      | 3905/11052 [06:30<11:15, 10.58it/s]
[1A 35%|███▌      | 3907/11052 [06:30<11:06, 10.71it/s]
[1A 35%|███▌      | 3909/11052 [06:30<11:02, 10.78it/s]
[1A 35%|███▌      | 3911/11052 [06:30<10:58, 10.85it/s]
[1A 35%|███▌      | 3913/11052 [06:30<12:05,  9.83it/s]
[1A 35%|███▌      | 3915/11052 [06:31<11:49, 10.05it/s]
[1A 35%|███▌      | 3917/11052 [06:31<11:27, 10.38it/s]
[1A 35%|███▌      | 3919/11052 [06:31<11:13, 10.59it/s]
[1A 35%|███▌      | 3921/11052 [06:31<10:59, 10.81it/s]
[1A 35%|███▌      | 3923/11052 [06:31<11:20, 10.47it/s]
[1A 36%|███▌      | 3925/11052 [06:31<11:03, 10.73it/s]
[1A 36%|███▌      | 3927/11052 [06:32<10:53, 10.90it/s]
[1A 36%|███▌      | 3929/11052 [06:32<10:59, 10.80it/s]
[1A 36%|███▌      | 3931/11052 [06:32<10:50, 10.95it/s]
[1A 36%|███▌      | 3933/11052 [06:32<10:41, 11.09it/s]
[1A 36%|███▌      | 3935/11052 [06:32<10:37, 11.16it/s]
[1A 36%|███▌      | 3937/11052 [06:33<10:44, 11.05it/s]
[1A 36%|███▌      | 3939/11052 [06:33<10:43, 11.05it/s]
[1A 36%|███▌      | 3941/11052 [06:33<10:41, 11.08it/s]
[1A 36%|███▌      | 3943/11052 [06:33<10:53, 10.88it/s]
[1A 36%|███▌      | 3945/11052 [06:33<10:45, 11.01it/s]
[1A 36%|███▌      | 3947/11052 [06:33<10:49, 10.94it/s]
[1A 36%|███▌      | 3949/11052 [06:34<10:44, 11.01it/s]
[1A                                                    
{'loss': 0.2291, 'grad_norm': 3.9977710247039795, 'learning_rate': 1.3677319984597614e-05, 'epoch': 1.07}
[1A
[1A 36%|███▌      | 3950/11052 [06:34<10:44, 11.01it/s]
[1A 36%|███▌      | 3951/11052 [06:34<11:17, 10.48it/s]
[1A 36%|███▌      | 3953/11052 [06:34<11:01, 10.73it/s]
[1A 36%|███▌      | 3955/11052 [06:34<10:51, 10.89it/s]
[1A 36%|███▌      | 3957/11052 [06:34<10:43, 11.03it/s]
[1A 36%|███▌      | 3959/11052 [06:35<10:49, 10.92it/s]
[1A 36%|███▌      | 3961/11052 [06:35<10:54, 10.84it/s]
[1A 36%|███▌      | 3963/11052 [06:35<11:05, 10.65it/s]
[1A 36%|███▌      | 3965/11052 [06:35<10:50, 10.90it/s]
[1A 36%|███▌      | 3967/11052 [06:35<10:40, 11.07it/s]
[1A 36%|███▌      | 3969/11052 [06:35<10:51, 10.87it/s]
[1A 36%|███▌      | 3971/11052 [06:36<10:56, 10.79it/s]
[1A 36%|███▌      | 3973/11052 [06:36<10:52, 10.84it/s]
[1A 36%|███▌      | 3975/11052 [06:36<12:04,  9.77it/s]
[1A 36%|███▌      | 3977/11052 [06:36<11:40, 10.10it/s]
[1A 36%|███▌      | 3979/11052 [06:36<11:27, 10.29it/s]
[1A 36%|███▌      | 3981/11052 [06:37<11:17, 10.44it/s]
[1A 36%|███▌      | 3983/11052 [06:37<11:35, 10.16it/s]
[1A 36%|███▌      | 3985/11052 [06:37<11:25, 10.31it/s]
[1A 36%|███▌      | 3987/11052 [06:37<12:08,  9.70it/s]
[1A 36%|███▌      | 3989/11052 [06:37<11:45, 10.01it/s]
[1A 36%|███▌      | 3991/11052 [06:38<11:24, 10.32it/s]
[1A 36%|███▌      | 3993/11052 [06:38<11:09, 10.54it/s]
[1A 36%|███▌      | 3995/11052 [06:38<10:55, 10.76it/s]
[1A 36%|███▌      | 3997/11052 [06:38<10:48, 10.89it/s]
[1A 36%|███▌      | 3999/11052 [06:38<10:41, 10.99it/s]
[1A                                                    
{'loss': 0.2167, 'grad_norm': 15.800850868225098, 'learning_rate': 1.358105506353485e-05, 'epoch': 1.09}
[1A
[1A 36%|███▌      | 4000/11052 [06:38<10:41, 10.99it/s]
[1A 36%|███▌      | 4001/11052 [06:39<10:42, 10.98it/s]
[1A 36%|███▌      | 4003/11052 [06:39<10:44, 10.94it/s]
[1A 36%|███▌      | 4005/11052 [06:39<10:45, 10.91it/s]
[1A 36%|███▋      | 4007/11052 [06:39<10:42, 10.97it/s]
[1A 36%|███▋      | 4009/11052 [06:39<10:36, 11.06it/s]
[1A 36%|███▋      | 4011/11052 [06:39<10:31, 11.15it/s]
[1A 36%|███▋      | 4013/11052 [06:40<10:49, 10.83it/s]
[1A 36%|███▋      | 4015/11052 [06:40<10:49, 10.84it/s]
[1A 36%|███▋      | 4017/11052 [06:40<10:40, 10.99it/s]
[1A 36%|███▋      | 4019/11052 [06:40<10:37, 11.03it/s]
[1A 36%|███▋      | 4021/11052 [06:40<10:32, 11.11it/s]
[1A 36%|███▋      | 4023/11052 [06:41<10:32, 11.11it/s]
[1A 36%|███▋      | 4025/11052 [06:41<10:32, 11.10it/s]
[1A 36%|███▋      | 4027/11052 [06:41<10:32, 11.10it/s]
[1A 36%|███▋      | 4029/11052 [06:41<10:31, 11.12it/s]
[1A 36%|███▋      | 4031/11052 [06:41<10:31, 11.12it/s]
[1A 36%|███▋      | 4033/11052 [06:41<10:29, 11.15it/s]
[1A 37%|███▋      | 4035/11052 [06:42<10:29, 11.15it/s]
[1A 37%|███▋      | 4037/11052 [06:42<10:36, 11.01it/s]
[1A 37%|███▋      | 4039/11052 [06:42<10:31, 11.11it/s]
[1A 37%|███▋      | 4041/11052 [06:42<10:26, 11.19it/s]
[1A 37%|███▋      | 4043/11052 [06:42<10:22, 11.26it/s]
[1A 37%|███▋      | 4045/11052 [06:42<10:29, 11.13it/s]
[1A 37%|███▋      | 4047/11052 [06:43<10:30, 11.12it/s]
[1A 37%|███▋      | 4049/11052 [06:43<10:29, 11.13it/s]
[1A                                                    
{'loss': 0.2378, 'grad_norm': 8.550230026245117, 'learning_rate': 1.3484790142472085e-05, 'epoch': 1.1}
[1A
[1A 37%|███▋      | 4050/11052 [06:43<10:29, 11.13it/s]
[1A 37%|███▋      | 4051/11052 [06:43<10:31, 11.09it/s]
[1A 37%|███▋      | 4053/11052 [06:43<10:31, 11.08it/s]
[1A 37%|███▋      | 4055/11052 [06:43<10:28, 11.14it/s]
[1A 37%|███▋      | 4057/11052 [06:44<10:26, 11.16it/s]
[1A 37%|███▋      | 4059/11052 [06:44<11:48,  9.87it/s]
[1A 37%|███▋      | 4061/11052 [06:44<11:21, 10.26it/s]
[1A 37%|███▋      | 4063/11052 [06:44<11:00, 10.58it/s]
[1A 37%|███▋      | 4065/11052 [06:44<10:48, 10.77it/s]
[1A 37%|███▋      | 4067/11052 [06:45<10:47, 10.78it/s]
[1A 37%|███▋      | 4069/11052 [06:45<11:10, 10.42it/s]
[1A 37%|███▋      | 4071/11052 [06:45<10:58, 10.60it/s]
[1A 37%|███▋      | 4073/11052 [06:45<11:24, 10.20it/s]
[1A 37%|███▋      | 4075/11052 [06:45<11:04, 10.50it/s]
[1A 37%|███▋      | 4077/11052 [06:46<10:52, 10.69it/s]
[1A 37%|███▋      | 4079/11052 [06:46<10:47, 10.77it/s]
[1A 37%|███▋      | 4081/11052 [06:46<11:10, 10.39it/s]
[1A 37%|███▋      | 4083/11052 [06:46<10:58, 10.59it/s]
[1A 37%|███▋      | 4085/11052 [06:46<10:52, 10.68it/s]
[1A 37%|███▋      | 4087/11052 [06:46<10:46, 10.78it/s]
[1A 37%|███▋      | 4089/11052 [06:47<10:41, 10.86it/s]
[1A 37%|███▋      | 4091/11052 [06:47<10:58, 10.57it/s]
[1A 37%|███▋      | 4093/11052 [06:47<10:48, 10.73it/s]
[1A 37%|███▋      | 4095/11052 [06:47<10:55, 10.61it/s]
[1A 37%|███▋      | 4097/11052 [06:47<10:47, 10.74it/s]
[1A 37%|███▋      | 4099/11052 [06:48<10:39, 10.87it/s]
[1A                                                    
{'loss': 0.2043, 'grad_norm': 1.5346596240997314, 'learning_rate': 1.3388525221409319e-05, 'epoch': 1.11}
[1A
[1A 37%|███▋      | 4100/11052 [06:48<10:39, 10.87it/s]
[1A 37%|███▋      | 4101/11052 [06:48<12:20,  9.39it/s]
[1A 37%|███▋      | 4103/11052 [06:48<11:47,  9.82it/s]
[1A 37%|███▋      | 4105/11052 [06:48<11:20, 10.22it/s]
[1A 37%|███▋      | 4107/11052 [06:48<11:03, 10.47it/s]
[1A 37%|███▋      | 4109/11052 [06:49<11:20, 10.20it/s]
[1A 37%|███▋      | 4111/11052 [06:49<11:02, 10.48it/s]
[1A 37%|███▋      | 4113/11052 [06:49<10:49, 10.68it/s]
[1A 37%|███▋      | 4115/11052 [06:49<10:38, 10.86it/s]
[1A 37%|███▋      | 4117/11052 [06:49<10:55, 10.58it/s]
[1A 37%|███▋      | 4119/11052 [06:50<12:15,  9.43it/s]
[1A 37%|███▋      | 4121/11052 [06:50<11:34,  9.98it/s]
[1A 37%|███▋      | 4123/11052 [06:50<11:06, 10.40it/s]
[1A 37%|███▋      | 4125/11052 [06:50<10:52, 10.61it/s]
[1A 37%|███▋      | 4127/11052 [06:50<10:40, 10.82it/s]
[1A 37%|███▋      | 4129/11052 [06:50<10:43, 10.76it/s]
[1A 37%|███▋      | 4131/11052 [06:51<10:42, 10.78it/s]
[1A 37%|███▋      | 4133/11052 [06:51<10:32, 10.93it/s]
[1A 37%|███▋      | 4135/11052 [06:51<10:24, 11.08it/s]
[1A 37%|███▋      | 4137/11052 [06:51<10:17, 11.20it/s]
[1A 37%|███▋      | 4139/11052 [06:51<10:17, 11.19it/s]
[1A 37%|███▋      | 4141/11052 [06:52<10:52, 10.59it/s]
[1A 37%|███▋      | 4143/11052 [06:52<10:36, 10.86it/s]
[1A 38%|███▊      | 4145/11052 [06:52<10:30, 10.96it/s]
[1A 38%|███▊      | 4147/11052 [06:52<10:50, 10.61it/s]
[1A 38%|███▊      | 4149/11052 [06:52<10:39, 10.80it/s]
[1A                                                    
{'loss': 0.2087, 'grad_norm': 8.424457550048828, 'learning_rate': 1.3292260300346555e-05, 'epoch': 1.13}
[1A
[1A 38%|███▊      | 4150/11052 [06:52<10:39, 10.80it/s]
[1A 38%|███▊      | 4151/11052 [06:52<10:35, 10.86it/s]
[1A 38%|███▊      | 4153/11052 [06:53<10:25, 11.03it/s]
[1A 38%|███▊      | 4155/11052 [06:53<10:24, 11.04it/s]
[1A 38%|███▊      | 4157/11052 [06:53<10:18, 11.15it/s]
[1A 38%|███▊      | 4159/11052 [06:53<10:29, 10.95it/s]
[1A 38%|███▊      | 4161/11052 [06:53<10:51, 10.57it/s]
[1A 38%|███▊      | 4163/11052 [06:54<10:38, 10.78it/s]
[1A 38%|███▊      | 4165/11052 [06:54<10:30, 10.93it/s]
[1A 38%|███▊      | 4167/11052 [06:54<10:25, 11.01it/s]
[1A 38%|███▊      | 4169/11052 [06:54<10:45, 10.67it/s]
[1A 38%|███▊      | 4171/11052 [06:54<10:37, 10.79it/s]
[1A 38%|███▊      | 4173/11052 [06:55<10:56, 10.48it/s]
[1A 38%|███▊      | 4175/11052 [06:55<11:02, 10.38it/s]
[1A 38%|███▊      | 4177/11052 [06:55<11:19, 10.12it/s]
[1A 38%|███▊      | 4179/11052 [06:55<11:31,  9.94it/s]
[1A 38%|███▊      | 4180/11052 [06:55<11:37,  9.85it/s]
[1A 38%|███▊      | 4182/11052 [06:55<11:50,  9.67it/s]
[1A 38%|███▊      | 4183/11052 [06:56<11:47,  9.71it/s]
[1A 38%|███▊      | 4185/11052 [06:56<11:18, 10.12it/s]
[1A 38%|███▊      | 4187/11052 [06:56<11:07, 10.28it/s]
[1A 38%|███▊      | 4189/11052 [06:56<10:59, 10.41it/s]
[1A 38%|███▊      | 4191/11052 [06:56<10:49, 10.56it/s]
[1A 38%|███▊      | 4193/11052 [06:57<10:48, 10.57it/s]
[1A 38%|███▊      | 4195/11052 [06:57<11:26,  9.99it/s]
[1A 38%|███▊      | 4197/11052 [06:57<11:10, 10.23it/s]
[1A 38%|███▊      | 4199/11052 [06:57<11:32,  9.90it/s]
[1A                                                    
{'loss': 0.2475, 'grad_norm': 15.106192588806152, 'learning_rate': 1.319599537928379e-05, 'epoch': 1.14}
[1A
[1A 38%|███▊      | 4200/11052 [06:57<11:32,  9.90it/s]
[1A 38%|███▊      | 4201/11052 [06:57<11:44,  9.73it/s]
[1A 38%|███▊      | 4203/11052 [06:58<11:16, 10.12it/s]
[1A 38%|███▊      | 4205/11052 [06:58<11:55,  9.57it/s]
[1A 38%|███▊      | 4207/11052 [06:58<11:23, 10.01it/s]
[1A 38%|███▊      | 4209/11052 [06:58<11:05, 10.28it/s]
[1A 38%|███▊      | 4211/11052 [06:58<10:52, 10.49it/s]
[1A 38%|███▊      | 4213/11052 [06:58<10:43, 10.63it/s]
[1A 38%|███▊      | 4215/11052 [06:59<10:34, 10.77it/s]
[1A 38%|███▊      | 4217/11052 [06:59<10:32, 10.80it/s]
[1A 38%|███▊      | 4219/11052 [06:59<10:47, 10.55it/s]
[1A 38%|███▊      | 4221/11052 [06:59<11:10, 10.19it/s]
[1A 38%|███▊      | 4223/11052 [06:59<11:08, 10.22it/s]
[1A 38%|███▊      | 4225/11052 [07:00<11:01, 10.31it/s]
[1A 38%|███▊      | 4227/11052 [07:00<10:59, 10.36it/s]
[1A 38%|███▊      | 4229/11052 [07:00<10:44, 10.58it/s]
[1A 38%|███▊      | 4231/11052 [07:00<10:33, 10.77it/s]
[1A 38%|███▊      | 4233/11052 [07:00<10:26, 10.89it/s]
[1A 38%|███▊      | 4235/11052 [07:01<10:24, 10.92it/s]
[1A 38%|███▊      | 4237/11052 [07:01<10:27, 10.85it/s]
[1A 38%|███▊      | 4239/11052 [07:01<10:24, 10.91it/s]
[1A 38%|███▊      | 4241/11052 [07:01<10:35, 10.72it/s]
[1A 38%|███▊      | 4243/11052 [07:01<10:32, 10.77it/s]
[1A 38%|███▊      | 4245/11052 [07:01<10:41, 10.61it/s]
[1A 38%|███▊      | 4247/11052 [07:02<11:39,  9.73it/s]
[1A 38%|███▊      | 4249/11052 [07:02<11:12, 10.11it/s]
[1A                                                    
{'loss': 0.243, 'grad_norm': 4.44270658493042, 'learning_rate': 1.3099730458221024e-05, 'epoch': 1.15}
[1A
[1A 38%|███▊      | 4250/11052 [07:02<11:12, 10.11it/s]
[1A 38%|███▊      | 4251/11052 [07:02<10:55, 10.38it/s]
[1A 38%|███▊      | 4253/11052 [07:02<10:40, 10.62it/s]
[1A 38%|███▊      | 4255/11052 [07:02<10:44, 10.55it/s]
[1A 39%|███▊      | 4257/11052 [07:03<10:37, 10.66it/s]
[1A 39%|███▊      | 4259/11052 [07:03<10:33, 10.72it/s]
[1A 39%|███▊      | 4261/11052 [07:03<10:29, 10.79it/s]
[1A 39%|███▊      | 4263/11052 [07:03<10:27, 10.81it/s]
[1A 39%|███▊      | 4265/11052 [07:03<10:33, 10.72it/s]
[1A 39%|███▊      | 4267/11052 [07:04<10:30, 10.77it/s]
[1A 39%|███▊      | 4269/11052 [07:04<10:22, 10.89it/s]
[1A 39%|███▊      | 4271/11052 [07:04<10:22, 10.90it/s]
[1A 39%|███▊      | 4273/11052 [07:04<10:30, 10.75it/s]
[1A 39%|███▊      | 4275/11052 [07:04<10:21, 10.91it/s]
[1A 39%|███▊      | 4277/11052 [07:04<10:17, 10.97it/s]
[1A 39%|███▊      | 4279/11052 [07:05<10:16, 10.98it/s]
[1A 39%|███▊      | 4281/11052 [07:05<10:30, 10.74it/s]
[1A 39%|███▉      | 4283/11052 [07:05<10:47, 10.46it/s]
[1A 39%|███▉      | 4285/11052 [07:05<10:48, 10.44it/s]
[1A 39%|███▉      | 4287/11052 [07:05<10:33, 10.68it/s]
[1A 39%|███▉      | 4289/11052 [07:06<10:22, 10.87it/s]
[1A 39%|███▉      | 4291/11052 [07:06<10:12, 11.03it/s]
[1A 39%|███▉      | 4293/11052 [07:06<11:47,  9.56it/s]
[1A 39%|███▉      | 4295/11052 [07:06<11:22,  9.90it/s]
[1A 39%|███▉      | 4297/11052 [07:06<11:26,  9.84it/s]
[1A 39%|███▉      | 4299/11052 [07:07<11:06, 10.14it/s]
[1A                                                    
{'loss': 0.2009, 'grad_norm': 28.55668830871582, 'learning_rate': 1.300346553715826e-05, 'epoch': 1.17}
[1A
[1A 39%|███▉      | 4300/11052 [07:07<11:06, 10.14it/s]
[1A 39%|███▉      | 4301/11052 [07:07<10:46, 10.43it/s]
[1A 39%|███▉      | 4303/11052 [07:07<10:31, 10.68it/s]
[1A 39%|███▉      | 4305/11052 [07:07<10:21, 10.85it/s]
[1A 39%|███▉      | 4307/11052 [07:07<10:20, 10.86it/s]
[1A 39%|███▉      | 4309/11052 [07:08<10:12, 11.01it/s]
[1A 39%|███▉      | 4311/11052 [07:08<10:05, 11.12it/s]
[1A 39%|███▉      | 4313/11052 [07:08<10:01, 11.20it/s]
[1A 39%|███▉      | 4315/11052 [07:08<10:00, 11.22it/s]
[1A 39%|███▉      | 4317/11052 [07:08<10:10, 11.04it/s]
[1A 39%|███▉      | 4319/11052 [07:08<10:07, 11.08it/s]
[1A 39%|███▉      | 4321/11052 [07:09<10:03, 11.15it/s]
[1A 39%|███▉      | 4323/11052 [07:09<10:04, 11.14it/s]
[1A 39%|███▉      | 4325/11052 [07:09<10:05, 11.11it/s]
[1A 39%|███▉      | 4327/11052 [07:09<10:32, 10.64it/s]
[1A 39%|███▉      | 4329/11052 [07:09<10:22, 10.81it/s]
[1A 39%|███▉      | 4331/11052 [07:10<10:18, 10.87it/s]
[1A 39%|███▉      | 4333/11052 [07:10<10:11, 10.99it/s]
[1A 39%|███▉      | 4335/11052 [07:10<10:04, 11.12it/s]
[1A 39%|███▉      | 4337/11052 [07:10<09:58, 11.22it/s]
[1A 39%|███▉      | 4339/11052 [07:10<09:56, 11.26it/s]
[1A 39%|███▉      | 4341/11052 [07:10<10:03, 11.12it/s]
[1A 39%|███▉      | 4343/11052 [07:11<10:30, 10.64it/s]
[1A 39%|███▉      | 4345/11052 [07:11<10:32, 10.60it/s]
[1A 39%|███▉      | 4347/11052 [07:11<10:22, 10.78it/s]
[1A 39%|███▉      | 4349/11052 [07:11<10:16, 10.87it/s]
[1A                                                    
{'loss': 0.1943, 'grad_norm': 25.43037223815918, 'learning_rate': 1.2907200616095497e-05, 'epoch': 1.18}
[1A
[1A 39%|███▉      | 4350/11052 [07:11<10:16, 10.87it/s]
[1A 39%|███▉      | 4351/11052 [07:11<10:13, 10.92it/s]
[1A 39%|███▉      | 4353/11052 [07:12<10:53, 10.26it/s]
[1A 39%|███▉      | 4355/11052 [07:12<10:33, 10.57it/s]
[1A 39%|███▉      | 4357/11052 [07:12<10:29, 10.64it/s]
[1A 39%|███▉      | 4359/11052 [07:12<10:18, 10.82it/s]
[1A 39%|███▉      | 4361/11052 [07:12<10:09, 10.98it/s]
[1A 39%|███▉      | 4363/11052 [07:12<10:08, 10.99it/s]
[1A 39%|███▉      | 4365/11052 [07:13<10:05, 11.04it/s]
[1A 40%|███▉      | 4367/11052 [07:13<10:02, 11.10it/s]
[1A 40%|███▉      | 4369/11052 [07:13<09:59, 11.15it/s]
[1A 40%|███▉      | 4371/11052 [07:13<09:58, 11.16it/s]
[1A 40%|███▉      | 4373/11052 [07:13<09:58, 11.17it/s]
[1A 40%|███▉      | 4375/11052 [07:14<10:07, 10.98it/s]
[1A 40%|███▉      | 4377/11052 [07:14<10:18, 10.80it/s]
[1A 40%|███▉      | 4379/11052 [07:14<10:12, 10.89it/s]
[1A 40%|███▉      | 4381/11052 [07:14<10:03, 11.05it/s]
[1A 40%|███▉      | 4383/11052 [07:14<09:59, 11.13it/s]
[1A 40%|███▉      | 4385/11052 [07:14<10:25, 10.66it/s]
[1A 40%|███▉      | 4387/11052 [07:15<10:16, 10.81it/s]
[1A 40%|███▉      | 4389/11052 [07:15<10:19, 10.76it/s]
[1A 40%|███▉      | 4391/11052 [07:15<10:14, 10.83it/s]
[1A 40%|███▉      | 4393/11052 [07:15<10:08, 10.95it/s]
[1A 40%|███▉      | 4395/11052 [07:15<10:09, 10.92it/s]
[1A 40%|███▉      | 4397/11052 [07:16<10:00, 11.09it/s]
[1A 40%|███▉      | 4399/11052 [07:16<09:53, 11.21it/s]                        
{'loss': 0.2411, 'grad_norm': 24.57111167907715, 'learning_rate': 1.2810935695032731e-05, 'epoch': 1.19}
[1A
[1A 40%|███▉      | 4400/11052 [07:16<09:53, 11.21it/s]
[1A 40%|███▉      | 4401/11052 [07:16<09:53, 11.21it/s]
[1A 40%|███▉      | 4403/11052 [07:16<09:50, 11.26it/s]
[1A 40%|███▉      | 4405/11052 [07:16<10:03, 11.01it/s]
[1A 40%|███▉      | 4407/11052 [07:16<10:01, 11.04it/s]
[1A 40%|███▉      | 4409/11052 [07:17<09:55, 11.15it/s]
[1A 40%|███▉      | 4411/11052 [07:17<09:56, 11.14it/s]
[1A 40%|███▉      | 4413/11052 [07:17<09:53, 11.18it/s]
[1A 40%|███▉      | 4415/11052 [07:17<09:51, 11.22it/s]
[1A 40%|███▉      | 4417/11052 [07:17<10:27, 10.58it/s]
[1A 40%|███▉      | 4419/11052 [07:18<10:17, 10.74it/s]
[1A 40%|████      | 4421/11052 [07:18<10:13, 10.81it/s]
[1A 40%|████      | 4423/11052 [07:18<10:05, 10.95it/s]
[1A 40%|████      | 4425/11052 [07:18<10:31, 10.49it/s]
[1A 40%|████      | 4427/11052 [07:18<10:38, 10.37it/s]
[1A 40%|████      | 4429/11052 [07:19<10:26, 10.56it/s]
[1A 40%|████      | 4431/11052 [07:19<10:16, 10.74it/s]
[1A 40%|████      | 4433/11052 [07:19<10:09, 10.86it/s]
[1A 40%|████      | 4435/11052 [07:19<10:03, 10.97it/s]
[1A 40%|████      | 4437/11052 [07:19<10:41, 10.31it/s]
[1A 40%|████      | 4439/11052 [07:19<10:57, 10.06it/s]
[1A 40%|████      | 4441/11052 [07:20<10:56, 10.06it/s]
[1A 40%|████      | 4443/11052 [07:20<10:36, 10.39it/s]
[1A 40%|████      | 4445/11052 [07:20<10:36, 10.38it/s]
[1A 40%|████      | 4447/11052 [07:20<10:35, 10.40it/s]
[1A 40%|████      | 4449/11052 [07:21<12:02,  9.14it/s]
[1A                                                    
{'loss': 0.247, 'grad_norm': 9.192781448364258, 'learning_rate': 1.2714670773969966e-05, 'epoch': 1.21}
[1A
[1A 40%|████      | 4450/11052 [07:21<12:02,  9.14it/s]
[1A 40%|████      | 4451/11052 [07:21<11:26,  9.61it/s]
[1A 40%|████      | 4453/11052 [07:21<10:59, 10.01it/s]
[1A 40%|████      | 4455/11052 [07:21<10:35, 10.38it/s]
[1A 40%|████      | 4457/11052 [07:21<10:21, 10.62it/s]
[1A 40%|████      | 4459/11052 [07:21<10:31, 10.45it/s]
[1A 40%|████      | 4461/11052 [07:22<10:14, 10.73it/s]
[1A 40%|████      | 4463/11052 [07:22<10:03, 10.92it/s]
[1A 40%|████      | 4465/11052 [07:22<10:18, 10.65it/s]
[1A 40%|████      | 4467/11052 [07:22<10:09, 10.80it/s]
[1A 40%|████      | 4469/11052 [07:22<10:05, 10.88it/s]
[1A 40%|████      | 4471/11052 [07:23<10:02, 10.93it/s]
[1A 40%|████      | 4473/11052 [07:23<09:56, 11.02it/s]
[1A 40%|████      | 4475/11052 [07:23<10:07, 10.82it/s]
[1A 41%|████      | 4477/11052 [07:23<10:06, 10.83it/s]
[1A 41%|████      | 4479/11052 [07:23<10:27, 10.47it/s]
[1A 41%|████      | 4481/11052 [07:23<10:15, 10.68it/s]
[1A 41%|████      | 4483/11052 [07:24<10:08, 10.79it/s]
[1A 41%|████      | 4485/11052 [07:24<09:58, 10.97it/s]
[1A 41%|████      | 4487/11052 [07:24<09:51, 11.10it/s]
[1A 41%|████      | 4489/11052 [07:24<09:46, 11.20it/s]
[1A 41%|████      | 4491/11052 [07:24<09:59, 10.94it/s]
[1A 41%|████      | 4493/11052 [07:25<09:53, 11.05it/s]
[1A 41%|████      | 4495/11052 [07:25<09:58, 10.95it/s]
[1A 41%|████      | 4497/11052 [07:25<10:01, 10.90it/s]
[1A 41%|████      | 4499/11052 [07:25<10:00, 10.91it/s]
[1A                                                    
{'loss': 0.2388, 'grad_norm': 0.5925047397613525, 'learning_rate': 1.26184058529072e-05, 'epoch': 1.22}
[1A
[1A 41%|████      | 4500/11052 [07:25<10:00, 10.91it/s]
[1A 41%|████      | 4501/11052 [07:25<10:03, 10.86it/s]
[1A 41%|████      | 4503/11052 [07:25<10:04, 10.83it/s]
[1A 41%|████      | 4505/11052 [07:26<11:58,  9.11it/s]
[1A 41%|████      | 4507/11052 [07:26<11:16,  9.68it/s]
[1A 41%|████      | 4509/11052 [07:26<10:43, 10.16it/s]
[1A 41%|████      | 4511/11052 [07:26<10:56,  9.96it/s]
[1A 41%|████      | 4513/11052 [07:27<10:35, 10.28it/s]
[1A 41%|████      | 4515/11052 [07:27<10:18, 10.56it/s]
[1A 41%|████      | 4517/11052 [07:27<10:18, 10.56it/s]
[1A 41%|████      | 4519/11052 [07:27<10:05, 10.79it/s]
[1A 41%|████      | 4521/11052 [07:27<09:56, 10.95it/s]
[1A 41%|████      | 4523/11052 [07:27<09:52, 11.01it/s]
[1A 41%|████      | 4525/11052 [07:28<11:03,  9.84it/s]
[1A 41%|████      | 4527/11052 [07:28<10:38, 10.21it/s]
[1A 41%|████      | 4529/11052 [07:28<10:18, 10.54it/s]
[1A 41%|████      | 4531/11052 [07:28<10:18, 10.54it/s]
[1A 41%|████      | 4533/11052 [07:28<10:06, 10.75it/s]
[1A 41%|████      | 4535/11052 [07:29<10:26, 10.41it/s]
[1A 41%|████      | 4537/11052 [07:29<10:13, 10.61it/s]
[1A 41%|████      | 4539/11052 [07:29<10:04, 10.77it/s]
[1A 41%|████      | 4541/11052 [07:29<10:46, 10.06it/s]
[1A 41%|████      | 4543/11052 [07:29<10:24, 10.43it/s]
[1A 41%|████      | 4545/11052 [07:30<10:27, 10.37it/s]
[1A 41%|████      | 4547/11052 [07:30<10:31, 10.31it/s]
[1A 41%|████      | 4549/11052 [07:30<10:19, 10.49it/s]                        
{'loss': 0.2293, 'grad_norm': 22.09842300415039, 'learning_rate': 1.2522140931844438e-05, 'epoch': 1.24}
[1A
[1A 41%|████      | 4550/11052 [07:30<10:19, 10.49it/s]
[1A 41%|████      | 4551/11052 [07:30<10:12, 10.62it/s]
[1A 41%|████      | 4553/11052 [07:30<10:28, 10.34it/s]
[1A 41%|████      | 4555/11052 [07:31<10:18, 10.50it/s]
[1A 41%|████      | 4557/11052 [07:31<10:18, 10.50it/s]
[1A 41%|████▏     | 4559/11052 [07:31<10:12, 10.60it/s]
[1A 41%|████▏     | 4561/11052 [07:31<10:05, 10.72it/s]
[1A 41%|████▏     | 4563/11052 [07:31<10:42, 10.10it/s]
[1A 41%|████▏     | 4565/11052 [07:31<10:48, 10.00it/s]
[1A 41%|████▏     | 4567/11052 [07:32<10:31, 10.27it/s]
[1A 41%|████▏     | 4569/11052 [07:32<10:38, 10.16it/s]
[1A 41%|████▏     | 4571/11052 [07:32<10:19, 10.46it/s]
[1A 41%|████▏     | 4573/11052 [07:32<10:35, 10.20it/s]
[1A 41%|████▏     | 4575/11052 [07:32<11:10,  9.66it/s]
[1A 41%|████▏     | 4577/11052 [07:33<10:42, 10.08it/s]
[1A 41%|████▏     | 4579/11052 [07:33<10:44, 10.04it/s]
[1A 41%|████▏     | 4581/11052 [07:33<10:24, 10.35it/s]
[1A 41%|████▏     | 4583/11052 [07:33<10:12, 10.56it/s]
[1A 41%|████▏     | 4585/11052 [07:33<10:15, 10.51it/s]
[1A 42%|████▏     | 4587/11052 [07:34<10:28, 10.29it/s]
[1A 42%|████▏     | 4589/11052 [07:34<10:19, 10.43it/s]
[1A 42%|████▏     | 4591/11052 [07:34<10:28, 10.28it/s]
[1A 42%|████▏     | 4593/11052 [07:34<10:23, 10.36it/s]
[1A 42%|████▏     | 4595/11052 [07:34<10:25, 10.32it/s]
[1A 42%|████▏     | 4597/11052 [07:35<10:18, 10.44it/s]
[1A 42%|████▏     | 4599/11052 [07:35<10:09, 10.58it/s]
[1A                                                    
{'loss': 0.2247, 'grad_norm': 17.498483657836914, 'learning_rate': 1.2425876010781672e-05, 'epoch': 1.25}
[1A
[1A 42%|████▏     | 4600/11052 [07:35<10:09, 10.58it/s]
[1A 42%|████▏     | 4601/11052 [07:35<10:03, 10.70it/s]
[1A 42%|████▏     | 4603/11052 [07:35<09:54, 10.84it/s]
[1A 42%|████▏     | 4605/11052 [07:35<09:51, 10.90it/s]
[1A 42%|████▏     | 4607/11052 [07:36<10:28, 10.26it/s]
[1A 42%|████▏     | 4609/11052 [07:36<11:00,  9.76it/s]
[1A 42%|████▏     | 4611/11052 [07:36<10:48,  9.93it/s]
[1A 42%|████▏     | 4613/11052 [07:36<10:36, 10.12it/s]
[1A 42%|████▏     | 4615/11052 [07:36<10:26, 10.28it/s]
[1A 42%|████▏     | 4617/11052 [07:37<10:19, 10.38it/s]
[1A 42%|████▏     | 4619/11052 [07:37<10:11, 10.52it/s]
[1A 42%|████▏     | 4621/11052 [07:37<10:29, 10.21it/s]
[1A 42%|████▏     | 4623/11052 [07:37<10:24, 10.30it/s]
[1A 42%|████▏     | 4625/11052 [07:37<10:15, 10.45it/s]
[1A 42%|████▏     | 4627/11052 [07:37<10:10, 10.53it/s]
[1A 42%|████▏     | 4629/11052 [07:38<10:02, 10.66it/s]
[1A 42%|████▏     | 4631/11052 [07:38<09:58, 10.73it/s]
[1A 42%|████▏     | 4633/11052 [07:38<09:54, 10.79it/s]
[1A 42%|████▏     | 4635/11052 [07:38<09:53, 10.81it/s]
[1A 42%|████▏     | 4637/11052 [07:38<10:13, 10.45it/s]
[1A 42%|████▏     | 4639/11052 [07:39<10:06, 10.58it/s]
[1A 42%|████▏     | 4641/11052 [07:39<10:02, 10.65it/s]
[1A 42%|████▏     | 4643/11052 [07:39<09:59, 10.68it/s]
[1A 42%|████▏     | 4645/11052 [07:39<09:55, 10.77it/s]
[1A 42%|████▏     | 4647/11052 [07:39<09:49, 10.86it/s]
[1A 42%|████▏     | 4649/11052 [07:40<09:48, 10.87it/s]
[1A                                                    
{'loss': 0.2119, 'grad_norm': 9.956527709960938, 'learning_rate': 1.2329611089718907e-05, 'epoch': 1.26}
[1A
[1A 42%|████▏     | 4650/11052 [07:40<09:48, 10.87it/s]
[1A 42%|████▏     | 4651/11052 [07:40<09:58, 10.70it/s]
[1A 42%|████▏     | 4653/11052 [07:40<10:40, 10.00it/s]
[1A 42%|████▏     | 4655/11052 [07:40<10:25, 10.23it/s]
[1A 42%|████▏     | 4657/11052 [07:40<10:12, 10.43it/s]
[1A 42%|████▏     | 4659/11052 [07:41<10:24, 10.24it/s]
[1A 42%|████▏     | 4661/11052 [07:41<10:38, 10.01it/s]
[1A 42%|████▏     | 4663/11052 [07:41<10:31, 10.12it/s]
[1A 42%|████▏     | 4665/11052 [07:41<10:17, 10.35it/s]
[1A 42%|████▏     | 4667/11052 [07:41<10:11, 10.45it/s]
[1A 42%|████▏     | 4669/11052 [07:41<10:06, 10.53it/s]
[1A 42%|████▏     | 4671/11052 [07:42<10:05, 10.54it/s]
[1A 42%|████▏     | 4673/11052 [07:42<10:22, 10.24it/s]
[1A 42%|████▏     | 4675/11052 [07:42<10:11, 10.43it/s]
[1A 42%|████▏     | 4677/11052 [07:42<10:03, 10.56it/s]
[1A 42%|████▏     | 4679/11052 [07:42<10:00, 10.61it/s]
[1A 42%|████▏     | 4681/11052 [07:43<10:31, 10.09it/s]
[1A 42%|████▏     | 4683/11052 [07:43<10:14, 10.36it/s]
[1A 42%|████▏     | 4685/11052 [07:43<10:06, 10.50it/s]
[1A 42%|████▏     | 4687/11052 [07:43<10:00, 10.60it/s]
[1A 42%|████▏     | 4689/11052 [07:43<10:22, 10.22it/s]
[1A 42%|████▏     | 4691/11052 [07:44<10:11, 10.40it/s]
[1A 42%|████▏     | 4693/11052 [07:44<10:01, 10.58it/s]
[1A 42%|████▏     | 4695/11052 [07:44<09:16, 11.43it/s]
[1A 42%|████▏     | 4697/11052 [07:44<11:01,  9.61it/s]
[1A 43%|████▎     | 4699/11052 [07:44<11:05,  9.54it/s]
[1A 43%|████▎     | 4700/11052 [07:45<11:13,  9.44it/s]
[1A                                                    
{'loss': 0.2476, 'grad_norm': 10.647026062011719, 'learning_rate': 1.2235271467077398e-05, 'epoch': 1.28}
[1A
[1A 43%|████▎     | 4700/11052 [07:45<11:13,  9.44it/s]
[1A 43%|████▎     | 4701/11052 [07:45<11:29,  9.21it/s]
[1A 43%|████▎     | 4703/11052 [07:45<10:51,  9.75it/s]
[1A 43%|████▎     | 4705/11052 [07:45<10:25, 10.14it/s]
[1A 43%|████▎     | 4707/11052 [07:45<10:10, 10.40it/s]
[1A 43%|████▎     | 4709/11052 [07:45<10:00, 10.56it/s]
[1A 43%|████▎     | 4711/11052 [07:46<09:57, 10.61it/s]
[1A 43%|████▎     | 4713/11052 [07:46<09:55, 10.65it/s]
[1A 43%|████▎     | 4715/11052 [07:46<09:56, 10.62it/s]
[1A 43%|████▎     | 4717/11052 [07:46<09:49, 10.75it/s]
[1A 43%|████▎     | 4719/11052 [07:46<09:42, 10.87it/s]
[1A 43%|████▎     | 4721/11052 [07:46<09:39, 10.92it/s]
[1A 43%|████▎     | 4723/11052 [07:47<09:35, 10.99it/s]
[1A 43%|████▎     | 4725/11052 [07:47<10:02, 10.51it/s]
[1A 43%|████▎     | 4727/11052 [07:47<09:57, 10.58it/s]
[1A 43%|████▎     | 4729/11052 [07:47<09:45, 10.80it/s]
[1A 43%|████▎     | 4731/11052 [07:47<09:42, 10.85it/s]
[1A 43%|████▎     | 4733/11052 [07:48<09:36, 10.95it/s]
[1A 43%|████▎     | 4735/11052 [07:48<09:30, 11.08it/s]
[1A 43%|████▎     | 4737/11052 [07:48<09:28, 11.11it/s]
[1A 43%|████▎     | 4739/11052 [07:48<09:34, 10.99it/s]
[1A 43%|████▎     | 4741/11052 [07:48<09:33, 11.01it/s]
[1A 43%|████▎     | 4743/11052 [07:49<09:36, 10.94it/s]
[1A 43%|████▎     | 4745/11052 [07:49<09:43, 10.81it/s]
[1A 43%|████▎     | 4747/11052 [07:49<09:49, 10.70it/s]
[1A 43%|████▎     | 4749/11052 [07:49<09:48, 10.72it/s]
[1A                                                    
{'loss': 0.2311, 'grad_norm': 21.991846084594727, 'learning_rate': 1.2139006546014634e-05, 'epoch': 1.29}
[1A
[1A 43%|████▎     | 4750/11052 [07:49<09:48, 10.72it/s]
[1A 43%|████▎     | 4751/11052 [07:49<10:12, 10.29it/s]
[1A 43%|████▎     | 4753/11052 [07:49<10:10, 10.31it/s]
[1A 43%|████▎     | 4755/11052 [07:50<10:09, 10.33it/s]
[1A 43%|████▎     | 4757/11052 [07:50<10:03, 10.43it/s]
[1A 43%|████▎     | 4759/11052 [07:50<09:51, 10.64it/s]
[1A 43%|████▎     | 4761/11052 [07:50<09:44, 10.76it/s]
[1A 43%|████▎     | 4763/11052 [07:50<09:44, 10.76it/s]
[1A 43%|████▎     | 4765/11052 [07:51<10:46,  9.73it/s]
[1A 43%|████▎     | 4767/11052 [07:51<10:24, 10.07it/s]
[1A 43%|████▎     | 4769/11052 [07:51<10:10, 10.29it/s]
[1A 43%|████▎     | 4771/11052 [07:51<09:56, 10.52it/s]
[1A 43%|████▎     | 4773/11052 [07:51<09:45, 10.72it/s]
[1A 43%|████▎     | 4775/11052 [07:52<09:40, 10.81it/s]
[1A 43%|████▎     | 4777/11052 [07:52<09:32, 10.96it/s]
[1A 43%|████▎     | 4779/11052 [07:52<09:27, 11.05it/s]
[1A 43%|████▎     | 4781/11052 [07:52<09:23, 11.13it/s]
[1A 43%|████▎     | 4783/11052 [07:52<09:24, 11.11it/s]
[1A 43%|████▎     | 4785/11052 [07:52<09:25, 11.07it/s]
[1A 43%|████▎     | 4787/11052 [07:53<09:22, 11.14it/s]
[1A 43%|████▎     | 4789/11052 [07:53<09:23, 11.11it/s]
[1A 43%|████▎     | 4791/11052 [07:53<09:20, 11.17it/s]
[1A 43%|████▎     | 4793/11052 [07:53<09:20, 11.17it/s]
[1A 43%|████▎     | 4795/11052 [07:53<09:20, 11.17it/s]
[1A 43%|████▎     | 4797/11052 [07:54<09:31, 10.94it/s]
[1A 43%|████▎     | 4799/11052 [07:54<09:27, 11.02it/s]
[1A                                                    
{'loss': 0.2311, 'grad_norm': 0.8553314208984375, 'learning_rate': 1.2042741624951869e-05, 'epoch': 1.3}
[1A
[1A 43%|████▎     | 4800/11052 [07:54<09:27, 11.02it/s]
[1A 43%|████▎     | 4801/11052 [07:54<09:28, 11.00it/s]
[1A 43%|████▎     | 4803/11052 [07:54<09:40, 10.76it/s]
[1A 43%|████▎     | 4805/11052 [07:54<09:36, 10.84it/s]
[1A 43%|████▎     | 4807/11052 [07:54<09:56, 10.47it/s]
[1A 44%|████▎     | 4809/11052 [07:55<09:45, 10.67it/s]
[1A 44%|████▎     | 4811/11052 [07:55<09:41, 10.73it/s]
[1A 44%|████▎     | 4813/11052 [07:55<09:33, 10.88it/s]
[1A 44%|████▎     | 4815/11052 [07:55<09:24, 11.05it/s]
[1A 44%|████▎     | 4817/11052 [07:55<09:18, 11.17it/s]
[1A 44%|████▎     | 4819/11052 [07:56<09:14, 11.23it/s]
[1A 44%|████▎     | 4821/11052 [07:56<09:22, 11.08it/s]
[1A 44%|████▎     | 4823/11052 [07:56<09:17, 11.17it/s]
[1A 44%|████▎     | 4825/11052 [07:56<09:40, 10.72it/s]
[1A 44%|████▎     | 4827/11052 [07:56<09:29, 10.92it/s]
[1A 44%|████▎     | 4829/11052 [07:56<09:25, 11.01it/s]
[1A 44%|████▎     | 4831/11052 [07:57<09:20, 11.10it/s]
[1A 44%|████▎     | 4833/11052 [07:57<09:21, 11.08it/s]
[1A 44%|████▎     | 4835/11052 [07:57<09:17, 11.16it/s]
[1A 44%|████▍     | 4837/11052 [07:57<09:27, 10.95it/s]
[1A 44%|████▍     | 4839/11052 [07:57<09:25, 10.99it/s]
[1A 44%|████▍     | 4841/11052 [07:58<09:21, 11.06it/s]
[1A 44%|████▍     | 4843/11052 [07:58<09:28, 10.93it/s]
[1A 44%|████▍     | 4845/11052 [07:58<09:18, 11.12it/s]
[1A 44%|████▍     | 4847/11052 [07:58<09:12, 11.23it/s]
[1A 44%|████▍     | 4849/11052 [07:58<09:08, 11.30it/s]
[1A                                                    
{'loss': 0.2482, 'grad_norm': 23.11516571044922, 'learning_rate': 1.1946476703889103e-05, 'epoch': 1.32}
[1A
[1A 44%|████▍     | 4850/11052 [07:58<09:08, 11.30it/s]
[1A 44%|████▍     | 4851/11052 [07:58<09:12, 11.22it/s]
[1A 44%|████▍     | 4853/11052 [07:59<09:11, 11.24it/s]
[1A 44%|████▍     | 4855/11052 [07:59<09:10, 11.25it/s]
[1A 44%|████▍     | 4857/11052 [07:59<09:14, 11.17it/s]
[1A 44%|████▍     | 4859/11052 [07:59<09:37, 10.72it/s]
[1A 44%|████▍     | 4861/11052 [07:59<09:39, 10.68it/s]
[1A 44%|████▍     | 4863/11052 [08:00<09:51, 10.46it/s]
[1A 44%|████▍     | 4865/11052 [08:00<10:02, 10.27it/s]
[1A 44%|████▍     | 4867/11052 [08:00<09:43, 10.59it/s]
[1A 44%|████▍     | 4869/11052 [08:00<09:31, 10.83it/s]
[1A 44%|████▍     | 4871/11052 [08:00<09:21, 11.00it/s]
[1A 44%|████▍     | 4873/11052 [08:01<09:46, 10.54it/s]
[1A 44%|████▍     | 4875/11052 [08:01<09:35, 10.74it/s]
[1A 44%|████▍     | 4877/11052 [08:01<09:45, 10.55it/s]
[1A 44%|████▍     | 4879/11052 [08:01<09:30, 10.83it/s]
[1A 44%|████▍     | 4881/11052 [08:01<09:23, 10.96it/s]
[1A 44%|████▍     | 4883/11052 [08:01<09:37, 10.68it/s]
[1A 44%|████▍     | 4885/11052 [08:02<09:26, 10.89it/s]
[1A 44%|████▍     | 4887/11052 [08:02<09:23, 10.94it/s]
[1A 44%|████▍     | 4889/11052 [08:02<09:16, 11.08it/s]
[1A 44%|████▍     | 4891/11052 [08:02<09:47, 10.49it/s]
[1A 44%|████▍     | 4893/11052 [08:02<10:04, 10.19it/s]
[1A 44%|████▍     | 4895/11052 [08:03<10:17,  9.97it/s]
[1A 44%|████▍     | 4897/11052 [08:03<11:10,  9.18it/s]
[1A 44%|████▍     | 4899/11052 [08:03<10:33,  9.72it/s]
[1A                                                    
{'loss': 0.2452, 'grad_norm': 13.635092735290527, 'learning_rate': 1.185021178282634e-05, 'epoch': 1.33}
[1A
[1A 44%|████▍     | 4900/11052 [08:03<10:33,  9.72it/s]
[1A 44%|████▍     | 4901/11052 [08:03<10:11, 10.07it/s]
[1A 44%|████▍     | 4903/11052 [08:03<10:16,  9.97it/s]
[1A 44%|████▍     | 4905/11052 [08:04<09:53, 10.36it/s]
[1A 44%|████▍     | 4907/11052 [08:04<09:36, 10.65it/s]
[1A 44%|████▍     | 4909/11052 [08:04<09:30, 10.76it/s]
[1A 44%|████▍     | 4911/11052 [08:04<09:44, 10.51it/s]
[1A 44%|████▍     | 4913/11052 [08:04<09:29, 10.78it/s]
[1A 44%|████▍     | 4915/11052 [08:05<09:25, 10.85it/s]
[1A 44%|████▍     | 4917/11052 [08:05<09:17, 11.00it/s]
[1A 45%|████▍     | 4919/11052 [08:05<09:17, 10.99it/s]
[1A 45%|████▍     | 4921/11052 [08:05<09:13, 11.08it/s]
[1A 45%|████▍     | 4923/11052 [08:05<09:09, 11.16it/s]
[1A 45%|████▍     | 4925/11052 [08:05<09:12, 11.10it/s]
[1A 45%|████▍     | 4927/11052 [08:06<09:09, 11.15it/s]
[1A 45%|████▍     | 4929/11052 [08:06<09:08, 11.17it/s]
[1A 45%|████▍     | 4931/11052 [08:06<09:07, 11.18it/s]
[1A 45%|████▍     | 4933/11052 [08:06<09:05, 11.21it/s]
[1A 45%|████▍     | 4935/11052 [08:06<09:05, 11.21it/s]
[1A 45%|████▍     | 4937/11052 [08:06<09:08, 11.14it/s]
[1A 45%|████▍     | 4939/11052 [08:07<09:06, 11.18it/s]
[1A 45%|████▍     | 4941/11052 [08:07<09:56, 10.25it/s]
[1A 45%|████▍     | 4943/11052 [08:07<09:38, 10.55it/s]
[1A 45%|████▍     | 4945/11052 [08:07<09:27, 10.77it/s]
[1A 45%|████▍     | 4947/11052 [08:07<09:28, 10.75it/s]
[1A 45%|████▍     | 4949/11052 [08:08<09:54, 10.27it/s]
[1A                                                    
{'loss': 0.2183, 'grad_norm': 7.289344787597656, 'learning_rate': 1.1753946861763574e-05, 'epoch': 1.34}
[1A
[1A 45%|████▍     | 4950/11052 [08:08<09:54, 10.27it/s]
[1A 45%|████▍     | 4951/11052 [08:08<09:41, 10.49it/s]
[1A 45%|████▍     | 4953/11052 [08:08<10:41,  9.51it/s]
[1A 45%|████▍     | 4955/11052 [08:08<10:09, 10.00it/s]
[1A 45%|████▍     | 4957/11052 [08:08<10:04, 10.08it/s]
[1A 45%|████▍     | 4959/11052 [08:09<09:52, 10.28it/s]
[1A 45%|████▍     | 4961/11052 [08:09<09:41, 10.47it/s]
[1A 45%|████▍     | 4963/11052 [08:09<09:33, 10.62it/s]
[1A 45%|████▍     | 4965/11052 [08:09<09:29, 10.69it/s]
[1A 45%|████▍     | 4967/11052 [08:09<09:19, 10.88it/s]
[1A 45%|████▍     | 4969/11052 [08:10<09:10, 11.05it/s]
[1A 45%|████▍     | 4971/11052 [08:10<09:05, 11.15it/s]
[1A 45%|████▍     | 4973/11052 [08:10<09:06, 11.12it/s]
[1A 45%|████▌     | 4975/11052 [08:10<09:05, 11.15it/s]
[1A 45%|████▌     | 4977/11052 [08:10<09:00, 11.24it/s]
[1A 45%|████▌     | 4979/11052 [08:10<08:59, 11.25it/s]
[1A 45%|████▌     | 4981/11052 [08:11<09:02, 11.19it/s]
[1A 45%|████▌     | 4983/11052 [08:11<09:09, 11.05it/s]
[1A 45%|████▌     | 4985/11052 [08:11<09:05, 11.12it/s]
[1A 45%|████▌     | 4987/11052 [08:11<09:13, 10.95it/s]
[1A 45%|████▌     | 4989/11052 [08:11<09:37, 10.50it/s]
[1A 45%|████▌     | 4991/11052 [08:12<09:28, 10.65it/s]
[1A 45%|████▌     | 4993/11052 [08:12<09:28, 10.66it/s]
[1A 45%|████▌     | 4995/11052 [08:12<10:00, 10.09it/s]
[1A 45%|████▌     | 4997/11052 [08:12<09:47, 10.31it/s]
[1A 45%|████▌     | 4999/11052 [08:12<10:00, 10.09it/s]
[1A                                                    
{'loss': 0.2338, 'grad_norm': 8.541119575500488, 'learning_rate': 1.1657681940700808e-05, 'epoch': 1.36}
[1A
[1A 45%|████▌     | 5000/11052 [08:12<10:00, 10.09it/s]
[1A 45%|████▌     | 5001/11052 [08:13<09:45, 10.34it/s]
[1A 45%|████▌     | 5003/11052 [08:13<09:30, 10.61it/s]
[1A 45%|████▌     | 5005/11052 [08:13<10:15,  9.82it/s]
[1A 45%|████▌     | 5007/11052 [08:13<10:00, 10.07it/s]
[1A 45%|████▌     | 5009/11052 [08:13<09:48, 10.27it/s]
[1A 45%|████▌     | 5011/11052 [08:13<09:36, 10.48it/s]
[1A 45%|████▌     | 5013/11052 [08:14<09:50, 10.23it/s]
[1A 45%|████▌     | 5015/11052 [08:14<09:42, 10.36it/s]
[1A 45%|████▌     | 5017/11052 [08:14<09:28, 10.62it/s]
[1A 45%|████▌     | 5019/11052 [08:14<09:21, 10.75it/s]
[1A 45%|████▌     | 5021/11052 [08:14<09:37, 10.44it/s]
[1A 45%|████▌     | 5023/11052 [08:15<09:23, 10.70it/s]
[1A 45%|████▌     | 5025/11052 [08:15<09:23, 10.69it/s]
[1A 45%|████▌     | 5027/11052 [08:15<09:16, 10.83it/s]
[1A 46%|████▌     | 5029/11052 [08:15<09:10, 10.93it/s]
[1A 46%|████▌     | 5031/11052 [08:15<09:03, 11.07it/s]
[1A 46%|████▌     | 5033/11052 [08:16<08:57, 11.19it/s]
[1A 46%|████▌     | 5035/11052 [08:16<09:13, 10.88it/s]
[1A 46%|████▌     | 5037/11052 [08:16<09:05, 11.02it/s]
[1A 46%|████▌     | 5039/11052 [08:16<09:24, 10.65it/s]
[1A 46%|████▌     | 5041/11052 [08:16<09:16, 10.80it/s]
[1A 46%|████▌     | 5043/11052 [08:16<09:09, 10.93it/s]
[1A 46%|████▌     | 5045/11052 [08:17<09:01, 11.10it/s]
[1A 46%|████▌     | 5047/11052 [08:17<09:39, 10.37it/s]
[1A 46%|████▌     | 5049/11052 [08:17<10:01,  9.99it/s]
[1A                                                    
{'loss': 0.2467, 'grad_norm': 5.957437515258789, 'learning_rate': 1.1561417019638044e-05, 'epoch': 1.37}
[1A
[1A 46%|████▌     | 5050/11052 [08:17<10:00,  9.99it/s]
[1A 46%|████▌     | 5051/11052 [08:17<09:39, 10.35it/s]
[1A 46%|████▌     | 5053/11052 [08:17<09:25, 10.61it/s]
[1A 46%|████▌     | 5055/11052 [08:18<09:20, 10.71it/s]
[1A 46%|████▌     | 5057/11052 [08:18<09:16, 10.78it/s]
[1A 46%|████▌     | 5059/11052 [08:18<09:09, 10.91it/s]
[1A 46%|████▌     | 5061/11052 [08:18<09:06, 10.96it/s]
[1A 46%|████▌     | 5063/11052 [08:18<09:40, 10.31it/s]
[1A 46%|████▌     | 5065/11052 [08:19<09:33, 10.44it/s]
[1A 46%|████▌     | 5067/11052 [08:19<11:24,  8.75it/s]
[1A 46%|████▌     | 5069/11052 [08:19<10:46,  9.26it/s]
[1A 46%|████▌     | 5070/11052 [08:19<10:51,  9.19it/s]
[1A 46%|████▌     | 5072/11052 [08:19<11:10,  8.92it/s]
[1A 46%|████▌     | 5074/11052 [08:20<10:34,  9.42it/s]
[1A 46%|████▌     | 5075/11052 [08:20<10:43,  9.29it/s]
[1A 46%|████▌     | 5076/11052 [08:20<13:14,  7.53it/s]
[1A 46%|████▌     | 5077/11052 [08:20<12:41,  7.84it/s]
[1A 46%|████▌     | 5078/11052 [08:20<13:56,  7.14it/s]
[1A 46%|████▌     | 5079/11052 [08:20<14:11,  7.02it/s]
[1A 46%|████▌     | 5080/11052 [08:21<14:18,  6.95it/s]
[1A 46%|████▌     | 5081/11052 [08:21<14:21,  6.93it/s]
[1A 46%|████▌     | 5082/11052 [08:21<18:47,  5.29it/s]
[1A 46%|████▌     | 5083/11052 [08:21<17:44,  5.61it/s]
[1A 46%|████▌     | 5084/11052 [08:21<18:10,  5.47it/s]
[1A 46%|████▌     | 5085/11052 [08:22<19:30,  5.10it/s]
[1A 46%|████▌     | 5086/11052 [08:22<16:49,  5.91it/s]
[1A 46%|████▌     | 5087/11052 [08:22<15:50,  6.28it/s]
[1A 46%|████▌     | 5088/11052 [08:22<14:48,  6.71it/s]
[1A 46%|████▌     | 5089/11052 [08:22<13:49,  7.19it/s]
[1A 46%|████▌     | 5090/11052 [08:22<14:24,  6.90it/s]
[1A 46%|████▌     | 5091/11052 [08:22<13:45,  7.22it/s]
[1A 46%|████▌     | 5092/11052 [08:22<13:23,  7.42it/s]
[1A 46%|████▌     | 5093/11052 [08:23<14:38,  6.78it/s]
[1A 46%|████▌     | 5094/11052 [08:23<15:50,  6.27it/s]
[1A 46%|████▌     | 5095/11052 [08:23<16:37,  5.97it/s]
[1A 46%|████▌     | 5096/11052 [08:23<16:09,  6.14it/s]
[1A 46%|████▌     | 5097/11052 [08:23<15:05,  6.58it/s]
[1A 46%|████▌     | 5098/11052 [08:23<14:38,  6.78it/s]
[1A 46%|████▌     | 5099/11052 [08:24<13:46,  7.21it/s]
[1A 46%|████▌     | 5100/11052 [08:24<15:23,  6.45it/s]                        
{'loss': 0.1843, 'grad_norm': 11.168898582458496, 'learning_rate': 1.146515209857528e-05, 'epoch': 1.38}
[1A
[1A 46%|████▌     | 5100/11052 [08:24<15:23,  6.45it/s]
[1A 46%|████▌     | 5101/11052 [08:24<14:43,  6.74it/s]
[1A 46%|████▌     | 5102/11052 [08:24<13:41,  7.24it/s]
[1A 46%|████▌     | 5103/11052 [08:24<12:43,  7.79it/s]
[1A 46%|████▌     | 5104/11052 [08:24<12:19,  8.04it/s]
[1A 46%|████▌     | 5105/11052 [08:24<12:21,  8.02it/s]
[1A 46%|████▌     | 5106/11052 [08:24<11:43,  8.46it/s]
[1A 46%|████▌     | 5107/11052 [08:25<12:13,  8.11it/s]
[1A 46%|████▌     | 5108/11052 [08:25<12:44,  7.77it/s]
[1A 46%|████▌     | 5109/11052 [08:25<12:23,  7.99it/s]
[1A 46%|████▌     | 5110/11052 [08:25<12:40,  7.82it/s]
[1A 46%|████▌     | 5111/11052 [08:25<12:19,  8.04it/s]
[1A 46%|████▋     | 5112/11052 [08:25<12:18,  8.05it/s]
[1A 46%|████▋     | 5113/11052 [08:25<11:43,  8.45it/s]
[1A 46%|████▋     | 5114/11052 [08:25<11:13,  8.82it/s]
[1A 46%|████▋     | 5115/11052 [08:26<11:39,  8.49it/s]
[1A 46%|████▋     | 5117/11052 [08:26<12:34,  7.86it/s]
[1A 46%|████▋     | 5119/11052 [08:26<11:12,  8.83it/s]
[1A 46%|████▋     | 5121/11052 [08:26<10:23,  9.51it/s]
[1A 46%|████▋     | 5123/11052 [08:26<09:55,  9.95it/s]
[1A 46%|████▋     | 5124/11052 [08:26<10:42,  9.23it/s]
[1A 46%|████▋     | 5126/11052 [08:27<10:01,  9.85it/s]
[1A 46%|████▋     | 5128/11052 [08:27<09:39, 10.21it/s]
[1A 46%|████▋     | 5130/11052 [08:27<09:43, 10.14it/s]
[1A 46%|████▋     | 5132/11052 [08:27<09:29, 10.40it/s]
[1A 46%|████▋     | 5134/11052 [08:27<09:16, 10.64it/s]
[1A 46%|████▋     | 5136/11052 [08:28<09:09, 10.77it/s]
[1A 46%|████▋     | 5138/11052 [08:28<09:39, 10.20it/s]
[1A 47%|████▋     | 5140/11052 [08:28<09:32, 10.33it/s]
[1A 47%|████▋     | 5142/11052 [08:28<09:19, 10.56it/s]
[1A 47%|████▋     | 5144/11052 [08:28<09:09, 10.76it/s]
[1A 47%|████▋     | 5146/11052 [08:29<09:20, 10.54it/s]
[1A 47%|████▋     | 5148/11052 [08:29<09:09, 10.75it/s]
[1A 47%|████▋     | 5150/11052 [08:29<09:03, 10.86it/s]
[1A                                                    
{'loss': 0.246, 'grad_norm': 5.675171852111816, 'learning_rate': 1.1368887177512515e-05, 'epoch': 1.4}
[1A
[1A 47%|████▋     | 5150/11052 [08:29<09:03, 10.86it/s]
[1A 47%|████▋     | 5152/11052 [08:29<08:58, 10.96it/s]
[1A 47%|████▋     | 5154/11052 [08:29<08:55, 11.01it/s]
[1A 47%|████▋     | 5156/11052 [08:29<08:56, 10.98it/s]
[1A 47%|████▋     | 5158/11052 [08:30<08:52, 11.06it/s]
[1A 47%|████▋     | 5160/11052 [08:30<08:52, 11.07it/s]
[1A 47%|████▋     | 5162/11052 [08:30<08:52, 11.07it/s]
[1A 47%|████▋     | 5164/11052 [08:30<08:51, 11.09it/s]
[1A 47%|████▋     | 5166/11052 [08:30<08:46, 11.18it/s]
[1A 47%|████▋     | 5168/11052 [08:31<08:51, 11.08it/s]
[1A 47%|████▋     | 5170/11052 [08:31<09:20, 10.49it/s]
[1A 47%|████▋     | 5172/11052 [08:31<09:13, 10.62it/s]
[1A 47%|████▋     | 5174/11052 [08:31<09:33, 10.25it/s]
[1A 47%|████▋     | 5176/11052 [08:31<09:24, 10.41it/s]
[1A 47%|████▋     | 5178/11052 [08:31<09:13, 10.61it/s]
[1A 47%|████▋     | 5180/11052 [08:32<09:05, 10.76it/s]
[1A 47%|████▋     | 5182/11052 [08:32<09:03, 10.80it/s]
[1A 47%|████▋     | 5184/11052 [08:32<09:06, 10.73it/s]
[1A 47%|████▋     | 5186/11052 [08:32<09:05, 10.76it/s]
[1A 47%|████▋     | 5188/11052 [08:32<09:07, 10.71it/s]
[1A 47%|████▋     | 5190/11052 [08:33<09:05, 10.74it/s]
[1A 47%|████▋     | 5192/11052 [08:33<09:04, 10.77it/s]
[1A 47%|████▋     | 5194/11052 [08:33<09:01, 10.82it/s]
[1A 47%|████▋     | 5196/11052 [08:33<08:57, 10.90it/s]
[1A 47%|████▋     | 5198/11052 [08:33<08:51, 11.01it/s]
[1A 47%|████▋     | 5200/11052 [08:34<08:47, 11.09it/s]
[1A                                                    
{'loss': 0.2161, 'grad_norm': 2.8099732398986816, 'learning_rate': 1.127262225644975e-05, 'epoch': 1.41}
[1A
[1A 47%|████▋     | 5200/11052 [08:34<08:47, 11.09it/s]
[1A 47%|████▋     | 5202/11052 [08:34<08:48, 11.07it/s]
[1A 47%|████▋     | 5204/11052 [08:34<08:47, 11.09it/s]
[1A 47%|████▋     | 5206/11052 [08:34<08:45, 11.13it/s]
[1A 47%|████▋     | 5208/11052 [08:34<09:16, 10.49it/s]
[1A 47%|████▋     | 5210/11052 [08:34<09:30, 10.24it/s]
[1A 47%|████▋     | 5212/11052 [08:35<09:26, 10.31it/s]
[1A 47%|████▋     | 5214/11052 [08:35<09:14, 10.53it/s]
[1A 47%|████▋     | 5216/11052 [08:35<09:17, 10.47it/s]
[1A 47%|████▋     | 5218/11052 [08:35<09:14, 10.52it/s]
[1A 47%|████▋     | 5220/11052 [08:35<09:14, 10.53it/s]
[1A 47%|████▋     | 5222/11052 [08:36<09:10, 10.59it/s]
[1A 47%|████▋     | 5224/11052 [08:36<09:28, 10.25it/s]
[1A 47%|████▋     | 5226/11052 [08:36<09:33, 10.16it/s]
[1A 47%|████▋     | 5228/11052 [08:36<09:28, 10.25it/s]
[1A 47%|████▋     | 5230/11052 [08:36<09:25, 10.29it/s]
[1A 47%|████▋     | 5232/11052 [08:37<09:30, 10.21it/s]
[1A 47%|████▋     | 5234/11052 [08:37<09:18, 10.43it/s]
[1A 47%|████▋     | 5236/11052 [08:37<09:16, 10.46it/s]
[1A 47%|████▋     | 5238/11052 [08:37<09:08, 10.60it/s]
[1A 47%|████▋     | 5240/11052 [08:37<09:04, 10.67it/s]
[1A 47%|████▋     | 5242/11052 [08:38<09:04, 10.68it/s]
[1A 47%|████▋     | 5244/11052 [08:38<09:03, 10.68it/s]
[1A 47%|████▋     | 5246/11052 [08:38<09:55,  9.75it/s]
[1A 47%|████▋     | 5248/11052 [08:38<09:39, 10.02it/s]
[1A 48%|████▊     | 5250/11052 [08:38<09:28, 10.20it/s]                        
{'loss': 0.2237, 'grad_norm': 12.4479398727417, 'learning_rate': 1.1176357335386988e-05, 'epoch': 1.43}
[1A
[1A 48%|████▊     | 5250/11052 [08:38<09:28, 10.20it/s]
[1A 48%|████▊     | 5252/11052 [08:39<09:21, 10.32it/s]
[1A 48%|████▊     | 5254/11052 [08:39<09:10, 10.54it/s]
[1A 48%|████▊     | 5256/11052 [08:39<09:04, 10.64it/s]
[1A 48%|████▊     | 5258/11052 [08:39<09:02, 10.68it/s]
[1A 48%|████▊     | 5260/11052 [08:39<09:00, 10.71it/s]
[1A 48%|████▊     | 5262/11052 [08:39<09:35, 10.06it/s]
[1A 48%|████▊     | 5264/11052 [08:40<09:33, 10.10it/s]
[1A 48%|████▊     | 5266/11052 [08:40<09:28, 10.18it/s]
[1A 48%|████▊     | 5268/11052 [08:40<09:18, 10.35it/s]
[1A 48%|████▊     | 5270/11052 [08:40<09:36, 10.03it/s]
[1A 48%|████▊     | 5272/11052 [08:40<09:23, 10.25it/s]
[1A 48%|████▊     | 5274/11052 [08:41<09:13, 10.44it/s]
[1A 48%|████▊     | 5276/11052 [08:41<09:05, 10.60it/s]
[1A 48%|████▊     | 5278/11052 [08:41<09:00, 10.68it/s]
[1A 48%|████▊     | 5280/11052 [08:41<08:55, 10.78it/s]
[1A 48%|████▊     | 5282/11052 [08:41<08:52, 10.83it/s]
[1A 48%|████▊     | 5284/11052 [08:42<09:22, 10.25it/s]
[1A 48%|████▊     | 5286/11052 [08:42<09:32, 10.07it/s]
[1A 48%|████▊     | 5288/11052 [08:42<09:20, 10.29it/s]
[1A 48%|████▊     | 5290/11052 [08:42<09:11, 10.45it/s]
[1A 48%|████▊     | 5292/11052 [08:42<09:07, 10.52it/s]
[1A 48%|████▊     | 5294/11052 [08:43<09:03, 10.59it/s]
[1A 48%|████▊     | 5296/11052 [08:43<08:57, 10.70it/s]
[1A 48%|████▊     | 5298/11052 [08:43<08:53, 10.78it/s]
[1A 48%|████▊     | 5300/11052 [08:43<08:50, 10.85it/s]
[1A                                                    
{'loss': 0.2302, 'grad_norm': 7.427981376647949, 'learning_rate': 1.1080092414324222e-05, 'epoch': 1.44}
[1A
[1A 48%|████▊     | 5300/11052 [08:43<08:50, 10.85it/s]
[1A 48%|████▊     | 5302/11052 [08:43<08:50, 10.84it/s]
[1A 48%|████▊     | 5304/11052 [08:43<08:48, 10.87it/s]
[1A 48%|████▊     | 5306/11052 [08:44<08:46, 10.91it/s]
[1A 48%|████▊     | 5308/11052 [08:44<08:48, 10.86it/s]
[1A 48%|████▊     | 5310/11052 [08:44<09:16, 10.32it/s]
[1A 48%|████▊     | 5312/11052 [08:44<09:05, 10.53it/s]
[1A 48%|████▊     | 5314/11052 [08:44<08:57, 10.67it/s]
[1A 48%|████▊     | 5316/11052 [08:45<09:01, 10.59it/s]
[1A 48%|████▊     | 5318/11052 [08:45<08:56, 10.68it/s]
[1A 48%|████▊     | 5320/11052 [08:45<09:03, 10.54it/s]
[1A 48%|████▊     | 5322/11052 [08:45<09:00, 10.60it/s]
[1A 48%|████▊     | 5324/11052 [08:45<08:58, 10.64it/s]
[1A 48%|████▊     | 5326/11052 [08:46<09:04, 10.52it/s]
[1A 48%|████▊     | 5328/11052 [08:46<08:55, 10.68it/s]
[1A 48%|████▊     | 5330/11052 [08:46<08:52, 10.75it/s]
[1A 48%|████▊     | 5332/11052 [08:46<08:49, 10.81it/s]
[1A 48%|████▊     | 5334/11052 [08:46<08:47, 10.84it/s]
[1A 48%|████▊     | 5336/11052 [08:46<08:44, 10.89it/s]
[1A 48%|████▊     | 5338/11052 [08:47<08:40, 10.98it/s]
[1A 48%|████▊     | 5340/11052 [08:47<08:49, 10.78it/s]
[1A 48%|████▊     | 5342/11052 [08:47<08:52, 10.72it/s]
[1A 48%|████▊     | 5344/11052 [08:47<08:59, 10.58it/s]
[1A 48%|████▊     | 5346/11052 [08:47<08:55, 10.66it/s]
[1A 48%|████▊     | 5348/11052 [08:48<08:58, 10.59it/s]
[1A 48%|████▊     | 5350/11052 [08:48<08:56, 10.63it/s]
[1A                                                    
{'loss': 0.2277, 'grad_norm': 5.8108015060424805, 'learning_rate': 1.0983827493261456e-05, 'epoch': 1.45}
[1A
[1A 48%|████▊     | 5350/11052 [08:48<08:56, 10.63it/s]
[1A 48%|████▊     | 5352/11052 [08:48<08:56, 10.63it/s]
[1A 48%|████▊     | 5354/11052 [08:48<08:52, 10.69it/s]
[1A 48%|████▊     | 5356/11052 [08:48<08:54, 10.66it/s]
[1A 48%|████▊     | 5358/11052 [08:49<09:25, 10.07it/s]
[1A 48%|████▊     | 5360/11052 [08:49<09:05, 10.43it/s]
[1A 49%|████▊     | 5362/11052 [08:49<08:56, 10.61it/s]
[1A 49%|████▊     | 5364/11052 [08:49<08:55, 10.63it/s]
[1A 49%|████▊     | 5366/11052 [08:49<08:47, 10.79it/s]
[1A 49%|████▊     | 5368/11052 [08:49<08:55, 10.61it/s]
[1A 49%|████▊     | 5370/11052 [08:50<08:42, 10.87it/s]
[1A 49%|████▊     | 5372/11052 [08:50<08:35, 11.02it/s]
[1A 49%|████▊     | 5374/11052 [08:50<08:37, 10.98it/s]
[1A 49%|████▊     | 5376/11052 [08:50<08:54, 10.62it/s]
[1A 49%|████▊     | 5378/11052 [08:50<08:42, 10.86it/s]
[1A 49%|████▊     | 5380/11052 [08:51<09:01, 10.46it/s]
[1A 49%|████▊     | 5382/11052 [08:51<08:49, 10.71it/s]
[1A 49%|████▊     | 5384/11052 [08:51<08:43, 10.83it/s]
[1A 49%|████▊     | 5386/11052 [08:51<08:49, 10.70it/s]
[1A 49%|████▉     | 5388/11052 [08:51<08:42, 10.84it/s]
[1A 49%|████▉     | 5390/11052 [08:51<08:43, 10.81it/s]
[1A 49%|████▉     | 5392/11052 [08:52<08:33, 11.02it/s]
[1A 49%|████▉     | 5394/11052 [08:52<08:30, 11.09it/s]
[1A 49%|████▉     | 5396/11052 [08:52<08:24, 11.22it/s]
[1A 49%|████▉     | 5398/11052 [08:52<08:23, 11.23it/s]
[1A 49%|████▉     | 5400/11052 [08:52<08:26, 11.16it/s]                        
{'loss': 0.198, 'grad_norm': 11.568639755249023, 'learning_rate': 1.0887562572198691e-05, 'epoch': 1.47}
[1A
[1A 49%|████▉     | 5400/11052 [08:52<08:26, 11.16it/s]
[1A 49%|████▉     | 5402/11052 [08:53<08:30, 11.06it/s]
[1A 49%|████▉     | 5404/11052 [08:53<08:25, 11.18it/s]
[1A 49%|████▉     | 5406/11052 [08:53<08:32, 11.01it/s]
[1A 49%|████▉     | 5408/11052 [08:53<08:25, 11.17it/s]
[1A 49%|████▉     | 5410/11052 [08:53<08:22, 11.22it/s]
[1A 49%|████▉     | 5412/11052 [08:53<08:20, 11.27it/s]
[1A 49%|████▉     | 5414/11052 [08:54<08:19, 11.28it/s]
[1A 49%|████▉     | 5416/11052 [08:54<08:43, 10.76it/s]
[1A 49%|████▉     | 5418/11052 [08:54<08:37, 10.89it/s]
[1A 49%|████▉     | 5420/11052 [08:54<08:55, 10.52it/s]
[1A 49%|████▉     | 5422/11052 [08:54<08:47, 10.68it/s]
[1A 49%|████▉     | 5424/11052 [08:55<08:53, 10.55it/s]
[1A 49%|████▉     | 5426/11052 [08:55<08:43, 10.75it/s]
[1A 49%|████▉     | 5428/11052 [08:55<08:36, 10.90it/s]
[1A 49%|████▉     | 5430/11052 [08:55<08:28, 11.06it/s]
[1A 49%|████▉     | 5432/11052 [08:55<09:09, 10.23it/s]
[1A 49%|████▉     | 5434/11052 [08:56<09:00, 10.40it/s]
[1A 49%|████▉     | 5436/11052 [08:56<08:54, 10.50it/s]
[1A 49%|████▉     | 5438/11052 [08:56<10:11,  9.19it/s]
[1A 49%|████▉     | 5440/11052 [08:56<10:06,  9.25it/s]
[1A 49%|████▉     | 5442/11052 [08:56<09:49,  9.51it/s]
[1A 49%|████▉     | 5443/11052 [08:57<09:51,  9.48it/s]
[1A 49%|████▉     | 5444/11052 [08:57<09:46,  9.57it/s]
[1A 49%|████▉     | 5445/11052 [08:57<09:47,  9.54it/s]
[1A 49%|████▉     | 5446/11052 [08:57<09:52,  9.46it/s]
[1A 49%|████▉     | 5448/11052 [08:57<09:18, 10.03it/s]
[1A 49%|████▉     | 5450/11052 [08:57<09:00, 10.36it/s]
[1A                                                    
{'loss': 0.2633, 'grad_norm': 16.699779510498047, 'learning_rate': 1.0791297651135927e-05, 'epoch': 1.48}
[1A
[1A 49%|████▉     | 5450/11052 [08:57<09:00, 10.36it/s]
[1A 49%|████▉     | 5452/11052 [08:57<09:16, 10.07it/s]
[1A 49%|████▉     | 5454/11052 [08:58<08:59, 10.38it/s]
[1A 49%|████▉     | 5456/11052 [08:58<08:45, 10.65it/s]
[1A 49%|████▉     | 5458/11052 [08:58<08:47, 10.60it/s]
[1A 49%|████▉     | 5460/11052 [08:58<08:42, 10.70it/s]
[1A 49%|████▉     | 5462/11052 [08:58<08:38, 10.79it/s]
[1A 49%|████▉     | 5464/11052 [08:59<08:36, 10.81it/s]
[1A 49%|████▉     | 5466/11052 [08:59<08:42, 10.69it/s]
[1A 49%|████▉     | 5468/11052 [08:59<08:37, 10.79it/s]
[1A 49%|████▉     | 5470/11052 [08:59<08:57, 10.39it/s]
[1A 50%|████▉     | 5472/11052 [08:59<08:56, 10.40it/s]
[1A 50%|████▉     | 5474/11052 [08:59<08:48, 10.56it/s]
[1A 50%|████▉     | 5476/11052 [09:00<09:40,  9.60it/s]
[1A 50%|████▉     | 5477/11052 [09:00<10:31,  8.82it/s]
[1A 50%|████▉     | 5479/11052 [09:00<09:48,  9.46it/s]
[1A 50%|████▉     | 5481/11052 [09:00<09:21,  9.92it/s]
[1A 50%|████▉     | 5483/11052 [09:00<09:03, 10.24it/s]
[1A 50%|████▉     | 5485/11052 [09:01<08:51, 10.47it/s]
[1A 50%|████▉     | 5487/11052 [09:01<09:13, 10.06it/s]
[1A 50%|████▉     | 5489/11052 [09:01<09:06, 10.17it/s]
[1A 50%|████▉     | 5491/11052 [09:01<08:54, 10.40it/s]
[1A 50%|████▉     | 5493/11052 [09:01<08:45, 10.58it/s]
[1A 50%|████▉     | 5495/11052 [09:02<08:37, 10.74it/s]
[1A 50%|████▉     | 5497/11052 [09:02<08:33, 10.81it/s]
[1A 50%|████▉     | 5499/11052 [09:02<08:29, 10.89it/s]
[1A                                                    
{'loss': 0.252, 'grad_norm': 4.009076118469238, 'learning_rate': 1.0695032730073163e-05, 'epoch': 1.49}
[1A
[1A 50%|████▉     | 5500/11052 [09:02<08:29, 10.89it/s]
[1A 50%|████▉     | 5501/11052 [09:02<08:31, 10.86it/s]
[1A 50%|████▉     | 5503/11052 [09:02<08:28, 10.90it/s]
[1A 50%|████▉     | 5505/11052 [09:02<08:38, 10.71it/s]
[1A 50%|████▉     | 5507/11052 [09:03<08:41, 10.63it/s]
[1A 50%|████▉     | 5509/11052 [09:03<08:35, 10.74it/s]
[1A 50%|████▉     | 5511/11052 [09:03<08:39, 10.66it/s]
[1A 50%|████▉     | 5513/11052 [09:03<08:47, 10.49it/s]
[1A 50%|████▉     | 5515/11052 [09:03<08:38, 10.68it/s]
[1A 50%|████▉     | 5517/11052 [09:04<08:39, 10.66it/s]
[1A 50%|████▉     | 5519/11052 [09:04<08:31, 10.81it/s]
[1A 50%|████▉     | 5521/11052 [09:04<08:30, 10.83it/s]
[1A 50%|████▉     | 5523/11052 [09:04<08:30, 10.83it/s]
[1A 50%|████▉     | 5525/11052 [09:04<08:26, 10.90it/s]
[1A 50%|█████     | 5527/11052 [09:05<08:25, 10.93it/s]
[1A 50%|█████     | 5529/11052 [09:05<08:43, 10.54it/s]
[1A 50%|█████     | 5531/11052 [09:05<08:39, 10.63it/s]
[1A 50%|█████     | 5533/11052 [09:05<08:32, 10.77it/s]
[1A 50%|█████     | 5535/11052 [09:05<08:27, 10.88it/s]
[1A 50%|█████     | 5537/11052 [09:05<08:24, 10.94it/s]
[1A 50%|█████     | 5539/11052 [09:06<08:29, 10.83it/s]
[1A 50%|█████     | 5541/11052 [09:06<08:27, 10.86it/s]
[1A 50%|█████     | 5543/11052 [09:06<08:30, 10.80it/s]
[1A 50%|█████     | 5545/11052 [09:06<08:33, 10.73it/s]
[1A 50%|█████     | 5547/11052 [09:06<08:30, 10.78it/s]
[1A 50%|█████     | 5549/11052 [09:07<08:25, 10.89it/s]
[1A                                                    
{'loss': 0.2263, 'grad_norm': 13.47104549407959, 'learning_rate': 1.0598767809010398e-05, 'epoch': 1.51}
[1A
[1A 50%|█████     | 5550/11052 [09:07<08:25, 10.89it/s]
[1A 50%|█████     | 5551/11052 [09:07<08:27, 10.83it/s]
[1A 50%|█████     | 5553/11052 [09:07<08:25, 10.88it/s]
[1A 50%|█████     | 5555/11052 [09:07<08:21, 10.97it/s]
[1A 50%|█████     | 5557/11052 [09:07<08:24, 10.89it/s]
[1A 50%|█████     | 5559/11052 [09:07<08:33, 10.70it/s]
[1A 50%|█████     | 5561/11052 [09:08<08:45, 10.46it/s]
[1A 50%|█████     | 5563/11052 [09:08<08:38, 10.59it/s]
[1A 50%|█████     | 5565/11052 [09:08<08:32, 10.71it/s]
[1A 50%|█████     | 5567/11052 [09:08<08:33, 10.68it/s]
[1A 50%|█████     | 5569/11052 [09:08<08:32, 10.70it/s]
[1A 50%|█████     | 5571/11052 [09:09<08:29, 10.76it/s]
[1A 50%|█████     | 5573/11052 [09:09<08:25, 10.83it/s]
[1A 50%|█████     | 5575/11052 [09:09<08:22, 10.91it/s]
[1A 50%|█████     | 5577/11052 [09:09<08:19, 10.96it/s]
[1A 50%|█████     | 5579/11052 [09:09<08:14, 11.06it/s]
[1A 50%|█████     | 5581/11052 [09:10<08:13, 11.09it/s]
[1A 51%|█████     | 5583/11052 [09:10<08:20, 10.93it/s]
[1A 51%|█████     | 5585/11052 [09:10<08:19, 10.95it/s]
[1A 51%|█████     | 5587/11052 [09:10<08:18, 10.96it/s]
[1A 51%|█████     | 5589/11052 [09:10<08:18, 10.96it/s]
[1A 51%|█████     | 5591/11052 [09:10<09:02, 10.07it/s]
[1A 51%|█████     | 5593/11052 [09:11<08:58, 10.14it/s]
[1A 51%|█████     | 5595/11052 [09:11<08:42, 10.44it/s]
[1A 51%|█████     | 5597/11052 [09:11<08:31, 10.66it/s]
[1A 51%|█████     | 5599/11052 [09:11<08:45, 10.39it/s]                        
{'loss': 0.2447, 'grad_norm': 10.93080997467041, 'learning_rate': 1.0502502887947632e-05, 'epoch': 1.52}
[1A
[1A 51%|█████     | 5600/11052 [09:11<08:44, 10.39it/s]
[1A 51%|█████     | 5601/11052 [09:11<08:46, 10.34it/s]
[1A 51%|█████     | 5603/11052 [09:12<08:32, 10.63it/s]
[1A 51%|█████     | 5605/11052 [09:12<08:27, 10.74it/s]
[1A 51%|█████     | 5607/11052 [09:12<08:20, 10.88it/s]
[1A 51%|█████     | 5609/11052 [09:12<08:16, 10.97it/s]
[1A 51%|█████     | 5611/11052 [09:12<08:11, 11.07it/s]
[1A 51%|█████     | 5613/11052 [09:12<08:11, 11.07it/s]
[1A 51%|█████     | 5615/11052 [09:13<08:08, 11.14it/s]
[1A 51%|█████     | 5617/11052 [09:13<08:21, 10.84it/s]
[1A 51%|█████     | 5619/11052 [09:13<08:14, 10.99it/s]
[1A 51%|█████     | 5621/11052 [09:13<08:11, 11.05it/s]
[1A 51%|█████     | 5623/11052 [09:13<08:07, 11.14it/s]
[1A 51%|█████     | 5625/11052 [09:14<08:05, 11.17it/s]
[1A 51%|█████     | 5627/11052 [09:14<08:33, 10.56it/s]
[1A 51%|█████     | 5629/11052 [09:14<08:21, 10.81it/s]
[1A 51%|█████     | 5631/11052 [09:14<08:16, 10.92it/s]
[1A 51%|█████     | 5633/11052 [09:14<08:44, 10.33it/s]
[1A 51%|█████     | 5635/11052 [09:15<08:33, 10.54it/s]
[1A 51%|█████     | 5637/11052 [09:15<08:48, 10.25it/s]
[1A 51%|█████     | 5639/11052 [09:15<08:38, 10.43it/s]
[1A 51%|█████     | 5641/11052 [09:15<09:03,  9.96it/s]
[1A 51%|█████     | 5643/11052 [09:15<08:45, 10.29it/s]
[1A 51%|█████     | 5645/11052 [09:16<08:37, 10.46it/s]
[1A 51%|█████     | 5647/11052 [09:16<08:39, 10.40it/s]
[1A 51%|█████     | 5649/11052 [09:16<08:41, 10.37it/s]
[1A                                                    
{'loss': 0.2447, 'grad_norm': 7.398606300354004, 'learning_rate': 1.0406237966884869e-05, 'epoch': 1.53}
[1A
[1A 51%|█████     | 5650/11052 [09:16<08:40, 10.37it/s]
[1A 51%|█████     | 5651/11052 [09:16<08:32, 10.55it/s]
[1A 51%|█████     | 5653/11052 [09:16<08:23, 10.72it/s]
[1A 51%|█████     | 5655/11052 [09:16<08:18, 10.82it/s]
[1A 51%|█████     | 5657/11052 [09:17<08:12, 10.96it/s]
[1A 51%|█████     | 5659/11052 [09:17<08:13, 10.93it/s]
[1A 51%|█████     | 5661/11052 [09:17<08:09, 11.01it/s]
[1A 51%|█████     | 5663/11052 [09:17<08:07, 11.06it/s]
[1A 51%|█████▏    | 5665/11052 [09:17<08:20, 10.75it/s]
[1A 51%|█████▏    | 5667/11052 [09:18<08:23, 10.69it/s]
[1A 51%|█████▏    | 5669/11052 [09:18<08:15, 10.86it/s]
[1A 51%|█████▏    | 5671/11052 [09:18<08:24, 10.67it/s]
[1A 51%|█████▏    | 5673/11052 [09:18<08:17, 10.81it/s]
[1A 51%|█████▏    | 5675/11052 [09:18<08:14, 10.87it/s]
[1A 51%|█████▏    | 5677/11052 [09:18<08:19, 10.76it/s]
[1A 51%|█████▏    | 5679/11052 [09:19<08:19, 10.76it/s]
[1A 51%|█████▏    | 5681/11052 [09:19<08:19, 10.75it/s]
[1A 51%|█████▏    | 5683/11052 [09:19<08:22, 10.69it/s]
[1A 51%|█████▏    | 5685/11052 [09:19<08:44, 10.23it/s]
[1A 51%|█████▏    | 5687/11052 [09:19<09:15,  9.66it/s]
[1A 51%|█████▏    | 5688/11052 [09:20<09:36,  9.30it/s]
[1A 51%|█████▏    | 5689/11052 [09:20<09:36,  9.31it/s]
[1A 51%|█████▏    | 5690/11052 [09:20<09:36,  9.30it/s]
[1A 51%|█████▏    | 5691/11052 [09:20<09:55,  9.01it/s]
[1A 52%|█████▏    | 5692/11052 [09:20<10:00,  8.92it/s]
[1A 52%|█████▏    | 5693/11052 [09:20<10:35,  8.43it/s]
[1A 52%|█████▏    | 5694/11052 [09:20<11:37,  7.68it/s]
[1A 52%|█████▏    | 5695/11052 [09:20<11:22,  7.85it/s]
[1A 52%|█████▏    | 5696/11052 [09:21<10:42,  8.33it/s]
[1A 52%|█████▏    | 5697/11052 [09:21<10:29,  8.51it/s]
[1A 52%|█████▏    | 5698/11052 [09:21<10:34,  8.43it/s]
[1A 52%|█████▏    | 5699/11052 [09:21<10:15,  8.70it/s]
[1A 52%|█████▏    | 5700/11052 [09:21<10:24,  8.56it/s]
[1A                                                    
{'loss': 0.2134, 'grad_norm': 1.590577483177185, 'learning_rate': 1.0309973045822103e-05, 'epoch': 1.55}
[1A
[1A 52%|█████▏    | 5700/11052 [09:21<10:24,  8.56it/s]
[1A 52%|█████▏    | 5702/11052 [09:21<09:37,  9.27it/s]
[1A 52%|█████▏    | 5704/11052 [09:21<09:10,  9.71it/s]
[1A 52%|█████▏    | 5705/11052 [09:22<09:10,  9.71it/s]
[1A 52%|█████▏    | 5707/11052 [09:22<08:55,  9.98it/s]
[1A 52%|█████▏    | 5709/11052 [09:22<08:49, 10.09it/s]
[1A 52%|█████▏    | 5711/11052 [09:22<08:37, 10.33it/s]
[1A 52%|█████▏    | 5713/11052 [09:22<08:28, 10.50it/s]
[1A 52%|█████▏    | 5715/11052 [09:22<08:29, 10.48it/s]
[1A 52%|█████▏    | 5717/11052 [09:23<08:23, 10.60it/s]
[1A 52%|█████▏    | 5719/11052 [09:23<08:42, 10.20it/s]
[1A 52%|█████▏    | 5721/11052 [09:23<08:30, 10.43it/s]
[1A 52%|█████▏    | 5723/11052 [09:23<08:48, 10.09it/s]
[1A 52%|█████▏    | 5725/11052 [09:23<08:40, 10.23it/s]
[1A 52%|█████▏    | 5727/11052 [09:24<08:34, 10.35it/s]
[1A 52%|█████▏    | 5729/11052 [09:24<08:35, 10.32it/s]
[1A 52%|█████▏    | 5731/11052 [09:24<08:29, 10.43it/s]
[1A 52%|█████▏    | 5733/11052 [09:24<08:26, 10.49it/s]
[1A 52%|█████▏    | 5735/11052 [09:24<08:27, 10.48it/s]
[1A 52%|█████▏    | 5737/11052 [09:25<08:39, 10.24it/s]
[1A 52%|█████▏    | 5739/11052 [09:25<08:30, 10.41it/s]
[1A 52%|█████▏    | 5741/11052 [09:25<08:24, 10.52it/s]
[1A 52%|█████▏    | 5743/11052 [09:25<08:42, 10.15it/s]
[1A 52%|█████▏    | 5745/11052 [09:25<08:41, 10.18it/s]
[1A 52%|█████▏    | 5747/11052 [09:26<08:50, 10.00it/s]
[1A 52%|█████▏    | 5749/11052 [09:26<09:14,  9.56it/s]
[1A                                                    
{'loss': 0.2567, 'grad_norm': 15.553101539611816, 'learning_rate': 1.021370812475934e-05, 'epoch': 1.56}
[1A
[1A 52%|█████▏    | 5750/11052 [09:26<09:14,  9.56it/s]
[1A 52%|█████▏    | 5751/11052 [09:26<10:16,  8.60it/s]
[1A 52%|█████▏    | 5753/11052 [09:26<09:30,  9.28it/s]
[1A 52%|█████▏    | 5755/11052 [09:26<09:04,  9.74it/s]
[1A 52%|█████▏    | 5757/11052 [09:27<08:50,  9.98it/s]
[1A 52%|█████▏    | 5759/11052 [09:27<08:35, 10.27it/s]
[1A 52%|█████▏    | 5761/11052 [09:27<08:21, 10.55it/s]
[1A 52%|█████▏    | 5763/11052 [09:27<08:11, 10.76it/s]
[1A 52%|█████▏    | 5765/11052 [09:27<08:06, 10.86it/s]
[1A 52%|█████▏    | 5767/11052 [09:28<08:00, 10.99it/s]
[1A 52%|█████▏    | 5769/11052 [09:28<08:30, 10.34it/s]
[1A 52%|█████▏    | 5771/11052 [09:28<08:18, 10.58it/s]
[1A 52%|█████▏    | 5773/11052 [09:28<08:13, 10.70it/s]
[1A 52%|█████▏    | 5775/11052 [09:28<08:05, 10.87it/s]
[1A 52%|█████▏    | 5777/11052 [09:29<08:01, 10.95it/s]
[1A 52%|█████▏    | 5779/11052 [09:29<07:57, 11.04it/s]
[1A 52%|█████▏    | 5781/11052 [09:29<08:06, 10.84it/s]
[1A 52%|█████▏    | 5783/11052 [09:29<08:10, 10.73it/s]
[1A 52%|█████▏    | 5785/11052 [09:29<09:02,  9.71it/s]
[1A 52%|█████▏    | 5786/11052 [09:29<09:35,  9.14it/s]
[1A 52%|█████▏    | 5787/11052 [09:30<09:29,  9.25it/s]
[1A 52%|█████▏    | 5788/11052 [09:30<09:37,  9.12it/s]
[1A 52%|█████▏    | 5789/11052 [09:30<09:52,  8.89it/s]
[1A 52%|█████▏    | 5790/11052 [09:30<09:52,  8.88it/s]
[1A 52%|█████▏    | 5791/11052 [09:30<09:37,  9.12it/s]
[1A 52%|█████▏    | 5793/11052 [09:30<08:55,  9.81it/s]
[1A 52%|█████▏    | 5795/11052 [09:30<09:07,  9.61it/s]
[1A 52%|█████▏    | 5797/11052 [09:31<08:43, 10.03it/s]
[1A 52%|█████▏    | 5799/11052 [09:31<08:33, 10.24it/s]                        
{'loss': 0.247, 'grad_norm': 8.132317543029785, 'learning_rate': 1.0117443203696574e-05, 'epoch': 1.57}
[1A
[1A 52%|█████▏    | 5800/11052 [09:31<08:33, 10.24it/s]
[1A 52%|█████▏    | 5801/11052 [09:31<09:25,  9.29it/s]
[1A 52%|█████▏    | 5802/11052 [09:31<10:02,  8.71it/s]
[1A 53%|█████▎    | 5803/11052 [09:31<09:47,  8.93it/s]
[1A 53%|█████▎    | 5804/11052 [09:31<09:51,  8.88it/s]
[1A 53%|█████▎    | 5806/11052 [09:32<09:16,  9.42it/s]
[1A 53%|█████▎    | 5808/11052 [09:32<08:50,  9.88it/s]
[1A 53%|█████▎    | 5809/11052 [09:32<09:01,  9.68it/s]
[1A 53%|█████▎    | 5811/11052 [09:32<08:34, 10.18it/s]
[1A 53%|█████▎    | 5813/11052 [09:32<08:17, 10.52it/s]
[1A 53%|█████▎    | 5815/11052 [09:32<08:09, 10.70it/s]
[1A 53%|█████▎    | 5817/11052 [09:33<08:04, 10.81it/s]
[1A 53%|█████▎    | 5819/11052 [09:33<07:58, 10.94it/s]
[1A 53%|█████▎    | 5821/11052 [09:33<07:57, 10.96it/s]
[1A 53%|█████▎    | 5823/11052 [09:33<07:52, 11.07it/s]
[1A 53%|█████▎    | 5825/11052 [09:33<07:49, 11.14it/s]
[1A 53%|█████▎    | 5827/11052 [09:33<07:44, 11.25it/s]
[1A 53%|█████▎    | 5829/11052 [09:34<07:43, 11.27it/s]
[1A 53%|█████▎    | 5831/11052 [09:34<07:43, 11.25it/s]
[1A 53%|█████▎    | 5833/11052 [09:34<07:51, 11.07it/s]
[1A 53%|█████▎    | 5835/11052 [09:34<07:48, 11.14it/s]
[1A 53%|█████▎    | 5837/11052 [09:34<07:45, 11.19it/s]
[1A 53%|█████▎    | 5839/11052 [09:35<07:45, 11.21it/s]
[1A 53%|█████▎    | 5841/11052 [09:35<08:46,  9.89it/s]
[1A 53%|█████▎    | 5843/11052 [09:35<08:27, 10.27it/s]
[1A 53%|█████▎    | 5845/11052 [09:35<08:20, 10.40it/s]
[1A 53%|█████▎    | 5847/11052 [09:35<08:08, 10.66it/s]
[1A 53%|█████▎    | 5849/11052 [09:36<08:06, 10.68it/s]
[1A                                                    
{'loss': 0.2214, 'grad_norm': 14.055697441101074, 'learning_rate': 1.002117828263381e-05, 'epoch': 1.59}
[1A
[1A 53%|█████▎    | 5850/11052 [09:36<08:06, 10.68it/s]
[1A 53%|█████▎    | 5851/11052 [09:36<08:15, 10.49it/s]
[1A 53%|█████▎    | 5853/11052 [09:36<08:10, 10.60it/s]
[1A 53%|█████▎    | 5855/11052 [09:36<08:09, 10.61it/s]
[1A 53%|█████▎    | 5857/11052 [09:36<08:11, 10.57it/s]
[1A 53%|█████▎    | 5859/11052 [09:36<08:06, 10.67it/s]
[1A 53%|█████▎    | 5861/11052 [09:37<08:08, 10.62it/s]
[1A 53%|█████▎    | 5863/11052 [09:37<08:01, 10.77it/s]
[1A 53%|█████▎    | 5865/11052 [09:37<08:09, 10.60it/s]
[1A 53%|█████▎    | 5867/11052 [09:37<08:02, 10.74it/s]
[1A 53%|█████▎    | 5869/11052 [09:37<07:59, 10.80it/s]
[1A 53%|█████▎    | 5871/11052 [09:38<08:03, 10.72it/s]
[1A 53%|█████▎    | 5873/11052 [09:38<08:01, 10.77it/s]
[1A 53%|█████▎    | 5875/11052 [09:38<08:34, 10.06it/s]
[1A 53%|█████▎    | 5877/11052 [09:38<08:21, 10.31it/s]
[1A 53%|█████▎    | 5879/11052 [09:38<08:30, 10.13it/s]
[1A 53%|█████▎    | 5881/11052 [09:39<08:19, 10.35it/s]
[1A 53%|█████▎    | 5883/11052 [09:39<09:06,  9.45it/s]
[1A 53%|█████▎    | 5885/11052 [09:39<08:44,  9.85it/s]
[1A 53%|█████▎    | 5887/11052 [09:39<08:40,  9.93it/s]
[1A 53%|█████▎    | 5889/11052 [09:39<08:34, 10.04it/s]
[1A 53%|█████▎    | 5891/11052 [09:40<08:28, 10.16it/s]
[1A 53%|█████▎    | 5893/11052 [09:40<08:10, 10.53it/s]
[1A 53%|█████▎    | 5895/11052 [09:40<07:59, 10.76it/s]
[1A 53%|█████▎    | 5897/11052 [09:40<07:50, 10.96it/s]
[1A 53%|█████▎    | 5899/11052 [09:40<07:43, 11.12it/s]
[1A                                                    
{'loss': 0.2364, 'grad_norm': 3.9048922061920166, 'learning_rate': 9.924913361571044e-06, 'epoch': 1.6}
[1A
[1A 53%|█████▎    | 5900/11052 [09:40<07:43, 11.12it/s]
[1A 53%|█████▎    | 5901/11052 [09:41<07:42, 11.13it/s]
[1A 53%|█████▎    | 5903/11052 [09:41<07:39, 11.21it/s]
[1A 53%|█████▎    | 5905/11052 [09:41<07:39, 11.21it/s]
[1A 53%|█████▎    | 5907/11052 [09:41<07:35, 11.29it/s]
[1A 53%|█████▎    | 5909/11052 [09:41<07:36, 11.28it/s]
[1A 53%|█████▎    | 5911/11052 [09:41<07:36, 11.26it/s]
[1A 54%|█████▎    | 5913/11052 [09:42<07:35, 11.29it/s]
[1A 54%|█████▎    | 5915/11052 [09:42<07:33, 11.33it/s]
[1A 54%|█████▎    | 5917/11052 [09:42<07:32, 11.36it/s]
[1A 54%|█████▎    | 5919/11052 [09:42<08:10, 10.47it/s]
[1A 54%|█████▎    | 5921/11052 [09:42<08:06, 10.55it/s]
[1A 54%|█████▎    | 5923/11052 [09:43<07:58, 10.71it/s]
[1A 54%|█████▎    | 5925/11052 [09:43<07:52, 10.85it/s]
[1A 54%|█████▎    | 5927/11052 [09:43<07:43, 11.06it/s]
[1A 54%|█████▎    | 5929/11052 [09:43<07:38, 11.18it/s]
[1A 54%|█████▎    | 5931/11052 [09:43<08:01, 10.63it/s]
[1A 54%|█████▎    | 5933/11052 [09:43<07:52, 10.82it/s]
[1A 54%|█████▎    | 5935/11052 [09:44<07:44, 11.03it/s]
[1A 54%|█████▎    | 5937/11052 [09:44<07:38, 11.15it/s]
[1A 54%|█████▎    | 5939/11052 [09:44<07:43, 11.04it/s]
[1A 54%|█████▍    | 5941/11052 [09:44<08:02, 10.60it/s]
[1A 54%|█████▍    | 5943/11052 [09:44<07:51, 10.84it/s]
[1A 54%|█████▍    | 5945/11052 [09:45<07:58, 10.67it/s]
[1A 54%|█████▍    | 5947/11052 [09:45<08:11, 10.39it/s]
[1A 54%|█████▍    | 5949/11052 [09:45<07:57, 10.68it/s]
[1A                                                    
{'loss': 0.193, 'grad_norm': 7.2998576164245605, 'learning_rate': 9.828648440508279e-06, 'epoch': 1.62}
[1A
[1A 54%|█████▍    | 5950/11052 [09:45<07:57, 10.68it/s]
[1A 54%|█████▍    | 5951/11052 [09:45<07:53, 10.76it/s]
[1A 54%|█████▍    | 5953/11052 [09:45<07:57, 10.67it/s]
[1A 54%|█████▍    | 5955/11052 [09:45<07:59, 10.62it/s]
[1A 54%|█████▍    | 5957/11052 [09:46<07:55, 10.71it/s]
[1A 54%|█████▍    | 5959/11052 [09:46<08:26, 10.05it/s]
[1A 54%|█████▍    | 5961/11052 [09:46<08:47,  9.64it/s]
[1A 54%|█████▍    | 5962/11052 [09:46<08:57,  9.48it/s]
[1A 54%|█████▍    | 5963/11052 [09:46<09:04,  9.34it/s]
[1A 54%|█████▍    | 5964/11052 [09:46<09:35,  8.84it/s]
[1A 54%|█████▍    | 5965/11052 [09:47<09:26,  8.98it/s]
[1A 54%|█████▍    | 5966/11052 [09:47<09:22,  9.03it/s]
[1A 54%|█████▍    | 5967/11052 [09:47<09:23,  9.03it/s]
[1A 54%|█████▍    | 5968/11052 [09:47<09:47,  8.66it/s]
[1A 54%|█████▍    | 5969/11052 [09:47<10:02,  8.44it/s]
[1A 54%|█████▍    | 5970/11052 [09:47<09:45,  8.68it/s]
[1A 54%|█████▍    | 5971/11052 [09:47<13:06,  6.46it/s]
[1A 54%|█████▍    | 5972/11052 [09:48<12:30,  6.77it/s]
[1A 54%|█████▍    | 5973/11052 [09:48<12:22,  6.84it/s]
[1A 54%|█████▍    | 5974/11052 [09:48<11:53,  7.12it/s]
[1A 54%|█████▍    | 5976/11052 [09:48<09:58,  8.48it/s]
[1A 54%|█████▍    | 5978/11052 [09:48<09:06,  9.29it/s]
[1A 54%|█████▍    | 5980/11052 [09:48<08:41,  9.72it/s]
[1A 54%|█████▍    | 5981/11052 [09:49<09:22,  9.02it/s]
[1A 54%|█████▍    | 5982/11052 [09:49<09:24,  8.99it/s]
[1A 54%|█████▍    | 5983/11052 [09:49<09:41,  8.72it/s]
[1A 54%|█████▍    | 5984/11052 [09:49<09:58,  8.47it/s]
[1A 54%|█████▍    | 5985/11052 [09:49<09:55,  8.50it/s]
[1A 54%|█████▍    | 5986/11052 [09:49<09:52,  8.55it/s]
[1A 54%|█████▍    | 5987/11052 [09:49<09:50,  8.58it/s]
[1A 54%|█████▍    | 5988/11052 [09:49<10:32,  8.01it/s]
[1A 54%|█████▍    | 5989/11052 [09:49<10:16,  8.21it/s]
[1A 54%|█████▍    | 5990/11052 [09:50<09:53,  8.53it/s]
[1A 54%|█████▍    | 5991/11052 [09:50<10:15,  8.22it/s]
[1A 54%|█████▍    | 5993/11052 [09:50<09:21,  9.02it/s]
[1A 54%|█████▍    | 5994/11052 [09:50<09:09,  9.20it/s]
[1A 54%|█████▍    | 5995/11052 [09:50<09:11,  9.18it/s]
[1A 54%|█████▍    | 5997/11052 [09:50<08:38,  9.75it/s]
[1A 54%|█████▍    | 5999/11052 [09:51<08:45,  9.62it/s]
[1A                                                    
{'loss': 0.2408, 'grad_norm': 6.724498271942139, 'learning_rate': 9.732383519445515e-06, 'epoch': 1.63}
[1A
[1A 54%|█████▍    | 6000/11052 [09:51<08:45,  9.62it/s]
[1A 54%|█████▍    | 6001/11052 [09:51<08:26,  9.98it/s]
[1A 54%|█████▍    | 6002/11052 [09:51<09:12,  9.15it/s]
[1A 54%|█████▍    | 6003/11052 [09:51<09:23,  8.95it/s]
[1A 54%|█████▍    | 6005/11052 [09:51<08:50,  9.51it/s]
[1A 54%|█████▍    | 6007/11052 [09:51<08:27,  9.94it/s]
[1A 54%|█████▍    | 6009/11052 [09:52<08:12, 10.24it/s]
[1A 54%|█████▍    | 6011/11052 [09:52<08:39,  9.70it/s]
[1A 54%|█████▍    | 6013/11052 [09:52<08:20, 10.06it/s]
[1A 54%|█████▍    | 6015/11052 [09:52<08:09, 10.28it/s]
[1A 54%|█████▍    | 6017/11052 [09:52<08:03, 10.42it/s]
[1A 54%|█████▍    | 6019/11052 [09:53<08:08, 10.30it/s]
[1A 54%|█████▍    | 6021/11052 [09:53<08:57,  9.35it/s]
[1A 54%|█████▍    | 6023/11052 [09:53<09:24,  8.92it/s]
[1A 55%|█████▍    | 6025/11052 [09:53<08:50,  9.48it/s]
[1A 55%|█████▍    | 6027/11052 [09:53<08:37,  9.71it/s]
[1A 55%|█████▍    | 6029/11052 [09:54<08:18, 10.08it/s]
[1A 55%|█████▍    | 6031/11052 [09:54<08:12, 10.20it/s]
[1A 55%|█████▍    | 6033/11052 [09:54<08:08, 10.27it/s]
[1A 55%|█████▍    | 6035/11052 [09:54<08:22,  9.98it/s]
[1A 55%|█████▍    | 6037/11052 [09:54<08:49,  9.47it/s]
[1A 55%|█████▍    | 6039/11052 [09:55<08:27,  9.87it/s]
[1A 55%|█████▍    | 6041/11052 [09:55<08:11, 10.19it/s]
[1A 55%|█████▍    | 6043/11052 [09:55<08:06, 10.30it/s]
[1A 55%|█████▍    | 6045/11052 [09:55<07:53, 10.57it/s]
[1A 55%|█████▍    | 6047/11052 [09:55<07:55, 10.53it/s]
[1A 55%|█████▍    | 6049/11052 [09:56<07:53, 10.56it/s]
[1A                                                    
{'loss': 0.213, 'grad_norm': 4.679795265197754, 'learning_rate': 9.63611859838275e-06, 'epoch': 1.64}
[1A
[1A 55%|█████▍    | 6050/11052 [09:56<07:53, 10.56it/s]
[1A 55%|█████▍    | 6051/11052 [09:56<08:40,  9.60it/s]
[1A 55%|█████▍    | 6053/11052 [09:56<08:22,  9.96it/s]
[1A 55%|█████▍    | 6055/11052 [09:56<08:08, 10.23it/s]
[1A 55%|█████▍    | 6057/11052 [09:56<07:57, 10.45it/s]
[1A 55%|█████▍    | 6059/11052 [09:57<07:52, 10.57it/s]
[1A 55%|█████▍    | 6061/11052 [09:57<07:48, 10.64it/s]
[1A 55%|█████▍    | 6063/11052 [09:57<07:57, 10.45it/s]
[1A 55%|█████▍    | 6065/11052 [09:57<07:50, 10.60it/s]
[1A 55%|█████▍    | 6067/11052 [09:57<07:58, 10.41it/s]
[1A 55%|█████▍    | 6069/11052 [09:57<07:50, 10.60it/s]
[1A 55%|█████▍    | 6071/11052 [09:58<07:44, 10.73it/s]
[1A 55%|█████▍    | 6073/11052 [09:58<07:43, 10.74it/s]
[1A 55%|█████▍    | 6075/11052 [09:58<08:06, 10.23it/s]
[1A 55%|█████▍    | 6077/11052 [09:58<07:54, 10.48it/s]
[1A 55%|█████▌    | 6079/11052 [09:58<07:47, 10.65it/s]
[1A 55%|█████▌    | 6081/11052 [09:59<07:42, 10.76it/s]
[1A 55%|█████▌    | 6083/11052 [09:59<07:38, 10.85it/s]
[1A 55%|█████▌    | 6085/11052 [09:59<07:34, 10.92it/s]
[1A 55%|█████▌    | 6087/11052 [09:59<07:34, 10.93it/s]
[1A 55%|█████▌    | 6089/11052 [09:59<07:35, 10.91it/s]
[1A 55%|█████▌    | 6091/11052 [09:59<07:37, 10.85it/s]
[1A 55%|█████▌    | 6093/11052 [10:00<07:49, 10.57it/s]
[1A 55%|█████▌    | 6095/11052 [10:00<07:43, 10.69it/s]
[1A 55%|█████▌    | 6097/11052 [10:00<07:39, 10.79it/s]
[1A 55%|█████▌    | 6099/11052 [10:00<07:36, 10.86it/s]
[1A                                                    
{'loss': 0.2126, 'grad_norm': 11.569585800170898, 'learning_rate': 9.539853677319986e-06, 'epoch': 1.66}
[1A
[1A 55%|█████▌    | 6100/11052 [10:00<07:36, 10.86it/s]
[1A 55%|█████▌    | 6101/11052 [10:00<08:15,  9.98it/s]
[1A 55%|█████▌    | 6103/11052 [10:01<08:02, 10.26it/s]
[1A 55%|█████▌    | 6105/11052 [10:01<07:52, 10.47it/s]
[1A 55%|█████▌    | 6107/11052 [10:01<08:03, 10.22it/s]
[1A 55%|█████▌    | 6109/11052 [10:01<07:53, 10.44it/s]
[1A 55%|█████▌    | 6111/11052 [10:01<08:10, 10.08it/s]
[1A 55%|█████▌    | 6113/11052 [10:02<08:03, 10.22it/s]
[1A 55%|█████▌    | 6115/11052 [10:02<07:53, 10.44it/s]
[1A 55%|█████▌    | 6117/11052 [10:02<08:01, 10.26it/s]
[1A 55%|█████▌    | 6119/11052 [10:02<07:54, 10.40it/s]
[1A 55%|█████▌    | 6121/11052 [10:02<07:45, 10.59it/s]
[1A 55%|█████▌    | 6123/11052 [10:03<07:42, 10.65it/s]
[1A 55%|█████▌    | 6125/11052 [10:03<07:35, 10.81it/s]
[1A 55%|█████▌    | 6127/11052 [10:03<07:32, 10.88it/s]
[1A 55%|█████▌    | 6129/11052 [10:03<07:30, 10.93it/s]
[1A 55%|█████▌    | 6131/11052 [10:03<07:30, 10.93it/s]
[1A 55%|█████▌    | 6133/11052 [10:03<07:31, 10.90it/s]
[1A 56%|█████▌    | 6135/11052 [10:04<07:43, 10.61it/s]
[1A 56%|█████▌    | 6137/11052 [10:04<07:38, 10.73it/s]
[1A 56%|█████▌    | 6139/11052 [10:04<07:34, 10.80it/s]
[1A 56%|█████▌    | 6141/11052 [10:04<07:31, 10.87it/s]
[1A 56%|█████▌    | 6143/11052 [10:04<07:37, 10.73it/s]
[1A 56%|█████▌    | 6145/11052 [10:05<07:40, 10.65it/s]
[1A 56%|█████▌    | 6147/11052 [10:05<07:35, 10.76it/s]
[1A 56%|█████▌    | 6149/11052 [10:05<07:31, 10.87it/s]
[1A                                                    
{'loss': 0.2, 'grad_norm': 23.28827476501465, 'learning_rate': 9.44358875625722e-06, 'epoch': 1.67}
[1A
[1A 56%|█████▌    | 6150/11052 [10:05<07:30, 10.87it/s]
[1A 56%|█████▌    | 6151/11052 [10:05<07:30, 10.87it/s]
[1A 56%|█████▌    | 6153/11052 [10:05<08:07, 10.06it/s]
[1A 56%|█████▌    | 6155/11052 [10:06<07:53, 10.34it/s]
[1A 56%|█████▌    | 6157/11052 [10:06<07:46, 10.50it/s]
[1A 56%|█████▌    | 6159/11052 [10:06<07:40, 10.63it/s]
[1A 56%|█████▌    | 6161/11052 [10:06<07:38, 10.67it/s]
[1A 56%|█████▌    | 6163/11052 [10:06<07:33, 10.77it/s]
[1A 56%|█████▌    | 6165/11052 [10:07<07:53, 10.33it/s]
[1A 56%|█████▌    | 6167/11052 [10:07<07:42, 10.56it/s]
[1A 56%|█████▌    | 6169/11052 [10:07<07:37, 10.68it/s]
[1A 56%|█████▌    | 6171/11052 [10:07<07:33, 10.77it/s]
[1A 56%|█████▌    | 6173/11052 [10:07<07:31, 10.80it/s]
[1A 56%|█████▌    | 6175/11052 [10:07<07:48, 10.42it/s]
[1A 56%|█████▌    | 6177/11052 [10:08<07:39, 10.60it/s]
[1A 56%|█████▌    | 6179/11052 [10:08<07:58, 10.18it/s]
[1A 56%|█████▌    | 6181/11052 [10:08<08:18,  9.77it/s]
[1A 56%|█████▌    | 6183/11052 [10:08<08:31,  9.51it/s]
[1A 56%|█████▌    | 6185/11052 [10:08<08:19,  9.75it/s]
[1A 56%|█████▌    | 6187/11052 [10:09<08:02, 10.07it/s]
[1A 56%|█████▌    | 6189/11052 [10:09<07:51, 10.32it/s]
[1A 56%|█████▌    | 6191/11052 [10:09<07:41, 10.53it/s]
[1A 56%|█████▌    | 6193/11052 [10:09<07:34, 10.69it/s]
[1A 56%|█████▌    | 6195/11052 [10:09<07:29, 10.81it/s]
[1A 56%|█████▌    | 6197/11052 [10:10<07:47, 10.38it/s]
[1A 56%|█████▌    | 6199/11052 [10:10<07:39, 10.56it/s]                        
{'loss': 0.2378, 'grad_norm': 3.2130768299102783, 'learning_rate': 9.347323835194456e-06, 'epoch': 1.68}
[1A
[1A 56%|█████▌    | 6200/11052 [10:10<07:39, 10.56it/s]
[1A 56%|█████▌    | 6201/11052 [10:10<07:35, 10.65it/s]
[1A 56%|█████▌    | 6203/11052 [10:10<07:29, 10.80it/s]
[1A 56%|█████▌    | 6205/11052 [10:10<07:25, 10.88it/s]
[1A 56%|█████▌    | 6207/11052 [10:11<07:24, 10.91it/s]
[1A 56%|█████▌    | 6209/11052 [10:11<07:19, 11.02it/s]
[1A 56%|█████▌    | 6211/11052 [10:11<07:19, 11.02it/s]
[1A 56%|█████▌    | 6213/11052 [10:11<07:19, 11.01it/s]
[1A 56%|█████▌    | 6215/11052 [10:11<07:22, 10.93it/s]
[1A 56%|█████▋    | 6217/11052 [10:11<07:22, 10.92it/s]
[1A 56%|█████▋    | 6219/11052 [10:12<07:22, 10.93it/s]
[1A 56%|█████▋    | 6221/11052 [10:12<07:23, 10.89it/s]
[1A 56%|█████▋    | 6223/11052 [10:12<07:21, 10.93it/s]
[1A 56%|█████▋    | 6225/11052 [10:12<07:20, 10.95it/s]
[1A 56%|█████▋    | 6227/11052 [10:12<07:19, 10.99it/s]
[1A 56%|█████▋    | 6229/11052 [10:13<07:19, 10.97it/s]
[1A 56%|█████▋    | 6231/11052 [10:13<07:17, 11.02it/s]
[1A 56%|█████▋    | 6233/11052 [10:13<07:15, 11.07it/s]
[1A 56%|█████▋    | 6235/11052 [10:13<07:16, 11.05it/s]
[1A 56%|█████▋    | 6237/11052 [10:13<07:35, 10.58it/s]
[1A 56%|█████▋    | 6239/11052 [10:13<07:28, 10.72it/s]
[1A 56%|█████▋    | 6241/11052 [10:14<07:42, 10.41it/s]
[1A 56%|█████▋    | 6243/11052 [10:14<07:33, 10.61it/s]
[1A 57%|█████▋    | 6245/11052 [10:14<07:28, 10.71it/s]
[1A 57%|█████▋    | 6247/11052 [10:14<07:26, 10.76it/s]
[1A 57%|█████▋    | 6249/11052 [10:14<07:46, 10.30it/s]
[1A                                                    
{'loss': 0.2049, 'grad_norm': 4.485705852508545, 'learning_rate': 9.25105891413169e-06, 'epoch': 1.7}
[1A
[1A 57%|█████▋    | 6250/11052 [10:15<07:46, 10.30it/s]
[1A 57%|█████▋    | 6251/11052 [10:15<07:37, 10.50it/s]
[1A 57%|█████▋    | 6253/11052 [10:15<07:31, 10.64it/s]
[1A 57%|█████▋    | 6255/11052 [10:15<07:53, 10.14it/s]
[1A 57%|█████▋    | 6257/11052 [10:15<07:38, 10.45it/s]
[1A 57%|█████▋    | 6259/11052 [10:15<07:31, 10.63it/s]
[1A 57%|█████▋    | 6261/11052 [10:16<07:29, 10.65it/s]
[1A 57%|█████▋    | 6263/11052 [10:16<07:22, 10.81it/s]
[1A 57%|█████▋    | 6265/11052 [10:16<07:21, 10.84it/s]
[1A 57%|█████▋    | 6267/11052 [10:16<07:18, 10.90it/s]
[1A 57%|█████▋    | 6269/11052 [10:16<07:14, 11.00it/s]
[1A 57%|█████▋    | 6271/11052 [10:16<07:16, 10.95it/s]
[1A 57%|█████▋    | 6273/11052 [10:17<07:13, 11.03it/s]
[1A 57%|█████▋    | 6275/11052 [10:17<07:11, 11.08it/s]
[1A 57%|█████▋    | 6277/11052 [10:17<07:09, 11.11it/s]
[1A 57%|█████▋    | 6279/11052 [10:17<07:10, 11.09it/s]
[1A 57%|█████▋    | 6281/11052 [10:17<07:25, 10.71it/s]
[1A 57%|█████▋    | 6283/11052 [10:18<07:29, 10.62it/s]
[1A 57%|█████▋    | 6285/11052 [10:18<07:25, 10.70it/s]
[1A 57%|█████▋    | 6287/11052 [10:18<07:22, 10.77it/s]
[1A 57%|█████▋    | 6289/11052 [10:18<07:20, 10.82it/s]
[1A 57%|█████▋    | 6291/11052 [10:18<07:19, 10.84it/s]
[1A 57%|█████▋    | 6293/11052 [10:18<07:18, 10.86it/s]
[1A 57%|█████▋    | 6295/11052 [10:19<07:20, 10.81it/s]
[1A 57%|█████▋    | 6297/11052 [10:19<07:40, 10.31it/s]
[1A 57%|█████▋    | 6299/11052 [10:19<07:30, 10.56it/s]
[1A                                                    
{'loss': 0.221, 'grad_norm': 16.177637100219727, 'learning_rate': 9.154793993068927e-06, 'epoch': 1.71}
[1A
[1A 57%|█████▋    | 6300/11052 [10:19<07:30, 10.56it/s]
[1A 57%|█████▋    | 6301/11052 [10:19<07:24, 10.70it/s]
[1A 57%|█████▋    | 6303/11052 [10:19<07:19, 10.82it/s]
[1A 57%|█████▋    | 6305/11052 [10:20<07:15, 10.90it/s]
[1A 57%|█████▋    | 6307/11052 [10:20<07:12, 10.98it/s]
[1A 57%|█████▋    | 6309/11052 [10:20<07:10, 11.02it/s]
[1A 57%|█████▋    | 6311/11052 [10:20<07:12, 10.97it/s]
[1A 57%|█████▋    | 6313/11052 [10:20<07:11, 10.99it/s]
[1A 57%|█████▋    | 6315/11052 [10:20<07:13, 10.92it/s]
[1A 57%|█████▋    | 6317/11052 [10:21<08:07,  9.72it/s]
[1A 57%|█████▋    | 6319/11052 [10:21<07:49, 10.09it/s]
[1A 57%|█████▋    | 6321/11052 [10:21<07:37, 10.35it/s]
[1A 57%|█████▋    | 6323/11052 [10:21<07:28, 10.54it/s]
[1A 57%|█████▋    | 6325/11052 [10:21<07:21, 10.71it/s]
[1A 57%|█████▋    | 6327/11052 [10:22<07:36, 10.35it/s]
[1A 57%|█████▋    | 6329/11052 [10:22<07:28, 10.54it/s]
[1A 57%|█████▋    | 6331/11052 [10:22<07:23, 10.65it/s]
[1A 57%|█████▋    | 6333/11052 [10:22<07:35, 10.36it/s]
[1A 57%|█████▋    | 6335/11052 [10:22<07:27, 10.53it/s]
[1A 57%|█████▋    | 6337/11052 [10:23<07:22, 10.65it/s]
[1A 57%|█████▋    | 6339/11052 [10:23<07:18, 10.75it/s]
[1A 57%|█████▋    | 6341/11052 [10:23<07:13, 10.87it/s]
[1A 57%|█████▋    | 6343/11052 [10:23<07:09, 10.98it/s]
[1A 57%|█████▋    | 6345/11052 [10:23<07:16, 10.79it/s]
[1A 57%|█████▋    | 6347/11052 [10:24<07:13, 10.84it/s]
[1A 57%|█████▋    | 6349/11052 [10:24<07:13, 10.85it/s]                        
{'loss': 0.2153, 'grad_norm': 16.993207931518555, 'learning_rate': 9.058529072006161e-06, 'epoch': 1.72}
[1A
[1A 57%|█████▋    | 6350/11052 [10:24<07:13, 10.85it/s]
[1A 57%|█████▋    | 6351/11052 [10:24<07:12, 10.88it/s]
[1A 57%|█████▋    | 6353/11052 [10:24<07:10, 10.91it/s]
[1A 58%|█████▊    | 6355/11052 [10:24<07:08, 10.96it/s]
[1A 58%|█████▊    | 6357/11052 [10:24<07:08, 10.96it/s]
[1A 58%|█████▊    | 6359/11052 [10:25<07:05, 11.04it/s]
[1A 58%|█████▊    | 6361/11052 [10:25<07:04, 11.06it/s]
[1A 58%|█████▊    | 6363/11052 [10:25<07:02, 11.11it/s]
[1A 58%|█████▊    | 6365/11052 [10:25<07:00, 11.15it/s]
[1A 58%|█████▊    | 6367/11052 [10:25<07:20, 10.63it/s]
[1A 58%|█████▊    | 6369/11052 [10:26<07:13, 10.80it/s]
[1A 58%|█████▊    | 6371/11052 [10:26<07:09, 10.90it/s]
[1A 58%|█████▊    | 6373/11052 [10:26<07:10, 10.86it/s]
[1A 58%|█████▊    | 6375/11052 [10:26<07:08, 10.91it/s]
[1A 58%|█████▊    | 6377/11052 [10:26<07:07, 10.93it/s]
[1A 58%|█████▊    | 6379/11052 [10:26<07:11, 10.83it/s]
[1A 58%|█████▊    | 6381/11052 [10:27<07:09, 10.87it/s]
[1A 58%|█████▊    | 6383/11052 [10:27<07:12, 10.79it/s]
[1A 58%|█████▊    | 6385/11052 [10:27<07:11, 10.82it/s]
[1A 58%|█████▊    | 6387/11052 [10:27<07:12, 10.79it/s]
[1A 58%|█████▊    | 6389/11052 [10:27<07:21, 10.57it/s]
[1A 58%|█████▊    | 6391/11052 [10:28<07:18, 10.62it/s]
[1A 58%|█████▊    | 6393/11052 [10:28<07:16, 10.67it/s]
[1A 58%|█████▊    | 6395/11052 [10:28<07:11, 10.80it/s]
[1A 58%|█████▊    | 6397/11052 [10:28<07:09, 10.85it/s]
[1A 58%|█████▊    | 6399/11052 [10:28<07:04, 10.95it/s]
[1A                                                    
{'loss': 0.224, 'grad_norm': 7.17214822769165, 'learning_rate': 8.962264150943398e-06, 'epoch': 1.74}
[1A
[1A 58%|█████▊    | 6400/11052 [10:28<07:04, 10.95it/s]
[1A 58%|█████▊    | 6401/11052 [10:29<07:05, 10.93it/s]
[1A 58%|█████▊    | 6403/11052 [10:29<07:03, 10.97it/s]
[1A 58%|█████▊    | 6405/11052 [10:29<07:01, 11.02it/s]
[1A 58%|█████▊    | 6407/11052 [10:29<06:59, 11.06it/s]
[1A 58%|█████▊    | 6409/11052 [10:29<07:00, 11.04it/s]
[1A 58%|█████▊    | 6411/11052 [10:29<07:00, 11.04it/s]
[1A 58%|█████▊    | 6413/11052 [10:30<07:00, 11.04it/s]
[1A 58%|█████▊    | 6415/11052 [10:30<06:59, 11.05it/s]
[1A 58%|█████▊    | 6417/11052 [10:30<06:58, 11.07it/s]
[1A 58%|█████▊    | 6419/11052 [10:30<06:57, 11.09it/s]
[1A 58%|█████▊    | 6421/11052 [10:30<06:59, 11.04it/s]
[1A 58%|█████▊    | 6423/11052 [10:30<06:59, 11.02it/s]
[1A 58%|█████▊    | 6425/11052 [10:31<06:56, 11.10it/s]
[1A 58%|█████▊    | 6427/11052 [10:31<06:57, 11.08it/s]
[1A 58%|█████▊    | 6429/11052 [10:31<07:21, 10.47it/s]
[1A 58%|█████▊    | 6431/11052 [10:31<07:14, 10.65it/s]
[1A 58%|█████▊    | 6433/11052 [10:31<07:25, 10.36it/s]
[1A 58%|█████▊    | 6435/11052 [10:32<07:25, 10.37it/s]
[1A 58%|█████▊    | 6437/11052 [10:32<08:02,  9.56it/s]
[1A 58%|█████▊    | 6439/11052 [10:32<07:42,  9.97it/s]
[1A 58%|█████▊    | 6441/11052 [10:32<07:27, 10.31it/s]
[1A 58%|█████▊    | 6443/11052 [10:32<07:18, 10.51it/s]
[1A 58%|█████▊    | 6445/11052 [10:33<07:11, 10.67it/s]
[1A 58%|█████▊    | 6447/11052 [10:33<07:07, 10.76it/s]
[1A 58%|█████▊    | 6449/11052 [10:33<07:05, 10.83it/s]
[1A                                                    
{'loss': 0.2008, 'grad_norm': 17.117284774780273, 'learning_rate': 8.865999229880632e-06, 'epoch': 1.75}
[1A
[1A 58%|█████▊    | 6450/11052 [10:33<07:05, 10.83it/s]
[1A 58%|█████▊    | 6451/11052 [10:33<07:05, 10.82it/s]
[1A 58%|█████▊    | 6453/11052 [10:33<07:32, 10.16it/s]
[1A 58%|█████▊    | 6455/11052 [10:34<07:38, 10.03it/s]
[1A 58%|█████▊    | 6457/11052 [10:34<07:25, 10.32it/s]
[1A 58%|█████▊    | 6459/11052 [10:34<07:15, 10.54it/s]
[1A 58%|█████▊    | 6461/11052 [10:34<07:10, 10.67it/s]
[1A 58%|█████▊    | 6463/11052 [10:34<07:05, 10.77it/s]
[1A 58%|█████▊    | 6465/11052 [10:35<07:01, 10.87it/s]
[1A 59%|█████▊    | 6467/11052 [10:35<07:31, 10.17it/s]
[1A 59%|█████▊    | 6469/11052 [10:35<07:19, 10.42it/s]
[1A 59%|█████▊    | 6471/11052 [10:35<07:10, 10.64it/s]
[1A 59%|█████▊    | 6473/11052 [10:35<07:06, 10.75it/s]
[1A 59%|█████▊    | 6475/11052 [10:35<07:01, 10.85it/s]
[1A 59%|█████▊    | 6477/11052 [10:36<06:57, 10.95it/s]
[1A 59%|█████▊    | 6479/11052 [10:36<06:55, 11.00it/s]
[1A 59%|█████▊    | 6481/11052 [10:36<06:54, 11.03it/s]
[1A 59%|█████▊    | 6483/11052 [10:36<06:55, 10.99it/s]
[1A 59%|█████▊    | 6485/11052 [10:36<07:03, 10.78it/s]
[1A 59%|█████▊    | 6487/11052 [10:37<06:59, 10.88it/s]
[1A 59%|█████▊    | 6489/11052 [10:37<06:56, 10.95it/s]
[1A 59%|█████▊    | 6491/11052 [10:37<06:57, 10.94it/s]
[1A 59%|█████▊    | 6493/11052 [10:37<07:15, 10.46it/s]
[1A 59%|█████▉    | 6495/11052 [10:37<07:11, 10.57it/s]
[1A 59%|█████▉    | 6497/11052 [10:38<07:17, 10.42it/s]
[1A 59%|█████▉    | 6499/11052 [10:38<07:11, 10.54it/s]
[1A                                                    
{'loss': 0.1936, 'grad_norm': 0.835435688495636, 'learning_rate': 8.769734308817868e-06, 'epoch': 1.76}
[1A
[1A 59%|█████▉    | 6500/11052 [10:38<07:11, 10.54it/s]
[1A 59%|█████▉    | 6501/11052 [10:38<07:23, 10.26it/s]
[1A 59%|█████▉    | 6503/11052 [10:38<07:16, 10.42it/s]
[1A 59%|█████▉    | 6505/11052 [10:38<07:17, 10.39it/s]
[1A 59%|█████▉    | 6507/11052 [10:38<07:14, 10.46it/s]
[1A 59%|█████▉    | 6509/11052 [10:39<07:23, 10.25it/s]
[1A 59%|█████▉    | 6511/11052 [10:39<07:16, 10.41it/s]
[1A 59%|█████▉    | 6513/11052 [10:39<07:13, 10.48it/s]
[1A 59%|█████▉    | 6515/11052 [10:39<07:06, 10.64it/s]
[1A 59%|█████▉    | 6517/11052 [10:39<07:00, 10.78it/s]
[1A 59%|█████▉    | 6519/11052 [10:40<06:55, 10.91it/s]
[1A 59%|█████▉    | 6521/11052 [10:40<06:52, 10.98it/s]
[1A 59%|█████▉    | 6523/11052 [10:40<06:51, 11.00it/s]
[1A 59%|█████▉    | 6525/11052 [10:40<06:51, 11.01it/s]
[1A 59%|█████▉    | 6527/11052 [10:40<07:46,  9.69it/s]
[1A 59%|█████▉    | 6529/11052 [10:41<07:28, 10.08it/s]
[1A 59%|█████▉    | 6531/11052 [10:41<07:39,  9.83it/s]
[1A 59%|█████▉    | 6533/11052 [10:41<07:38,  9.86it/s]
[1A 59%|█████▉    | 6535/11052 [10:41<07:30, 10.03it/s]
[1A 59%|█████▉    | 6537/11052 [10:41<07:18, 10.30it/s]
[1A 59%|█████▉    | 6539/11052 [10:42<07:08, 10.53it/s]
[1A 59%|█████▉    | 6541/11052 [10:42<07:03, 10.66it/s]
[1A 59%|█████▉    | 6543/11052 [10:42<06:59, 10.74it/s]
[1A 59%|█████▉    | 6545/11052 [10:42<06:56, 10.81it/s]
[1A 59%|█████▉    | 6547/11052 [10:42<08:09,  9.20it/s]
[1A 59%|█████▉    | 6549/11052 [10:43<07:46,  9.64it/s]
[1A                                                    
{'loss': 0.2105, 'grad_norm': 21.26879119873047, 'learning_rate': 8.673469387755103e-06, 'epoch': 1.78}
[1A
[1A 59%|█████▉    | 6550/11052 [10:43<07:46,  9.64it/s]
[1A 59%|█████▉    | 6551/11052 [10:43<07:38,  9.81it/s]
[1A 59%|█████▉    | 6553/11052 [10:43<07:24, 10.12it/s]
[1A 59%|█████▉    | 6555/11052 [10:43<07:17, 10.29it/s]
[1A 59%|█████▉    | 6557/11052 [10:43<07:09, 10.46it/s]
[1A 59%|█████▉    | 6559/11052 [10:44<07:14, 10.34it/s]
[1A 59%|█████▉    | 6561/11052 [10:44<07:04, 10.57it/s]
[1A 59%|█████▉    | 6563/11052 [10:44<07:01, 10.65it/s]
[1A 59%|█████▉    | 6565/11052 [10:44<07:14, 10.34it/s]
[1A 59%|█████▉    | 6567/11052 [10:44<07:06, 10.53it/s]
[1A 59%|█████▉    | 6569/11052 [10:44<07:03, 10.58it/s]
[1A 59%|█████▉    | 6571/11052 [10:45<07:06, 10.51it/s]
[1A 59%|█████▉    | 6573/11052 [10:45<07:00, 10.65it/s]
[1A 59%|█████▉    | 6575/11052 [10:45<07:11, 10.38it/s]
[1A 60%|█████▉    | 6577/11052 [10:45<07:02, 10.59it/s]
[1A 60%|█████▉    | 6579/11052 [10:45<06:58, 10.69it/s]
[1A 60%|█████▉    | 6581/11052 [10:46<07:08, 10.44it/s]
[1A 60%|█████▉    | 6583/11052 [10:46<07:02, 10.58it/s]
[1A 60%|█████▉    | 6585/11052 [10:46<07:01, 10.59it/s]
[1A 60%|█████▉    | 6587/11052 [10:46<07:17, 10.20it/s]
[1A 60%|█████▉    | 6589/11052 [10:46<07:08, 10.42it/s]
[1A 60%|█████▉    | 6591/11052 [10:47<07:03, 10.54it/s]
[1A 60%|█████▉    | 6593/11052 [10:47<06:59, 10.63it/s]
[1A 60%|█████▉    | 6595/11052 [10:47<07:08, 10.40it/s]
[1A 60%|█████▉    | 6597/11052 [10:47<06:59, 10.62it/s]
[1A 60%|█████▉    | 6599/11052 [10:47<06:58, 10.65it/s]
[1A                                                    
{'loss': 0.197, 'grad_norm': 19.675920486450195, 'learning_rate': 8.577204466692339e-06, 'epoch': 1.79}
[1A
[1A 60%|█████▉    | 6600/11052 [10:47<06:57, 10.65it/s]
[1A 60%|█████▉    | 6601/11052 [10:47<06:56, 10.69it/s]
[1A 60%|█████▉    | 6603/11052 [10:48<07:09, 10.35it/s]
[1A 60%|█████▉    | 6605/11052 [10:48<07:04, 10.48it/s]
[1A 60%|█████▉    | 6607/11052 [10:48<06:56, 10.67it/s]
[1A 60%|█████▉    | 6609/11052 [10:48<06:50, 10.83it/s]
[1A 60%|█████▉    | 6611/11052 [10:48<06:45, 10.96it/s]
[1A 60%|█████▉    | 6613/11052 [10:49<06:41, 11.06it/s]
[1A 60%|█████▉    | 6615/11052 [10:49<06:44, 10.96it/s]
[1A 60%|█████▉    | 6617/11052 [10:49<06:41, 11.05it/s]
[1A 60%|█████▉    | 6619/11052 [10:49<06:34, 11.23it/s]
[1A 60%|█████▉    | 6621/11052 [10:49<06:32, 11.28it/s]
[1A 60%|█████▉    | 6623/11052 [10:50<06:56, 10.65it/s]
[1A 60%|█████▉    | 6625/11052 [10:50<07:24,  9.96it/s]
[1A 60%|█████▉    | 6627/11052 [10:50<07:08, 10.33it/s]
[1A 60%|█████▉    | 6629/11052 [10:50<06:55, 10.64it/s]
[1A 60%|█████▉    | 6631/11052 [10:50<07:11, 10.25it/s]
[1A 60%|██████    | 6633/11052 [10:50<07:01, 10.48it/s]
[1A 60%|██████    | 6635/11052 [10:51<07:49,  9.40it/s]
[1A 60%|██████    | 6637/11052 [10:51<07:26,  9.90it/s]
[1A 60%|██████    | 6639/11052 [10:51<07:07, 10.31it/s]
[1A 60%|██████    | 6641/11052 [10:51<06:56, 10.60it/s]
[1A 60%|██████    | 6643/11052 [10:51<06:48, 10.79it/s]
[1A 60%|██████    | 6645/11052 [10:52<06:40, 11.00it/s]
[1A 60%|██████    | 6647/11052 [10:52<06:36, 11.10it/s]
[1A 60%|██████    | 6649/11052 [10:52<06:33, 11.20it/s]
[1A                                                    
{'loss': 0.2416, 'grad_norm': 3.634185791015625, 'learning_rate': 8.480939545629574e-06, 'epoch': 1.81}
[1A
[1A 60%|██████    | 6650/11052 [10:52<06:32, 11.20it/s]
[1A 60%|██████    | 6651/11052 [10:52<06:39, 11.02it/s]
[1A 60%|██████    | 6653/11052 [10:52<06:41, 10.95it/s]
[1A 60%|██████    | 6655/11052 [10:53<06:44, 10.87it/s]
[1A 60%|██████    | 6657/11052 [10:53<06:36, 11.08it/s]
[1A 60%|██████    | 6659/11052 [10:53<06:32, 11.19it/s]
[1A 60%|██████    | 6661/11052 [10:53<06:39, 11.00it/s]
[1A 60%|██████    | 6663/11052 [10:53<06:51, 10.67it/s]
[1A 60%|██████    | 6665/11052 [10:53<07:01, 10.41it/s]
[1A 60%|██████    | 6667/11052 [10:54<07:03, 10.34it/s]
[1A 60%|██████    | 6669/11052 [10:54<07:39,  9.54it/s]
[1A 60%|██████    | 6670/11052 [10:54<07:37,  9.57it/s]
[1A 60%|██████    | 6671/11052 [10:54<07:54,  9.24it/s]
[1A 60%|██████    | 6672/11052 [10:54<07:54,  9.23it/s]
[1A 60%|██████    | 6674/11052 [10:54<07:28,  9.77it/s]
[1A 60%|██████    | 6675/11052 [10:55<07:28,  9.76it/s]
[1A 60%|██████    | 6676/11052 [10:55<07:35,  9.60it/s]
[1A 60%|██████    | 6678/11052 [10:55<07:14, 10.07it/s]
[1A 60%|██████    | 6680/11052 [10:55<07:25,  9.81it/s]
[1A 60%|██████    | 6682/11052 [10:55<07:07, 10.22it/s]
[1A 60%|██████    | 6684/11052 [10:55<06:55, 10.51it/s]
[1A 60%|██████    | 6686/11052 [10:56<06:48, 10.69it/s]
[1A 61%|██████    | 6688/11052 [10:56<06:47, 10.71it/s]
[1A 61%|██████    | 6690/11052 [10:56<06:54, 10.54it/s]
[1A 61%|██████    | 6692/11052 [10:56<06:50, 10.61it/s]
[1A 61%|██████    | 6694/11052 [10:56<08:01,  9.06it/s]
[1A 61%|██████    | 6696/11052 [10:57<07:50,  9.26it/s]
[1A 61%|██████    | 6698/11052 [10:57<07:35,  9.56it/s]
[1A 61%|██████    | 6700/11052 [10:57<07:25,  9.76it/s]
[1A                                                    
{'loss': 0.2607, 'grad_norm': 7.658339977264404, 'learning_rate': 8.384674624566808e-06, 'epoch': 1.82}
[1A
[1A 61%|██████    | 6700/11052 [10:57<07:25,  9.76it/s]
[1A 61%|██████    | 6701/11052 [10:57<08:15,  8.77it/s]
[1A 61%|██████    | 6702/11052 [10:57<08:40,  8.35it/s]
[1A 61%|██████    | 6703/11052 [10:57<08:38,  8.38it/s]
[1A 61%|██████    | 6704/11052 [10:58<08:41,  8.33it/s]
[1A 61%|██████    | 6705/11052 [10:58<08:32,  8.49it/s]
[1A 61%|██████    | 6707/11052 [10:58<07:50,  9.23it/s]
[1A 61%|██████    | 6709/11052 [10:58<07:35,  9.53it/s]
[1A 61%|██████    | 6711/11052 [10:58<07:17,  9.93it/s]
[1A 61%|██████    | 6713/11052 [10:58<07:10, 10.08it/s]
[1A 61%|██████    | 6714/11052 [10:59<07:21,  9.83it/s]
[1A 61%|██████    | 6716/11052 [10:59<07:05, 10.20it/s]
[1A 61%|██████    | 6718/11052 [10:59<06:54, 10.47it/s]
[1A 61%|██████    | 6720/11052 [10:59<06:46, 10.66it/s]
[1A 61%|██████    | 6722/11052 [10:59<06:42, 10.76it/s]
[1A 61%|██████    | 6724/11052 [10:59<06:41, 10.78it/s]
[1A 61%|██████    | 6726/11052 [11:00<06:42, 10.76it/s]
[1A 61%|██████    | 6728/11052 [11:00<06:41, 10.78it/s]
[1A 61%|██████    | 6730/11052 [11:00<06:37, 10.87it/s]
[1A 61%|██████    | 6732/11052 [11:00<06:41, 10.77it/s]
[1A 61%|██████    | 6734/11052 [11:00<06:42, 10.72it/s]
[1A 61%|██████    | 6736/11052 [11:01<06:41, 10.75it/s]
[1A 61%|██████    | 6738/11052 [11:01<06:18, 11.41it/s]
[1A 61%|██████    | 6740/11052 [11:01<06:22, 11.27it/s]
[1A 61%|██████    | 6742/11052 [11:01<07:29,  9.59it/s]
[1A 61%|██████    | 6744/11052 [11:01<07:12,  9.97it/s]
[1A 61%|██████    | 6746/11052 [11:02<06:58, 10.29it/s]
[1A 61%|██████    | 6748/11052 [11:02<07:09, 10.03it/s]
[1A 61%|██████    | 6750/11052 [11:02<07:02, 10.19it/s]
[1A                                                    
{'loss': 0.2233, 'grad_norm': 8.044351577758789, 'learning_rate': 8.290335001925299e-06, 'epoch': 1.83}
[1A
[1A 61%|██████    | 6750/11052 [11:02<07:02, 10.19it/s]
[1A 61%|██████    | 6752/11052 [11:02<06:55, 10.34it/s]
[1A 61%|██████    | 6754/11052 [11:02<06:47, 10.54it/s]
[1A 61%|██████    | 6756/11052 [11:03<06:43, 10.64it/s]
[1A 61%|██████    | 6758/11052 [11:03<06:42, 10.68it/s]
[1A 61%|██████    | 6760/11052 [11:03<06:40, 10.72it/s]
[1A 61%|██████    | 6762/11052 [11:03<06:36, 10.83it/s]
[1A 61%|██████    | 6764/11052 [11:03<06:35, 10.85it/s]
[1A 61%|██████    | 6766/11052 [11:03<06:41, 10.68it/s]
[1A 61%|██████    | 6768/11052 [11:04<06:37, 10.77it/s]
[1A 61%|██████▏   | 6770/11052 [11:04<06:41, 10.66it/s]
[1A 61%|██████▏   | 6772/11052 [11:04<06:41, 10.65it/s]
[1A 61%|██████▏   | 6774/11052 [11:04<06:34, 10.84it/s]
[1A 61%|██████▏   | 6776/11052 [11:04<06:31, 10.92it/s]
[1A 61%|██████▏   | 6778/11052 [11:05<06:28, 11.01it/s]
[1A 61%|██████▏   | 6780/11052 [11:05<06:29, 10.96it/s]
[1A 61%|██████▏   | 6782/11052 [11:05<06:33, 10.85it/s]
[1A 61%|██████▏   | 6784/11052 [11:05<06:42, 10.61it/s]
[1A 61%|██████▏   | 6786/11052 [11:05<07:20,  9.68it/s]
[1A 61%|██████▏   | 6788/11052 [11:06<07:11,  9.88it/s]
[1A 61%|██████▏   | 6790/11052 [11:06<07:04, 10.04it/s]
[1A 61%|██████▏   | 6792/11052 [11:06<08:36,  8.24it/s]
[1A 61%|██████▏   | 6794/11052 [11:06<08:02,  8.82it/s]
[1A 61%|██████▏   | 6796/11052 [11:06<07:37,  9.30it/s]
[1A 62%|██████▏   | 6798/11052 [11:07<07:17,  9.71it/s]
[1A 62%|██████▏   | 6800/11052 [11:07<07:00, 10.11it/s]
[1A                                                    
{'loss': 0.2403, 'grad_norm': 5.165769577026367, 'learning_rate': 8.194070080862534e-06, 'epoch': 1.85}
[1A
[1A 62%|██████▏   | 6800/11052 [11:07<07:00, 10.11it/s]
[1A 62%|██████▏   | 6802/11052 [11:07<06:48, 10.40it/s]
[1A 62%|██████▏   | 6804/11052 [11:07<06:41, 10.59it/s]
[1A 62%|██████▏   | 6806/11052 [11:07<06:36, 10.70it/s]
[1A 62%|██████▏   | 6808/11052 [11:08<06:33, 10.78it/s]
[1A 62%|██████▏   | 6810/11052 [11:08<06:33, 10.79it/s]
[1A 62%|██████▏   | 6812/11052 [11:08<06:41, 10.57it/s]
[1A 62%|██████▏   | 6814/11052 [11:08<06:38, 10.63it/s]
[1A 62%|██████▏   | 6816/11052 [11:08<07:06,  9.93it/s]
[1A 62%|██████▏   | 6818/11052 [11:09<06:55, 10.19it/s]
[1A 62%|██████▏   | 6820/11052 [11:09<06:46, 10.41it/s]
[1A 62%|██████▏   | 6822/11052 [11:09<06:40, 10.56it/s]
[1A 62%|██████▏   | 6824/11052 [11:09<06:54, 10.21it/s]
[1A 62%|██████▏   | 6826/11052 [11:09<06:44, 10.45it/s]
[1A 62%|██████▏   | 6828/11052 [11:10<06:37, 10.62it/s]
[1A 62%|██████▏   | 6830/11052 [11:10<06:42, 10.50it/s]
[1A 62%|██████▏   | 6832/11052 [11:10<06:35, 10.67it/s]
[1A 62%|██████▏   | 6834/11052 [11:10<06:29, 10.83it/s]
[1A 62%|██████▏   | 6836/11052 [11:10<06:27, 10.88it/s]
[1A 62%|██████▏   | 6838/11052 [11:10<06:26, 10.90it/s]
[1A 62%|██████▏   | 6840/11052 [11:11<06:23, 10.99it/s]
[1A 62%|██████▏   | 6842/11052 [11:11<06:21, 11.03it/s]
[1A 62%|██████▏   | 6844/11052 [11:11<06:20, 11.06it/s]
[1A 62%|██████▏   | 6846/11052 [11:11<06:20, 11.06it/s]
[1A 62%|██████▏   | 6848/11052 [11:11<06:20, 11.05it/s]
[1A 62%|██████▏   | 6850/11052 [11:12<06:20, 11.03it/s]                        
{'loss': 0.2145, 'grad_norm': 16.68583869934082, 'learning_rate': 8.09780515979977e-06, 'epoch': 1.86}
[1A
[1A 62%|██████▏   | 6850/11052 [11:12<06:20, 11.03it/s]
[1A 62%|██████▏   | 6852/11052 [11:12<06:35, 10.63it/s]
[1A 62%|██████▏   | 6854/11052 [11:12<06:31, 10.72it/s]
[1A 62%|██████▏   | 6856/11052 [11:12<06:27, 10.82it/s]
[1A 62%|██████▏   | 6858/11052 [11:12<06:24, 10.91it/s]
[1A 62%|██████▏   | 6860/11052 [11:12<06:24, 10.89it/s]
[1A 62%|██████▏   | 6862/11052 [11:13<06:23, 10.91it/s]
[1A 62%|██████▏   | 6864/11052 [11:13<06:22, 10.96it/s]
[1A 62%|██████▏   | 6866/11052 [11:13<06:20, 11.00it/s]
[1A 62%|██████▏   | 6868/11052 [11:13<06:21, 10.98it/s]
[1A 62%|██████▏   | 6870/11052 [11:13<06:20, 10.98it/s]
[1A 62%|██████▏   | 6872/11052 [11:14<07:56,  8.77it/s]
[1A 62%|██████▏   | 6873/11052 [11:14<08:20,  8.34it/s]
[1A 62%|██████▏   | 6874/11052 [11:14<08:29,  8.20it/s]
[1A 62%|██████▏   | 6875/11052 [11:14<08:32,  8.16it/s]
[1A 62%|██████▏   | 6876/11052 [11:14<08:13,  8.46it/s]
[1A 62%|██████▏   | 6878/11052 [11:14<07:50,  8.87it/s]
[1A 62%|██████▏   | 6880/11052 [11:15<07:20,  9.46it/s]
[1A 62%|██████▏   | 6882/11052 [11:15<07:01,  9.89it/s]
[1A 62%|██████▏   | 6884/11052 [11:15<07:06,  9.78it/s]
[1A 62%|██████▏   | 6886/11052 [11:15<06:50, 10.15it/s]
[1A 62%|██████▏   | 6888/11052 [11:15<06:43, 10.31it/s]
[1A 62%|██████▏   | 6890/11052 [11:16<06:57,  9.96it/s]
[1A 62%|██████▏   | 6892/11052 [11:16<06:46, 10.22it/s]
[1A 62%|██████▏   | 6894/11052 [11:16<06:37, 10.47it/s]
[1A 62%|██████▏   | 6896/11052 [11:16<06:39, 10.39it/s]
[1A 62%|██████▏   | 6898/11052 [11:16<06:32, 10.58it/s]
[1A 62%|██████▏   | 6900/11052 [11:16<06:27, 10.72it/s]
[1A                                                    
{'loss': 0.2158, 'grad_norm': 16.872007369995117, 'learning_rate': 8.001540238737004e-06, 'epoch': 1.87}
[1A
[1A 62%|██████▏   | 6900/11052 [11:17<06:27, 10.72it/s]
[1A 62%|██████▏   | 6902/11052 [11:17<06:28, 10.69it/s]
[1A 62%|██████▏   | 6904/11052 [11:17<06:34, 10.50it/s]
[1A 62%|██████▏   | 6906/11052 [11:17<06:57,  9.94it/s]
[1A 63%|██████▎   | 6908/11052 [11:17<06:44, 10.25it/s]
[1A 63%|██████▎   | 6910/11052 [11:17<06:35, 10.46it/s]
[1A 63%|██████▎   | 6912/11052 [11:18<06:43, 10.25it/s]
[1A 63%|██████▎   | 6914/11052 [11:18<06:57,  9.91it/s]
[1A 63%|██████▎   | 6916/11052 [11:18<06:41, 10.30it/s]
[1A 63%|██████▎   | 6918/11052 [11:18<06:32, 10.54it/s]
[1A 63%|██████▎   | 6920/11052 [11:18<06:32, 10.53it/s]
[1A 63%|██████▎   | 6922/11052 [11:19<06:27, 10.67it/s]
[1A 63%|██████▎   | 6924/11052 [11:19<06:18, 10.91it/s]
[1A 63%|██████▎   | 6926/11052 [11:19<06:12, 11.07it/s]
[1A 63%|██████▎   | 6928/11052 [11:19<06:09, 11.16it/s]
[1A 63%|██████▎   | 6930/11052 [11:19<06:09, 11.16it/s]
[1A 63%|██████▎   | 6932/11052 [11:19<06:08, 11.19it/s]
[1A 63%|██████▎   | 6934/11052 [11:20<06:09, 11.14it/s]
[1A 63%|██████▎   | 6936/11052 [11:20<06:12, 11.06it/s]
[1A 63%|██████▎   | 6938/11052 [11:20<06:24, 10.70it/s]
[1A 63%|██████▎   | 6940/11052 [11:20<06:46, 10.12it/s]
[1A 63%|██████▎   | 6942/11052 [11:20<06:34, 10.42it/s]
[1A 63%|██████▎   | 6944/11052 [11:21<06:25, 10.66it/s]
[1A 63%|██████▎   | 6946/11052 [11:21<06:18, 10.85it/s]
[1A 63%|██████▎   | 6948/11052 [11:21<06:12, 11.01it/s]
[1A 63%|██████▎   | 6950/11052 [11:21<06:09, 11.09it/s]
[1A                                                    
{'loss': 0.207, 'grad_norm': 13.12602710723877, 'learning_rate': 7.90527531767424e-06, 'epoch': 1.89}
[1A
[1A 63%|██████▎   | 6950/11052 [11:21<06:09, 11.09it/s]
[1A 63%|██████▎   | 6952/11052 [11:21<06:10, 11.07it/s]
[1A 63%|██████▎   | 6954/11052 [11:22<06:08, 11.12it/s]
[1A 63%|██████▎   | 6956/11052 [11:22<06:06, 11.18it/s]
[1A 63%|██████▎   | 6958/11052 [11:22<06:15, 10.92it/s]
[1A 63%|██████▎   | 6960/11052 [11:22<06:09, 11.08it/s]
[1A 63%|██████▎   | 6962/11052 [11:22<06:05, 11.18it/s]
[1A 63%|██████▎   | 6964/11052 [11:22<06:06, 11.16it/s]
[1A 63%|██████▎   | 6966/11052 [11:23<06:04, 11.20it/s]
[1A 63%|██████▎   | 6968/11052 [11:23<06:01, 11.30it/s]
[1A 63%|██████▎   | 6970/11052 [11:23<05:59, 11.34it/s]
[1A 63%|██████▎   | 6972/11052 [11:23<06:01, 11.28it/s]
[1A 63%|██████▎   | 6974/11052 [11:23<06:34, 10.35it/s]
[1A 63%|██████▎   | 6976/11052 [11:24<06:23, 10.63it/s]
[1A 63%|██████▎   | 6978/11052 [11:24<06:17, 10.80it/s]
[1A 63%|██████▎   | 6980/11052 [11:24<06:12, 10.94it/s]
[1A 63%|██████▎   | 6982/11052 [11:24<06:07, 11.08it/s]
[1A 63%|██████▎   | 6984/11052 [11:24<06:02, 11.21it/s]
[1A 63%|██████▎   | 6986/11052 [11:24<06:01, 11.24it/s]
[1A 63%|██████▎   | 6988/11052 [11:25<05:59, 11.31it/s]
[1A 63%|██████▎   | 6990/11052 [11:25<06:16, 10.78it/s]
[1A 63%|██████▎   | 6992/11052 [11:25<06:09, 10.99it/s]
[1A 63%|██████▎   | 6994/11052 [11:25<06:10, 10.97it/s]
[1A 63%|██████▎   | 6996/11052 [11:25<06:04, 11.13it/s]
[1A 63%|██████▎   | 6998/11052 [11:26<06:03, 11.17it/s]
[1A 63%|██████▎   | 7000/11052 [11:26<06:10, 10.93it/s]
[1A                                                    
{'loss': 0.1795, 'grad_norm': 7.624379634857178, 'learning_rate': 7.809010396611475e-06, 'epoch': 1.9}
[1A
[1A 63%|██████▎   | 7000/11052 [11:26<06:10, 10.93it/s]
[1A 63%|██████▎   | 7002/11052 [11:26<06:08, 10.99it/s]
[1A 63%|██████▎   | 7004/11052 [11:26<06:06, 11.05it/s]
[1A 63%|██████▎   | 7006/11052 [11:26<06:28, 10.41it/s]
[1A 63%|██████▎   | 7008/11052 [11:26<06:19, 10.67it/s]
[1A 63%|██████▎   | 7010/11052 [11:27<06:13, 10.83it/s]
[1A 63%|██████▎   | 7012/11052 [11:27<06:08, 10.97it/s]
[1A 63%|██████▎   | 7014/11052 [11:27<06:05, 11.05it/s]
[1A 63%|██████▎   | 7016/11052 [11:27<06:00, 11.20it/s]
[1A 63%|██████▎   | 7018/11052 [11:27<05:58, 11.27it/s]
[1A 64%|██████▎   | 7020/11052 [11:28<06:01, 11.17it/s]
[1A 64%|██████▎   | 7022/11052 [11:28<05:58, 11.24it/s]
[1A 64%|██████▎   | 7024/11052 [11:28<06:00, 11.17it/s]
[1A 64%|██████▎   | 7026/11052 [11:28<05:57, 11.26it/s]
[1A 64%|██████▎   | 7028/11052 [11:28<06:12, 10.79it/s]
[1A 64%|██████▎   | 7030/11052 [11:28<06:11, 10.83it/s]
[1A 64%|██████▎   | 7032/11052 [11:29<06:13, 10.75it/s]
[1A 64%|██████▎   | 7034/11052 [11:29<06:05, 10.98it/s]
[1A 64%|██████▎   | 7036/11052 [11:29<06:01, 11.12it/s]
[1A 64%|██████▎   | 7038/11052 [11:29<05:59, 11.17it/s]
[1A 64%|██████▎   | 7040/11052 [11:29<05:55, 11.28it/s]
[1A 64%|██████▎   | 7042/11052 [11:29<05:56, 11.25it/s]
[1A 64%|██████▎   | 7044/11052 [11:30<05:54, 11.30it/s]
[1A 64%|██████▍   | 7046/11052 [11:30<05:57, 11.20it/s]
[1A 64%|██████▍   | 7048/11052 [11:30<06:07, 10.91it/s]
[1A 64%|██████▍   | 7050/11052 [11:30<06:02, 11.03it/s]                        
{'loss': 0.194, 'grad_norm': 5.171257019042969, 'learning_rate': 7.712745475548711e-06, 'epoch': 1.91}
[1A
[1A 64%|██████▍   | 7050/11052 [11:30<06:02, 11.03it/s]
[1A 64%|██████▍   | 7052/11052 [11:30<06:01, 11.06it/s]
[1A 64%|██████▍   | 7054/11052 [11:31<06:04, 10.96it/s]
[1A 64%|██████▍   | 7056/11052 [11:31<05:59, 11.12it/s]
[1A 64%|██████▍   | 7058/11052 [11:31<06:00, 11.08it/s]
[1A 64%|██████▍   | 7060/11052 [11:31<05:56, 11.21it/s]
[1A 64%|██████▍   | 7062/11052 [11:31<05:52, 11.32it/s]
[1A 64%|██████▍   | 7064/11052 [11:31<05:49, 11.40it/s]
[1A 64%|██████▍   | 7066/11052 [11:32<05:56, 11.19it/s]
[1A 64%|██████▍   | 7068/11052 [11:32<05:56, 11.18it/s]
[1A 64%|██████▍   | 7070/11052 [11:32<05:52, 11.29it/s]
[1A 64%|██████▍   | 7072/11052 [11:32<05:49, 11.37it/s]
[1A 64%|██████▍   | 7074/11052 [11:32<05:49, 11.39it/s]
[1A 64%|██████▍   | 7076/11052 [11:33<05:54, 11.22it/s]
[1A 64%|██████▍   | 7078/11052 [11:33<05:53, 11.25it/s]
[1A 64%|██████▍   | 7080/11052 [11:33<05:51, 11.29it/s]
[1A 64%|██████▍   | 7082/11052 [11:33<05:50, 11.33it/s]
[1A 64%|██████▍   | 7084/11052 [11:33<06:18, 10.48it/s]
[1A 64%|██████▍   | 7086/11052 [11:33<06:08, 10.75it/s]
[1A 64%|██████▍   | 7088/11052 [11:34<06:12, 10.64it/s]
[1A 64%|██████▍   | 7090/11052 [11:34<06:07, 10.79it/s]
[1A 64%|██████▍   | 7092/11052 [11:34<06:01, 10.95it/s]
[1A 64%|██████▍   | 7094/11052 [11:34<06:04, 10.87it/s]
[1A 64%|██████▍   | 7096/11052 [11:34<05:58, 11.04it/s]
[1A 64%|██████▍   | 7098/11052 [11:35<05:55, 11.12it/s]
[1A 64%|██████▍   | 7100/11052 [11:35<05:53, 11.17it/s]
[1A                                                    
{'loss': 0.2461, 'grad_norm': 14.506869316101074, 'learning_rate': 7.616480554485946e-06, 'epoch': 1.93}
[1A
[1A 64%|██████▍   | 7100/11052 [11:35<05:53, 11.17it/s]
[1A 64%|██████▍   | 7102/11052 [11:35<05:49, 11.29it/s]
[1A 64%|██████▍   | 7104/11052 [11:35<05:47, 11.37it/s]
[1A 64%|██████▍   | 7106/11052 [11:35<05:45, 11.43it/s]
[1A 64%|██████▍   | 7108/11052 [11:35<05:45, 11.42it/s]
[1A 64%|██████▍   | 7110/11052 [11:36<05:46, 11.36it/s]
[1A 64%|██████▍   | 7112/11052 [11:36<05:50, 11.25it/s]
[1A 64%|██████▍   | 7114/11052 [11:36<06:02, 10.87it/s]
[1A 64%|██████▍   | 7116/11052 [11:36<06:05, 10.77it/s]
[1A 64%|██████▍   | 7118/11052 [11:36<05:58, 10.96it/s]
[1A 64%|██████▍   | 7120/11052 [11:37<06:00, 10.92it/s]
[1A 64%|██████▍   | 7122/11052 [11:37<06:17, 10.41it/s]
[1A 64%|██████▍   | 7124/11052 [11:37<06:28, 10.10it/s]
[1A 64%|██████▍   | 7126/11052 [11:37<06:36,  9.89it/s]
[1A 64%|██████▍   | 7128/11052 [11:37<06:22, 10.26it/s]
[1A 65%|██████▍   | 7130/11052 [11:38<06:10, 10.58it/s]
[1A 65%|██████▍   | 7132/11052 [11:38<06:02, 10.81it/s]
[1A 65%|██████▍   | 7134/11052 [11:38<05:59, 10.91it/s]
[1A 65%|██████▍   | 7136/11052 [11:38<06:11, 10.53it/s]
[1A 65%|██████▍   | 7138/11052 [11:38<06:08, 10.61it/s]
[1A 65%|██████▍   | 7140/11052 [11:38<06:07, 10.64it/s]
[1A 65%|██████▍   | 7142/11052 [11:39<06:03, 10.76it/s]
[1A 65%|██████▍   | 7144/11052 [11:39<06:38,  9.80it/s]
[1A 65%|██████▍   | 7146/11052 [11:39<06:21, 10.24it/s]
[1A 65%|██████▍   | 7148/11052 [11:39<06:09, 10.55it/s]
[1A 65%|██████▍   | 7150/11052 [11:39<06:10, 10.54it/s]
[1A                                                    
{'loss': 0.2112, 'grad_norm': 16.15104866027832, 'learning_rate': 7.520215633423181e-06, 'epoch': 1.94}
[1A
[1A 65%|██████▍   | 7150/11052 [11:39<06:10, 10.54it/s]
[1A 65%|██████▍   | 7152/11052 [11:40<06:03, 10.72it/s]
[1A 65%|██████▍   | 7154/11052 [11:40<05:58, 10.88it/s]
[1A 65%|██████▍   | 7156/11052 [11:40<06:04, 10.70it/s]
[1A 65%|██████▍   | 7158/11052 [11:40<05:56, 10.93it/s]
[1A 65%|██████▍   | 7160/11052 [11:40<05:51, 11.09it/s]
[1A 65%|██████▍   | 7162/11052 [11:40<05:49, 11.12it/s]
[1A 65%|██████▍   | 7164/11052 [11:41<05:46, 11.21it/s]
[1A 65%|██████▍   | 7166/11052 [11:41<05:45, 11.24it/s]
[1A 65%|██████▍   | 7168/11052 [11:41<05:43, 11.30it/s]
[1A 65%|██████▍   | 7170/11052 [11:41<05:46, 11.20it/s]
[1A 65%|██████▍   | 7172/11052 [11:41<05:47, 11.18it/s]
[1A 65%|██████▍   | 7174/11052 [11:42<06:29,  9.95it/s]
[1A 65%|██████▍   | 7176/11052 [11:42<06:17, 10.27it/s]
[1A 65%|██████▍   | 7178/11052 [11:42<06:29,  9.96it/s]
[1A 65%|██████▍   | 7180/11052 [11:42<06:14, 10.33it/s]
[1A 65%|██████▍   | 7182/11052 [11:42<06:47,  9.50it/s]
[1A 65%|██████▌   | 7184/11052 [11:43<06:26, 10.00it/s]
[1A 65%|██████▌   | 7186/11052 [11:43<06:11, 10.41it/s]
[1A 65%|██████▌   | 7188/11052 [11:43<06:00, 10.72it/s]
[1A 65%|██████▌   | 7190/11052 [11:43<05:59, 10.75it/s]
[1A 65%|██████▌   | 7192/11052 [11:43<05:52, 10.95it/s]
[1A 65%|██████▌   | 7194/11052 [11:44<06:09, 10.45it/s]
[1A 65%|██████▌   | 7196/11052 [11:44<06:00, 10.70it/s]
[1A 65%|██████▌   | 7198/11052 [11:44<05:55, 10.83it/s]
[1A 65%|██████▌   | 7200/11052 [11:44<05:50, 11.00it/s]
[1A                                                    
{'loss': 0.2059, 'grad_norm': 9.482858657836914, 'learning_rate': 7.423950712360416e-06, 'epoch': 1.95}
[1A
[1A 65%|██████▌   | 7200/11052 [11:44<05:50, 11.00it/s]
[1A 65%|██████▌   | 7202/11052 [11:44<05:50, 10.99it/s]
[1A 65%|██████▌   | 7204/11052 [11:44<05:48, 11.06it/s]
[1A 65%|██████▌   | 7206/11052 [11:45<05:45, 11.13it/s]
[1A 65%|██████▌   | 7208/11052 [11:45<05:43, 11.19it/s]
[1A 65%|██████▌   | 7210/11052 [11:45<05:44, 11.14it/s]
[1A 65%|██████▌   | 7212/11052 [11:45<05:58, 10.72it/s]
[1A 65%|██████▌   | 7214/11052 [11:45<05:52, 10.90it/s]
[1A 65%|██████▌   | 7216/11052 [11:46<05:53, 10.85it/s]
[1A 65%|██████▌   | 7218/11052 [11:46<05:49, 10.98it/s]
[1A 65%|██████▌   | 7220/11052 [11:46<05:45, 11.08it/s]
[1A 65%|██████▌   | 7222/11052 [11:46<05:48, 10.98it/s]
[1A 65%|██████▌   | 7224/11052 [11:46<05:44, 11.11it/s]
[1A 65%|██████▌   | 7226/11052 [11:46<05:43, 11.14it/s]
[1A 65%|██████▌   | 7228/11052 [11:47<05:41, 11.21it/s]
[1A 65%|██████▌   | 7230/11052 [11:47<05:45, 11.06it/s]
[1A 65%|██████▌   | 7232/11052 [11:47<05:45, 11.07it/s]
[1A 65%|██████▌   | 7234/11052 [11:47<06:00, 10.58it/s]
[1A 65%|██████▌   | 7236/11052 [11:47<05:53, 10.80it/s]
[1A 65%|██████▌   | 7238/11052 [11:48<05:48, 10.94it/s]
[1A 66%|██████▌   | 7240/11052 [11:48<06:04, 10.46it/s]
[1A 66%|██████▌   | 7242/11052 [11:48<05:58, 10.64it/s]
[1A 66%|██████▌   | 7244/11052 [11:48<05:51, 10.84it/s]
[1A 66%|██████▌   | 7246/11052 [11:48<05:47, 10.97it/s]
[1A 66%|██████▌   | 7248/11052 [11:48<05:45, 11.01it/s]
[1A 66%|██████▌   | 7250/11052 [11:49<05:42, 11.09it/s]
[1A                                                    
{'loss': 0.2301, 'grad_norm': 20.48280143737793, 'learning_rate': 7.327685791297652e-06, 'epoch': 1.97}
[1A
[1A 66%|██████▌   | 7250/11052 [11:49<05:42, 11.09it/s]
[1A 66%|██████▌   | 7252/11052 [11:49<05:42, 11.09it/s]
[1A 66%|██████▌   | 7254/11052 [11:49<05:52, 10.77it/s]
[1A 66%|██████▌   | 7256/11052 [11:49<05:52, 10.77it/s]
[1A 66%|██████▌   | 7258/11052 [11:49<05:47, 10.93it/s]
[1A 66%|██████▌   | 7260/11052 [11:50<05:48, 10.89it/s]
[1A 66%|██████▌   | 7262/11052 [11:50<05:43, 11.02it/s]
[1A 66%|██████▌   | 7264/11052 [11:50<05:41, 11.08it/s]
[1A 66%|██████▌   | 7266/11052 [11:50<05:47, 10.89it/s]
[1A 66%|██████▌   | 7268/11052 [11:50<05:43, 11.01it/s]
[1A 66%|██████▌   | 7270/11052 [11:50<05:44, 10.99it/s]
[1A 66%|██████▌   | 7272/11052 [11:51<05:40, 11.10it/s]
[1A 66%|██████▌   | 7274/11052 [11:51<05:38, 11.15it/s]
[1A 66%|██████▌   | 7276/11052 [11:51<05:39, 11.13it/s]
[1A 66%|██████▌   | 7278/11052 [11:51<05:38, 11.15it/s]
[1A 66%|██████▌   | 7280/11052 [11:51<05:35, 11.24it/s]
[1A 66%|██████▌   | 7282/11052 [11:52<05:33, 11.29it/s]
[1A 66%|██████▌   | 7284/11052 [11:52<05:34, 11.26it/s]
[1A 66%|██████▌   | 7286/11052 [11:52<06:01, 10.43it/s]
[1A 66%|██████▌   | 7288/11052 [11:52<06:06, 10.27it/s]
[1A 66%|██████▌   | 7290/11052 [11:52<05:56, 10.55it/s]
[1A 66%|██████▌   | 7292/11052 [11:53<05:52, 10.68it/s]
[1A 66%|██████▌   | 7294/11052 [11:53<05:51, 10.71it/s]
[1A 66%|██████▌   | 7296/11052 [11:53<05:50, 10.71it/s]
[1A 66%|██████▌   | 7298/11052 [11:53<05:44, 10.91it/s]
[1A 66%|██████▌   | 7300/11052 [11:53<05:46, 10.82it/s]
[1A                                                    
{'loss': 0.2417, 'grad_norm': 23.62885856628418, 'learning_rate': 7.231420870234886e-06, 'epoch': 1.98}
[1A
[1A 66%|██████▌   | 7300/11052 [11:53<05:46, 10.82it/s]
[1A 66%|██████▌   | 7302/11052 [11:53<05:43, 10.91it/s]
[1A 66%|██████▌   | 7304/11052 [11:54<05:40, 11.01it/s]
[1A 66%|██████▌   | 7306/11052 [11:54<05:43, 10.89it/s]
[1A 66%|██████▌   | 7308/11052 [11:54<05:40, 11.00it/s]
[1A 66%|██████▌   | 7310/11052 [11:54<05:36, 11.13it/s]
[1A 66%|██████▌   | 7312/11052 [11:54<05:42, 10.94it/s]
[1A 66%|██████▌   | 7314/11052 [11:55<05:45, 10.81it/s]
[1A 66%|██████▌   | 7316/11052 [11:55<05:38, 11.02it/s]
[1A 66%|██████▌   | 7318/11052 [11:55<05:35, 11.14it/s]
[1A 66%|██████▌   | 7320/11052 [11:55<05:31, 11.24it/s]
[1A 66%|██████▋   | 7322/11052 [11:55<05:33, 11.20it/s]
[1A 66%|██████▋   | 7324/11052 [11:55<05:37, 11.06it/s]
[1A 66%|██████▋   | 7326/11052 [11:56<05:33, 11.18it/s]
[1A 66%|██████▋   | 7328/11052 [11:56<05:32, 11.20it/s]
[1A 66%|██████▋   | 7330/11052 [11:56<05:47, 10.71it/s]
[1A 66%|██████▋   | 7332/11052 [11:56<05:56, 10.43it/s]
[1A 66%|██████▋   | 7334/11052 [11:56<05:46, 10.73it/s]
[1A 66%|██████▋   | 7336/11052 [11:57<05:43, 10.82it/s]
[1A 66%|██████▋   | 7338/11052 [11:57<05:38, 10.99it/s]
[1A 66%|██████▋   | 7340/11052 [11:57<05:34, 11.11it/s]
[1A 66%|██████▋   | 7342/11052 [11:57<05:33, 11.14it/s]
[1A 66%|██████▋   | 7344/11052 [11:57<05:51, 10.54it/s]
[1A 66%|██████▋   | 7346/11052 [11:57<06:07, 10.09it/s]
[1A 66%|██████▋   | 7348/11052 [11:58<05:54, 10.45it/s]
[1A 67%|██████▋   | 7350/11052 [11:58<05:49, 10.58it/s]                        
{'loss': 0.2254, 'grad_norm': 19.721614837646484, 'learning_rate': 7.135155949172122e-06, 'epoch': 2.0}
[1A
[1A 67%|██████▋   | 7350/11052 [11:58<05:49, 10.58it/s]
[1A 67%|██████▋   | 7352/11052 [11:58<05:48, 10.61it/s]
[1A 67%|██████▋   | 7354/11052 [11:58<05:47, 10.64it/s]
[1A 67%|██████▋   | 7356/11052 [11:58<06:08, 10.04it/s]
[1A 67%|██████▋   | 7358/11052 [11:59<05:59, 10.27it/s]
[1A 67%|██████▋   | 7360/11052 [11:59<05:54, 10.42it/s]
[1A 67%|██████▋   | 7362/11052 [11:59<05:45, 10.67it/s]
[1A 67%|██████▋   | 7364/11052 [11:59<05:58, 10.28it/s]
[1A 67%|██████▋   | 7366/11052 [11:59<05:48, 10.59it/s]
[1A 67%|██████▋   | 7368/11052 [12:00<05:41, 10.78it/s]

[1A
[1A  0%|          | 0/487 [00:00<?, ?it/s][A

[1A
[1A  1%|▏         | 7/487 [00:00<00:07, 67.52it/s][A

[1A
[1A  3%|▎         | 14/487 [00:00<00:08, 52.90it/s][A

[1A
[1A  4%|▍         | 20/487 [00:00<00:09, 50.96it/s][A

[1A
[1A  5%|▌         | 26/487 [00:00<00:10, 42.62it/s][A

[1A
[1A  6%|▋         | 31/487 [00:00<00:12, 37.46it/s][A

[1A
[1A  7%|▋         | 35/487 [00:00<00:12, 36.09it/s][A

[1A
[1A  8%|▊         | 40/487 [00:00<00:11, 38.70it/s][A

[1A
[1A  9%|▉         | 45/487 [00:01<00:11, 39.55it/s][A

[1A
[1A 11%|█         | 52/487 [00:01<00:09, 45.54it/s][A

[1A
[1A 12%|█▏        | 58/487 [00:01<00:08, 48.61it/s][A

[1A
[1A 13%|█▎        | 63/487 [00:01<00:08, 48.39it/s][A

[1A
[1A 14%|█▍        | 70/487 [00:01<00:08, 51.72it/s][A

[1A
[1A 16%|█▌        | 76/487 [00:01<00:09, 44.13it/s][A

[1A
[1A 17%|█▋        | 81/487 [00:01<00:09, 40.60it/s][A

[1A
[1A 18%|█▊        | 87/487 [00:01<00:09, 42.72it/s][A

[1A
[1A 19%|█▉        | 92/487 [00:02<00:09, 43.16it/s][A

[1A
[1A 20%|██        | 98/487 [00:02<00:08, 44.29it/s][A

[1A
[1A 21%|██        | 103/487 [00:02<00:10, 38.34it/s][A

[1A
[1A 22%|██▏       | 108/487 [00:02<00:10, 37.74it/s][A

[1A
[1A 23%|██▎       | 114/487 [00:02<00:08, 41.59it/s][A

[1A
[1A 24%|██▍       | 119/487 [00:02<00:08, 42.09it/s][A

[1A
[1A 25%|██▌       | 124/487 [00:02<00:08, 42.72it/s][A

[1A
[1A 26%|██▋       | 129/487 [00:03<00:09, 39.74it/s][A

[1A
[1A 28%|██▊       | 135/487 [00:03<00:07, 44.64it/s][A

[1A
[1A 29%|██▊       | 140/487 [00:03<00:08, 41.68it/s][A

[1A
[1A 30%|██▉       | 145/487 [00:03<00:09, 37.44it/s][A

[1A
[1A 31%|███       | 149/487 [00:03<00:09, 35.24it/s][A

[1A
[1A 32%|███▏      | 154/487 [00:03<00:08, 38.42it/s][A

[1A
[1A 32%|███▏      | 158/487 [00:03<00:09, 36.46it/s][A

[1A
[1A 33%|███▎      | 162/487 [00:03<00:09, 34.36it/s][A

[1A
[1A 34%|███▍      | 167/487 [00:04<00:08, 36.77it/s][A

[1A
[1A 35%|███▌      | 172/487 [00:04<00:08, 38.62it/s][A

[1A
[1A 36%|███▌      | 176/487 [00:04<00:07, 38.90it/s][A

[1A
[1A 37%|███▋      | 182/487 [00:04<00:07, 42.45it/s][A

[1A
[1A 38%|███▊      | 187/487 [00:04<00:09, 32.50it/s][A

[1A
[1A 39%|███▉      | 192/487 [00:04<00:08, 33.59it/s][A

[1A
[1A 41%|████      | 198/487 [00:04<00:07, 38.44it/s][A

[1A
[1A 42%|████▏     | 203/487 [00:05<00:08, 34.71it/s][A

[1A
[1A 43%|████▎     | 208/487 [00:05<00:07, 37.14it/s][A

[1A
[1A 44%|████▎     | 213/487 [00:05<00:06, 40.18it/s][A

[1A
[1A 45%|████▍     | 218/487 [00:05<00:06, 40.67it/s][A

[1A
[1A 46%|████▌     | 223/487 [00:05<00:07, 37.00it/s][A

[1A
[1A 47%|████▋     | 227/487 [00:05<00:07, 35.64it/s][A

[1A
[1A 48%|████▊     | 232/487 [00:05<00:06, 38.79it/s][A

[1A
[1A 49%|████▊     | 237/487 [00:05<00:06, 41.58it/s][A

[1A
[1A 50%|████▉     | 242/487 [00:06<00:06, 38.34it/s][A

[1A
[1A 51%|█████     | 247/487 [00:06<00:05, 40.46it/s][A

[1A
[1A 52%|█████▏    | 252/487 [00:06<00:06, 38.26it/s][A

[1A
[1A 53%|█████▎    | 256/487 [00:06<00:06, 38.22it/s][A

[1A
[1A 53%|█████▎    | 260/487 [00:06<00:06, 36.29it/s][A

[1A
[1A 54%|█████▍    | 264/487 [00:06<00:06, 37.16it/s][A

[1A
[1A 55%|█████▌    | 269/487 [00:06<00:05, 39.92it/s][A

[1A
[1A 56%|█████▋    | 274/487 [00:06<00:05, 37.05it/s][A

[1A
[1A 57%|█████▋    | 278/487 [00:06<00:05, 37.15it/s][A

[1A
[1A 58%|█████▊    | 282/487 [00:07<00:05, 37.48it/s][A

[1A
[1A 59%|█████▊    | 286/487 [00:07<00:05, 35.98it/s][A

[1A
[1A 60%|██████    | 293/487 [00:07<00:04, 43.99it/s][A

[1A
[1A 61%|██████    | 298/487 [00:07<00:04, 40.49it/s][A

[1A
[1A 62%|██████▏   | 303/487 [00:07<00:04, 42.55it/s][A

[1A
[1A 63%|██████▎   | 308/487 [00:07<00:04, 37.10it/s][A

[1A
[1A 64%|██████▍   | 313/487 [00:07<00:04, 37.88it/s][A

[1A
[1A 65%|██████▌   | 317/487 [00:07<00:04, 37.19it/s][A

[1A
[1A 66%|██████▌   | 322/487 [00:08<00:04, 39.18it/s][A

[1A
[1A 67%|██████▋   | 326/487 [00:08<00:04, 37.53it/s][A

[1A
[1A 68%|██████▊   | 331/487 [00:08<00:04, 38.82it/s][A

[1A
[1A 69%|██████▉   | 336/487 [00:08<00:03, 41.68it/s][A

[1A
[1A 70%|███████   | 341/487 [00:08<00:03, 39.49it/s][A

[1A
[1A 71%|███████   | 346/487 [00:08<00:03, 40.76it/s][A

[1A
[1A 72%|███████▏  | 351/487 [00:08<00:03, 39.97it/s][A

[1A
[1A 73%|███████▎  | 356/487 [00:08<00:03, 42.04it/s][A

[1A
[1A 74%|███████▍  | 361/487 [00:09<00:02, 44.12it/s][A

[1A
[1A 75%|███████▌  | 366/487 [00:09<00:02, 42.77it/s][A

[1A
[1A 76%|███████▌  | 371/487 [00:09<00:02, 40.77it/s][A

[1A
[1A 77%|███████▋  | 376/487 [00:09<00:02, 38.13it/s][A

[1A
[1A 78%|███████▊  | 380/487 [00:09<00:02, 37.96it/s][A

[1A
[1A 79%|███████▉  | 385/487 [00:09<00:02, 38.59it/s][A

[1A
[1A 80%|███████▉  | 389/487 [00:09<00:02, 36.73it/s][A

[1A
[1A 81%|████████  | 393/487 [00:09<00:02, 34.72it/s][A
[1A 67%|██████▋   | 7368/11052 [12:10<05:41, 10.78it/s]

[1A
[1A 82%|████████▏ | 399/487 [00:10<00:02, 37.99it/s][A

[1A
[1A 83%|████████▎ | 403/487 [00:10<00:02, 34.92it/s][A

[1A
[1A 84%|████████▎ | 407/487 [00:10<00:02, 36.13it/s][A

[1A
[1A 84%|████████▍ | 411/487 [00:10<00:02, 33.28it/s][A

[1A
[1A 85%|████████▌ | 416/487 [00:10<00:01, 35.61it/s][A

[1A
[1A 86%|████████▋ | 421/487 [00:10<00:01, 38.83it/s][A

[1A
[1A 87%|████████▋ | 425/487 [00:10<00:01, 37.44it/s][A

[1A
[1A 89%|████████▊ | 431/487 [00:10<00:01, 39.32it/s][A

[1A
[1A 89%|████████▉ | 435/487 [00:11<00:01, 38.37it/s][A

[1A
[1A 90%|█████████ | 439/487 [00:11<00:01, 38.34it/s][A

[1A
[1A 91%|█████████▏| 445/487 [00:11<00:00, 42.48it/s][A

[1A
[1A 93%|█████████▎| 451/487 [00:11<00:00, 45.87it/s][A

[1A
[1A 94%|█████████▎| 456/487 [00:11<00:00, 44.98it/s][A

[1A
[1A 95%|█████████▍| 461/487 [00:11<00:00, 45.32it/s][A

[1A
[1A 96%|█████████▌| 466/487 [00:11<00:00, 35.88it/s][A

[1A
[1A 97%|█████████▋| 472/487 [00:11<00:00, 41.31it/s][A

[1A
[1A 98%|█████████▊| 477/487 [00:12<00:00, 38.94it/s][A

[1A
[1A 99%|█████████▉| 482/487 [00:12<00:00, 40.87it/s][A

[1A
[1A100%|██████████| 487/487 [00:12<00:00, 36.10it/s][A
[1A                                                    
[1A

[1A                                                 
[1A
{'eval_loss': 0.342545747756958, 'eval_accuracy': 0.8585456645914896, 'eval_f1_macro': 0.8561783321263219, 'eval_precision_macro': 0.8582852903208029, 'eval_recall_macro': 0.8547262364566488, 'eval_runtime': 12.401, 'eval_samples_per_second': 1256.429, 'eval_steps_per_second': 39.271, 'epoch': 2.0}
[1A[A
[1A 67%|██████▋   | 7368/11052 [12:12<05:41, 10.78it/s]

[1A
[1A100%|██████████| 487/487 [00:12<00:00, 36.10it/s][A

[1A
[1A                                                 [A
[1A 67%|██████▋   | 7369/11052 [12:16<2:57:42,  2.89s/it]
[1A 67%|██████▋   | 7371/11052 [12:16<2:00:00,  1.96s/it]
[1A 67%|██████▋   | 7373/11052 [12:16<1:22:54,  1.35s/it]
[1A 67%|██████▋   | 7375/11052 [12:16<58:26,  1.05it/s]  
[1A 67%|██████▋   | 7377/11052 [12:16<42:01,  1.46it/s]
[1A 67%|██████▋   | 7379/11052 [12:16<30:45,  1.99it/s]
[1A 67%|██████▋   | 7381/11052 [12:17<23:02,  2.65it/s]
[1A 67%|██████▋   | 7383/11052 [12:17<18:04,  3.38it/s]
[1A 67%|██████▋   | 7385/11052 [12:17<14:15,  4.28it/s]
[1A 67%|██████▋   | 7387/11052 [12:17<11:36,  5.26it/s]
[1A 67%|██████▋   | 7389/11052 [12:17<09:46,  6.24it/s]
[1A 67%|██████▋   | 7391/11052 [12:18<08:28,  7.20it/s]
[1A 67%|██████▋   | 7393/11052 [12:18<07:35,  8.03it/s]
[1A 67%|██████▋   | 7395/11052 [12:18<06:57,  8.75it/s]
[1A 67%|██████▋   | 7397/11052 [12:18<06:31,  9.34it/s]
[1A 67%|██████▋   | 7399/11052 [12:18<06:14,  9.76it/s]
[1A                                                    
{'loss': 0.1825, 'grad_norm': 9.03651237487793, 'learning_rate': 7.038891028109357e-06, 'epoch': 2.01}
[1A
[1A 67%|██████▋   | 7400/11052 [12:18<06:14,  9.76it/s]
[1A 67%|██████▋   | 7401/11052 [12:18<06:04, 10.02it/s]
[1A 67%|██████▋   | 7403/11052 [12:19<06:12,  9.80it/s]
[1A 67%|██████▋   | 7405/11052 [12:19<06:14,  9.73it/s]
[1A 67%|██████▋   | 7407/11052 [12:19<06:36,  9.18it/s]
[1A 67%|██████▋   | 7408/11052 [12:19<06:38,  9.15it/s]
[1A 67%|██████▋   | 7409/11052 [12:19<06:41,  9.08it/s]
[1A 67%|██████▋   | 7410/11052 [12:20<06:57,  8.72it/s]
[1A 67%|██████▋   | 7411/11052 [12:20<06:48,  8.92it/s]
[1A 67%|██████▋   | 7413/11052 [12:20<06:33,  9.26it/s]
[1A 67%|██████▋   | 7415/11052 [12:20<06:33,  9.25it/s]
[1A 67%|██████▋   | 7417/11052 [12:20<06:31,  9.29it/s]
[1A 67%|██████▋   | 7419/11052 [12:20<06:14,  9.70it/s]
[1A 67%|██████▋   | 7421/11052 [12:21<06:03,  9.98it/s]
[1A 67%|██████▋   | 7423/11052 [12:21<06:10,  9.80it/s]
[1A 67%|██████▋   | 7424/11052 [12:21<06:15,  9.67it/s]
[1A 67%|██████▋   | 7426/11052 [12:21<06:05,  9.93it/s]
[1A 67%|██████▋   | 7428/11052 [12:21<05:54, 10.21it/s]
[1A 67%|██████▋   | 7430/11052 [12:22<06:17,  9.59it/s]
[1A 67%|██████▋   | 7432/11052 [12:22<06:03,  9.95it/s]
[1A 67%|██████▋   | 7434/11052 [12:22<05:54, 10.20it/s]
[1A 67%|██████▋   | 7436/11052 [12:22<06:03,  9.94it/s]
[1A 67%|██████▋   | 7437/11052 [12:22<06:15,  9.63it/s]
[1A 67%|██████▋   | 7439/11052 [12:22<06:01,  9.98it/s]
[1A 67%|██████▋   | 7440/11052 [12:23<06:27,  9.33it/s]
[1A 67%|██████▋   | 7441/11052 [12:23<06:44,  8.94it/s]
[1A 67%|██████▋   | 7442/11052 [12:23<06:47,  8.87it/s]
[1A 67%|██████▋   | 7443/11052 [12:23<06:55,  8.69it/s]
[1A 67%|██████▋   | 7444/11052 [12:23<06:50,  8.79it/s]
[1A 67%|██████▋   | 7445/11052 [12:23<06:38,  9.06it/s]
[1A 67%|██████▋   | 7447/11052 [12:23<06:27,  9.30it/s]
[1A 67%|██████▋   | 7449/11052 [12:24<06:09,  9.75it/s]
[1A                                                    
{'loss': 0.1485, 'grad_norm': 8.075435638427734, 'learning_rate': 6.942626107046593e-06, 'epoch': 2.02}
[1A
[1A 67%|██████▋   | 7450/11052 [12:24<06:09,  9.75it/s]
[1A 67%|██████▋   | 7451/11052 [12:24<05:57, 10.06it/s]
[1A 67%|██████▋   | 7453/11052 [12:24<05:53, 10.19it/s]
[1A 67%|██████▋   | 7455/11052 [12:24<05:45, 10.42it/s]
[1A 67%|██████▋   | 7457/11052 [12:24<05:46, 10.38it/s]
[1A 67%|██████▋   | 7459/11052 [12:24<05:41, 10.52it/s]
[1A 68%|██████▊   | 7461/11052 [12:25<05:37, 10.65it/s]
[1A 68%|██████▊   | 7463/11052 [12:25<05:45, 10.39it/s]
[1A 68%|██████▊   | 7465/11052 [12:25<05:39, 10.56it/s]
[1A 68%|██████▊   | 7467/11052 [12:25<05:37, 10.63it/s]
[1A 68%|██████▊   | 7469/11052 [12:25<06:09,  9.71it/s]
[1A 68%|██████▊   | 7470/11052 [12:26<06:10,  9.67it/s]
[1A 68%|██████▊   | 7472/11052 [12:26<05:55, 10.08it/s]
[1A 68%|██████▊   | 7474/11052 [12:26<05:45, 10.35it/s]
[1A 68%|██████▊   | 7476/11052 [12:26<05:38, 10.56it/s]
[1A 68%|██████▊   | 7478/11052 [12:26<05:34, 10.69it/s]
[1A 68%|██████▊   | 7480/11052 [12:27<05:55, 10.04it/s]
[1A 68%|██████▊   | 7482/11052 [12:27<05:45, 10.32it/s]
[1A 68%|██████▊   | 7484/11052 [12:27<05:39, 10.50it/s]
[1A 68%|██████▊   | 7486/11052 [12:27<05:50, 10.17it/s]
[1A 68%|██████▊   | 7488/11052 [12:27<05:45, 10.30it/s]
[1A 68%|██████▊   | 7490/11052 [12:28<05:39, 10.48it/s]
[1A 68%|██████▊   | 7492/11052 [12:28<05:36, 10.58it/s]
[1A 68%|██████▊   | 7494/11052 [12:28<05:40, 10.46it/s]
[1A 68%|██████▊   | 7496/11052 [12:28<06:13,  9.52it/s]
[1A 68%|██████▊   | 7498/11052 [12:28<06:03,  9.77it/s]
[1A 68%|██████▊   | 7500/11052 [12:29<05:57,  9.94it/s]
[1A                                                    
{'loss': 0.189, 'grad_norm': 7.5806756019592285, 'learning_rate': 6.846361185983828e-06, 'epoch': 2.04}
[1A
[1A 68%|██████▊   | 7500/11052 [12:29<05:57,  9.94it/s]
[1A 68%|██████▊   | 7502/11052 [12:29<05:46, 10.25it/s]
[1A 68%|██████▊   | 7504/11052 [12:29<05:47, 10.20it/s]
[1A 68%|██████▊   | 7506/11052 [12:29<05:43, 10.33it/s]
[1A 68%|██████▊   | 7508/11052 [12:29<05:49, 10.15it/s]
[1A 68%|██████▊   | 7510/11052 [12:29<05:41, 10.38it/s]
[1A 68%|██████▊   | 7512/11052 [12:30<05:54,  9.98it/s]
[1A 68%|██████▊   | 7514/11052 [12:30<05:45, 10.25it/s]
[1A 68%|██████▊   | 7516/11052 [12:30<05:36, 10.51it/s]
[1A 68%|██████▊   | 7518/11052 [12:30<05:31, 10.67it/s]
[1A 68%|██████▊   | 7520/11052 [12:30<05:28, 10.74it/s]
[1A 68%|██████▊   | 7522/11052 [12:31<05:25, 10.86it/s]
[1A 68%|██████▊   | 7524/11052 [12:31<05:24, 10.86it/s]
[1A 68%|██████▊   | 7526/11052 [12:31<05:40, 10.36it/s]
[1A 68%|██████▊   | 7528/11052 [12:31<05:35, 10.50it/s]
[1A 68%|██████▊   | 7530/11052 [12:31<05:32, 10.58it/s]
[1A 68%|██████▊   | 7532/11052 [12:32<05:27, 10.75it/s]
[1A 68%|██████▊   | 7534/11052 [12:32<05:24, 10.83it/s]
[1A 68%|██████▊   | 7536/11052 [12:32<05:23, 10.87it/s]
[1A 68%|██████▊   | 7538/11052 [12:32<05:21, 10.92it/s]
[1A 68%|██████▊   | 7540/11052 [12:32<05:20, 10.96it/s]
[1A 68%|██████▊   | 7542/11052 [12:32<05:21, 10.91it/s]
[1A 68%|██████▊   | 7544/11052 [12:33<05:22, 10.88it/s]
[1A 68%|██████▊   | 7546/11052 [12:33<05:22, 10.88it/s]
[1A 68%|██████▊   | 7548/11052 [12:33<05:21, 10.91it/s]
[1A 68%|██████▊   | 7550/11052 [12:33<05:34, 10.46it/s]
[1A                                                    
{'loss': 0.162, 'grad_norm': 26.525484085083008, 'learning_rate': 6.750096264921064e-06, 'epoch': 2.05}
[1A
[1A 68%|██████▊   | 7550/11052 [12:33<05:34, 10.46it/s]
[1A 68%|██████▊   | 7552/11052 [12:33<05:32, 10.53it/s]
[1A 68%|██████▊   | 7554/11052 [12:34<05:29, 10.62it/s]
[1A 68%|██████▊   | 7556/11052 [12:34<05:28, 10.65it/s]
[1A 68%|██████▊   | 7558/11052 [12:34<05:25, 10.73it/s]
[1A 68%|██████▊   | 7560/11052 [12:34<05:57,  9.77it/s]
[1A 68%|██████▊   | 7562/11052 [12:34<05:43, 10.15it/s]
[1A 68%|██████▊   | 7564/11052 [12:35<05:42, 10.19it/s]
[1A 68%|██████▊   | 7566/11052 [12:35<05:34, 10.41it/s]
[1A 68%|██████▊   | 7568/11052 [12:35<05:50,  9.95it/s]
[1A 68%|██████▊   | 7570/11052 [12:35<05:43, 10.14it/s]
[1A 69%|██████▊   | 7572/11052 [12:35<05:32, 10.47it/s]
[1A 69%|██████▊   | 7574/11052 [12:36<05:25, 10.68it/s]
[1A 69%|██████▊   | 7576/11052 [12:36<05:36, 10.33it/s]
[1A 69%|██████▊   | 7578/11052 [12:36<05:49,  9.94it/s]
[1A 69%|██████▊   | 7580/11052 [12:36<05:36, 10.31it/s]
[1A 69%|██████▊   | 7582/11052 [12:36<05:29, 10.53it/s]
[1A 69%|██████▊   | 7584/11052 [12:37<05:36, 10.30it/s]
[1A 69%|██████▊   | 7586/11052 [12:37<05:35, 10.32it/s]
[1A 69%|██████▊   | 7588/11052 [12:37<05:34, 10.35it/s]
[1A 69%|██████▊   | 7590/11052 [12:37<05:24, 10.66it/s]
[1A 69%|██████▊   | 7592/11052 [12:37<05:21, 10.76it/s]
[1A 69%|██████▊   | 7594/11052 [12:37<05:33, 10.38it/s]
[1A 69%|██████▊   | 7596/11052 [12:38<05:25, 10.61it/s]
[1A 69%|██████▊   | 7598/11052 [12:38<05:32, 10.38it/s]
[1A 69%|██████▉   | 7600/11052 [12:38<05:30, 10.44it/s]
[1A                                                    
{'loss': 0.1408, 'grad_norm': 0.15787099301815033, 'learning_rate': 6.653831343858299e-06, 'epoch': 2.06}
[1A
[1A 69%|██████▉   | 7600/11052 [12:38<05:30, 10.44it/s]
[1A 69%|██████▉   | 7602/11052 [12:38<05:24, 10.63it/s]
[1A 69%|██████▉   | 7604/11052 [12:38<05:40, 10.13it/s]
[1A 69%|██████▉   | 7606/11052 [12:39<05:33, 10.33it/s]
[1A 69%|██████▉   | 7608/11052 [12:39<05:39, 10.14it/s]
[1A 69%|██████▉   | 7610/11052 [12:39<05:32, 10.35it/s]
[1A 69%|██████▉   | 7612/11052 [12:39<05:24, 10.59it/s]
[1A 69%|██████▉   | 7614/11052 [12:39<05:25, 10.56it/s]
[1A 69%|██████▉   | 7616/11052 [12:40<05:19, 10.76it/s]
[1A 69%|██████▉   | 7618/11052 [12:40<05:16, 10.83it/s]
[1A 69%|██████▉   | 7620/11052 [12:40<05:13, 10.95it/s]
[1A 69%|██████▉   | 7622/11052 [12:40<05:12, 10.98it/s]
[1A 69%|██████▉   | 7624/11052 [12:40<05:11, 11.00it/s]
[1A 69%|██████▉   | 7626/11052 [12:40<05:18, 10.75it/s]
[1A 69%|██████▉   | 7628/11052 [12:41<05:13, 10.91it/s]
[1A 69%|██████▉   | 7630/11052 [12:41<05:27, 10.44it/s]
[1A 69%|██████▉   | 7632/11052 [12:41<05:24, 10.53it/s]
[1A 69%|██████▉   | 7634/11052 [12:41<05:20, 10.67it/s]
[1A 69%|██████▉   | 7636/11052 [12:41<05:17, 10.76it/s]
[1A 69%|██████▉   | 7638/11052 [12:42<05:14, 10.85it/s]
[1A 69%|██████▉   | 7640/11052 [12:42<05:13, 10.89it/s]
[1A 69%|██████▉   | 7642/11052 [12:42<05:11, 10.96it/s]
[1A 69%|██████▉   | 7644/11052 [12:42<05:21, 10.60it/s]
[1A 69%|██████▉   | 7646/11052 [12:42<05:16, 10.75it/s]
[1A 69%|██████▉   | 7648/11052 [12:43<05:16, 10.76it/s]
[1A 69%|██████▉   | 7650/11052 [12:43<05:14, 10.83it/s]
{'loss': 0.1753, 'grad_norm': 11.693902969360352, 'learning_rate': 6.557566422795533e-06, 'epoch': 2.08}
[1A                                                    
[1A
[1A 69%|██████▉   | 7650/11052 [12:43<05:14, 10.83it/s]
[1A 69%|██████▉   | 7652/11052 [12:43<05:10, 10.96it/s]
[1A 69%|██████▉   | 7654/11052 [12:43<05:05, 11.12it/s]
[1A 69%|██████▉   | 7656/11052 [12:43<05:06, 11.08it/s]
[1A 69%|██████▉   | 7658/11052 [12:43<05:21, 10.57it/s]
[1A 69%|██████▉   | 7660/11052 [12:44<05:16, 10.73it/s]
[1A 69%|██████▉   | 7662/11052 [12:44<05:13, 10.80it/s]
[1A 69%|██████▉   | 7664/11052 [12:44<05:10, 10.90it/s]
[1A 69%|██████▉   | 7666/11052 [12:44<05:10, 10.92it/s]
[1A 69%|██████▉   | 7668/11052 [12:44<05:34, 10.13it/s]
[1A 69%|██████▉   | 7670/11052 [12:45<05:35, 10.09it/s]
[1A 69%|██████▉   | 7672/11052 [12:45<05:26, 10.36it/s]
[1A 69%|██████▉   | 7674/11052 [12:45<05:21, 10.51it/s]
[1A 69%|██████▉   | 7676/11052 [12:45<05:15, 10.70it/s]
[1A 69%|██████▉   | 7678/11052 [12:45<05:10, 10.87it/s]
[1A 69%|██████▉   | 7680/11052 [12:46<05:16, 10.65it/s]
[1A 70%|██████▉   | 7682/11052 [12:46<05:12, 10.78it/s]
[1A 70%|██████▉   | 7684/11052 [12:46<05:08, 10.93it/s]
[1A 70%|██████▉   | 7686/11052 [12:46<05:03, 11.10it/s]
[1A 70%|██████▉   | 7688/11052 [12:46<05:00, 11.21it/s]
[1A 70%|██████▉   | 7690/11052 [12:46<05:01, 11.16it/s]
[1A 70%|██████▉   | 7692/11052 [12:47<05:00, 11.19it/s]
[1A 70%|██████▉   | 7694/11052 [12:47<04:56, 11.33it/s]
[1A 70%|██████▉   | 7696/11052 [12:47<05:22, 10.40it/s]
[1A 70%|██████▉   | 7698/11052 [12:47<05:13, 10.71it/s]
[1A 70%|██████▉   | 7700/11052 [12:47<05:07, 10.89it/s]
[1A                                                    
{'loss': 0.1977, 'grad_norm': 22.317604064941406, 'learning_rate': 6.46130150173277e-06, 'epoch': 2.09}
[1A
[1A 70%|██████▉   | 7700/11052 [12:47<05:07, 10.89it/s]
[1A 70%|██████▉   | 7702/11052 [12:48<05:17, 10.56it/s]
[1A 70%|██████▉   | 7704/11052 [12:48<05:15, 10.63it/s]
[1A 70%|██████▉   | 7706/11052 [12:48<05:08, 10.84it/s]
[1A 70%|██████▉   | 7708/11052 [12:48<05:03, 11.01it/s]
[1A 70%|██████▉   | 7710/11052 [12:48<05:00, 11.11it/s]
[1A 70%|██████▉   | 7712/11052 [12:48<05:16, 10.54it/s]
[1A 70%|██████▉   | 7714/11052 [12:49<05:10, 10.75it/s]
[1A 70%|██████▉   | 7716/11052 [12:49<05:04, 10.95it/s]
[1A 70%|██████▉   | 7718/11052 [12:49<05:00, 11.08it/s]
[1A 70%|██████▉   | 7720/11052 [12:49<04:57, 11.19it/s]
[1A 70%|██████▉   | 7722/11052 [12:49<04:58, 11.17it/s]
[1A 70%|██████▉   | 7724/11052 [12:50<04:56, 11.21it/s]
[1A 70%|██████▉   | 7726/11052 [12:50<04:57, 11.16it/s]
[1A 70%|██████▉   | 7728/11052 [12:50<04:58, 11.14it/s]
[1A 70%|██████▉   | 7730/11052 [12:50<04:53, 11.30it/s]
[1A 70%|██████▉   | 7732/11052 [12:50<04:52, 11.35it/s]
[1A 70%|██████▉   | 7734/11052 [12:50<04:52, 11.33it/s]
[1A 70%|██████▉   | 7736/11052 [12:51<04:55, 11.21it/s]
[1A 70%|███████   | 7738/11052 [12:51<04:55, 11.23it/s]
[1A 70%|███████   | 7740/11052 [12:51<04:54, 11.26it/s]
[1A 70%|███████   | 7742/11052 [12:51<04:52, 11.31it/s]
[1A 70%|███████   | 7744/11052 [12:51<04:52, 11.32it/s]
[1A 70%|███████   | 7746/11052 [12:51<04:54, 11.23it/s]
[1A 70%|███████   | 7748/11052 [12:52<05:05, 10.80it/s]
[1A 70%|███████   | 7750/11052 [12:52<05:02, 10.92it/s]
[1A                                                    
{'loss': 0.1691, 'grad_norm': 17.325597763061523, 'learning_rate': 6.365036580670004e-06, 'epoch': 2.1}
[1A
[1A 70%|███████   | 7750/11052 [12:52<05:02, 10.92it/s]
[1A 70%|███████   | 7752/11052 [12:52<04:59, 11.02it/s]
[1A 70%|███████   | 7754/11052 [12:52<04:56, 11.11it/s]
[1A 70%|███████   | 7756/11052 [12:52<05:00, 10.96it/s]
[1A 70%|███████   | 7758/11052 [12:53<04:58, 11.02it/s]
[1A 70%|███████   | 7760/11052 [12:53<04:56, 11.10it/s]
[1A 70%|███████   | 7762/11052 [12:53<04:54, 11.19it/s]
[1A 70%|███████   | 7764/11052 [12:53<04:52, 11.25it/s]
[1A 70%|███████   | 7766/11052 [12:53<04:58, 11.02it/s]
[1A 70%|███████   | 7768/11052 [12:53<04:57, 11.04it/s]
[1A 70%|███████   | 7770/11052 [12:54<04:56, 11.08it/s]
[1A 70%|███████   | 7772/11052 [12:54<04:55, 11.08it/s]
[1A 70%|███████   | 7774/11052 [12:54<04:54, 11.13it/s]
[1A 70%|███████   | 7776/11052 [12:54<04:54, 11.12it/s]
[1A 70%|███████   | 7778/11052 [12:54<05:00, 10.89it/s]
[1A 70%|███████   | 7780/11052 [12:55<05:08, 10.62it/s]
[1A 70%|███████   | 7782/11052 [12:55<05:01, 10.84it/s]
[1A 70%|███████   | 7784/11052 [12:55<05:07, 10.63it/s]
[1A 70%|███████   | 7786/11052 [12:55<05:01, 10.84it/s]
[1A 70%|███████   | 7788/11052 [12:55<04:55, 11.04it/s]
[1A 70%|███████   | 7790/11052 [12:55<04:53, 11.10it/s]
[1A 71%|███████   | 7792/11052 [12:56<05:05, 10.67it/s]
[1A 71%|███████   | 7794/11052 [12:56<05:00, 10.84it/s]
[1A 71%|███████   | 7796/11052 [12:56<04:57, 10.94it/s]
[1A 71%|███████   | 7798/11052 [12:56<04:55, 11.01it/s]
[1A 71%|███████   | 7800/11052 [12:56<05:29,  9.88it/s]
[1A                                                    
{'loss': 0.1424, 'grad_norm': 14.15810775756836, 'learning_rate': 6.26877165960724e-06, 'epoch': 2.12}
[1A
[1A 71%|███████   | 7800/11052 [12:57<05:29,  9.88it/s]
[1A 71%|███████   | 7802/11052 [12:57<05:27,  9.94it/s]
[1A 71%|███████   | 7804/11052 [12:57<05:27,  9.93it/s]
[1A 71%|███████   | 7806/11052 [12:57<05:20, 10.12it/s]
[1A 71%|███████   | 7808/11052 [12:57<06:04,  8.91it/s]
[1A 71%|███████   | 7810/11052 [12:58<05:41,  9.49it/s]
[1A 71%|███████   | 7812/11052 [12:58<05:26,  9.93it/s]
[1A 71%|███████   | 7814/11052 [12:58<05:16, 10.24it/s]
[1A 71%|███████   | 7816/11052 [12:58<05:06, 10.57it/s]
[1A 71%|███████   | 7818/11052 [12:58<05:00, 10.77it/s]
[1A 71%|███████   | 7820/11052 [12:58<04:57, 10.87it/s]
[1A 71%|███████   | 7822/11052 [12:59<05:03, 10.66it/s]
[1A 71%|███████   | 7824/11052 [12:59<04:58, 10.83it/s]
[1A 71%|███████   | 7826/11052 [12:59<05:00, 10.73it/s]
[1A 71%|███████   | 7828/11052 [12:59<04:56, 10.87it/s]
[1A 71%|███████   | 7830/11052 [12:59<04:56, 10.88it/s]
[1A 71%|███████   | 7832/11052 [13:00<04:55, 10.91it/s]
[1A 71%|███████   | 7834/11052 [13:00<05:05, 10.54it/s]
[1A 71%|███████   | 7836/11052 [13:00<05:06, 10.49it/s]
[1A 71%|███████   | 7838/11052 [13:00<05:04, 10.57it/s]
[1A 71%|███████   | 7840/11052 [13:00<04:57, 10.80it/s]
[1A 71%|███████   | 7842/11052 [13:00<04:54, 10.91it/s]
[1A 71%|███████   | 7844/11052 [13:01<04:49, 11.07it/s]
[1A 71%|███████   | 7846/11052 [13:01<04:47, 11.15it/s]
[1A 71%|███████   | 7848/11052 [13:01<04:44, 11.25it/s]
[1A 71%|███████   | 7850/11052 [13:01<04:49, 11.06it/s]
[1A                                                    
{'loss': 0.1576, 'grad_norm': 15.244414329528809, 'learning_rate': 6.172506738544475e-06, 'epoch': 2.13}
[1A
[1A 71%|███████   | 7850/11052 [13:01<04:49, 11.06it/s]
[1A 71%|███████   | 7852/11052 [13:01<04:50, 11.02it/s]
[1A 71%|███████   | 7854/11052 [13:02<04:46, 11.16it/s]
[1A 71%|███████   | 7856/11052 [13:02<04:59, 10.68it/s]
[1A 71%|███████   | 7858/11052 [13:02<04:53, 10.90it/s]
[1A 71%|███████   | 7860/11052 [13:02<04:48, 11.05it/s]
[1A 71%|███████   | 7862/11052 [13:02<04:47, 11.11it/s]
[1A 71%|███████   | 7864/11052 [13:02<04:56, 10.74it/s]
[1A 71%|███████   | 7866/11052 [13:03<05:01, 10.56it/s]
[1A 71%|███████   | 7868/11052 [13:03<04:55, 10.77it/s]
[1A 71%|███████   | 7870/11052 [13:03<05:07, 10.34it/s]
[1A 71%|███████   | 7872/11052 [13:03<04:59, 10.61it/s]
[1A 71%|███████   | 7874/11052 [13:03<05:09, 10.26it/s]
[1A 71%|███████▏  | 7876/11052 [13:04<05:01, 10.55it/s]
[1A 71%|███████▏  | 7878/11052 [13:04<04:54, 10.77it/s]
[1A 71%|███████▏  | 7880/11052 [13:04<04:49, 10.95it/s]
[1A 71%|███████▏  | 7882/11052 [13:04<04:44, 11.14it/s]
[1A 71%|███████▏  | 7884/11052 [13:04<04:40, 11.28it/s]
[1A 71%|███████▏  | 7886/11052 [13:05<04:41, 11.26it/s]
[1A 71%|███████▏  | 7888/11052 [13:05<04:40, 11.30it/s]
[1A 71%|███████▏  | 7890/11052 [13:05<04:38, 11.37it/s]
[1A 71%|███████▏  | 7892/11052 [13:05<04:36, 11.44it/s]
[1A 71%|███████▏  | 7894/11052 [13:05<04:42, 11.18it/s]
[1A 71%|███████▏  | 7896/11052 [13:05<05:17,  9.94it/s]
[1A 71%|███████▏  | 7898/11052 [13:06<05:09, 10.19it/s]
[1A 71%|███████▏  | 7900/11052 [13:06<05:01, 10.45it/s]
[1A                                                    
{'loss': 0.2022, 'grad_norm': 35.992149353027344, 'learning_rate': 6.076241817481711e-06, 'epoch': 2.14}
[1A
[1A 71%|███████▏  | 7900/11052 [13:06<05:01, 10.45it/s]
[1A 71%|███████▏  | 7902/11052 [13:06<04:56, 10.62it/s]
[1A 72%|███████▏  | 7904/11052 [13:06<04:49, 10.86it/s]
[1A 72%|███████▏  | 7906/11052 [13:06<04:45, 11.03it/s]
[1A 72%|███████▏  | 7908/11052 [13:07<04:43, 11.09it/s]
[1A 72%|███████▏  | 7910/11052 [13:07<04:40, 11.18it/s]
[1A 72%|███████▏  | 7912/11052 [13:07<04:43, 11.08it/s]
[1A 72%|███████▏  | 7914/11052 [13:07<04:43, 11.05it/s]
[1A 72%|███████▏  | 7916/11052 [13:07<04:42, 11.10it/s]
[1A 72%|███████▏  | 7918/11052 [13:07<04:45, 10.98it/s]
[1A 72%|███████▏  | 7920/11052 [13:08<04:41, 11.12it/s]
[1A 72%|███████▏  | 7922/11052 [13:08<04:41, 11.10it/s]
[1A 72%|███████▏  | 7924/11052 [13:08<04:53, 10.67it/s]
[1A 72%|███████▏  | 7926/11052 [13:08<04:49, 10.80it/s]
[1A 72%|███████▏  | 7928/11052 [13:08<04:53, 10.63it/s]
[1A 72%|███████▏  | 7930/11052 [13:09<04:49, 10.80it/s]
[1A 72%|███████▏  | 7932/11052 [13:09<04:45, 10.91it/s]
[1A 72%|███████▏  | 7934/11052 [13:09<04:42, 11.05it/s]
[1A 72%|███████▏  | 7936/11052 [13:09<04:46, 10.88it/s]
[1A 72%|███████▏  | 7938/11052 [13:09<04:42, 11.01it/s]
[1A 72%|███████▏  | 7940/11052 [13:09<04:41, 11.07it/s]
[1A 72%|███████▏  | 7942/11052 [13:10<04:38, 11.17it/s]
[1A 72%|███████▏  | 7944/11052 [13:10<04:38, 11.18it/s]
[1A 72%|███████▏  | 7946/11052 [13:10<04:38, 11.16it/s]
[1A 72%|███████▏  | 7948/11052 [13:10<04:49, 10.72it/s]
[1A 72%|███████▏  | 7950/11052 [13:10<04:53, 10.59it/s]
[1A                                                    
{'loss': 0.192, 'grad_norm': 25.585031509399414, 'learning_rate': 5.9799768964189454e-06, 'epoch': 2.16}
[1A
[1A 72%|███████▏  | 7950/11052 [13:10<04:53, 10.59it/s]
[1A 72%|███████▏  | 7952/11052 [13:11<04:47, 10.78it/s]
[1A 72%|███████▏  | 7954/11052 [13:11<04:47, 10.79it/s]
[1A 72%|███████▏  | 7956/11052 [13:11<04:42, 10.97it/s]
[1A 72%|███████▏  | 7958/11052 [13:11<04:37, 11.16it/s]
[1A 72%|███████▏  | 7960/11052 [13:11<04:35, 11.21it/s]
[1A 72%|███████▏  | 7962/11052 [13:11<04:35, 11.20it/s]
[1A 72%|███████▏  | 7964/11052 [13:12<04:39, 11.04it/s]
[1A 72%|███████▏  | 7966/11052 [13:12<04:48, 10.71it/s]
[1A 72%|███████▏  | 7968/11052 [13:12<05:14,  9.80it/s]
[1A 72%|███████▏  | 7970/11052 [13:12<05:03, 10.16it/s]
[1A 72%|███████▏  | 7972/11052 [13:12<04:54, 10.45it/s]
[1A 72%|███████▏  | 7974/11052 [13:13<05:11,  9.89it/s]
[1A 72%|███████▏  | 7976/11052 [13:13<05:37,  9.12it/s]
[1A 72%|███████▏  | 7978/11052 [13:13<05:16,  9.71it/s]
[1A 72%|███████▏  | 7980/11052 [13:13<05:02, 10.16it/s]
[1A 72%|███████▏  | 7982/11052 [13:13<04:54, 10.41it/s]
[1A 72%|███████▏  | 7984/11052 [13:14<05:14,  9.75it/s]
[1A 72%|███████▏  | 7986/11052 [13:14<05:01, 10.19it/s]
[1A 72%|███████▏  | 7988/11052 [13:14<04:51, 10.53it/s]
[1A 72%|███████▏  | 7990/11052 [13:14<04:45, 10.71it/s]
[1A 72%|███████▏  | 7992/11052 [13:14<05:06,  9.98it/s]
[1A 72%|███████▏  | 7994/11052 [13:15<04:54, 10.37it/s]
[1A 72%|███████▏  | 7996/11052 [13:15<04:46, 10.65it/s]
[1A 72%|███████▏  | 7998/11052 [13:15<04:41, 10.85it/s]
[1A 72%|███████▏  | 8000/11052 [13:15<04:38, 10.96it/s]
[1A                                                    
{'loss': 0.1752, 'grad_norm': 5.343204498291016, 'learning_rate': 5.883711975356181e-06, 'epoch': 2.17}
[1A
[1A 72%|███████▏  | 8000/11052 [13:15<04:38, 10.96it/s]
[1A 72%|███████▏  | 8002/11052 [13:15<04:36, 11.04it/s]
[1A 72%|███████▏  | 8004/11052 [13:16<04:33, 11.14it/s]
[1A 72%|███████▏  | 8006/11052 [13:16<04:41, 10.81it/s]
[1A 72%|███████▏  | 8008/11052 [13:16<04:37, 10.96it/s]
[1A 72%|███████▏  | 8010/11052 [13:16<04:38, 10.93it/s]
[1A 72%|███████▏  | 8012/11052 [13:16<04:39, 10.89it/s]
[1A 73%|███████▎  | 8014/11052 [13:16<04:35, 11.02it/s]
[1A 73%|███████▎  | 8016/11052 [13:17<04:46, 10.61it/s]
[1A 73%|███████▎  | 8018/11052 [13:17<04:39, 10.85it/s]
[1A 73%|███████▎  | 8020/11052 [13:17<04:35, 11.01it/s]
[1A 73%|███████▎  | 8022/11052 [13:17<04:31, 11.17it/s]
[1A 73%|███████▎  | 8024/11052 [13:17<04:31, 11.17it/s]
[1A 73%|███████▎  | 8026/11052 [13:18<04:31, 11.15it/s]
[1A 73%|███████▎  | 8028/11052 [13:18<04:34, 11.00it/s]
[1A 73%|███████▎  | 8030/11052 [13:18<04:49, 10.42it/s]
[1A 73%|███████▎  | 8032/11052 [13:18<04:43, 10.66it/s]
[1A 73%|███████▎  | 8034/11052 [13:18<04:37, 10.88it/s]
[1A 73%|███████▎  | 8036/11052 [13:18<04:34, 11.00it/s]
[1A 73%|███████▎  | 8038/11052 [13:19<04:31, 11.08it/s]
[1A 73%|███████▎  | 8040/11052 [13:19<04:30, 11.15it/s]
[1A 73%|███████▎  | 8042/11052 [13:19<04:33, 10.99it/s]
[1A 73%|███████▎  | 8044/11052 [13:19<04:49, 10.38it/s]
[1A 73%|███████▎  | 8046/11052 [13:19<04:51, 10.30it/s]
[1A 73%|███████▎  | 8048/11052 [13:20<04:42, 10.62it/s]
[1A 73%|███████▎  | 8050/11052 [13:20<04:36, 10.85it/s]
[1A                                                    
{'loss': 0.167, 'grad_norm': 7.753149509429932, 'learning_rate': 5.787447054293416e-06, 'epoch': 2.19}
[1A
[1A 73%|███████▎  | 8050/11052 [13:20<04:36, 10.85it/s]
[1A 73%|███████▎  | 8052/11052 [13:20<04:33, 10.98it/s]
[1A 73%|███████▎  | 8054/11052 [13:20<04:30, 11.09it/s]
[1A 73%|███████▎  | 8056/11052 [13:20<04:26, 11.22it/s]
[1A 73%|███████▎  | 8058/11052 [13:20<04:26, 11.24it/s]
[1A 73%|███████▎  | 8060/11052 [13:21<04:37, 10.77it/s]
[1A 73%|███████▎  | 8062/11052 [13:21<04:33, 10.95it/s]
[1A 73%|███████▎  | 8064/11052 [13:21<04:35, 10.84it/s]
[1A 73%|███████▎  | 8066/11052 [13:21<04:31, 10.98it/s]
[1A 73%|███████▎  | 8068/11052 [13:21<04:29, 11.08it/s]
[1A 73%|███████▎  | 8070/11052 [13:22<04:27, 11.15it/s]
[1A 73%|███████▎  | 8072/11052 [13:22<04:26, 11.20it/s]
[1A 73%|███████▎  | 8074/11052 [13:22<04:38, 10.71it/s]
[1A 73%|███████▎  | 8076/11052 [13:22<04:43, 10.51it/s]
[1A 73%|███████▎  | 8078/11052 [13:22<04:52, 10.15it/s]
[1A 73%|███████▎  | 8080/11052 [13:23<04:47, 10.35it/s]
[1A 73%|███████▎  | 8082/11052 [13:23<04:41, 10.54it/s]
[1A 73%|███████▎  | 8084/11052 [13:23<04:37, 10.69it/s]
[1A 73%|███████▎  | 8086/11052 [13:23<04:43, 10.46it/s]
[1A 73%|███████▎  | 8088/11052 [13:23<04:41, 10.54it/s]
[1A 73%|███████▎  | 8090/11052 [13:24<05:36,  8.80it/s]
[1A 73%|███████▎  | 8092/11052 [13:24<05:15,  9.38it/s]
[1A 73%|███████▎  | 8094/11052 [13:24<04:59,  9.87it/s]
[1A 73%|███████▎  | 8096/11052 [13:24<04:48, 10.25it/s]
[1A 73%|███████▎  | 8098/11052 [13:24<04:41, 10.51it/s]
[1A 73%|███████▎  | 8100/11052 [13:25<04:37, 10.64it/s]
[1A                                                    
{'loss': 0.1717, 'grad_norm': 0.22617413103580475, 'learning_rate': 5.6911821332306514e-06, 'epoch': 2.2}
[1A
[1A 73%|███████▎  | 8100/11052 [13:25<04:37, 10.64it/s]
[1A 73%|███████▎  | 8102/11052 [13:25<04:32, 10.84it/s]
[1A 73%|███████▎  | 8104/11052 [13:25<04:29, 10.94it/s]
[1A 73%|███████▎  | 8106/11052 [13:25<04:26, 11.06it/s]
[1A 73%|███████▎  | 8108/11052 [13:25<04:23, 11.17it/s]
[1A 73%|███████▎  | 8110/11052 [13:25<04:22, 11.20it/s]
[1A 73%|███████▎  | 8112/11052 [13:26<04:21, 11.24it/s]
[1A 73%|███████▎  | 8114/11052 [13:26<04:21, 11.23it/s]
[1A 73%|███████▎  | 8116/11052 [13:26<04:22, 11.18it/s]
[1A 73%|███████▎  | 8118/11052 [13:26<04:21, 11.24it/s]
[1A 73%|███████▎  | 8120/11052 [13:26<04:34, 10.69it/s]
[1A 73%|███████▎  | 8122/11052 [13:26<04:32, 10.75it/s]
[1A 74%|███████▎  | 8124/11052 [13:27<04:31, 10.80it/s]
[1A 74%|███████▎  | 8126/11052 [13:27<04:27, 10.94it/s]
[1A 74%|███████▎  | 8128/11052 [13:27<04:24, 11.06it/s]
[1A 74%|███████▎  | 8130/11052 [13:27<04:21, 11.16it/s]
[1A 74%|███████▎  | 8132/11052 [13:27<04:21, 11.16it/s]
[1A 74%|███████▎  | 8134/11052 [13:28<04:23, 11.09it/s]
[1A 74%|███████▎  | 8136/11052 [13:28<04:35, 10.59it/s]
[1A 74%|███████▎  | 8138/11052 [13:28<04:30, 10.78it/s]
[1A 74%|███████▎  | 8140/11052 [13:28<04:25, 10.97it/s]
[1A 74%|███████▎  | 8142/11052 [13:28<04:22, 11.08it/s]
[1A 74%|███████▎  | 8144/11052 [13:29<04:42, 10.28it/s]
[1A 74%|███████▎  | 8146/11052 [13:29<04:35, 10.57it/s]
[1A 74%|███████▎  | 8148/11052 [13:29<04:29, 10.79it/s]
[1A 74%|███████▎  | 8150/11052 [13:29<04:25, 10.91it/s]
[1A                                                    
{'loss': 0.2115, 'grad_norm': 19.168603897094727, 'learning_rate': 5.594917212167886e-06, 'epoch': 2.21}
[1A
[1A 74%|███████▎  | 8150/11052 [13:29<04:25, 10.91it/s]
[1A 74%|███████▍  | 8152/11052 [13:29<04:31, 10.69it/s]
[1A 74%|███████▍  | 8154/11052 [13:29<04:29, 10.76it/s]
[1A 74%|███████▍  | 8156/11052 [13:30<04:26, 10.87it/s]
[1A 74%|███████▍  | 8158/11052 [13:30<04:25, 10.89it/s]
[1A 74%|███████▍  | 8160/11052 [13:30<04:24, 10.94it/s]
[1A 74%|███████▍  | 8162/11052 [13:30<04:51,  9.93it/s]
[1A 74%|███████▍  | 8164/11052 [13:30<04:41, 10.26it/s]
[1A 74%|███████▍  | 8166/11052 [13:31<04:34, 10.52it/s]
[1A 74%|███████▍  | 8168/11052 [13:31<04:28, 10.75it/s]
[1A 74%|███████▍  | 8170/11052 [13:31<04:43, 10.18it/s]
[1A 74%|███████▍  | 8172/11052 [13:31<04:43, 10.16it/s]
[1A 74%|███████▍  | 8174/11052 [13:31<04:40, 10.28it/s]
[1A 74%|███████▍  | 8176/11052 [13:32<04:31, 10.60it/s]
[1A 74%|███████▍  | 8178/11052 [13:32<04:39, 10.27it/s]
[1A 74%|███████▍  | 8180/11052 [13:32<04:31, 10.57it/s]
[1A 74%|███████▍  | 8182/11052 [13:32<04:26, 10.77it/s]
[1A 74%|███████▍  | 8184/11052 [13:32<04:37, 10.34it/s]
[1A 74%|███████▍  | 8186/11052 [13:33<04:31, 10.54it/s]
[1A 74%|███████▍  | 8188/11052 [13:33<04:27, 10.71it/s]
[1A 74%|███████▍  | 8190/11052 [13:33<04:23, 10.85it/s]
[1A 74%|███████▍  | 8192/11052 [13:33<04:19, 11.00it/s]
[1A 74%|███████▍  | 8194/11052 [13:33<04:29, 10.59it/s]
[1A 74%|███████▍  | 8196/11052 [13:33<04:29, 10.61it/s]
[1A 74%|███████▍  | 8198/11052 [13:34<04:24, 10.79it/s]
[1A 74%|███████▍  | 8200/11052 [13:34<04:20, 10.94it/s]                        
{'loss': 0.1821, 'grad_norm': 11.558004379272461, 'learning_rate': 5.498652291105122e-06, 'epoch': 2.23}
[1A
[1A 74%|███████▍  | 8200/11052 [13:34<04:20, 10.94it/s]
[1A 74%|███████▍  | 8202/11052 [13:34<04:18, 11.03it/s]
[1A 74%|███████▍  | 8204/11052 [13:34<05:02,  9.42it/s]
[1A 74%|███████▍  | 8206/11052 [13:34<04:48,  9.87it/s]
[1A 74%|███████▍  | 8208/11052 [13:35<04:38, 10.22it/s]
[1A 74%|███████▍  | 8210/11052 [13:35<04:29, 10.56it/s]
[1A 74%|███████▍  | 8212/11052 [13:35<04:23, 10.78it/s]
[1A 74%|███████▍  | 8214/11052 [13:35<04:24, 10.74it/s]
[1A 74%|███████▍  | 8216/11052 [13:35<04:18, 10.96it/s]
[1A 74%|███████▍  | 8218/11052 [13:36<04:15, 11.08it/s]
[1A 74%|███████▍  | 8220/11052 [13:36<04:13, 11.17it/s]
[1A 74%|███████▍  | 8222/11052 [13:36<04:18, 10.97it/s]
[1A 74%|███████▍  | 8224/11052 [13:36<04:15, 11.08it/s]
[1A 74%|███████▍  | 8226/11052 [13:36<04:15, 11.08it/s]
[1A 74%|███████▍  | 8228/11052 [13:36<04:13, 11.13it/s]
[1A 74%|███████▍  | 8230/11052 [13:37<04:11, 11.21it/s]
[1A 74%|███████▍  | 8232/11052 [13:37<04:10, 11.27it/s]
[1A 75%|███████▍  | 8234/11052 [13:37<04:20, 10.82it/s]
[1A 75%|███████▍  | 8236/11052 [13:37<04:15, 11.02it/s]
[1A 75%|███████▍  | 8238/11052 [13:37<04:13, 11.11it/s]
[1A 75%|███████▍  | 8240/11052 [13:37<04:12, 11.13it/s]
[1A 75%|███████▍  | 8242/11052 [13:38<04:11, 11.17it/s]
[1A 75%|███████▍  | 8244/11052 [13:38<04:10, 11.21it/s]
[1A 75%|███████▍  | 8246/11052 [13:38<04:10, 11.19it/s]
[1A 75%|███████▍  | 8248/11052 [13:38<04:09, 11.25it/s]
[1A 75%|███████▍  | 8250/11052 [13:38<04:14, 10.99it/s]
[1A                                                    
{'loss': 0.1563, 'grad_norm': 18.590417861938477, 'learning_rate': 5.402387370042357e-06, 'epoch': 2.24}
[1A
[1A 75%|███████▍  | 8250/11052 [13:38<04:14, 10.99it/s]
[1A 75%|███████▍  | 8252/11052 [13:39<04:15, 10.98it/s]
[1A 75%|███████▍  | 8254/11052 [13:39<04:16, 10.90it/s]
[1A 75%|███████▍  | 8256/11052 [13:39<04:13, 11.02it/s]
[1A 75%|███████▍  | 8258/11052 [13:39<04:11, 11.11it/s]
[1A 75%|███████▍  | 8260/11052 [13:39<04:22, 10.63it/s]
[1A 75%|███████▍  | 8262/11052 [13:39<04:17, 10.84it/s]
[1A 75%|███████▍  | 8264/11052 [13:40<04:13, 11.01it/s]
[1A 75%|███████▍  | 8266/11052 [13:40<04:11, 11.08it/s]
[1A 75%|███████▍  | 8268/11052 [13:40<04:08, 11.19it/s]
[1A 75%|███████▍  | 8270/11052 [13:40<04:06, 11.28it/s]
[1A 75%|███████▍  | 8272/11052 [13:40<04:10, 11.08it/s]
[1A 75%|███████▍  | 8274/11052 [13:41<04:09, 11.15it/s]
[1A 75%|███████▍  | 8276/11052 [13:41<04:06, 11.27it/s]
[1A 75%|███████▍  | 8278/11052 [13:41<04:08, 11.18it/s]
[1A 75%|███████▍  | 8280/11052 [13:41<04:08, 11.16it/s]
[1A 75%|███████▍  | 8282/11052 [13:41<04:15, 10.83it/s]
[1A 75%|███████▍  | 8284/11052 [13:41<04:12, 10.95it/s]
[1A 75%|███████▍  | 8286/11052 [13:42<04:09, 11.09it/s]
[1A 75%|███████▍  | 8288/11052 [13:42<04:09, 11.08it/s]
[1A 75%|███████▌  | 8290/11052 [13:42<04:10, 11.02it/s]
[1A 75%|███████▌  | 8292/11052 [13:42<04:07, 11.15it/s]
[1A 75%|███████▌  | 8294/11052 [13:42<04:05, 11.24it/s]
[1A 75%|███████▌  | 8296/11052 [13:43<04:04, 11.25it/s]
[1A 75%|███████▌  | 8298/11052 [13:43<04:05, 11.22it/s]
[1A 75%|███████▌  | 8300/11052 [13:43<04:04, 11.25it/s]                        
{'loss': 0.1908, 'grad_norm': 8.447261810302734, 'learning_rate': 5.306122448979593e-06, 'epoch': 2.25}
[1A
[1A 75%|███████▌  | 8300/11052 [13:43<04:04, 11.25it/s]
[1A 75%|███████▌  | 8302/11052 [13:43<04:04, 11.25it/s]
[1A 75%|███████▌  | 8304/11052 [13:43<04:03, 11.30it/s]
[1A 75%|███████▌  | 8306/11052 [13:43<04:11, 10.93it/s]
[1A 75%|███████▌  | 8308/11052 [13:44<04:21, 10.50it/s]
[1A 75%|███████▌  | 8310/11052 [13:44<04:15, 10.74it/s]
[1A 75%|███████▌  | 8312/11052 [13:44<04:10, 10.96it/s]
[1A 75%|███████▌  | 8314/11052 [13:44<04:05, 11.14it/s]
[1A 75%|███████▌  | 8316/11052 [13:44<04:03, 11.21it/s]
[1A 75%|███████▌  | 8318/11052 [13:45<04:03, 11.21it/s]
[1A 75%|███████▌  | 8320/11052 [13:45<04:03, 11.22it/s]
[1A 75%|███████▌  | 8322/11052 [13:45<04:04, 11.17it/s]
[1A 75%|███████▌  | 8324/11052 [13:45<04:03, 11.20it/s]
[1A 75%|███████▌  | 8326/11052 [13:45<04:03, 11.22it/s]
[1A 75%|███████▌  | 8328/11052 [13:45<04:01, 11.26it/s]
[1A 75%|███████▌  | 8330/11052 [13:46<03:59, 11.35it/s]
[1A 75%|███████▌  | 8332/11052 [13:46<04:00, 11.29it/s]
[1A 75%|███████▌  | 8334/11052 [13:46<04:06, 11.04it/s]
[1A 75%|███████▌  | 8336/11052 [13:46<04:03, 11.16it/s]
[1A 75%|███████▌  | 8338/11052 [13:46<04:02, 11.20it/s]
[1A 75%|███████▌  | 8340/11052 [13:46<04:01, 11.22it/s]
[1A 75%|███████▌  | 8342/11052 [13:47<04:05, 11.02it/s]
[1A 75%|███████▌  | 8344/11052 [13:47<04:06, 10.97it/s]
[1A 76%|███████▌  | 8346/11052 [13:47<04:05, 11.03it/s]
[1A 76%|███████▌  | 8348/11052 [13:47<04:17, 10.52it/s]
[1A 76%|███████▌  | 8350/11052 [13:47<04:13, 10.64it/s]
[1A                                                    
{'loss': 0.1524, 'grad_norm': 19.00249671936035, 'learning_rate': 5.209857527916827e-06, 'epoch': 2.27}
[1A
[1A 76%|███████▌  | 8350/11052 [13:47<04:13, 10.64it/s]
[1A 76%|███████▌  | 8352/11052 [13:48<04:09, 10.80it/s]
[1A 76%|███████▌  | 8354/11052 [13:48<04:08, 10.87it/s]
[1A 76%|███████▌  | 8356/11052 [13:48<04:06, 10.95it/s]
[1A 76%|███████▌  | 8358/11052 [13:48<04:17, 10.45it/s]
[1A 76%|███████▌  | 8360/11052 [13:48<04:25, 10.13it/s]
[1A 76%|███████▌  | 8362/11052 [13:49<04:29,  9.97it/s]
[1A 76%|███████▌  | 8364/11052 [13:49<04:20, 10.30it/s]
[1A 76%|███████▌  | 8366/11052 [13:49<04:13, 10.61it/s]
[1A 76%|███████▌  | 8368/11052 [13:49<04:08, 10.82it/s]
[1A 76%|███████▌  | 8370/11052 [13:49<04:05, 10.94it/s]
[1A 76%|███████▌  | 8372/11052 [13:50<04:07, 10.85it/s]
[1A 76%|███████▌  | 8374/11052 [13:50<04:05, 10.91it/s]
[1A 76%|███████▌  | 8376/11052 [13:50<04:02, 11.03it/s]
[1A 76%|███████▌  | 8378/11052 [13:50<04:00, 11.10it/s]
[1A 76%|███████▌  | 8380/11052 [13:50<04:01, 11.08it/s]
[1A 76%|███████▌  | 8382/11052 [13:50<03:58, 11.18it/s]
[1A 76%|███████▌  | 8384/11052 [13:51<03:58, 11.21it/s]
[1A 76%|███████▌  | 8386/11052 [13:51<03:56, 11.27it/s]
[1A 76%|███████▌  | 8388/11052 [13:51<03:55, 11.30it/s]
[1A 76%|███████▌  | 8390/11052 [13:51<03:54, 11.36it/s]
[1A 76%|███████▌  | 8392/11052 [13:51<03:54, 11.34it/s]
[1A 76%|███████▌  | 8394/11052 [13:51<03:55, 11.30it/s]
[1A 76%|███████▌  | 8396/11052 [13:52<03:53, 11.37it/s]
[1A 76%|███████▌  | 8398/11052 [13:52<03:58, 11.14it/s]
[1A 76%|███████▌  | 8400/11052 [13:52<04:00, 11.04it/s]
[1A                                                    
{'loss': 0.1892, 'grad_norm': 11.238306045532227, 'learning_rate': 5.1135926068540634e-06, 'epoch': 2.28}
[1A
[1A 76%|███████▌  | 8400/11052 [13:52<04:00, 11.04it/s]
[1A 76%|███████▌  | 8402/11052 [13:52<04:14, 10.42it/s]
[1A 76%|███████▌  | 8404/11052 [13:52<04:40,  9.45it/s]
[1A 76%|███████▌  | 8406/11052 [13:53<04:28,  9.85it/s]
[1A 76%|███████▌  | 8408/11052 [13:53<04:22, 10.06it/s]
[1A 76%|███████▌  | 8410/11052 [13:53<04:14, 10.38it/s]
[1A 76%|███████▌  | 8412/11052 [13:53<04:07, 10.66it/s]
[1A 76%|███████▌  | 8414/11052 [13:53<04:12, 10.45it/s]
[1A 76%|███████▌  | 8416/11052 [13:54<04:07, 10.67it/s]
[1A 76%|███████▌  | 8418/11052 [13:54<04:03, 10.82it/s]
[1A 76%|███████▌  | 8420/11052 [13:54<04:10, 10.52it/s]
[1A 76%|███████▌  | 8422/11052 [13:54<04:05, 10.72it/s]
[1A 76%|███████▌  | 8424/11052 [13:54<04:04, 10.74it/s]
[1A 76%|███████▌  | 8426/11052 [13:55<04:38,  9.42it/s]
[1A 76%|███████▋  | 8428/11052 [13:55<04:27,  9.81it/s]
[1A 76%|███████▋  | 8430/11052 [13:55<04:19, 10.09it/s]
[1A 76%|███████▋  | 8432/11052 [13:55<04:10, 10.45it/s]
[1A 76%|███████▋  | 8434/11052 [13:55<04:05, 10.67it/s]
[1A 76%|███████▋  | 8436/11052 [13:55<04:01, 10.84it/s]
[1A 76%|███████▋  | 8438/11052 [13:56<03:58, 10.96it/s]
[1A 76%|███████▋  | 8440/11052 [13:56<03:56, 11.06it/s]
[1A 76%|███████▋  | 8442/11052 [13:56<03:54, 11.15it/s]
[1A 76%|███████▋  | 8444/11052 [13:56<03:53, 11.17it/s]
[1A 76%|███████▋  | 8446/11052 [13:56<03:51, 11.26it/s]
[1A 76%|███████▋  | 8448/11052 [13:57<03:53, 11.17it/s]
[1A 76%|███████▋  | 8450/11052 [13:57<04:09, 10.43it/s]
[1A                                                    
{'loss': 0.1912, 'grad_norm': 28.504302978515625, 'learning_rate': 5.017327685791298e-06, 'epoch': 2.29}
[1A
[1A 76%|███████▋  | 8450/11052 [13:57<04:09, 10.43it/s]
[1A 76%|███████▋  | 8452/11052 [13:57<04:04, 10.61it/s]
[1A 76%|███████▋  | 8454/11052 [13:57<04:09, 10.42it/s]
[1A 77%|███████▋  | 8456/11052 [13:57<04:03, 10.65it/s]
[1A 77%|███████▋  | 8458/11052 [13:58<03:59, 10.82it/s]
[1A 77%|███████▋  | 8460/11052 [13:58<03:56, 10.97it/s]
[1A 77%|███████▋  | 8462/11052 [13:58<03:54, 11.07it/s]
[1A 77%|███████▋  | 8464/11052 [13:58<03:52, 11.15it/s]
[1A 77%|███████▋  | 8466/11052 [13:58<03:50, 11.20it/s]
[1A 77%|███████▋  | 8468/11052 [13:58<03:50, 11.19it/s]
[1A 77%|███████▋  | 8470/11052 [13:59<03:50, 11.19it/s]
[1A 77%|███████▋  | 8472/11052 [13:59<03:53, 11.06it/s]
[1A 77%|███████▋  | 8474/11052 [13:59<03:54, 10.99it/s]
[1A 77%|███████▋  | 8476/11052 [13:59<03:55, 10.94it/s]
[1A 77%|███████▋  | 8478/11052 [13:59<03:53, 11.04it/s]
[1A 77%|███████▋  | 8480/11052 [14:00<04:07, 10.38it/s]
[1A 77%|███████▋  | 8482/11052 [14:00<04:06, 10.44it/s]
[1A 77%|███████▋  | 8484/11052 [14:00<04:03, 10.55it/s]
[1A 77%|███████▋  | 8486/11052 [14:00<04:20,  9.83it/s]
[1A 77%|███████▋  | 8488/11052 [14:00<04:10, 10.22it/s]
[1A 77%|███████▋  | 8490/11052 [14:01<04:22,  9.78it/s]
[1A 77%|███████▋  | 8492/11052 [14:01<04:10, 10.21it/s]
[1A 77%|███████▋  | 8494/11052 [14:01<04:04, 10.46it/s]
[1A 77%|███████▋  | 8496/11052 [14:01<03:59, 10.69it/s]
[1A 77%|███████▋  | 8498/11052 [14:01<03:55, 10.83it/s]
[1A 77%|███████▋  | 8500/11052 [14:01<04:00, 10.60it/s]                        
{'loss': 0.1806, 'grad_norm': 8.145009994506836, 'learning_rate': 4.921062764728533e-06, 'epoch': 2.31}
[1A
[1A 77%|███████▋  | 8500/11052 [14:01<04:00, 10.60it/s]
[1A 77%|███████▋  | 8502/11052 [14:02<03:55, 10.82it/s]
[1A 77%|███████▋  | 8504/11052 [14:02<03:55, 10.81it/s]
[1A 77%|███████▋  | 8506/11052 [14:02<03:51, 10.99it/s]
[1A 77%|███████▋  | 8508/11052 [14:02<03:48, 11.11it/s]
[1A 77%|███████▋  | 8510/11052 [14:02<03:54, 10.85it/s]
[1A 77%|███████▋  | 8512/11052 [14:03<03:54, 10.84it/s]
[1A 77%|███████▋  | 8514/11052 [14:03<04:03, 10.44it/s]
[1A 77%|███████▋  | 8516/11052 [14:03<04:02, 10.44it/s]
[1A 77%|███████▋  | 8518/11052 [14:03<03:59, 10.60it/s]
[1A 77%|███████▋  | 8520/11052 [14:03<03:55, 10.77it/s]
[1A 77%|███████▋  | 8522/11052 [14:03<03:53, 10.83it/s]
[1A 77%|███████▋  | 8524/11052 [14:04<03:50, 10.95it/s]
[1A 77%|███████▋  | 8526/11052 [14:04<03:49, 11.01it/s]
[1A 77%|███████▋  | 8528/11052 [14:04<03:51, 10.91it/s]
[1A 77%|███████▋  | 8530/11052 [14:04<03:49, 10.98it/s]
[1A 77%|███████▋  | 8532/11052 [14:04<03:48, 11.05it/s]
[1A 77%|███████▋  | 8534/11052 [14:05<03:46, 11.12it/s]
[1A 77%|███████▋  | 8536/11052 [14:05<03:44, 11.19it/s]
[1A 77%|███████▋  | 8538/11052 [14:05<03:43, 11.24it/s]
[1A 77%|███████▋  | 8540/11052 [14:05<03:42, 11.27it/s]
[1A 77%|███████▋  | 8542/11052 [14:05<03:45, 11.13it/s]
[1A 77%|███████▋  | 8544/11052 [14:05<03:46, 11.05it/s]
[1A 77%|███████▋  | 8546/11052 [14:06<03:46, 11.08it/s]
[1A 77%|███████▋  | 8548/11052 [14:06<03:45, 11.10it/s]
[1A 77%|███████▋  | 8550/11052 [14:06<03:44, 11.14it/s]                        
{'loss': 0.1487, 'grad_norm': 14.620084762573242, 'learning_rate': 4.824797843665769e-06, 'epoch': 2.32}
[1A
[1A 77%|███████▋  | 8550/11052 [14:06<03:44, 11.14it/s]
[1A 77%|███████▋  | 8552/11052 [14:06<03:44, 11.13it/s]
[1A 77%|███████▋  | 8554/11052 [14:06<03:43, 11.16it/s]
[1A 77%|███████▋  | 8556/11052 [14:07<03:44, 11.13it/s]
[1A 77%|███████▋  | 8558/11052 [14:07<03:46, 11.02it/s]
[1A 77%|███████▋  | 8560/11052 [14:07<03:43, 11.15it/s]
[1A 77%|███████▋  | 8562/11052 [14:07<03:41, 11.24it/s]
[1A 77%|███████▋  | 8564/11052 [14:07<03:51, 10.75it/s]
[1A 78%|███████▊  | 8566/11052 [14:07<03:50, 10.80it/s]
[1A 78%|███████▊  | 8568/11052 [14:08<03:46, 10.94it/s]
[1A 78%|███████▊  | 8570/11052 [14:08<03:57, 10.47it/s]
[1A 78%|███████▊  | 8572/11052 [14:08<04:04, 10.15it/s]
[1A 78%|███████▊  | 8574/11052 [14:08<03:55, 10.51it/s]
[1A 78%|███████▊  | 8576/11052 [14:08<03:51, 10.68it/s]
[1A 78%|███████▊  | 8578/11052 [14:09<03:55, 10.49it/s]
[1A 78%|███████▊  | 8580/11052 [14:09<03:50, 10.72it/s]
[1A 78%|███████▊  | 8582/11052 [14:09<03:45, 10.94it/s]
[1A 78%|███████▊  | 8584/11052 [14:09<03:48, 10.79it/s]
[1A 78%|███████▊  | 8586/11052 [14:09<03:45, 10.93it/s]
[1A 78%|███████▊  | 8588/11052 [14:10<04:05, 10.02it/s]
[1A 78%|███████▊  | 8590/11052 [14:10<03:57, 10.38it/s]
[1A 78%|███████▊  | 8592/11052 [14:10<03:50, 10.69it/s]
[1A 78%|███████▊  | 8594/11052 [14:10<03:45, 10.91it/s]
[1A 78%|███████▊  | 8596/11052 [14:10<03:42, 11.06it/s]
[1A 78%|███████▊  | 8598/11052 [14:10<03:40, 11.12it/s]
[1A 78%|███████▊  | 8600/11052 [14:11<03:41, 11.06it/s]
[1A                                                    
{'loss': 0.1601, 'grad_norm': 6.351452350616455, 'learning_rate': 4.728532922603004e-06, 'epoch': 2.33}
[1A
[1A 78%|███████▊  | 8600/11052 [14:11<03:41, 11.06it/s]
[1A 78%|███████▊  | 8602/11052 [14:11<03:39, 11.15it/s]
[1A 78%|███████▊  | 8604/11052 [14:11<03:37, 11.27it/s]
[1A 78%|███████▊  | 8606/11052 [14:11<03:37, 11.27it/s]
[1A 78%|███████▊  | 8608/11052 [14:11<03:41, 11.04it/s]
[1A 78%|███████▊  | 8610/11052 [14:12<03:39, 11.14it/s]
[1A 78%|███████▊  | 8612/11052 [14:12<03:44, 10.86it/s]
[1A 78%|███████▊  | 8614/11052 [14:12<03:40, 11.04it/s]
[1A 78%|███████▊  | 8616/11052 [14:12<03:38, 11.13it/s]
[1A 78%|███████▊  | 8618/11052 [14:12<03:37, 11.20it/s]
[1A 78%|███████▊  | 8620/11052 [14:12<03:37, 11.18it/s]
[1A 78%|███████▊  | 8622/11052 [14:13<03:36, 11.24it/s]
[1A 78%|███████▊  | 8624/11052 [14:13<03:34, 11.31it/s]
[1A 78%|███████▊  | 8626/11052 [14:13<03:35, 11.27it/s]
[1A 78%|███████▊  | 8628/11052 [14:13<03:34, 11.28it/s]
[1A 78%|███████▊  | 8630/11052 [14:13<04:01, 10.02it/s]
[1A 78%|███████▊  | 8632/11052 [14:14<03:54, 10.32it/s]
[1A 78%|███████▊  | 8634/11052 [14:14<03:50, 10.48it/s]
[1A 78%|███████▊  | 8636/11052 [14:14<03:45, 10.73it/s]
[1A 78%|███████▊  | 8638/11052 [14:14<03:43, 10.78it/s]
[1A 78%|███████▊  | 8640/11052 [14:14<03:51, 10.41it/s]
[1A 78%|███████▊  | 8642/11052 [14:15<03:58, 10.12it/s]
[1A 78%|███████▊  | 8644/11052 [14:15<03:49, 10.49it/s]
[1A 78%|███████▊  | 8646/11052 [14:15<03:43, 10.75it/s]
[1A 78%|███████▊  | 8648/11052 [14:15<03:40, 10.92it/s]
[1A 78%|███████▊  | 8650/11052 [14:15<03:36, 11.10it/s]
[1A                                                    
{'loss': 0.1514, 'grad_norm': 9.901549339294434, 'learning_rate': 4.632268001540239e-06, 'epoch': 2.35}
[1A
[1A 78%|███████▊  | 8650/11052 [14:15<03:36, 11.10it/s]
[1A 78%|███████▊  | 8652/11052 [14:15<03:35, 11.12it/s]
[1A 78%|███████▊  | 8654/11052 [14:16<03:33, 11.21it/s]
[1A 78%|███████▊  | 8656/11052 [14:16<03:33, 11.23it/s]
[1A 78%|███████▊  | 8658/11052 [14:16<03:32, 11.26it/s]
[1A 78%|███████▊  | 8660/11052 [14:16<03:31, 11.29it/s]
[1A 78%|███████▊  | 8662/11052 [14:16<03:33, 11.18it/s]
[1A 78%|███████▊  | 8664/11052 [14:16<03:33, 11.16it/s]
[1A 78%|███████▊  | 8666/11052 [14:17<03:34, 11.14it/s]
[1A 78%|███████▊  | 8668/11052 [14:17<03:57, 10.03it/s]
[1A 78%|███████▊  | 8670/11052 [14:17<03:49, 10.39it/s]
[1A 78%|███████▊  | 8672/11052 [14:17<03:42, 10.68it/s]
[1A 78%|███████▊  | 8674/11052 [14:17<03:39, 10.83it/s]
[1A 79%|███████▊  | 8676/11052 [14:18<03:41, 10.74it/s]
[1A 79%|███████▊  | 8678/11052 [14:18<03:38, 10.88it/s]
[1A 79%|███████▊  | 8680/11052 [14:18<03:35, 11.02it/s]
[1A 79%|███████▊  | 8682/11052 [14:18<03:34, 11.07it/s]
[1A 79%|███████▊  | 8684/11052 [14:18<03:53, 10.16it/s]
[1A 79%|███████▊  | 8686/11052 [14:19<03:46, 10.43it/s]
[1A 79%|███████▊  | 8688/11052 [14:19<03:49, 10.29it/s]
[1A 79%|███████▊  | 8690/11052 [14:19<03:44, 10.53it/s]
[1A 79%|███████▊  | 8692/11052 [14:19<03:38, 10.80it/s]
[1A 79%|███████▊  | 8694/11052 [14:19<03:34, 10.99it/s]
[1A 79%|███████▊  | 8696/11052 [14:19<03:32, 11.07it/s]
[1A 79%|███████▊  | 8698/11052 [14:20<03:30, 11.19it/s]
[1A 79%|███████▊  | 8700/11052 [14:20<03:40, 10.68it/s]
[1A                                                    
{'loss': 0.1824, 'grad_norm': 8.52913761138916, 'learning_rate': 4.536003080477475e-06, 'epoch': 2.36}
[1A
[1A 79%|███████▊  | 8700/11052 [14:20<03:40, 10.68it/s]
[1A 79%|███████▊  | 8702/11052 [14:20<03:50, 10.20it/s]
[1A 79%|███████▉  | 8704/11052 [14:20<03:41, 10.58it/s]
[1A 79%|███████▉  | 8706/11052 [14:20<03:39, 10.68it/s]
[1A 79%|███████▉  | 8708/11052 [14:21<03:35, 10.88it/s]
[1A 79%|███████▉  | 8710/11052 [14:21<03:32, 11.00it/s]
[1A 79%|███████▉  | 8712/11052 [14:21<03:30, 11.11it/s]
[1A 79%|███████▉  | 8714/11052 [14:21<03:29, 11.17it/s]
[1A 79%|███████▉  | 8716/11052 [14:21<03:38, 10.69it/s]
[1A 79%|███████▉  | 8718/11052 [14:22<03:34, 10.90it/s]
[1A 79%|███████▉  | 8720/11052 [14:22<03:30, 11.07it/s]
[1A 79%|███████▉  | 8722/11052 [14:22<03:29, 11.13it/s]
[1A 79%|███████▉  | 8724/11052 [14:22<03:43, 10.41it/s]
[1A 79%|███████▉  | 8726/11052 [14:22<03:41, 10.51it/s]
[1A 79%|███████▉  | 8728/11052 [14:22<03:45, 10.32it/s]
[1A 79%|███████▉  | 8730/11052 [14:23<03:38, 10.62it/s]
[1A 79%|███████▉  | 8732/11052 [14:23<03:33, 10.86it/s]
[1A 79%|███████▉  | 8734/11052 [14:23<03:30, 11.02it/s]
[1A 79%|███████▉  | 8736/11052 [14:23<03:30, 10.99it/s]
[1A 79%|███████▉  | 8738/11052 [14:23<03:28, 11.07it/s]
[1A 79%|███████▉  | 8740/11052 [14:24<03:31, 10.94it/s]
[1A 79%|███████▉  | 8742/11052 [14:24<03:32, 10.89it/s]
[1A 79%|███████▉  | 8744/11052 [14:24<03:33, 10.79it/s]
[1A 79%|███████▉  | 8746/11052 [14:24<03:33, 10.79it/s]
[1A 79%|███████▉  | 8748/11052 [14:24<03:33, 10.81it/s]
[1A 79%|███████▉  | 8750/11052 [14:24<03:37, 10.61it/s]
[1A                                                    
{'loss': 0.1664, 'grad_norm': 2.9788670539855957, 'learning_rate': 4.43973815941471e-06, 'epoch': 2.38}
[1A
[1A 79%|███████▉  | 8750/11052 [14:25<03:37, 10.61it/s]
[1A 79%|███████▉  | 8752/11052 [14:25<03:36, 10.64it/s]
[1A 79%|███████▉  | 8754/11052 [14:25<03:33, 10.75it/s]
[1A 79%|███████▉  | 8756/11052 [14:25<03:33, 10.75it/s]
[1A 79%|███████▉  | 8758/11052 [14:25<03:17, 11.61it/s]
[1A 79%|███████▉  | 8760/11052 [14:25<03:18, 11.54it/s]
[1A 79%|███████▉  | 8762/11052 [14:26<03:22, 11.29it/s]
[1A 79%|███████▉  | 8764/11052 [14:26<03:33, 10.74it/s]
[1A 79%|███████▉  | 8766/11052 [14:26<03:29, 10.91it/s]
[1A 79%|███████▉  | 8768/11052 [14:26<03:27, 10.99it/s]
[1A 79%|███████▉  | 8770/11052 [14:26<03:25, 11.09it/s]
[1A 79%|███████▉  | 8772/11052 [14:26<03:26, 11.06it/s]
[1A 79%|███████▉  | 8774/11052 [14:27<03:25, 11.10it/s]
[1A 79%|███████▉  | 8776/11052 [14:27<03:28, 10.90it/s]
[1A 79%|███████▉  | 8778/11052 [14:27<03:35, 10.55it/s]
[1A 79%|███████▉  | 8780/11052 [14:27<03:30, 10.79it/s]
[1A 79%|███████▉  | 8782/11052 [14:27<03:29, 10.85it/s]
[1A 79%|███████▉  | 8784/11052 [14:28<03:28, 10.89it/s]
[1A 79%|███████▉  | 8786/11052 [14:28<03:28, 10.84it/s]
[1A 80%|███████▉  | 8788/11052 [14:28<03:27, 10.89it/s]
[1A 80%|███████▉  | 8790/11052 [14:28<03:26, 10.96it/s]
[1A 80%|███████▉  | 8792/11052 [14:28<03:36, 10.45it/s]
[1A 80%|███████▉  | 8794/11052 [14:29<03:33, 10.60it/s]
[1A 80%|███████▉  | 8796/11052 [14:29<03:31, 10.68it/s]
[1A 80%|███████▉  | 8798/11052 [14:29<03:32, 10.63it/s]
[1A 80%|███████▉  | 8800/11052 [14:29<03:28, 10.83it/s]
[1A                                                    
{'loss': 0.237, 'grad_norm': 7.313788890838623, 'learning_rate': 4.3453985367732e-06, 'epoch': 2.39}
[1A
[1A 80%|███████▉  | 8800/11052 [14:29<03:28, 10.83it/s]
[1A 80%|███████▉  | 8802/11052 [14:29<03:26, 10.92it/s]
[1A 80%|███████▉  | 8804/11052 [14:29<03:24, 10.98it/s]
[1A 80%|███████▉  | 8806/11052 [14:30<03:22, 11.06it/s]
[1A 80%|███████▉  | 8808/11052 [14:30<03:22, 11.06it/s]
[1A 80%|███████▉  | 8810/11052 [14:30<03:22, 11.10it/s]
[1A 80%|███████▉  | 8812/11052 [14:30<03:20, 11.16it/s]
[1A 80%|███████▉  | 8814/11052 [14:30<03:19, 11.21it/s]
[1A 80%|███████▉  | 8816/11052 [14:31<03:20, 11.14it/s]
[1A 80%|███████▉  | 8818/11052 [14:31<03:19, 11.21it/s]
[1A 80%|███████▉  | 8820/11052 [14:31<03:23, 10.98it/s]
[1A 80%|███████▉  | 8822/11052 [14:31<03:22, 11.03it/s]
[1A 80%|███████▉  | 8824/11052 [14:31<03:20, 11.13it/s]
[1A 80%|███████▉  | 8826/11052 [14:31<03:24, 10.89it/s]
[1A 80%|███████▉  | 8828/11052 [14:32<03:22, 10.96it/s]
[1A 80%|███████▉  | 8830/11052 [14:32<03:28, 10.64it/s]
[1A 80%|███████▉  | 8832/11052 [14:32<03:39, 10.13it/s]
[1A 80%|███████▉  | 8834/11052 [14:32<03:33, 10.40it/s]
[1A 80%|███████▉  | 8836/11052 [14:32<03:38, 10.16it/s]
[1A 80%|███████▉  | 8838/11052 [14:33<03:32, 10.42it/s]
[1A 80%|███████▉  | 8840/11052 [14:33<03:30, 10.49it/s]
[1A 80%|████████  | 8842/11052 [14:33<03:40, 10.05it/s]
[1A 80%|████████  | 8844/11052 [14:33<03:39, 10.05it/s]
[1A 80%|████████  | 8846/11052 [14:33<03:33, 10.35it/s]
[1A 80%|████████  | 8848/11052 [14:34<03:31, 10.42it/s]
[1A 80%|████████  | 8850/11052 [14:34<03:27, 10.64it/s]
[1A                                                    
{'loss': 0.2001, 'grad_norm': 22.60965919494629, 'learning_rate': 4.2491336157104355e-06, 'epoch': 2.4}
[1A
[1A 80%|████████  | 8850/11052 [14:34<03:27, 10.64it/s]
[1A 80%|████████  | 8852/11052 [14:34<03:23, 10.80it/s]
[1A 80%|████████  | 8854/11052 [14:34<03:20, 10.94it/s]
[1A 80%|████████  | 8856/11052 [14:34<03:21, 10.88it/s]
[1A 80%|████████  | 8858/11052 [14:34<03:19, 10.99it/s]
[1A 80%|████████  | 8860/11052 [14:35<03:40,  9.94it/s]
[1A 80%|████████  | 8862/11052 [14:35<03:40,  9.91it/s]
[1A 80%|████████  | 8864/11052 [14:35<03:33, 10.25it/s]
[1A 80%|████████  | 8866/11052 [14:35<03:39,  9.96it/s]
[1A 80%|████████  | 8868/11052 [14:35<03:32, 10.27it/s]
[1A 80%|████████  | 8870/11052 [14:36<03:26, 10.54it/s]
[1A 80%|████████  | 8872/11052 [14:36<03:23, 10.71it/s]
[1A 80%|████████  | 8874/11052 [14:36<03:21, 10.80it/s]
[1A 80%|████████  | 8876/11052 [14:36<03:20, 10.87it/s]
[1A 80%|████████  | 8878/11052 [14:36<03:17, 11.00it/s]
[1A 80%|████████  | 8880/11052 [14:37<03:20, 10.81it/s]
[1A 80%|████████  | 8882/11052 [14:37<03:19, 10.88it/s]
[1A 80%|████████  | 8884/11052 [14:37<03:16, 11.02it/s]
[1A 80%|████████  | 8886/11052 [14:37<03:14, 11.14it/s]
[1A 80%|████████  | 8888/11052 [14:37<03:14, 11.14it/s]
[1A 80%|████████  | 8890/11052 [14:37<03:19, 10.82it/s]
[1A 80%|████████  | 8892/11052 [14:38<03:25, 10.51it/s]
[1A 80%|████████  | 8894/11052 [14:38<03:21, 10.72it/s]
[1A 80%|████████  | 8896/11052 [14:38<03:21, 10.68it/s]
[1A 81%|████████  | 8898/11052 [14:38<03:17, 10.88it/s]
[1A 81%|████████  | 8900/11052 [14:38<03:15, 11.01it/s]
[1A                                                    
{'loss': 0.1761, 'grad_norm': 22.969558715820312, 'learning_rate': 4.152868694647671e-06, 'epoch': 2.42}
[1A
[1A 81%|████████  | 8900/11052 [14:38<03:15, 11.01it/s]
[1A 81%|████████  | 8902/11052 [14:39<03:15, 10.98it/s]
[1A 81%|████████  | 8904/11052 [14:39<03:41,  9.69it/s]
[1A 81%|████████  | 8906/11052 [14:39<03:32, 10.10it/s]
[1A 81%|████████  | 8908/11052 [14:39<03:25, 10.44it/s]
[1A 81%|████████  | 8910/11052 [14:39<03:21, 10.65it/s]
[1A 81%|████████  | 8912/11052 [14:40<03:17, 10.83it/s]
[1A 81%|████████  | 8914/11052 [14:40<03:15, 10.96it/s]
[1A 81%|████████  | 8916/11052 [14:40<03:12, 11.11it/s]
[1A 81%|████████  | 8918/11052 [14:40<03:10, 11.22it/s]
[1A 81%|████████  | 8920/11052 [14:40<03:11, 11.13it/s]
[1A 81%|████████  | 8922/11052 [14:40<03:11, 11.15it/s]
[1A 81%|████████  | 8924/11052 [14:41<03:09, 11.20it/s]
[1A 81%|████████  | 8926/11052 [14:41<03:09, 11.20it/s]
[1A 81%|████████  | 8928/11052 [14:41<03:10, 11.18it/s]
[1A 81%|████████  | 8930/11052 [14:41<03:08, 11.24it/s]
[1A 81%|████████  | 8932/11052 [14:41<03:07, 11.28it/s]
[1A 81%|████████  | 8934/11052 [14:42<03:08, 11.26it/s]
[1A 81%|████████  | 8936/11052 [14:42<03:29, 10.08it/s]
[1A 81%|████████  | 8938/11052 [14:42<03:24, 10.36it/s]
[1A 81%|████████  | 8940/11052 [14:42<03:22, 10.41it/s]
[1A 81%|████████  | 8942/11052 [14:42<03:17, 10.70it/s]
[1A 81%|████████  | 8944/11052 [14:42<03:15, 10.76it/s]
[1A 81%|████████  | 8946/11052 [14:43<03:19, 10.54it/s]
[1A 81%|████████  | 8948/11052 [14:43<03:14, 10.83it/s]
[1A 81%|████████  | 8950/11052 [14:43<03:13, 10.88it/s]
[1A                                                    
{'loss': 0.1568, 'grad_norm': 1.202868938446045, 'learning_rate': 4.056603773584906e-06, 'epoch': 2.43}
[1A
[1A 81%|████████  | 8950/11052 [14:43<03:13, 10.88it/s]
[1A 81%|████████  | 8952/11052 [14:43<03:10, 11.00it/s]
[1A 81%|████████  | 8954/11052 [14:43<03:09, 11.07it/s]
[1A 81%|████████  | 8956/11052 [14:44<03:08, 11.14it/s]
[1A 81%|████████  | 8958/11052 [14:44<03:08, 11.12it/s]
[1A 81%|████████  | 8960/11052 [14:44<03:06, 11.23it/s]
[1A 81%|████████  | 8962/11052 [14:44<03:23, 10.29it/s]
[1A 81%|████████  | 8964/11052 [14:44<03:20, 10.41it/s]
[1A 81%|████████  | 8966/11052 [14:45<03:17, 10.59it/s]
[1A 81%|████████  | 8968/11052 [14:45<03:29,  9.96it/s]
[1A 81%|████████  | 8970/11052 [14:45<03:21, 10.35it/s]
[1A 81%|████████  | 8972/11052 [14:45<03:15, 10.63it/s]
[1A 81%|████████  | 8974/11052 [14:45<03:11, 10.87it/s]
[1A 81%|████████  | 8976/11052 [14:45<03:08, 10.99it/s]
[1A 81%|████████  | 8978/11052 [14:46<03:06, 11.15it/s]
[1A 81%|████████▏ | 8980/11052 [14:46<03:07, 11.02it/s]
[1A 81%|████████▏ | 8982/11052 [14:46<03:05, 11.14it/s]
[1A 81%|████████▏ | 8984/11052 [14:46<03:05, 11.16it/s]
[1A 81%|████████▏ | 8986/11052 [14:46<03:05, 11.14it/s]
[1A 81%|████████▏ | 8988/11052 [14:47<03:05, 11.15it/s]
[1A 81%|████████▏ | 8990/11052 [14:47<03:04, 11.19it/s]
[1A 81%|████████▏ | 8992/11052 [14:47<03:02, 11.28it/s]
[1A 81%|████████▏ | 8994/11052 [14:47<03:04, 11.16it/s]
[1A 81%|████████▏ | 8996/11052 [14:47<03:02, 11.27it/s]
[1A 81%|████████▏ | 8998/11052 [14:47<03:03, 11.17it/s]
[1A 81%|████████▏ | 9000/11052 [14:48<03:06, 10.98it/s]
[1A                                                    
{'loss': 0.1784, 'grad_norm': 4.678437232971191, 'learning_rate': 3.9603388525221415e-06, 'epoch': 2.44}
[1A
[1A 81%|████████▏ | 9000/11052 [14:48<03:06, 10.98it/s]
[1A 81%|████████▏ | 9002/11052 [14:48<03:06, 11.02it/s]
[1A 81%|████████▏ | 9004/11052 [14:48<03:03, 11.13it/s]
[1A 81%|████████▏ | 9006/11052 [14:48<03:03, 11.18it/s]
[1A 82%|████████▏ | 9008/11052 [14:48<03:02, 11.22it/s]
[1A 82%|████████▏ | 9010/11052 [14:49<03:02, 11.16it/s]
[1A 82%|████████▏ | 9012/11052 [14:49<03:03, 11.13it/s]
[1A 82%|████████▏ | 9014/11052 [14:49<03:08, 10.79it/s]
[1A 82%|████████▏ | 9016/11052 [14:49<03:07, 10.88it/s]
[1A 82%|████████▏ | 9018/11052 [14:49<03:08, 10.81it/s]
[1A 82%|████████▏ | 9020/11052 [14:49<03:21, 10.07it/s]
[1A 82%|████████▏ | 9022/11052 [14:50<03:14, 10.44it/s]
[1A 82%|████████▏ | 9024/11052 [14:50<03:10, 10.65it/s]
[1A 82%|████████▏ | 9026/11052 [14:50<03:28,  9.72it/s]
[1A 82%|████████▏ | 9028/11052 [14:50<03:20, 10.10it/s]
[1A 82%|████████▏ | 9030/11052 [14:50<03:18, 10.17it/s]
[1A 82%|████████▏ | 9032/11052 [14:51<03:37,  9.28it/s]
[1A 82%|████████▏ | 9034/11052 [14:51<03:25,  9.81it/s]
[1A 82%|████████▏ | 9036/11052 [14:51<03:16, 10.24it/s]
[1A 82%|████████▏ | 9038/11052 [14:51<03:13, 10.40it/s]
[1A 82%|████████▏ | 9040/11052 [14:51<03:16, 10.26it/s]
[1A 82%|████████▏ | 9042/11052 [14:52<03:35,  9.34it/s]
[1A 82%|████████▏ | 9044/11052 [14:52<03:25,  9.77it/s]
[1A 82%|████████▏ | 9046/11052 [14:52<03:16, 10.22it/s]
[1A 82%|████████▏ | 9048/11052 [14:52<03:12, 10.42it/s]
[1A 82%|████████▏ | 9050/11052 [14:52<03:18, 10.10it/s]
[1A                                                    
{'loss': 0.1827, 'grad_norm': 24.629112243652344, 'learning_rate': 3.864073931459377e-06, 'epoch': 2.46}
[1A
[1A 82%|████████▏ | 9050/11052 [14:53<03:18, 10.10it/s]
[1A 82%|████████▏ | 9052/11052 [14:53<03:11, 10.44it/s]
[1A 82%|████████▏ | 9054/11052 [14:53<03:06, 10.71it/s]
[1A 82%|████████▏ | 9056/11052 [14:53<03:02, 10.93it/s]
[1A 82%|████████▏ | 9058/11052 [14:53<03:03, 10.88it/s]
[1A 82%|████████▏ | 9060/11052 [14:53<03:02, 10.91it/s]
[1A 82%|████████▏ | 9062/11052 [14:54<03:00, 11.05it/s]
[1A 82%|████████▏ | 9064/11052 [14:54<03:06, 10.66it/s]
[1A 82%|████████▏ | 9066/11052 [14:54<03:02, 10.85it/s]
[1A 82%|████████▏ | 9068/11052 [14:54<03:00, 10.99it/s]
[1A 82%|████████▏ | 9070/11052 [14:54<02:58, 11.13it/s]
[1A 82%|████████▏ | 9072/11052 [14:54<02:57, 11.15it/s]
[1A 82%|████████▏ | 9074/11052 [14:55<02:56, 11.22it/s]
[1A 82%|████████▏ | 9076/11052 [14:55<02:55, 11.28it/s]
[1A 82%|████████▏ | 9078/11052 [14:55<02:54, 11.29it/s]
[1A 82%|████████▏ | 9080/11052 [14:55<02:53, 11.36it/s]
[1A 82%|████████▏ | 9082/11052 [14:55<02:52, 11.42it/s]
[1A 82%|████████▏ | 9084/11052 [14:56<02:56, 11.16it/s]
[1A 82%|████████▏ | 9086/11052 [14:56<02:54, 11.25it/s]
[1A 82%|████████▏ | 9088/11052 [14:56<02:54, 11.27it/s]
[1A 82%|████████▏ | 9090/11052 [14:56<02:53, 11.34it/s]
[1A 82%|████████▏ | 9092/11052 [14:56<02:52, 11.33it/s]
[1A 82%|████████▏ | 9094/11052 [14:56<02:57, 11.06it/s]
[1A 82%|████████▏ | 9096/11052 [14:57<02:55, 11.13it/s]
[1A 82%|████████▏ | 9098/11052 [14:57<03:03, 10.66it/s]
[1A 82%|████████▏ | 9100/11052 [14:57<03:00, 10.83it/s]                        
{'loss': 0.1705, 'grad_norm': 10.482834815979004, 'learning_rate': 3.7678090103966118e-06, 'epoch': 2.47}
[1A
[1A 82%|████████▏ | 9100/11052 [14:57<03:00, 10.83it/s]
[1A 82%|████████▏ | 9102/11052 [14:57<02:57, 10.96it/s]
[1A 82%|████████▏ | 9104/11052 [14:57<02:55, 11.09it/s]
[1A 82%|████████▏ | 9106/11052 [14:57<02:54, 11.13it/s]
[1A 82%|████████▏ | 9108/11052 [14:58<02:54, 11.13it/s]
[1A 82%|████████▏ | 9110/11052 [14:58<02:53, 11.19it/s]
[1A 82%|████████▏ | 9112/11052 [14:58<02:52, 11.26it/s]
[1A 82%|████████▏ | 9114/11052 [14:58<02:51, 11.31it/s]
[1A 82%|████████▏ | 9116/11052 [14:58<02:51, 11.30it/s]
[1A 83%|████████▎ | 9118/11052 [14:59<02:54, 11.09it/s]
[1A 83%|████████▎ | 9120/11052 [14:59<02:52, 11.18it/s]
[1A 83%|████████▎ | 9122/11052 [14:59<02:51, 11.24it/s]
[1A 83%|████████▎ | 9124/11052 [14:59<03:23,  9.46it/s]
[1A 83%|████████▎ | 9126/11052 [14:59<03:13,  9.95it/s]
[1A 83%|████████▎ | 9128/11052 [15:00<03:06, 10.34it/s]
[1A 83%|████████▎ | 9130/11052 [15:00<03:02, 10.51it/s]
[1A 83%|████████▎ | 9132/11052 [15:00<03:04, 10.41it/s]
[1A 83%|████████▎ | 9134/11052 [15:00<03:00, 10.62it/s]
[1A 83%|████████▎ | 9136/11052 [15:00<02:58, 10.76it/s]
[1A 83%|████████▎ | 9138/11052 [15:00<02:58, 10.70it/s]
[1A 83%|████████▎ | 9140/11052 [15:01<02:55, 10.91it/s]
[1A 83%|████████▎ | 9142/11052 [15:01<02:53, 11.00it/s]
[1A 83%|████████▎ | 9144/11052 [15:01<02:53, 11.03it/s]
[1A 83%|████████▎ | 9146/11052 [15:01<02:51, 11.13it/s]
[1A 83%|████████▎ | 9148/11052 [15:01<02:50, 11.14it/s]
[1A 83%|████████▎ | 9150/11052 [15:02<02:50, 11.16it/s]
[1A                                                    
{'loss': 0.1734, 'grad_norm': 0.4487382769584656, 'learning_rate': 3.671544089333847e-06, 'epoch': 2.48}
[1A
[1A 83%|████████▎ | 9150/11052 [15:02<02:50, 11.16it/s]
[1A 83%|████████▎ | 9152/11052 [15:02<02:50, 11.13it/s]
[1A 83%|████████▎ | 9154/11052 [15:02<02:50, 11.12it/s]
[1A 83%|████████▎ | 9156/11052 [15:02<02:48, 11.22it/s]
[1A 83%|████████▎ | 9158/11052 [15:02<02:47, 11.28it/s]
[1A 83%|████████▎ | 9160/11052 [15:02<02:48, 11.22it/s]
[1A 83%|████████▎ | 9162/11052 [15:03<02:48, 11.22it/s]
[1A 83%|████████▎ | 9164/11052 [15:03<02:48, 11.22it/s]
[1A 83%|████████▎ | 9166/11052 [15:03<02:48, 11.19it/s]
[1A 83%|████████▎ | 9168/11052 [15:03<03:16,  9.58it/s]
[1A 83%|████████▎ | 9170/11052 [15:03<03:08, 10.00it/s]
[1A 83%|████████▎ | 9172/11052 [15:04<03:01, 10.35it/s]
[1A 83%|████████▎ | 9174/11052 [15:04<02:57, 10.58it/s]
[1A 83%|████████▎ | 9176/11052 [15:04<02:53, 10.79it/s]
[1A 83%|████████▎ | 9178/11052 [15:04<02:53, 10.82it/s]
[1A 83%|████████▎ | 9180/11052 [15:04<03:04, 10.17it/s]
[1A 83%|████████▎ | 9182/11052 [15:05<02:58, 10.48it/s]
[1A 83%|████████▎ | 9184/11052 [15:05<02:53, 10.74it/s]
[1A 83%|████████▎ | 9186/11052 [15:05<02:50, 10.91it/s]
[1A 83%|████████▎ | 9188/11052 [15:05<02:49, 11.00it/s]
[1A 83%|████████▎ | 9190/11052 [15:05<02:47, 11.09it/s]
[1A 83%|████████▎ | 9192/11052 [15:05<02:46, 11.14it/s]
[1A 83%|████████▎ | 9194/11052 [15:06<02:45, 11.21it/s]
[1A 83%|████████▎ | 9196/11052 [15:06<02:46, 11.12it/s]
[1A 83%|████████▎ | 9198/11052 [15:06<02:58, 10.39it/s]
[1A 83%|████████▎ | 9200/11052 [15:06<02:54, 10.61it/s]
[1A                                                    
{'loss': 0.1908, 'grad_norm': 10.015312194824219, 'learning_rate': 3.5752791682710824e-06, 'epoch': 2.5}
[1A
[1A 83%|████████▎ | 9200/11052 [15:06<02:54, 10.61it/s]
[1A 83%|████████▎ | 9202/11052 [15:06<02:51, 10.78it/s]
[1A 83%|████████▎ | 9204/11052 [15:07<02:52, 10.69it/s]
[1A 83%|████████▎ | 9206/11052 [15:07<02:49, 10.92it/s]
[1A 83%|████████▎ | 9208/11052 [15:07<02:47, 11.03it/s]
[1A 83%|████████▎ | 9210/11052 [15:07<02:45, 11.13it/s]
[1A 83%|████████▎ | 9212/11052 [15:07<02:46, 11.06it/s]
[1A 83%|████████▎ | 9214/11052 [15:07<02:46, 11.07it/s]
[1A 83%|████████▎ | 9216/11052 [15:08<02:45, 11.09it/s]
[1A 83%|████████▎ | 9218/11052 [15:08<02:48, 10.89it/s]
[1A 83%|████████▎ | 9220/11052 [15:08<02:50, 10.76it/s]
[1A 83%|████████▎ | 9222/11052 [15:08<03:16,  9.32it/s]
[1A 83%|████████▎ | 9224/11052 [15:08<03:07,  9.75it/s]
[1A 83%|████████▎ | 9226/11052 [15:09<03:00, 10.13it/s]
[1A 83%|████████▎ | 9228/11052 [15:09<02:54, 10.44it/s]
[1A 84%|████████▎ | 9230/11052 [15:09<02:51, 10.61it/s]
[1A 84%|████████▎ | 9232/11052 [15:09<02:48, 10.81it/s]
[1A 84%|████████▎ | 9234/11052 [15:09<02:46, 10.92it/s]
[1A 84%|████████▎ | 9236/11052 [15:10<02:43, 11.08it/s]
[1A 84%|████████▎ | 9238/11052 [15:10<02:52, 10.54it/s]
[1A 84%|████████▎ | 9240/11052 [15:10<02:48, 10.78it/s]
[1A 84%|████████▎ | 9242/11052 [15:10<02:47, 10.79it/s]
[1A 84%|████████▎ | 9244/11052 [15:10<02:46, 10.87it/s]
[1A 84%|████████▎ | 9246/11052 [15:10<02:44, 10.97it/s]
[1A 84%|████████▎ | 9248/11052 [15:11<02:43, 11.03it/s]
[1A 84%|████████▎ | 9250/11052 [15:11<02:41, 11.17it/s]
[1A                                                    
{'loss': 0.1678, 'grad_norm': 10.896116256713867, 'learning_rate': 3.4790142472083178e-06, 'epoch': 2.51}
[1A
[1A 84%|████████▎ | 9250/11052 [15:11<02:41, 11.17it/s]
[1A 84%|████████▎ | 9252/11052 [15:11<02:40, 11.23it/s]
[1A 84%|████████▎ | 9254/11052 [15:11<02:51, 10.48it/s]
[1A 84%|████████▎ | 9256/11052 [15:11<02:49, 10.61it/s]
[1A 84%|████████▍ | 9258/11052 [15:12<03:22,  8.86it/s]
[1A 84%|████████▍ | 9260/11052 [15:12<03:10,  9.43it/s]
[1A 84%|████████▍ | 9262/11052 [15:12<03:00,  9.90it/s]
[1A 84%|████████▍ | 9264/11052 [15:12<02:53, 10.33it/s]
[1A 84%|████████▍ | 9266/11052 [15:12<02:49, 10.57it/s]
[1A 84%|████████▍ | 9268/11052 [15:13<03:14,  9.17it/s]
[1A 84%|████████▍ | 9269/11052 [15:13<03:21,  8.83it/s]
[1A 84%|████████▍ | 9271/11052 [15:13<03:07,  9.52it/s]
[1A 84%|████████▍ | 9273/11052 [15:13<02:57, 10.02it/s]
[1A 84%|████████▍ | 9275/11052 [15:13<02:50, 10.40it/s]
[1A 84%|████████▍ | 9277/11052 [15:14<02:53, 10.23it/s]
[1A 84%|████████▍ | 9279/11052 [15:14<02:48, 10.50it/s]
[1A 84%|████████▍ | 9281/11052 [15:14<02:44, 10.77it/s]
[1A 84%|████████▍ | 9283/11052 [15:14<02:43, 10.81it/s]
[1A 84%|████████▍ | 9285/11052 [15:14<02:40, 10.99it/s]
[1A 84%|████████▍ | 9287/11052 [15:14<02:39, 11.04it/s]
[1A 84%|████████▍ | 9289/11052 [15:15<02:42, 10.82it/s]
[1A 84%|████████▍ | 9291/11052 [15:15<02:40, 10.99it/s]
[1A 84%|████████▍ | 9293/11052 [15:15<02:38, 11.13it/s]
[1A 84%|████████▍ | 9295/11052 [15:15<02:36, 11.21it/s]
[1A 84%|████████▍ | 9297/11052 [15:15<02:36, 11.24it/s]
[1A 84%|████████▍ | 9299/11052 [15:16<02:37, 11.13it/s]
[1A                                                    
{'loss': 0.2039, 'grad_norm': 0.6646376848220825, 'learning_rate': 3.382749326145553e-06, 'epoch': 2.52}
[1A
[1A 84%|████████▍ | 9300/11052 [15:16<02:37, 11.13it/s]
[1A 84%|████████▍ | 9301/11052 [15:16<02:36, 11.18it/s]
[1A 84%|████████▍ | 9303/11052 [15:16<02:42, 10.75it/s]
[1A 84%|████████▍ | 9305/11052 [15:16<02:39, 10.93it/s]
[1A 84%|████████▍ | 9307/11052 [15:16<02:37, 11.07it/s]
[1A 84%|████████▍ | 9309/11052 [15:16<02:38, 11.02it/s]
[1A 84%|████████▍ | 9311/11052 [15:17<02:42, 10.74it/s]
[1A 84%|████████▍ | 9313/11052 [15:17<02:39, 10.93it/s]
[1A 84%|████████▍ | 9315/11052 [15:17<02:43, 10.61it/s]
[1A 84%|████████▍ | 9317/11052 [15:17<02:58,  9.71it/s]
[1A 84%|████████▍ | 9319/11052 [15:17<02:51, 10.09it/s]
[1A 84%|████████▍ | 9321/11052 [15:18<02:47, 10.36it/s]
[1A 84%|████████▍ | 9323/11052 [15:18<02:43, 10.58it/s]
[1A 84%|████████▍ | 9325/11052 [15:18<02:39, 10.80it/s]
[1A 84%|████████▍ | 9327/11052 [15:18<02:38, 10.88it/s]
[1A 84%|████████▍ | 9329/11052 [15:18<02:36, 10.99it/s]
[1A 84%|████████▍ | 9331/11052 [15:19<02:36, 11.03it/s]
[1A 84%|████████▍ | 9333/11052 [15:19<02:34, 11.13it/s]
[1A 84%|████████▍ | 9335/11052 [15:19<02:32, 11.23it/s]
[1A 84%|████████▍ | 9337/11052 [15:19<02:32, 11.26it/s]
[1A 85%|████████▍ | 9339/11052 [15:19<02:34, 11.09it/s]
[1A 85%|████████▍ | 9341/11052 [15:19<02:33, 11.18it/s]
[1A 85%|████████▍ | 9343/11052 [15:20<02:31, 11.28it/s]
[1A 85%|████████▍ | 9345/11052 [15:20<02:39, 10.69it/s]
[1A 85%|████████▍ | 9347/11052 [15:20<02:38, 10.73it/s]
[1A 85%|████████▍ | 9349/11052 [15:20<02:35, 10.94it/s]
[1A                                                    
{'loss': 0.2092, 'grad_norm': 13.678104400634766, 'learning_rate': 3.286484405082788e-06, 'epoch': 2.54}
[1A
[1A 85%|████████▍ | 9350/11052 [15:20<02:35, 10.94it/s]
[1A 85%|████████▍ | 9351/11052 [15:20<02:34, 11.02it/s]
[1A 85%|████████▍ | 9353/11052 [15:21<02:39, 10.63it/s]
[1A 85%|████████▍ | 9355/11052 [15:21<02:39, 10.67it/s]
[1A 85%|████████▍ | 9357/11052 [15:21<02:37, 10.79it/s]
[1A 85%|████████▍ | 9359/11052 [15:21<02:37, 10.77it/s]
[1A 85%|████████▍ | 9361/11052 [15:21<02:34, 10.93it/s]
[1A 85%|████████▍ | 9363/11052 [15:21<02:33, 11.01it/s]
[1A 85%|████████▍ | 9365/11052 [15:22<02:31, 11.13it/s]
[1A 85%|████████▍ | 9367/11052 [15:22<02:30, 11.16it/s]
[1A 85%|████████▍ | 9369/11052 [15:22<02:29, 11.22it/s]
[1A 85%|████████▍ | 9371/11052 [15:22<02:28, 11.31it/s]
[1A 85%|████████▍ | 9373/11052 [15:22<02:29, 11.25it/s]
[1A 85%|████████▍ | 9375/11052 [15:23<02:29, 11.21it/s]
[1A 85%|████████▍ | 9377/11052 [15:23<02:28, 11.24it/s]
[1A 85%|████████▍ | 9379/11052 [15:23<02:27, 11.32it/s]
[1A 85%|████████▍ | 9381/11052 [15:23<02:28, 11.28it/s]
[1A 85%|████████▍ | 9383/11052 [15:23<02:29, 11.17it/s]
[1A 85%|████████▍ | 9385/11052 [15:23<02:28, 11.20it/s]
[1A 85%|████████▍ | 9387/11052 [15:24<02:28, 11.22it/s]
[1A 85%|████████▍ | 9389/11052 [15:24<02:28, 11.22it/s]
[1A 85%|████████▍ | 9391/11052 [15:24<02:27, 11.28it/s]
[1A 85%|████████▍ | 9393/11052 [15:24<02:26, 11.33it/s]
[1A 85%|████████▌ | 9395/11052 [15:24<02:25, 11.41it/s]
[1A 85%|████████▌ | 9397/11052 [15:24<02:25, 11.37it/s]
[1A 85%|████████▌ | 9399/11052 [15:25<02:31, 10.90it/s]                        
{'loss': 0.1508, 'grad_norm': 4.359589099884033, 'learning_rate': 3.1902194840200234e-06, 'epoch': 2.55}
[1A
[1A 85%|████████▌ | 9400/11052 [15:25<02:31, 10.90it/s]
[1A 85%|████████▌ | 9401/11052 [15:25<02:31, 10.87it/s]
[1A 85%|████████▌ | 9403/11052 [15:25<02:29, 11.04it/s]
[1A 85%|████████▌ | 9405/11052 [15:25<02:27, 11.13it/s]
[1A 85%|████████▌ | 9407/11052 [15:25<02:27, 11.12it/s]
[1A 85%|████████▌ | 9409/11052 [15:26<02:30, 10.93it/s]
[1A 85%|████████▌ | 9411/11052 [15:26<02:28, 11.04it/s]
[1A 85%|████████▌ | 9413/11052 [15:26<02:27, 11.13it/s]
[1A 85%|████████▌ | 9415/11052 [15:26<02:25, 11.22it/s]
[1A 85%|████████▌ | 9417/11052 [15:26<02:24, 11.29it/s]
[1A 85%|████████▌ | 9419/11052 [15:26<02:24, 11.30it/s]
[1A 85%|████████▌ | 9421/11052 [15:27<02:30, 10.86it/s]
[1A 85%|████████▌ | 9423/11052 [15:27<02:28, 10.97it/s]
[1A 85%|████████▌ | 9425/11052 [15:27<02:29, 10.87it/s]
[1A 85%|████████▌ | 9427/11052 [15:27<02:36, 10.39it/s]
[1A 85%|████████▌ | 9429/11052 [15:27<02:35, 10.44it/s]
[1A 85%|████████▌ | 9431/11052 [15:28<02:31, 10.72it/s]
[1A 85%|████████▌ | 9433/11052 [15:28<02:30, 10.76it/s]
[1A 85%|████████▌ | 9435/11052 [15:28<02:35, 10.40it/s]
[1A 85%|████████▌ | 9437/11052 [15:28<02:32, 10.60it/s]
[1A 85%|████████▌ | 9439/11052 [15:28<02:43,  9.87it/s]
[1A 85%|████████▌ | 9441/11052 [15:29<02:37, 10.24it/s]
[1A 85%|████████▌ | 9443/11052 [15:29<02:32, 10.54it/s]
[1A 85%|████████▌ | 9445/11052 [15:29<02:28, 10.79it/s]
[1A 85%|████████▌ | 9447/11052 [15:29<02:26, 10.97it/s]
[1A 85%|████████▌ | 9449/11052 [15:29<02:24, 11.08it/s]
[1A                                                    
{'loss': 0.1772, 'grad_norm': 20.475757598876953, 'learning_rate': 3.0939545629572587e-06, 'epoch': 2.57}
[1A
[1A 86%|████████▌ | 9450/11052 [15:29<02:24, 11.08it/s]
[1A 86%|████████▌ | 9451/11052 [15:29<02:24, 11.11it/s]
[1A 86%|████████▌ | 9453/11052 [15:30<02:23, 11.17it/s]
[1A 86%|████████▌ | 9455/11052 [15:30<02:23, 11.16it/s]
[1A 86%|████████▌ | 9457/11052 [15:30<02:22, 11.18it/s]
[1A 86%|████████▌ | 9459/11052 [15:30<02:21, 11.24it/s]
[1A 86%|████████▌ | 9461/11052 [15:30<02:20, 11.30it/s]
[1A 86%|████████▌ | 9463/11052 [15:31<02:20, 11.33it/s]
[1A 86%|████████▌ | 9465/11052 [15:31<02:22, 11.17it/s]
[1A 86%|████████▌ | 9467/11052 [15:31<02:22, 11.14it/s]
[1A 86%|████████▌ | 9469/11052 [15:31<02:21, 11.21it/s]
[1A 86%|████████▌ | 9471/11052 [15:31<02:20, 11.23it/s]
[1A 86%|████████▌ | 9473/11052 [15:32<02:34, 10.19it/s]
[1A 86%|████████▌ | 9475/11052 [15:32<02:29, 10.52it/s]
[1A 86%|████████▌ | 9477/11052 [15:32<02:26, 10.74it/s]
[1A 86%|████████▌ | 9479/11052 [15:32<02:24, 10.89it/s]
[1A 86%|████████▌ | 9481/11052 [15:32<02:22, 11.03it/s]
[1A 86%|████████▌ | 9483/11052 [15:32<02:21, 11.07it/s]
[1A 86%|████████▌ | 9485/11052 [15:33<02:22, 10.98it/s]
[1A 86%|████████▌ | 9487/11052 [15:33<02:21, 11.05it/s]
[1A 86%|████████▌ | 9489/11052 [15:33<02:20, 11.09it/s]
[1A 86%|████████▌ | 9491/11052 [15:33<02:21, 11.06it/s]
[1A 86%|████████▌ | 9493/11052 [15:33<02:19, 11.14it/s]
[1A 86%|████████▌ | 9495/11052 [15:33<02:19, 11.18it/s]
[1A 86%|████████▌ | 9497/11052 [15:34<02:18, 11.23it/s]
[1A 86%|████████▌ | 9499/11052 [15:34<02:18, 11.19it/s]
[1A                                                    
{'loss': 0.1654, 'grad_norm': 0.6277085542678833, 'learning_rate': 2.997689641894494e-06, 'epoch': 2.58}
[1A
[1A 86%|████████▌ | 9500/11052 [15:34<02:18, 11.19it/s]
[1A 86%|████████▌ | 9501/11052 [15:34<02:18, 11.20it/s]
[1A 86%|████████▌ | 9503/11052 [15:34<02:17, 11.24it/s]
[1A 86%|████████▌ | 9505/11052 [15:34<02:23, 10.78it/s]
[1A 86%|████████▌ | 9507/11052 [15:35<02:21, 10.94it/s]
[1A 86%|████████▌ | 9509/11052 [15:35<02:19, 11.06it/s]
[1A 86%|████████▌ | 9511/11052 [15:35<02:24, 10.66it/s]
[1A 86%|████████▌ | 9513/11052 [15:35<02:40,  9.56it/s]
[1A 86%|████████▌ | 9515/11052 [15:35<02:33, 10.01it/s]
[1A 86%|████████▌ | 9517/11052 [15:36<02:27, 10.38it/s]
[1A 86%|████████▌ | 9519/11052 [15:36<02:24, 10.61it/s]
[1A 86%|████████▌ | 9521/11052 [15:36<02:21, 10.80it/s]
[1A 86%|████████▌ | 9523/11052 [15:36<02:19, 10.94it/s]
[1A 86%|████████▌ | 9525/11052 [15:36<02:31, 10.06it/s]
[1A 86%|████████▌ | 9527/11052 [15:37<02:27, 10.35it/s]
[1A 86%|████████▌ | 9529/11052 [15:37<02:24, 10.56it/s]
[1A 86%|████████▌ | 9531/11052 [15:37<02:24, 10.56it/s]
[1A 86%|████████▋ | 9533/11052 [15:37<02:24, 10.51it/s]
[1A 86%|████████▋ | 9535/11052 [15:37<02:21, 10.75it/s]
[1A 86%|████████▋ | 9537/11052 [15:37<02:22, 10.64it/s]
[1A 86%|████████▋ | 9539/11052 [15:38<02:21, 10.66it/s]
[1A 86%|████████▋ | 9541/11052 [15:38<02:24, 10.49it/s]
[1A 86%|████████▋ | 9543/11052 [15:38<02:20, 10.74it/s]
[1A 86%|████████▋ | 9545/11052 [15:38<02:19, 10.84it/s]
[1A 86%|████████▋ | 9547/11052 [15:38<02:17, 10.94it/s]
[1A 86%|████████▋ | 9549/11052 [15:39<02:17, 10.97it/s]
[1A                                                    
{'loss': 0.1683, 'grad_norm': 27.409162521362305, 'learning_rate': 2.9014247208317294e-06, 'epoch': 2.59}
[1A
[1A 86%|████████▋ | 9550/11052 [15:39<02:16, 10.97it/s]
[1A 86%|████████▋ | 9551/11052 [15:39<02:15, 11.04it/s]
[1A 86%|████████▋ | 9553/11052 [15:39<02:14, 11.12it/s]
[1A 86%|████████▋ | 9555/11052 [15:39<02:15, 11.08it/s]
[1A 86%|████████▋ | 9557/11052 [15:39<02:14, 11.08it/s]
[1A 86%|████████▋ | 9559/11052 [15:39<02:16, 10.94it/s]
[1A 87%|████████▋ | 9561/11052 [15:40<02:14, 11.05it/s]
[1A 87%|████████▋ | 9563/11052 [15:40<02:13, 11.12it/s]
[1A 87%|████████▋ | 9565/11052 [15:40<02:13, 11.13it/s]
[1A 87%|████████▋ | 9567/11052 [15:40<02:14, 11.05it/s]
[1A 87%|████████▋ | 9569/11052 [15:40<02:12, 11.17it/s]
[1A 87%|████████▋ | 9571/11052 [15:41<02:12, 11.18it/s]
[1A 87%|████████▋ | 9573/11052 [15:41<02:12, 11.19it/s]
[1A 87%|████████▋ | 9575/11052 [15:41<02:11, 11.23it/s]
[1A 87%|████████▋ | 9577/11052 [15:41<02:10, 11.27it/s]
[1A 87%|████████▋ | 9579/11052 [15:41<02:10, 11.29it/s]
[1A 87%|████████▋ | 9581/11052 [15:41<02:10, 11.24it/s]
[1A 87%|████████▋ | 9583/11052 [15:42<02:17, 10.68it/s]
[1A 87%|████████▋ | 9585/11052 [15:42<02:15, 10.80it/s]
[1A 87%|████████▋ | 9587/11052 [15:42<02:14, 10.92it/s]
[1A 87%|████████▋ | 9589/11052 [15:42<02:13, 10.94it/s]
[1A 87%|████████▋ | 9591/11052 [15:42<02:13, 10.97it/s]
[1A 87%|████████▋ | 9593/11052 [15:43<02:15, 10.80it/s]
[1A 87%|████████▋ | 9595/11052 [15:43<02:12, 11.01it/s]
[1A 87%|████████▋ | 9597/11052 [15:43<02:10, 11.14it/s]
[1A 87%|████████▋ | 9599/11052 [15:43<02:09, 11.26it/s]
[1A                                                    
{'loss': 0.1608, 'grad_norm': 41.62498092651367, 'learning_rate': 2.8051597997689643e-06, 'epoch': 2.61}
[1A
[1A 87%|████████▋ | 9600/11052 [15:43<02:08, 11.26it/s]
[1A 87%|████████▋ | 9601/11052 [15:43<02:09, 11.23it/s]
[1A 87%|████████▋ | 9603/11052 [15:43<02:09, 11.22it/s]
[1A 87%|████████▋ | 9605/11052 [15:44<02:08, 11.23it/s]
[1A 87%|████████▋ | 9607/11052 [15:44<02:22, 10.11it/s]
[1A 87%|████████▋ | 9609/11052 [15:44<02:17, 10.49it/s]
[1A 87%|████████▋ | 9611/11052 [15:44<02:14, 10.70it/s]
[1A 87%|████████▋ | 9613/11052 [15:44<02:11, 10.93it/s]
[1A 87%|████████▋ | 9615/11052 [15:45<02:10, 11.00it/s]
[1A 87%|████████▋ | 9617/11052 [15:45<02:13, 10.77it/s]
[1A 87%|████████▋ | 9619/11052 [15:45<02:11, 10.93it/s]
[1A 87%|████████▋ | 9621/11052 [15:45<02:09, 11.06it/s]
[1A 87%|████████▋ | 9623/11052 [15:45<02:15, 10.53it/s]
[1A 87%|████████▋ | 9625/11052 [15:45<02:15, 10.50it/s]
[1A 87%|████████▋ | 9627/11052 [15:46<02:16, 10.41it/s]
[1A 87%|████████▋ | 9629/11052 [15:46<02:13, 10.68it/s]
[1A 87%|████████▋ | 9631/11052 [15:46<02:10, 10.89it/s]
[1A 87%|████████▋ | 9633/11052 [15:46<02:12, 10.67it/s]
[1A 87%|████████▋ | 9635/11052 [15:46<02:15, 10.47it/s]
[1A 87%|████████▋ | 9637/11052 [15:47<02:16, 10.34it/s]
[1A 87%|████████▋ | 9639/11052 [15:47<02:12, 10.67it/s]
[1A 87%|████████▋ | 9641/11052 [15:47<02:09, 10.91it/s]
[1A 87%|████████▋ | 9643/11052 [15:47<02:07, 11.07it/s]
[1A 87%|████████▋ | 9645/11052 [15:47<02:05, 11.17it/s]
[1A 87%|████████▋ | 9647/11052 [15:47<02:05, 11.19it/s]
[1A 87%|████████▋ | 9649/11052 [15:48<02:05, 11.19it/s]
[1A                                                    
{'loss': 0.2095, 'grad_norm': 18.551799774169922, 'learning_rate': 2.7088948787061996e-06, 'epoch': 2.62}
[1A
[1A 87%|████████▋ | 9650/11052 [15:48<02:05, 11.19it/s]
[1A 87%|████████▋ | 9651/11052 [15:48<02:05, 11.15it/s]
[1A 87%|████████▋ | 9653/11052 [15:48<02:05, 11.12it/s]
[1A 87%|████████▋ | 9655/11052 [15:48<02:07, 10.92it/s]
[1A 87%|████████▋ | 9657/11052 [15:48<02:07, 10.95it/s]
[1A 87%|████████▋ | 9659/11052 [15:49<02:06, 11.04it/s]
[1A 87%|████████▋ | 9661/11052 [15:49<02:07, 10.91it/s]
[1A 87%|████████▋ | 9663/11052 [15:49<02:05, 11.07it/s]
[1A 87%|████████▋ | 9665/11052 [15:49<02:04, 11.13it/s]
[1A 87%|████████▋ | 9667/11052 [15:49<02:10, 10.59it/s]
[1A 87%|████████▋ | 9669/11052 [15:50<02:08, 10.78it/s]
[1A 88%|████████▊ | 9671/11052 [15:50<02:05, 10.97it/s]
[1A 88%|████████▊ | 9673/11052 [15:50<02:04, 11.11it/s]
[1A 88%|████████▊ | 9675/11052 [15:50<02:02, 11.21it/s]
[1A 88%|████████▊ | 9677/11052 [15:50<02:06, 10.86it/s]
[1A 88%|████████▊ | 9679/11052 [15:50<02:05, 10.98it/s]
[1A 88%|████████▊ | 9681/11052 [15:51<02:04, 11.06it/s]
[1A 88%|████████▊ | 9683/11052 [15:51<02:02, 11.14it/s]
[1A 88%|████████▊ | 9685/11052 [15:51<02:02, 11.20it/s]
[1A 88%|████████▊ | 9687/11052 [15:51<02:01, 11.24it/s]
[1A 88%|████████▊ | 9689/11052 [15:51<02:01, 11.24it/s]
[1A 88%|████████▊ | 9691/11052 [15:51<02:01, 11.21it/s]
[1A 88%|████████▊ | 9693/11052 [15:52<02:00, 11.30it/s]
[1A 88%|████████▊ | 9695/11052 [15:52<02:00, 11.24it/s]
[1A 88%|████████▊ | 9697/11052 [15:52<02:05, 10.80it/s]
[1A 88%|████████▊ | 9699/11052 [15:52<02:04, 10.88it/s]
[1A                                                    
{'loss': 0.1656, 'grad_norm': 29.211240768432617, 'learning_rate': 2.612629957643435e-06, 'epoch': 2.63}
[1A
[1A 88%|████████▊ | 9700/11052 [15:52<02:04, 10.88it/s]
[1A 88%|████████▊ | 9701/11052 [15:52<02:04, 10.88it/s]
[1A 88%|████████▊ | 9703/11052 [15:53<02:03, 10.91it/s]
[1A 88%|████████▊ | 9705/11052 [15:53<02:01, 11.06it/s]
[1A 88%|████████▊ | 9707/11052 [15:53<02:01, 11.11it/s]
[1A 88%|████████▊ | 9709/11052 [15:53<02:05, 10.69it/s]
[1A 88%|████████▊ | 9711/11052 [15:53<02:03, 10.87it/s]
[1A 88%|████████▊ | 9713/11052 [15:54<02:02, 10.89it/s]
[1A 88%|████████▊ | 9715/11052 [15:54<02:11, 10.14it/s]
[1A 88%|████████▊ | 9717/11052 [15:54<02:07, 10.44it/s]
[1A 88%|████████▊ | 9719/11052 [15:54<02:04, 10.70it/s]
[1A 88%|████████▊ | 9721/11052 [15:54<02:02, 10.83it/s]
[1A 88%|████████▊ | 9723/11052 [15:54<02:01, 10.95it/s]
[1A 88%|████████▊ | 9725/11052 [15:55<02:00, 11.05it/s]
[1A 88%|████████▊ | 9727/11052 [15:55<02:01, 10.87it/s]
[1A 88%|████████▊ | 9729/11052 [15:55<02:00, 11.02it/s]
[1A 88%|████████▊ | 9731/11052 [15:55<01:58, 11.18it/s]
[1A 88%|████████▊ | 9733/11052 [15:55<01:57, 11.24it/s]
[1A 88%|████████▊ | 9735/11052 [15:56<01:56, 11.28it/s]
[1A 88%|████████▊ | 9737/11052 [15:56<01:56, 11.30it/s]
[1A 88%|████████▊ | 9739/11052 [15:56<01:59, 11.02it/s]
[1A 88%|████████▊ | 9741/11052 [15:56<02:01, 10.82it/s]
[1A 88%|████████▊ | 9743/11052 [15:56<01:59, 10.93it/s]
[1A 88%|████████▊ | 9745/11052 [15:56<01:58, 11.01it/s]
[1A 88%|████████▊ | 9747/11052 [15:57<02:00, 10.83it/s]
[1A 88%|████████▊ | 9749/11052 [15:57<02:02, 10.68it/s]
[1A                                                    
{'loss': 0.1899, 'grad_norm': 49.428260803222656, 'learning_rate': 2.5163650365806703e-06, 'epoch': 2.65}
[1A
[1A 88%|████████▊ | 9750/11052 [15:57<02:01, 10.68it/s]
[1A 88%|████████▊ | 9751/11052 [15:57<01:59, 10.87it/s]
[1A 88%|████████▊ | 9753/11052 [15:57<01:58, 11.01it/s]
[1A 88%|████████▊ | 9755/11052 [15:57<01:57, 11.06it/s]
[1A 88%|████████▊ | 9757/11052 [15:58<01:56, 11.16it/s]
[1A 88%|████████▊ | 9759/11052 [15:58<01:54, 11.25it/s]
[1A 88%|████████▊ | 9761/11052 [15:58<01:54, 11.28it/s]
[1A 88%|████████▊ | 9763/11052 [15:58<01:53, 11.31it/s]
[1A 88%|████████▊ | 9765/11052 [15:58<02:00, 10.72it/s]
[1A 88%|████████▊ | 9767/11052 [15:58<01:58, 10.82it/s]
[1A 88%|████████▊ | 9769/11052 [15:59<01:57, 10.93it/s]
[1A 88%|████████▊ | 9771/11052 [15:59<01:58, 10.82it/s]
[1A 88%|████████▊ | 9773/11052 [15:59<01:56, 11.01it/s]
[1A 88%|████████▊ | 9775/11052 [15:59<01:54, 11.15it/s]
[1A 88%|████████▊ | 9777/11052 [15:59<01:59, 10.66it/s]
[1A 88%|████████▊ | 9779/11052 [16:00<01:57, 10.83it/s]
[1A 88%|████████▊ | 9781/11052 [16:00<01:56, 10.93it/s]
[1A 89%|████████▊ | 9783/11052 [16:00<01:54, 11.04it/s]
[1A 89%|████████▊ | 9785/11052 [16:00<01:54, 11.04it/s]
[1A 89%|████████▊ | 9787/11052 [16:00<01:53, 11.15it/s]
[1A 89%|████████▊ | 9789/11052 [16:00<01:53, 11.16it/s]
[1A 89%|████████▊ | 9791/11052 [16:01<01:52, 11.22it/s]
[1A 89%|████████▊ | 9793/11052 [16:01<01:51, 11.29it/s]
[1A 89%|████████▊ | 9795/11052 [16:01<01:51, 11.32it/s]
[1A 89%|████████▊ | 9797/11052 [16:01<01:50, 11.33it/s]
[1A 89%|████████▊ | 9799/11052 [16:01<01:50, 11.39it/s]
[1A                                                    
{'loss': 0.1615, 'grad_norm': 8.689777374267578, 'learning_rate': 2.4201001155179056e-06, 'epoch': 2.66}
[1A
[1A 89%|████████▊ | 9800/11052 [16:01<01:49, 11.39it/s]
[1A 89%|████████▊ | 9801/11052 [16:02<01:55, 10.86it/s]
[1A 89%|████████▊ | 9803/11052 [16:02<01:55, 10.80it/s]
[1A 89%|████████▊ | 9805/11052 [16:02<02:02, 10.14it/s]
[1A 89%|████████▊ | 9807/11052 [16:02<01:58, 10.49it/s]
[1A 89%|████████▉ | 9809/11052 [16:02<01:55, 10.76it/s]
[1A 89%|████████▉ | 9811/11052 [16:02<01:54, 10.88it/s]
[1A 89%|████████▉ | 9813/11052 [16:03<01:53, 10.90it/s]
[1A 89%|████████▉ | 9815/11052 [16:03<01:55, 10.70it/s]
[1A 89%|████████▉ | 9817/11052 [16:03<01:53, 10.84it/s]
[1A 89%|████████▉ | 9819/11052 [16:03<01:54, 10.75it/s]
[1A 89%|████████▉ | 9821/11052 [16:03<01:53, 10.89it/s]
[1A 89%|████████▉ | 9823/11052 [16:04<01:52, 10.97it/s]
[1A 89%|████████▉ | 9825/11052 [16:04<01:51, 11.02it/s]
[1A 89%|████████▉ | 9827/11052 [16:04<01:59, 10.26it/s]
[1A 89%|████████▉ | 9829/11052 [16:04<01:55, 10.57it/s]
[1A 89%|████████▉ | 9831/11052 [16:04<02:01, 10.08it/s]
[1A 89%|████████▉ | 9833/11052 [16:05<01:57, 10.38it/s]
[1A 89%|████████▉ | 9835/11052 [16:05<01:53, 10.68it/s]
[1A 89%|████████▉ | 9837/11052 [16:05<01:52, 10.81it/s]
[1A 89%|████████▉ | 9839/11052 [16:05<01:51, 10.88it/s]
[1A 89%|████████▉ | 9841/11052 [16:05<01:49, 11.01it/s]
[1A 89%|████████▉ | 9843/11052 [16:05<01:49, 11.07it/s]
[1A 89%|████████▉ | 9845/11052 [16:06<01:48, 11.14it/s]
[1A 89%|████████▉ | 9847/11052 [16:06<01:49, 11.01it/s]
[1A 89%|████████▉ | 9849/11052 [16:06<01:49, 11.03it/s]
[1A                                                    
{'loss': 0.1608, 'grad_norm': 3.144277334213257, 'learning_rate': 2.3238351944551405e-06, 'epoch': 2.67}
[1A
[1A 89%|████████▉ | 9850/11052 [16:06<01:49, 11.03it/s]
[1A 89%|████████▉ | 9851/11052 [16:06<01:58, 10.12it/s]
[1A 89%|████████▉ | 9853/11052 [16:06<01:55, 10.42it/s]
[1A 89%|████████▉ | 9855/11052 [16:07<01:52, 10.61it/s]
[1A 89%|████████▉ | 9857/11052 [16:07<01:54, 10.44it/s]
[1A 89%|████████▉ | 9859/11052 [16:07<01:52, 10.63it/s]
[1A 89%|████████▉ | 9861/11052 [16:07<01:49, 10.84it/s]
[1A 89%|████████▉ | 9863/11052 [16:07<01:50, 10.78it/s]
[1A 89%|████████▉ | 9865/11052 [16:08<01:52, 10.52it/s]
[1A 89%|████████▉ | 9867/11052 [16:08<01:50, 10.76it/s]
[1A 89%|████████▉ | 9869/11052 [16:08<01:48, 10.88it/s]
[1A 89%|████████▉ | 9871/11052 [16:08<01:52, 10.50it/s]
[1A 89%|████████▉ | 9873/11052 [16:08<01:53, 10.39it/s]
[1A 89%|████████▉ | 9875/11052 [16:08<01:51, 10.56it/s]
[1A 89%|████████▉ | 9877/11052 [16:09<01:54, 10.24it/s]
[1A 89%|████████▉ | 9879/11052 [16:09<01:55, 10.16it/s]
[1A 89%|████████▉ | 9881/11052 [16:09<01:51, 10.48it/s]
[1A 89%|████████▉ | 9883/11052 [16:09<01:49, 10.67it/s]
[1A 89%|████████▉ | 9885/11052 [16:09<01:59,  9.75it/s]
[1A 89%|████████▉ | 9887/11052 [16:10<01:54, 10.16it/s]
[1A 89%|████████▉ | 9889/11052 [16:10<01:55, 10.07it/s]
[1A 89%|████████▉ | 9891/11052 [16:10<01:54, 10.10it/s]
[1A 90%|████████▉ | 9893/11052 [16:10<02:03,  9.36it/s]
[1A 90%|████████▉ | 9895/11052 [16:10<01:59,  9.67it/s]
[1A 90%|████████▉ | 9897/11052 [16:11<01:54, 10.12it/s]
[1A 90%|████████▉ | 9899/11052 [16:11<01:50, 10.46it/s]                        
{'loss': 0.1729, 'grad_norm': 3.0173285007476807, 'learning_rate': 2.227570273392376e-06, 'epoch': 2.69}
[1A
[1A 90%|████████▉ | 9900/11052 [16:11<01:50, 10.46it/s]
[1A 90%|████████▉ | 9901/11052 [16:11<01:47, 10.67it/s]
[1A 90%|████████▉ | 9903/11052 [16:11<01:47, 10.64it/s]
[1A 90%|████████▉ | 9905/11052 [16:11<01:46, 10.78it/s]
[1A 90%|████████▉ | 9907/11052 [16:12<01:45, 10.81it/s]
[1A 90%|████████▉ | 9909/11052 [16:12<01:44, 10.91it/s]
[1A 90%|████████▉ | 9911/11052 [16:12<01:43, 10.98it/s]
[1A 90%|████████▉ | 9913/11052 [16:12<01:47, 10.63it/s]
[1A 90%|████████▉ | 9915/11052 [16:12<01:44, 10.84it/s]
[1A 90%|████████▉ | 9917/11052 [16:12<01:44, 10.85it/s]
[1A 90%|████████▉ | 9919/11052 [16:13<01:43, 10.96it/s]
[1A 90%|████████▉ | 9921/11052 [16:13<01:42, 11.02it/s]
[1A 90%|████████▉ | 9923/11052 [16:13<01:42, 11.04it/s]
[1A 90%|████████▉ | 9925/11052 [16:13<01:42, 10.97it/s]
[1A 90%|████████▉ | 9927/11052 [16:13<01:49, 10.32it/s]
[1A 90%|████████▉ | 9929/11052 [16:14<01:51, 10.11it/s]
[1A 90%|████████▉ | 9931/11052 [16:14<01:52, 10.00it/s]
[1A 90%|████████▉ | 9933/11052 [16:14<01:47, 10.37it/s]
[1A 90%|████████▉ | 9935/11052 [16:14<01:45, 10.62it/s]
[1A 90%|████████▉ | 9937/11052 [16:14<01:45, 10.56it/s]
[1A 90%|████████▉ | 9939/11052 [16:15<01:48, 10.29it/s]
[1A 90%|████████▉ | 9941/11052 [16:15<01:45, 10.57it/s]
[1A 90%|████████▉ | 9943/11052 [16:15<01:43, 10.76it/s]
[1A 90%|████████▉ | 9945/11052 [16:15<01:42, 10.75it/s]
[1A 90%|█████████ | 9947/11052 [16:15<01:40, 10.95it/s]
[1A 90%|█████████ | 9949/11052 [16:16<01:51,  9.88it/s]                        
{'loss': 0.2374, 'grad_norm': 22.067073822021484, 'learning_rate': 2.131305352329611e-06, 'epoch': 2.7}
[1A
[1A 90%|█████████ | 9950/11052 [16:16<01:51,  9.88it/s]
[1A 90%|█████████ | 9951/11052 [16:16<01:47, 10.24it/s]
[1A 90%|█████████ | 9953/11052 [16:16<01:44, 10.56it/s]
[1A 90%|█████████ | 9955/11052 [16:16<01:45, 10.44it/s]
[1A 90%|█████████ | 9957/11052 [16:16<01:42, 10.71it/s]
[1A 90%|█████████ | 9959/11052 [16:16<01:40, 10.87it/s]
[1A 90%|█████████ | 9961/11052 [16:17<01:39, 11.01it/s]
[1A 90%|█████████ | 9963/11052 [16:17<01:43, 10.53it/s]
[1A 90%|█████████ | 9965/11052 [16:17<01:40, 10.80it/s]
[1A 90%|█████████ | 9967/11052 [16:17<01:39, 10.92it/s]
[1A 90%|█████████ | 9969/11052 [16:17<01:38, 10.95it/s]
[1A 90%|█████████ | 9971/11052 [16:18<01:38, 10.93it/s]
[1A 90%|█████████ | 9973/11052 [16:18<01:38, 10.97it/s]
[1A 90%|█████████ | 9975/11052 [16:18<01:40, 10.76it/s]
[1A 90%|█████████ | 9977/11052 [16:18<01:38, 10.93it/s]
[1A 90%|█████████ | 9979/11052 [16:18<01:37, 11.04it/s]
[1A 90%|█████████ | 9981/11052 [16:19<01:42, 10.44it/s]
[1A 90%|█████████ | 9983/11052 [16:19<01:49,  9.77it/s]
[1A 90%|█████████ | 9985/11052 [16:19<01:44, 10.18it/s]
[1A 90%|█████████ | 9987/11052 [16:19<01:41, 10.52it/s]
[1A 90%|█████████ | 9989/11052 [16:19<01:38, 10.74it/s]
[1A 90%|█████████ | 9991/11052 [16:19<01:37, 10.89it/s]
[1A 90%|█████████ | 9993/11052 [16:20<01:36, 11.01it/s]
[1A 90%|█████████ | 9995/11052 [16:20<01:43, 10.23it/s]
[1A 90%|█████████ | 9997/11052 [16:20<01:45, 10.04it/s]
[1A 90%|█████████ | 9999/11052 [16:20<01:41, 10.42it/s]
[1A                                                    
{'loss': 0.1817, 'grad_norm': 4.327155113220215, 'learning_rate': 2.0350404312668465e-06, 'epoch': 2.71}
[1A
[1A 90%|█████████ | 10000/11052 [16:20<01:40, 10.42it/s]
[1A 90%|█████████ | 10001/11052 [16:20<01:38, 10.63it/s]
[1A 91%|█████████ | 10003/11052 [16:21<01:37, 10.79it/s]
[1A 91%|█████████ | 10005/11052 [16:21<01:40, 10.45it/s]
[1A 91%|█████████ | 10007/11052 [16:21<01:40, 10.43it/s]
[1A 91%|█████████ | 10009/11052 [16:21<01:37, 10.67it/s]
[1A 91%|█████████ | 10011/11052 [16:21<01:40, 10.35it/s]
[1A 91%|█████████ | 10013/11052 [16:22<01:37, 10.66it/s]
[1A 91%|█████████ | 10015/11052 [16:22<01:36, 10.78it/s]
[1A 91%|█████████ | 10017/11052 [16:22<01:36, 10.71it/s]
[1A 91%|█████████ | 10019/11052 [16:22<01:41, 10.17it/s]
[1A 91%|█████████ | 10021/11052 [16:22<01:38, 10.48it/s]
[1A 91%|█████████ | 10023/11052 [16:22<01:36, 10.66it/s]
[1A 91%|█████████ | 10025/11052 [16:23<01:38, 10.47it/s]
[1A 91%|█████████ | 10027/11052 [16:23<01:40, 10.24it/s]
[1A 91%|█████████ | 10029/11052 [16:23<01:36, 10.58it/s]
[1A 91%|█████████ | 10031/11052 [16:23<01:34, 10.81it/s]
[1A 91%|█████████ | 10033/11052 [16:23<01:33, 10.93it/s]
[1A 91%|█████████ | 10035/11052 [16:24<01:32, 10.96it/s]
[1A 91%|█████████ | 10037/11052 [16:24<01:37, 10.39it/s]
[1A 91%|█████████ | 10039/11052 [16:24<01:35, 10.62it/s]
[1A 91%|█████████ | 10041/11052 [16:24<01:37, 10.34it/s]
[1A 91%|█████████ | 10043/11052 [16:24<01:42,  9.88it/s]
[1A 91%|█████████ | 10045/11052 [16:25<01:38, 10.26it/s]
[1A 91%|█████████ | 10047/11052 [16:25<01:35, 10.54it/s]
[1A 91%|█████████ | 10049/11052 [16:25<01:38, 10.19it/s]
[1A                                                     
{'loss': 0.1555, 'grad_norm': 25.69234275817871, 'learning_rate': 1.938775510204082e-06, 'epoch': 2.73}
[1A
[1A 91%|█████████ | 10050/11052 [16:25<01:38, 10.19it/s]
[1A 91%|█████████ | 10051/11052 [16:25<01:34, 10.55it/s]
[1A 91%|█████████ | 10053/11052 [16:25<01:33, 10.68it/s]
[1A 91%|█████████ | 10055/11052 [16:26<01:48,  9.16it/s]
[1A 91%|█████████ | 10057/11052 [16:26<01:42,  9.68it/s]
[1A 91%|█████████ | 10059/11052 [16:26<01:40,  9.91it/s]
[1A 91%|█████████ | 10061/11052 [16:26<01:35, 10.33it/s]
[1A 91%|█████████ | 10063/11052 [16:26<01:32, 10.64it/s]
[1A 91%|█████████ | 10065/11052 [16:27<01:36, 10.27it/s]
[1A 91%|█████████ | 10067/11052 [16:27<01:33, 10.50it/s]
[1A 91%|█████████ | 10069/11052 [16:27<01:33, 10.47it/s]
[1A 91%|█████████ | 10071/11052 [16:27<01:31, 10.74it/s]
[1A 91%|█████████ | 10073/11052 [16:27<01:37, 10.03it/s]
[1A 91%|█████████ | 10075/11052 [16:28<01:34, 10.36it/s]
[1A 91%|█████████ | 10077/11052 [16:28<01:31, 10.64it/s]
[1A 91%|█████████ | 10079/11052 [16:28<01:32, 10.56it/s]
[1A 91%|█████████ | 10081/11052 [16:28<01:30, 10.69it/s]
[1A 91%|█████████ | 10083/11052 [16:28<01:29, 10.83it/s]
[1A 91%|█████████▏| 10085/11052 [16:28<01:28, 10.91it/s]
[1A 91%|█████████▏| 10087/11052 [16:29<01:27, 10.99it/s]
[1A 91%|█████████▏| 10089/11052 [16:29<01:26, 11.08it/s]
[1A 91%|█████████▏| 10091/11052 [16:29<01:26, 11.16it/s]
[1A 91%|█████████▏| 10093/11052 [16:29<01:25, 11.24it/s]
[1A 91%|█████████▏| 10095/11052 [16:29<01:24, 11.28it/s]
[1A 91%|█████████▏| 10097/11052 [16:30<01:25, 11.20it/s]
[1A 91%|█████████▏| 10099/11052 [16:30<01:26, 11.06it/s]
[1A                                                     
{'loss': 0.1856, 'grad_norm': 6.165940761566162, 'learning_rate': 1.842510589141317e-06, 'epoch': 2.74}
[1A
[1A 91%|█████████▏| 10100/11052 [16:30<01:26, 11.06it/s]
[1A 91%|█████████▏| 10101/11052 [16:30<01:25, 11.09it/s]
[1A 91%|█████████▏| 10103/11052 [16:30<01:25, 11.13it/s]
[1A 91%|█████████▏| 10105/11052 [16:30<01:30, 10.41it/s]
[1A 91%|█████████▏| 10107/11052 [16:30<01:28, 10.63it/s]
[1A 91%|█████████▏| 10109/11052 [16:31<01:26, 10.85it/s]
[1A 91%|█████████▏| 10111/11052 [16:31<01:25, 11.01it/s]
[1A 92%|█████████▏| 10113/11052 [16:31<01:25, 10.92it/s]
[1A 92%|█████████▏| 10115/11052 [16:31<01:28, 10.55it/s]
[1A 92%|█████████▏| 10117/11052 [16:31<01:28, 10.60it/s]
[1A 92%|█████████▏| 10119/11052 [16:32<01:26, 10.76it/s]
[1A 92%|█████████▏| 10121/11052 [16:32<01:25, 10.94it/s]
[1A 92%|█████████▏| 10123/11052 [16:32<01:23, 11.08it/s]
[1A 92%|█████████▏| 10125/11052 [16:32<01:22, 11.22it/s]
[1A 92%|█████████▏| 10127/11052 [16:32<01:21, 11.33it/s]
[1A 92%|█████████▏| 10129/11052 [16:32<01:21, 11.29it/s]
[1A 92%|█████████▏| 10131/11052 [16:33<01:21, 11.28it/s]
[1A 92%|█████████▏| 10133/11052 [16:33<01:21, 11.25it/s]
[1A 92%|█████████▏| 10135/11052 [16:33<01:21, 11.27it/s]
[1A 92%|█████████▏| 10137/11052 [16:33<01:21, 11.21it/s]
[1A 92%|█████████▏| 10139/11052 [16:33<01:21, 11.21it/s]
[1A 92%|█████████▏| 10141/11052 [16:34<01:21, 11.22it/s]
[1A 92%|█████████▏| 10143/11052 [16:34<01:22, 11.05it/s]
[1A 92%|█████████▏| 10145/11052 [16:34<01:21, 11.09it/s]
[1A 92%|█████████▏| 10147/11052 [16:34<01:20, 11.20it/s]
[1A 92%|█████████▏| 10149/11052 [16:34<01:19, 11.29it/s]
[1A                                                     
{'loss': 0.1694, 'grad_norm': 26.87179183959961, 'learning_rate': 1.7462456680785523e-06, 'epoch': 2.76}
[1A
[1A 92%|█████████▏| 10150/11052 [16:34<01:19, 11.29it/s]
[1A 92%|█████████▏| 10151/11052 [16:34<01:19, 11.32it/s]
[1A 92%|█████████▏| 10153/11052 [16:35<01:19, 11.32it/s]
[1A 92%|█████████▏| 10155/11052 [16:35<01:18, 11.38it/s]
[1A 92%|█████████▏| 10157/11052 [16:35<01:28, 10.15it/s]
[1A 92%|█████████▏| 10159/11052 [16:35<01:26, 10.33it/s]
[1A 92%|█████████▏| 10161/11052 [16:35<01:29, 10.00it/s]
[1A 92%|█████████▏| 10163/11052 [16:36<01:25, 10.37it/s]
[1A 92%|█████████▏| 10165/11052 [16:36<01:25, 10.34it/s]
[1A 92%|█████████▏| 10167/11052 [16:36<01:23, 10.58it/s]
[1A 92%|█████████▏| 10169/11052 [16:36<01:22, 10.67it/s]
[1A 92%|█████████▏| 10171/11052 [16:36<01:21, 10.82it/s]
[1A 92%|█████████▏| 10173/11052 [16:36<01:20, 10.90it/s]
[1A 92%|█████████▏| 10175/11052 [16:37<01:19, 10.98it/s]
[1A 92%|█████████▏| 10177/11052 [16:37<01:20, 10.83it/s]
[1A 92%|█████████▏| 10179/11052 [16:37<01:25, 10.15it/s]
[1A 92%|█████████▏| 10181/11052 [16:37<01:23, 10.40it/s]
[1A 92%|█████████▏| 10183/11052 [16:37<01:22, 10.53it/s]
[1A 92%|█████████▏| 10185/11052 [16:38<01:20, 10.74it/s]
[1A 92%|█████████▏| 10187/11052 [16:38<01:19, 10.87it/s]
[1A 92%|█████████▏| 10189/11052 [16:38<01:18, 10.92it/s]
[1A 92%|█████████▏| 10191/11052 [16:38<01:18, 10.97it/s]
[1A 92%|█████████▏| 10193/11052 [16:38<01:20, 10.70it/s]
[1A 92%|█████████▏| 10195/11052 [16:39<01:19, 10.72it/s]
[1A 92%|█████████▏| 10197/11052 [16:39<01:18, 10.84it/s]
[1A 92%|█████████▏| 10199/11052 [16:39<01:18, 10.92it/s]
[1A                                                     
{'loss': 0.1505, 'grad_norm': 8.35025691986084, 'learning_rate': 1.6499807470157874e-06, 'epoch': 2.77}
[1A
[1A 92%|█████████▏| 10200/11052 [16:39<01:18, 10.92it/s]
[1A 92%|█████████▏| 10201/11052 [16:39<01:17, 10.97it/s]
[1A 92%|█████████▏| 10203/11052 [16:39<01:16, 11.06it/s]
[1A 92%|█████████▏| 10205/11052 [16:39<01:16, 11.01it/s]
[1A 92%|█████████▏| 10207/11052 [16:40<01:19, 10.58it/s]
[1A 92%|█████████▏| 10209/11052 [16:40<01:18, 10.74it/s]
[1A 92%|█████████▏| 10211/11052 [16:40<01:16, 10.93it/s]
[1A 92%|█████████▏| 10213/11052 [16:40<01:15, 11.10it/s]
[1A 92%|█████████▏| 10215/11052 [16:40<01:14, 11.20it/s]
[1A 92%|█████████▏| 10217/11052 [16:41<01:14, 11.17it/s]
[1A 92%|█████████▏| 10219/11052 [16:41<01:14, 11.22it/s]
[1A 92%|█████████▏| 10221/11052 [16:41<01:13, 11.23it/s]
[1A 92%|█████████▏| 10223/11052 [16:41<01:12, 11.36it/s]
[1A 93%|█████████▎| 10225/11052 [16:41<01:12, 11.35it/s]
[1A 93%|█████████▎| 10227/11052 [16:41<01:12, 11.31it/s]
[1A 93%|█████████▎| 10229/11052 [16:42<01:12, 11.28it/s]
[1A 93%|█████████▎| 10231/11052 [16:42<01:13, 11.23it/s]
[1A 93%|█████████▎| 10233/11052 [16:42<01:13, 11.09it/s]
[1A 93%|█████████▎| 10235/11052 [16:42<01:18, 10.47it/s]
[1A 93%|█████████▎| 10237/11052 [16:42<01:16, 10.67it/s]
[1A 93%|█████████▎| 10239/11052 [16:43<01:15, 10.78it/s]
[1A 93%|█████████▎| 10241/11052 [16:43<01:14, 10.92it/s]
[1A 93%|█████████▎| 10243/11052 [16:43<01:14, 10.90it/s]
[1A 93%|█████████▎| 10245/11052 [16:43<01:21,  9.91it/s]
[1A 93%|█████████▎| 10247/11052 [16:43<01:18, 10.27it/s]
[1A 93%|█████████▎| 10249/11052 [16:44<01:16, 10.56it/s]
[1A                                                     
{'loss': 0.1701, 'grad_norm': 19.941505432128906, 'learning_rate': 1.5537158259530228e-06, 'epoch': 2.78}
[1A
[1A 93%|█████████▎| 10250/11052 [16:44<01:15, 10.56it/s]
[1A 93%|█████████▎| 10251/11052 [16:44<01:14, 10.70it/s]
[1A 93%|█████████▎| 10253/11052 [16:44<01:13, 10.85it/s]
[1A 93%|█████████▎| 10255/11052 [16:44<01:12, 10.93it/s]
[1A 93%|█████████▎| 10257/11052 [16:44<01:11, 11.10it/s]
[1A 93%|█████████▎| 10259/11052 [16:44<01:11, 11.01it/s]
[1A 93%|█████████▎| 10261/11052 [16:45<01:11, 11.06it/s]
[1A 93%|█████████▎| 10263/11052 [16:45<01:11, 11.07it/s]
[1A 93%|█████████▎| 10265/11052 [16:45<01:13, 10.77it/s]
[1A 93%|█████████▎| 10267/11052 [16:45<01:11, 10.93it/s]
[1A 93%|█████████▎| 10269/11052 [16:45<01:10, 11.05it/s]
[1A 93%|█████████▎| 10271/11052 [16:45<01:10, 11.13it/s]
[1A 93%|█████████▎| 10273/11052 [16:46<01:09, 11.13it/s]
[1A 93%|█████████▎| 10275/11052 [16:46<01:13, 10.62it/s]
[1A 93%|█████████▎| 10277/11052 [16:46<01:11, 10.87it/s]
[1A 93%|█████████▎| 10279/11052 [16:46<01:11, 10.87it/s]
[1A 93%|█████████▎| 10281/11052 [16:46<01:10, 10.98it/s]
[1A 93%|█████████▎| 10283/11052 [16:47<01:09, 11.07it/s]
[1A 93%|█████████▎| 10285/11052 [16:47<01:08, 11.14it/s]
[1A 93%|█████████▎| 10287/11052 [16:47<01:10, 10.80it/s]
[1A 93%|█████████▎| 10289/11052 [16:47<01:09, 10.99it/s]
[1A 93%|█████████▎| 10291/11052 [16:47<01:08, 11.11it/s]
[1A 93%|█████████▎| 10293/11052 [16:47<01:08, 11.08it/s]
[1A 93%|█████████▎| 10295/11052 [16:48<01:07, 11.14it/s]
[1A 93%|█████████▎| 10297/11052 [16:48<01:07, 11.14it/s]
[1A 93%|█████████▎| 10299/11052 [16:48<01:08, 11.04it/s]
[1A                                                     
{'loss': 0.216, 'grad_norm': 1.3190735578536987, 'learning_rate': 1.457450904890258e-06, 'epoch': 2.8}
[1A
[1A 93%|█████████▎| 10300/11052 [16:48<01:08, 11.04it/s]
[1A 93%|█████████▎| 10301/11052 [16:48<01:08, 10.95it/s]
[1A 93%|█████████▎| 10303/11052 [16:48<01:08, 10.95it/s]
[1A 93%|█████████▎| 10305/11052 [16:49<01:11, 10.49it/s]
[1A 93%|█████████▎| 10307/11052 [16:49<01:09, 10.69it/s]
[1A 93%|█████████▎| 10309/11052 [16:49<01:12, 10.21it/s]
[1A 93%|█████████▎| 10311/11052 [16:49<01:10, 10.51it/s]
[1A 93%|█████████▎| 10313/11052 [16:49<01:09, 10.70it/s]
[1A 93%|█████████▎| 10315/11052 [16:50<01:08, 10.72it/s]
[1A 93%|█████████▎| 10317/11052 [16:50<01:12, 10.16it/s]
[1A 93%|█████████▎| 10319/11052 [16:50<01:09, 10.51it/s]
[1A 93%|█████████▎| 10321/11052 [16:50<01:07, 10.78it/s]
[1A 93%|█████████▎| 10323/11052 [16:50<01:06, 10.98it/s]
[1A 93%|█████████▎| 10325/11052 [16:50<01:05, 11.04it/s]
[1A 93%|█████████▎| 10327/11052 [16:51<01:05, 11.11it/s]
[1A 93%|█████████▎| 10329/11052 [16:51<01:04, 11.16it/s]
[1A 93%|█████████▎| 10331/11052 [16:51<01:04, 11.24it/s]
[1A 93%|█████████▎| 10333/11052 [16:51<01:03, 11.28it/s]
[1A 94%|█████████▎| 10335/11052 [16:51<01:03, 11.28it/s]
[1A 94%|█████████▎| 10337/11052 [16:52<01:02, 11.38it/s]
[1A 94%|█████████▎| 10339/11052 [16:52<01:04, 11.12it/s]
[1A 94%|█████████▎| 10341/11052 [16:52<01:04, 11.06it/s]
[1A 94%|█████████▎| 10343/11052 [16:52<01:03, 11.12it/s]
[1A 94%|█████████▎| 10345/11052 [16:52<01:03, 11.16it/s]
[1A 94%|█████████▎| 10347/11052 [16:52<01:04, 10.88it/s]
[1A 94%|█████████▎| 10349/11052 [16:53<01:03, 11.05it/s]
[1A                                                     
{'loss': 0.1528, 'grad_norm': 61.185420989990234, 'learning_rate': 1.3611859838274934e-06, 'epoch': 2.81}
[1A
[1A 94%|█████████▎| 10350/11052 [16:53<01:03, 11.05it/s]
[1A 94%|█████████▎| 10351/11052 [16:53<01:06, 10.58it/s]
[1A 94%|█████████▎| 10353/11052 [16:53<01:07, 10.31it/s]
[1A 94%|█████████▎| 10355/11052 [16:53<01:05, 10.64it/s]
[1A 94%|█████████▎| 10357/11052 [16:53<01:04, 10.83it/s]
[1A 94%|█████████▎| 10359/11052 [16:54<01:03, 10.99it/s]
[1A 94%|█████████▎| 10361/11052 [16:54<01:02, 11.07it/s]
[1A 94%|█████████▍| 10363/11052 [16:54<01:04, 10.61it/s]
[1A 94%|█████████▍| 10365/11052 [16:54<01:06, 10.33it/s]
[1A 94%|█████████▍| 10367/11052 [16:54<01:04, 10.65it/s]
[1A 94%|█████████▍| 10369/11052 [16:55<01:03, 10.78it/s]
[1A 94%|█████████▍| 10371/11052 [16:55<01:02, 10.98it/s]
[1A 94%|█████████▍| 10373/11052 [16:55<01:01, 11.08it/s]
[1A 94%|█████████▍| 10375/11052 [16:55<01:00, 11.23it/s]
[1A 94%|█████████▍| 10377/11052 [16:55<00:59, 11.32it/s]
[1A 94%|█████████▍| 10379/11052 [16:55<01:00, 11.20it/s]
[1A 94%|█████████▍| 10381/11052 [16:56<01:06, 10.12it/s]
[1A 94%|█████████▍| 10383/11052 [16:56<01:04, 10.33it/s]
[1A 94%|█████████▍| 10385/11052 [16:56<01:03, 10.49it/s]
[1A 94%|█████████▍| 10387/11052 [16:56<01:02, 10.72it/s]
[1A 94%|█████████▍| 10389/11052 [16:56<01:02, 10.55it/s]
[1A 94%|█████████▍| 10391/11052 [16:57<01:05, 10.02it/s]
[1A 94%|█████████▍| 10393/11052 [16:57<01:04, 10.29it/s]
[1A 94%|█████████▍| 10395/11052 [16:57<01:01, 10.60it/s]
[1A 94%|█████████▍| 10397/11052 [16:57<01:00, 10.81it/s]
[1A 94%|█████████▍| 10399/11052 [16:57<01:03, 10.34it/s]                       
{'loss': 0.2016, 'grad_norm': 11.758482933044434, 'learning_rate': 1.2649210627647288e-06, 'epoch': 2.82}
[1A
[1A 94%|█████████▍| 10400/11052 [16:57<01:03, 10.34it/s]
[1A 94%|█████████▍| 10401/11052 [16:58<01:01, 10.60it/s]
[1A 94%|█████████▍| 10403/11052 [16:58<00:59, 10.82it/s]
[1A 94%|█████████▍| 10405/11052 [16:58<01:00, 10.77it/s]
[1A 94%|█████████▍| 10407/11052 [16:58<00:58, 10.98it/s]
[1A 94%|█████████▍| 10409/11052 [16:58<00:58, 11.07it/s]
[1A 94%|█████████▍| 10411/11052 [16:58<01:01, 10.37it/s]
[1A 94%|█████████▍| 10413/11052 [16:59<01:00, 10.65it/s]
[1A 94%|█████████▍| 10415/11052 [16:59<00:58, 10.84it/s]
[1A 94%|█████████▍| 10417/11052 [16:59<00:57, 10.98it/s]
[1A 94%|█████████▍| 10419/11052 [16:59<00:57, 11.07it/s]
[1A 94%|█████████▍| 10421/11052 [16:59<00:59, 10.58it/s]
[1A 94%|█████████▍| 10423/11052 [17:00<00:58, 10.72it/s]
[1A 94%|█████████▍| 10425/11052 [17:00<01:04,  9.79it/s]
[1A 94%|█████████▍| 10426/11052 [17:00<01:05,  9.58it/s]
[1A 94%|█████████▍| 10428/11052 [17:00<01:03,  9.84it/s]
[1A 94%|█████████▍| 10430/11052 [17:00<01:03,  9.83it/s]
[1A 94%|█████████▍| 10432/11052 [17:01<01:03,  9.74it/s]
[1A 94%|█████████▍| 10434/11052 [17:01<01:00, 10.25it/s]
[1A 94%|█████████▍| 10436/11052 [17:01<00:58, 10.56it/s]
[1A 94%|█████████▍| 10438/11052 [17:01<00:56, 10.85it/s]
[1A 94%|█████████▍| 10440/11052 [17:01<00:55, 11.05it/s]
[1A 94%|█████████▍| 10442/11052 [17:01<00:54, 11.11it/s]
[1A 94%|█████████▍| 10444/11052 [17:02<00:54, 11.15it/s]
[1A 95%|█████████▍| 10446/11052 [17:02<00:54, 11.14it/s]
[1A 95%|█████████▍| 10448/11052 [17:02<00:53, 11.26it/s]
[1A 95%|█████████▍| 10450/11052 [17:02<00:53, 11.32it/s]
[1A                                                     
{'loss': 0.1665, 'grad_norm': 23.417400360107422, 'learning_rate': 1.168656141701964e-06, 'epoch': 2.84}
[1A
[1A 95%|█████████▍| 10450/11052 [17:02<00:53, 11.32it/s]
[1A 95%|█████████▍| 10452/11052 [17:02<00:52, 11.35it/s]
[1A 95%|█████████▍| 10454/11052 [17:02<00:53, 11.14it/s]
[1A 95%|█████████▍| 10456/11052 [17:03<00:53, 11.19it/s]
[1A 95%|█████████▍| 10458/11052 [17:03<00:52, 11.24it/s]
[1A 95%|█████████▍| 10460/11052 [17:03<00:53, 11.10it/s]
[1A 95%|█████████▍| 10462/11052 [17:03<00:52, 11.18it/s]
[1A 95%|█████████▍| 10464/11052 [17:03<00:53, 11.03it/s]
[1A 95%|█████████▍| 10466/11052 [17:04<00:52, 11.07it/s]
[1A 95%|█████████▍| 10468/11052 [17:04<00:52, 11.07it/s]
[1A 95%|█████████▍| 10470/11052 [17:04<00:52, 11.09it/s]
[1A 95%|█████████▍| 10472/11052 [17:04<00:57, 10.01it/s]
[1A 95%|█████████▍| 10474/11052 [17:04<00:57, 10.01it/s]
[1A 95%|█████████▍| 10476/11052 [17:05<00:55, 10.36it/s]
[1A 95%|█████████▍| 10478/11052 [17:05<00:53, 10.68it/s]
[1A 95%|█████████▍| 10480/11052 [17:05<00:52, 10.87it/s]
[1A 95%|█████████▍| 10482/11052 [17:05<00:56, 10.08it/s]
[1A 95%|█████████▍| 10484/11052 [17:05<00:54, 10.46it/s]
[1A 95%|█████████▍| 10486/11052 [17:05<00:55, 10.29it/s]
[1A 95%|█████████▍| 10488/11052 [17:06<00:56, 10.03it/s]
[1A 95%|█████████▍| 10490/11052 [17:06<00:56,  9.99it/s]
[1A 95%|█████████▍| 10492/11052 [17:06<00:54, 10.31it/s]
[1A 95%|█████████▍| 10494/11052 [17:06<00:56,  9.94it/s]
[1A 95%|█████████▍| 10496/11052 [17:06<00:54, 10.29it/s]
[1A 95%|█████████▍| 10498/11052 [17:07<00:52, 10.59it/s]
[1A 95%|█████████▌| 10500/11052 [17:07<00:54, 10.20it/s]                       
{'loss': 0.1804, 'grad_norm': 1.1841533184051514, 'learning_rate': 1.072391220639199e-06, 'epoch': 2.85}
[1A
[1A 95%|█████████▌| 10500/11052 [17:07<00:54, 10.20it/s]
[1A 95%|█████████▌| 10502/11052 [17:07<00:52, 10.50it/s]
[1A 95%|█████████▌| 10504/11052 [17:07<00:50, 10.75it/s]
[1A 95%|█████████▌| 10506/11052 [17:07<00:50, 10.80it/s]
[1A 95%|█████████▌| 10508/11052 [17:08<00:49, 10.97it/s]
[1A 95%|█████████▌| 10510/11052 [17:08<00:52, 10.40it/s]
[1A 95%|█████████▌| 10512/11052 [17:08<00:51, 10.43it/s]
[1A 95%|█████████▌| 10514/11052 [17:08<00:50, 10.67it/s]
[1A 95%|█████████▌| 10516/11052 [17:08<00:49, 10.85it/s]
[1A 95%|█████████▌| 10518/11052 [17:09<00:49, 10.89it/s]
[1A 95%|█████████▌| 10520/11052 [17:09<00:48, 10.95it/s]
[1A 95%|█████████▌| 10522/11052 [17:09<00:48, 11.00it/s]
[1A 95%|█████████▌| 10524/11052 [17:09<00:50, 10.55it/s]
[1A 95%|█████████▌| 10526/11052 [17:09<00:48, 10.76it/s]
[1A 95%|█████████▌| 10528/11052 [17:09<00:50, 10.48it/s]
[1A 95%|█████████▌| 10530/11052 [17:10<00:48, 10.72it/s]
[1A 95%|█████████▌| 10532/11052 [17:10<00:47, 10.87it/s]
[1A 95%|█████████▌| 10534/11052 [17:10<00:47, 11.02it/s]
[1A 95%|█████████▌| 10536/11052 [17:10<00:46, 11.10it/s]
[1A 95%|█████████▌| 10538/11052 [17:10<00:45, 11.19it/s]
[1A 95%|█████████▌| 10540/11052 [17:11<00:46, 11.12it/s]
[1A 95%|█████████▌| 10542/11052 [17:11<00:45, 11.20it/s]
[1A 95%|█████████▌| 10544/11052 [17:11<00:45, 11.26it/s]
[1A 95%|█████████▌| 10546/11052 [17:11<00:44, 11.30it/s]
[1A 95%|█████████▌| 10548/11052 [17:11<00:44, 11.30it/s]
[1A 95%|█████████▌| 10550/11052 [17:11<00:44, 11.27it/s]
[1A                                                     
{'loss': 0.1996, 'grad_norm': 14.278839111328125, 'learning_rate': 9.761262995764344e-07, 'epoch': 2.86}
[1A
[1A 95%|█████████▌| 10550/11052 [17:11<00:44, 11.27it/s]
[1A 95%|█████████▌| 10552/11052 [17:12<00:44, 11.29it/s]
[1A 95%|█████████▌| 10554/11052 [17:12<00:46, 10.67it/s]
[1A 96%|█████████▌| 10556/11052 [17:12<00:45, 10.86it/s]
[1A 96%|█████████▌| 10558/11052 [17:12<00:45, 10.95it/s]
[1A 96%|█████████▌| 10560/11052 [17:12<00:44, 11.06it/s]
[1A 96%|█████████▌| 10562/11052 [17:13<00:44, 10.91it/s]
[1A 96%|█████████▌| 10564/11052 [17:13<00:44, 11.03it/s]
[1A 96%|█████████▌| 10566/11052 [17:13<00:43, 11.05it/s]
[1A 96%|█████████▌| 10568/11052 [17:13<00:43, 11.09it/s]
[1A 96%|█████████▌| 10570/11052 [17:13<00:43, 11.12it/s]
[1A 96%|█████████▌| 10572/11052 [17:13<00:43, 11.15it/s]
[1A 96%|█████████▌| 10574/11052 [17:14<00:42, 11.15it/s]
[1A 96%|█████████▌| 10576/11052 [17:14<00:45, 10.49it/s]
[1A 96%|█████████▌| 10578/11052 [17:14<00:44, 10.72it/s]
[1A 96%|█████████▌| 10580/11052 [17:14<00:43, 10.84it/s]
[1A 96%|█████████▌| 10582/11052 [17:14<00:42, 10.99it/s]
[1A 96%|█████████▌| 10584/11052 [17:15<00:42, 10.99it/s]
[1A 96%|█████████▌| 10586/11052 [17:15<00:42, 10.87it/s]
[1A 96%|█████████▌| 10588/11052 [17:15<00:43, 10.61it/s]
[1A 96%|█████████▌| 10590/11052 [17:15<00:42, 10.75it/s]
[1A 96%|█████████▌| 10592/11052 [17:15<00:42, 10.90it/s]
[1A 96%|█████████▌| 10594/11052 [17:15<00:41, 10.97it/s]
[1A 96%|█████████▌| 10596/11052 [17:16<00:42, 10.66it/s]
[1A 96%|█████████▌| 10598/11052 [17:16<00:45,  9.99it/s]
[1A 96%|█████████▌| 10600/11052 [17:16<00:43, 10.37it/s]
[1A                                                     
{'loss': 0.139, 'grad_norm': 8.2527437210083, 'learning_rate': 8.798613785136696e-07, 'epoch': 2.88}
[1A
[1A 96%|█████████▌| 10600/11052 [17:16<00:43, 10.37it/s]
[1A 96%|█████████▌| 10602/11052 [17:16<00:42, 10.62it/s]
[1A 96%|█████████▌| 10604/11052 [17:16<00:41, 10.80it/s]
[1A 96%|█████████▌| 10606/11052 [17:17<00:40, 10.93it/s]
[1A 96%|█████████▌| 10608/11052 [17:17<00:41, 10.62it/s]
[1A 96%|█████████▌| 10610/11052 [17:17<00:42, 10.29it/s]
[1A 96%|█████████▌| 10612/11052 [17:17<00:41, 10.61it/s]
[1A 96%|█████████▌| 10614/11052 [17:17<00:40, 10.74it/s]
[1A 96%|█████████▌| 10616/11052 [17:18<00:40, 10.85it/s]
[1A 96%|█████████▌| 10618/11052 [17:18<00:39, 10.95it/s]
[1A 96%|█████████▌| 10620/11052 [17:18<00:39, 11.01it/s]
[1A 96%|█████████▌| 10622/11052 [17:18<00:38, 11.09it/s]
[1A 96%|█████████▌| 10624/11052 [17:18<00:39, 10.95it/s]
[1A 96%|█████████▌| 10626/11052 [17:18<00:38, 11.00it/s]
[1A 96%|█████████▌| 10628/11052 [17:19<00:38, 11.05it/s]
[1A 96%|█████████▌| 10630/11052 [17:19<00:37, 11.16it/s]
[1A 96%|█████████▌| 10632/11052 [17:19<00:37, 11.28it/s]
[1A 96%|█████████▌| 10634/11052 [17:19<00:37, 11.24it/s]
[1A 96%|█████████▌| 10636/11052 [17:19<00:37, 11.19it/s]
[1A 96%|█████████▋| 10638/11052 [17:19<00:36, 11.25it/s]
[1A 96%|█████████▋| 10640/11052 [17:20<00:36, 11.33it/s]
[1A 96%|█████████▋| 10642/11052 [17:20<00:36, 11.23it/s]
[1A 96%|█████████▋| 10644/11052 [17:20<00:39, 10.35it/s]
[1A 96%|█████████▋| 10646/11052 [17:20<00:38, 10.64it/s]
[1A 96%|█████████▋| 10648/11052 [17:20<00:37, 10.82it/s]
[1A 96%|█████████▋| 10650/11052 [17:21<00:36, 10.91it/s]
[1A                                                     
{'loss': 0.1341, 'grad_norm': 20.716096878051758, 'learning_rate': 7.83596457450905e-07, 'epoch': 2.89}
[1A
[1A 96%|█████████▋| 10650/11052 [17:21<00:36, 10.91it/s]
[1A 96%|█████████▋| 10652/11052 [17:21<00:37, 10.80it/s]
[1A 96%|█████████▋| 10654/11052 [17:21<00:36, 10.99it/s]
[1A 96%|█████████▋| 10656/11052 [17:21<00:35, 11.09it/s]
[1A 96%|█████████▋| 10658/11052 [17:21<00:35, 11.19it/s]
[1A 96%|█████████▋| 10660/11052 [17:22<00:35, 11.14it/s]
[1A 96%|█████████▋| 10662/11052 [17:22<00:34, 11.14it/s]
[1A 96%|█████████▋| 10664/11052 [17:22<00:34, 11.20it/s]
[1A 97%|█████████▋| 10666/11052 [17:22<00:35, 10.94it/s]
[1A 97%|█████████▋| 10668/11052 [17:22<00:35, 10.69it/s]
[1A 97%|█████████▋| 10670/11052 [17:22<00:35, 10.77it/s]
[1A 97%|█████████▋| 10672/11052 [17:23<00:34, 10.95it/s]
[1A 97%|█████████▋| 10674/11052 [17:23<00:34, 11.05it/s]
[1A 97%|█████████▋| 10676/11052 [17:23<00:33, 11.19it/s]
[1A 97%|█████████▋| 10678/11052 [17:23<00:33, 11.30it/s]
[1A 97%|█████████▋| 10680/11052 [17:23<00:32, 11.31it/s]
[1A 97%|█████████▋| 10682/11052 [17:23<00:32, 11.26it/s]
[1A 97%|█████████▋| 10684/11052 [17:24<00:33, 11.13it/s]
[1A 97%|█████████▋| 10686/11052 [17:24<00:32, 11.19it/s]
[1A 97%|█████████▋| 10688/11052 [17:24<00:32, 11.27it/s]
[1A 97%|█████████▋| 10690/11052 [17:24<00:32, 11.31it/s]
[1A 97%|█████████▋| 10692/11052 [17:24<00:31, 11.26it/s]
[1A 97%|█████████▋| 10694/11052 [17:25<00:31, 11.31it/s]
[1A 97%|█████████▋| 10696/11052 [17:25<00:31, 11.27it/s]
[1A 97%|█████████▋| 10698/11052 [17:25<00:32, 10.79it/s]
[1A 97%|█████████▋| 10700/11052 [17:25<00:32, 10.76it/s]
[1A                                                     
{'loss': 0.1388, 'grad_norm': 23.391708374023438, 'learning_rate': 6.873315363881403e-07, 'epoch': 2.9}
[1A
[1A 97%|█████████▋| 10700/11052 [17:25<00:32, 10.76it/s]
[1A 97%|█████████▋| 10702/11052 [17:25<00:32, 10.88it/s]
[1A 97%|█████████▋| 10704/11052 [17:25<00:31, 11.02it/s]
[1A 97%|█████████▋| 10706/11052 [17:26<00:32, 10.63it/s]
[1A 97%|█████████▋| 10708/11052 [17:26<00:31, 10.84it/s]
[1A 97%|█████████▋| 10710/11052 [17:26<00:31, 10.91it/s]
[1A 97%|█████████▋| 10712/11052 [17:26<00:32, 10.56it/s]
[1A 97%|█████████▋| 10714/11052 [17:26<00:32, 10.25it/s]
[1A 97%|█████████▋| 10716/11052 [17:27<00:31, 10.52it/s]
[1A 97%|█████████▋| 10718/11052 [17:27<00:31, 10.61it/s]
[1A 97%|█████████▋| 10720/11052 [17:27<00:30, 10.81it/s]
[1A 97%|█████████▋| 10722/11052 [17:27<00:31, 10.52it/s]
[1A 97%|█████████▋| 10724/11052 [17:27<00:30, 10.75it/s]
[1A 97%|█████████▋| 10726/11052 [17:28<00:30, 10.78it/s]
[1A 97%|█████████▋| 10728/11052 [17:28<00:29, 10.90it/s]
[1A 97%|█████████▋| 10730/11052 [17:28<00:29, 11.10it/s]
[1A 97%|█████████▋| 10732/11052 [17:28<00:29, 11.01it/s]
[1A 97%|█████████▋| 10734/11052 [17:28<00:28, 11.05it/s]
[1A 97%|█████████▋| 10736/11052 [17:28<00:28, 11.05it/s]
[1A 97%|█████████▋| 10738/11052 [17:29<00:28, 11.15it/s]
[1A 97%|█████████▋| 10740/11052 [17:29<00:27, 11.24it/s]
[1A 97%|█████████▋| 10742/11052 [17:29<00:27, 11.31it/s]
[1A 97%|█████████▋| 10744/11052 [17:29<00:27, 11.36it/s]
[1A 97%|█████████▋| 10746/11052 [17:29<00:26, 11.38it/s]
[1A 97%|█████████▋| 10748/11052 [17:30<00:26, 11.32it/s]
[1A 97%|█████████▋| 10750/11052 [17:30<00:27, 10.86it/s]
[1A                                                     
{'loss': 0.1674, 'grad_norm': 43.37610626220703, 'learning_rate': 5.910666153253755e-07, 'epoch': 2.92}
[1A
[1A 97%|█████████▋| 10750/11052 [17:30<00:27, 10.86it/s]
[1A 97%|█████████▋| 10752/11052 [17:30<00:28, 10.51it/s]
[1A 97%|█████████▋| 10754/11052 [17:30<00:32,  9.15it/s]
[1A 97%|█████████▋| 10756/11052 [17:30<00:30,  9.73it/s]
[1A 97%|█████████▋| 10758/11052 [17:31<00:29, 10.10it/s]
[1A 97%|█████████▋| 10760/11052 [17:31<00:27, 10.46it/s]
[1A 97%|█████████▋| 10762/11052 [17:31<00:28, 10.29it/s]
[1A 97%|█████████▋| 10764/11052 [17:31<00:27, 10.33it/s]
[1A 97%|█████████▋| 10766/11052 [17:31<00:27, 10.36it/s]
[1A 97%|█████████▋| 10768/11052 [17:32<00:30,  9.33it/s]
[1A 97%|█████████▋| 10770/11052 [17:32<00:28,  9.84it/s]
[1A 97%|█████████▋| 10772/11052 [17:32<00:27, 10.24it/s]
[1A 97%|█████████▋| 10774/11052 [17:32<00:26, 10.57it/s]
[1A 98%|█████████▊| 10776/11052 [17:32<00:25, 10.81it/s]
[1A 98%|█████████▊| 10778/11052 [17:32<00:25, 10.86it/s]
[1A 98%|█████████▊| 10780/11052 [17:33<00:25, 10.83it/s]
[1A 98%|█████████▊| 10782/11052 [17:33<00:24, 10.82it/s]
[1A 98%|█████████▊| 10784/11052 [17:33<00:24, 10.97it/s]
[1A 98%|█████████▊| 10786/11052 [17:33<00:23, 11.09it/s]
[1A 98%|█████████▊| 10788/11052 [17:33<00:23, 11.16it/s]
[1A 98%|█████████▊| 10790/11052 [17:34<00:23, 11.21it/s]
[1A 98%|█████████▊| 10792/11052 [17:34<00:23, 11.01it/s]
[1A 98%|█████████▊| 10794/11052 [17:34<00:24, 10.48it/s]
[1A 98%|█████████▊| 10796/11052 [17:34<00:24, 10.63it/s]
[1A 98%|█████████▊| 10798/11052 [17:34<00:23, 10.84it/s]
[1A 98%|█████████▊| 10800/11052 [17:34<00:23, 10.96it/s]
[1A                                                     
{'loss': 0.1828, 'grad_norm': 3.2692131996154785, 'learning_rate': 4.948016942626107e-07, 'epoch': 2.93}
[1A
[1A 98%|█████████▊| 10800/11052 [17:35<00:23, 10.96it/s]
[1A 98%|█████████▊| 10802/11052 [17:35<00:21, 11.82it/s]
[1A 98%|█████████▊| 10804/11052 [17:35<00:21, 11.72it/s]
[1A 98%|█████████▊| 10806/11052 [17:35<00:21, 11.64it/s]
[1A 98%|█████████▊| 10808/11052 [17:35<00:20, 11.62it/s]
[1A 98%|█████████▊| 10810/11052 [17:35<00:22, 10.58it/s]
[1A 98%|█████████▊| 10812/11052 [17:36<00:23, 10.14it/s]
[1A 98%|█████████▊| 10814/11052 [17:36<00:22, 10.46it/s]
[1A 98%|█████████▊| 10816/11052 [17:36<00:22, 10.69it/s]
[1A 98%|█████████▊| 10818/11052 [17:36<00:21, 10.69it/s]
[1A 98%|█████████▊| 10820/11052 [17:36<00:22, 10.31it/s]
[1A 98%|█████████▊| 10822/11052 [17:37<00:21, 10.56it/s]
[1A 98%|█████████▊| 10824/11052 [17:37<00:21, 10.80it/s]
[1A 98%|█████████▊| 10826/11052 [17:37<00:20, 10.91it/s]
[1A 98%|█████████▊| 10828/11052 [17:37<00:20, 11.05it/s]
[1A 98%|█████████▊| 10830/11052 [17:37<00:19, 11.17it/s]
[1A 98%|█████████▊| 10832/11052 [17:37<00:19, 11.13it/s]
[1A 98%|█████████▊| 10834/11052 [17:38<00:19, 11.21it/s]
[1A 98%|█████████▊| 10836/11052 [17:38<00:19, 11.24it/s]
[1A 98%|█████████▊| 10838/11052 [17:38<00:18, 11.28it/s]
[1A 98%|█████████▊| 10840/11052 [17:38<00:18, 11.32it/s]
[1A 98%|█████████▊| 10842/11052 [17:38<00:18, 11.36it/s]
[1A 98%|█████████▊| 10844/11052 [17:38<00:18, 11.28it/s]
[1A 98%|█████████▊| 10846/11052 [17:39<00:18, 11.28it/s]
[1A 98%|█████████▊| 10848/11052 [17:39<00:18, 11.09it/s]
[1A 98%|█████████▊| 10850/11052 [17:39<00:18, 11.04it/s]
[1A                                                     
{'loss': 0.1854, 'grad_norm': 0.5786871910095215, 'learning_rate': 4.004620716211013e-07, 'epoch': 2.95}
[1A
[1A 98%|█████████▊| 10850/11052 [17:39<00:18, 11.04it/s]
[1A 98%|█████████▊| 10852/11052 [17:39<00:18, 11.05it/s]
[1A 98%|█████████▊| 10854/11052 [17:39<00:18, 10.79it/s]
[1A 98%|█████████▊| 10856/11052 [17:40<00:17, 10.96it/s]
[1A 98%|█████████▊| 10858/11052 [17:40<00:17, 11.08it/s]
[1A 98%|█████████▊| 10860/11052 [17:40<00:17, 11.22it/s]
[1A 98%|█████████▊| 10862/11052 [17:40<00:16, 11.27it/s]
[1A 98%|█████████▊| 10864/11052 [17:40<00:16, 11.22it/s]
[1A 98%|█████████▊| 10866/11052 [17:40<00:16, 11.23it/s]
[1A 98%|█████████▊| 10868/11052 [17:41<00:16, 11.25it/s]
[1A 98%|█████████▊| 10870/11052 [17:41<00:16, 11.33it/s]
[1A 98%|█████████▊| 10872/11052 [17:41<00:15, 11.37it/s]
[1A 98%|█████████▊| 10874/11052 [17:41<00:15, 11.33it/s]
[1A 98%|█████████▊| 10876/11052 [17:41<00:15, 11.31it/s]
[1A 98%|█████████▊| 10878/11052 [17:41<00:15, 11.29it/s]
[1A 98%|█████████▊| 10880/11052 [17:42<00:15, 10.95it/s]
[1A 98%|█████████▊| 10882/11052 [17:42<00:15, 11.05it/s]
[1A 98%|█████████▊| 10884/11052 [17:42<00:15, 11.16it/s]
[1A 98%|█████████▊| 10886/11052 [17:42<00:14, 11.21it/s]
[1A 99%|█████████▊| 10888/11052 [17:42<00:14, 10.95it/s]
[1A 99%|█████████▊| 10890/11052 [17:43<00:14, 11.07it/s]
[1A 99%|█████████▊| 10892/11052 [17:43<00:15, 10.62it/s]
[1A 99%|█████████▊| 10894/11052 [17:43<00:14, 10.66it/s]
[1A 99%|█████████▊| 10896/11052 [17:43<00:14, 10.86it/s]
[1A 99%|█████████▊| 10898/11052 [17:43<00:13, 11.01it/s]
[1A 99%|█████████▊| 10900/11052 [17:44<00:13, 10.95it/s]
[1A                                                     
{'loss': 0.178, 'grad_norm': 13.195834159851074, 'learning_rate': 3.0419715055833656e-07, 'epoch': 2.96}
[1A
[1A 99%|█████████▊| 10900/11052 [17:44<00:13, 10.95it/s]
[1A 99%|█████████▊| 10902/11052 [17:44<00:13, 10.85it/s]
[1A 99%|█████████▊| 10904/11052 [17:44<00:13, 10.63it/s]
[1A 99%|█████████▊| 10906/11052 [17:44<00:13, 10.80it/s]
[1A 99%|█████████▊| 10908/11052 [17:44<00:13, 10.98it/s]
[1A 99%|█████████▊| 10910/11052 [17:44<00:12, 10.99it/s]
[1A 99%|█████████▊| 10912/11052 [17:45<00:12, 11.03it/s]
[1A 99%|█████████▉| 10914/11052 [17:45<00:12, 11.16it/s]
[1A 99%|█████████▉| 10916/11052 [17:45<00:12, 11.21it/s]
[1A 99%|█████████▉| 10918/11052 [17:45<00:12, 11.03it/s]
[1A 99%|█████████▉| 10920/11052 [17:45<00:11, 11.02it/s]
[1A 99%|█████████▉| 10922/11052 [17:46<00:11, 11.15it/s]
[1A 99%|█████████▉| 10924/11052 [17:46<00:11, 11.22it/s]
[1A 99%|█████████▉| 10926/11052 [17:46<00:11, 11.26it/s]
[1A 99%|█████████▉| 10928/11052 [17:46<00:10, 11.31it/s]
[1A 99%|█████████▉| 10930/11052 [17:46<00:11, 10.87it/s]
[1A 99%|█████████▉| 10932/11052 [17:46<00:11, 10.87it/s]
[1A 99%|█████████▉| 10934/11052 [17:47<00:10, 10.79it/s]
[1A 99%|█████████▉| 10936/11052 [17:47<00:11,  9.82it/s]
[1A 99%|█████████▉| 10938/11052 [17:47<00:11,  9.59it/s]
[1A 99%|█████████▉| 10940/11052 [17:47<00:11, 10.10it/s]
[1A 99%|█████████▉| 10942/11052 [17:47<00:10, 10.38it/s]
[1A 99%|█████████▉| 10944/11052 [17:48<00:10, 10.65it/s]
[1A 99%|█████████▉| 10946/11052 [17:48<00:09, 10.80it/s]
[1A 99%|█████████▉| 10948/11052 [17:48<00:09, 10.94it/s]
[1A 99%|█████████▉| 10950/11052 [17:48<00:09, 11.05it/s]
[1A                                                     
{'loss': 0.1687, 'grad_norm': 7.997220516204834, 'learning_rate': 2.0793222949557184e-07, 'epoch': 2.97}
[1A
[1A 99%|█████████▉| 10950/11052 [17:48<00:09, 11.05it/s]
[1A 99%|█████████▉| 10952/11052 [17:48<00:09, 11.10it/s]
[1A 99%|█████████▉| 10954/11052 [17:49<00:08, 11.09it/s]
[1A 99%|█████████▉| 10956/11052 [17:49<00:08, 11.15it/s]
[1A 99%|█████████▉| 10958/11052 [17:49<00:08, 11.22it/s]
[1A 99%|█████████▉| 10960/11052 [17:49<00:08, 10.98it/s]
[1A 99%|█████████▉| 10962/11052 [17:49<00:08, 11.11it/s]
[1A 99%|█████████▉| 10964/11052 [17:49<00:07, 11.11it/s]
[1A 99%|█████████▉| 10966/11052 [17:50<00:08, 10.57it/s]
[1A 99%|█████████▉| 10968/11052 [17:50<00:08, 10.27it/s]
[1A 99%|█████████▉| 10970/11052 [17:50<00:07, 10.50it/s]
[1A 99%|█████████▉| 10972/11052 [17:50<00:07, 10.65it/s]
[1A 99%|█████████▉| 10974/11052 [17:50<00:07, 10.75it/s]
[1A 99%|█████████▉| 10976/11052 [17:51<00:07, 10.81it/s]
[1A 99%|█████████▉| 10978/11052 [17:51<00:07, 10.43it/s]
[1A 99%|█████████▉| 10980/11052 [17:51<00:06, 10.61it/s]
[1A 99%|█████████▉| 10982/11052 [17:51<00:06, 10.72it/s]
[1A 99%|█████████▉| 10984/11052 [17:51<00:06, 10.85it/s]
[1A 99%|█████████▉| 10986/11052 [17:51<00:06, 10.97it/s]
[1A 99%|█████████▉| 10988/11052 [17:52<00:05, 11.06it/s]
[1A 99%|█████████▉| 10990/11052 [17:52<00:05, 11.00it/s]
[1A 99%|█████████▉| 10992/11052 [17:52<00:05, 10.29it/s]
[1A 99%|█████████▉| 10994/11052 [17:52<00:05, 10.29it/s]
[1A 99%|█████████▉| 10996/11052 [17:52<00:05, 10.53it/s]
[1A100%|█████████▉| 10998/11052 [17:53<00:05, 10.72it/s]
[1A100%|█████████▉| 11000/11052 [17:53<00:04, 10.94it/s]
[1A                                                     
{'loss': 0.1492, 'grad_norm': 29.45560646057129, 'learning_rate': 1.116673084328071e-07, 'epoch': 2.99}
[1A
[1A100%|█████████▉| 11000/11052 [17:53<00:04, 10.94it/s]
[1A100%|█████████▉| 11002/11052 [17:53<00:04, 11.02it/s]
[1A100%|█████████▉| 11004/11052 [17:53<00:04, 11.15it/s]
[1A100%|█████████▉| 11006/11052 [17:53<00:04, 11.26it/s]
[1A100%|█████████▉| 11008/11052 [17:53<00:03, 11.21it/s]
[1A100%|█████████▉| 11010/11052 [17:54<00:03, 10.66it/s]
[1A100%|█████████▉| 11012/11052 [17:54<00:03, 10.78it/s]
[1A100%|█████████▉| 11014/11052 [17:54<00:03, 10.88it/s]
[1A100%|█████████▉| 11016/11052 [17:54<00:03, 10.83it/s]
[1A100%|█████████▉| 11018/11052 [17:54<00:03, 10.97it/s]
[1A100%|█████████▉| 11020/11052 [17:55<00:02, 11.06it/s]
[1A100%|█████████▉| 11022/11052 [17:55<00:02, 11.14it/s]
[1A100%|█████████▉| 11024/11052 [17:55<00:02, 11.25it/s]
[1A100%|█████████▉| 11026/11052 [17:55<00:02, 11.28it/s]
[1A100%|█████████▉| 11028/11052 [17:55<00:02, 11.36it/s]
[1A100%|█████████▉| 11030/11052 [17:55<00:01, 11.38it/s]
[1A100%|█████████▉| 11032/11052 [17:56<00:01, 11.04it/s]
[1A100%|█████████▉| 11034/11052 [17:56<00:01, 10.90it/s]
[1A100%|█████████▉| 11036/11052 [17:56<00:01, 10.82it/s]
[1A100%|█████████▉| 11038/11052 [17:56<00:01, 10.14it/s]
[1A100%|█████████▉| 11040/11052 [17:56<00:01, 10.37it/s]
[1A100%|█████████▉| 11042/11052 [17:57<00:00, 10.12it/s]
[1A100%|█████████▉| 11044/11052 [17:57<00:00, 10.30it/s]
[1A100%|█████████▉| 11046/11052 [17:57<00:00, 10.32it/s]
[1A100%|█████████▉| 11048/11052 [17:57<00:00, 10.06it/s]
[1A100%|█████████▉| 11050/11052 [17:58<00:00,  9.15it/s]
[1A                                                     
{'loss': 0.1951, 'grad_norm': 5.180914402008057, 'learning_rate': 1.5402387370042356e-08, 'epoch': 3.0}
[1A
[1A100%|█████████▉| 11050/11052 [17:58<00:00,  9.15it/s]
[1A100%|██████████| 11052/11052 [17:58<00:00,  9.50it/s]

[1A  0%|          | 0/487 [00:00<?, ?it/s][A

[1A
[1A  1%|          | 5/487 [00:00<00:09, 49.73it/s][A

[1A
[1A  2%|▏         | 10/487 [00:00<00:10, 44.96it/s][A

[1A
[1A  3%|▎         | 15/487 [00:00<00:11, 41.99it/s][A

[1A
[1A  4%|▍         | 20/487 [00:00<00:10, 44.59it/s][A

[1A
[1A  5%|▌         | 25/487 [00:00<00:11, 40.42it/s][A

[1A
[1A  6%|▌         | 30/487 [00:00<00:11, 38.15it/s][A

[1A
[1A  7%|▋         | 34/487 [00:00<00:13, 32.49it/s][A

[1A
[1A  8%|▊         | 40/487 [00:01<00:12, 36.99it/s][A

[1A
[1A  9%|▉         | 45/487 [00:01<00:11, 38.10it/s][A

[1A
[1A 10%|█         | 51/487 [00:01<00:10, 42.72it/s][A

[1A
[1A 12%|█▏        | 57/487 [00:01<00:09, 45.74it/s][A

[1A
[1A 13%|█▎        | 62/487 [00:01<00:09, 46.60it/s][A

[1A
[1A 14%|█▍        | 68/487 [00:01<00:08, 49.60it/s][A

[1A
[1A 15%|█▌        | 74/487 [00:01<00:09, 43.77it/s][A

[1A
[1A 16%|█▌        | 79/487 [00:01<00:09, 40.96it/s][A

[1A
[1A 17%|█▋        | 84/487 [00:02<00:09, 41.75it/s][A

[1A
[1A 18%|█▊        | 89/487 [00:02<00:09, 42.06it/s][A

[1A
[1A 19%|█▉        | 94/487 [00:02<00:10, 36.15it/s][A

[1A
[1A 20%|██        | 98/487 [00:02<00:10, 35.91it/s][A

[1A
[1A 21%|██        | 102/487 [00:02<00:12, 31.59it/s][A

[1A
[1A 22%|██▏       | 107/487 [00:02<00:11, 33.55it/s][A

[1A
[1A 23%|██▎       | 112/487 [00:02<00:10, 36.67it/s][A

[1A
[1A 24%|██▍       | 118/487 [00:02<00:09, 40.82it/s][A

[1A
[1A 25%|██▌       | 123/487 [00:03<00:08, 40.50it/s][A

[1A
[1A 26%|██▋       | 128/487 [00:03<00:09, 37.99it/s][A

[1A
[1A 28%|██▊       | 134/487 [00:03<00:08, 43.28it/s][A

[1A
[1A 29%|██▊       | 139/487 [00:03<00:08, 42.56it/s][A

[1A
[1A 30%|██▉       | 144/487 [00:03<00:09, 37.83it/s][A

[1A
[1A 30%|███       | 148/487 [00:03<00:09, 34.19it/s][A

[1A
[1A 31%|███▏      | 153/487 [00:03<00:08, 37.60it/s][A

[1A
[1A 32%|███▏      | 157/487 [00:04<00:09, 35.47it/s][A

[1A
[1A 33%|███▎      | 161/487 [00:04<00:08, 36.34it/s][A

[1A
[1A 34%|███▍      | 165/487 [00:04<00:09, 34.74it/s][A

[1A
[1A 35%|███▍      | 170/487 [00:04<00:08, 37.59it/s][A

[1A
[1A 36%|███▌      | 174/487 [00:04<00:08, 37.41it/s][A

[1A 37%|███▋      | 180/487 [00:04<00:07, 41.47it/s][A

[1A
[1A 38%|███▊      | 185/487 [00:04<00:09, 30.92it/s][A

[1A
[1A 39%|███▉      | 189/487 [00:04<00:09, 31.08it/s][A

[1A
[1A 40%|███▉      | 193/487 [00:05<00:09, 31.96it/s][A

[1A
[1A 40%|████      | 197/487 [00:05<00:08, 33.72it/s][A

[1A
[1A 41%|████▏     | 201/487 [00:05<00:08, 33.39it/s][A

[1A
[1A 42%|████▏     | 205/487 [00:05<00:08, 32.76it/s][A

[1A
[1A 43%|████▎     | 210/487 [00:05<00:07, 35.16it/s][A

[1A
[1A 44%|████▍     | 215/487 [00:05<00:07, 38.07it/s][A

[1A
[1A 45%|████▌     | 220/487 [00:05<00:06, 39.44it/s][A

[1A
[1A 46%|████▌     | 225/487 [00:05<00:07, 35.16it/s][A

[1A
[1A 47%|████▋     | 230/487 [00:06<00:06, 36.86it/s][A

[1A
[1A 48%|████▊     | 234/487 [00:06<00:06, 37.37it/s][A

[1A
[1A 49%|████▉     | 239/487 [00:06<00:06, 40.03it/s][A

[1A
[1A 50%|█████     | 244/487 [00:06<00:06, 39.19it/s][A

[1A
[1A 51%|█████     | 249/487 [00:06<00:06, 38.64it/s][A

[1A
[1A 52%|█████▏    | 253/487 [00:06<00:06, 37.95it/s][A

[1A
[1A 53%|█████▎    | 257/487 [00:06<00:06, 36.23it/s][A

[1A
[1A 54%|█████▎    | 261/487 [00:06<00:06, 35.19it/s][A

[1A
[1A 55%|█████▍    | 266/487 [00:07<00:05, 37.12it/s][A

[1A
[1A 56%|█████▌    | 272/487 [00:07<00:05, 42.20it/s][A

[1A
[1A 57%|█████▋    | 277/487 [00:07<00:05, 35.81it/s][A

[1A
[1A 58%|█████▊    | 282/487 [00:07<00:05, 36.96it/s][A

[1A
[1A 59%|█████▊    | 286/487 [00:07<00:05, 35.64it/s][A

[1A
[1A 60%|██████    | 293/487 [00:07<00:04, 42.49it/s][A

[1A
[1A 61%|██████    | 298/487 [00:07<00:04, 39.83it/s][A

[1A
[1A 62%|██████▏   | 303/487 [00:07<00:04, 41.77it/s][A

[1A
[1A 63%|██████▎   | 308/487 [00:08<00:04, 36.51it/s][A

[1A
[1A 64%|██████▍   | 313/487 [00:08<00:04, 37.39it/s][A

[1A
[1A 65%|██████▌   | 317/487 [00:08<00:04, 36.74it/s][A

[1A
[1A 66%|██████▌   | 322/487 [00:08<00:04, 39.04it/s][A

[1A
[1A 67%|██████▋   | 326/487 [00:08<00:04, 37.65it/s][A

[1A
[1A 68%|██████▊   | 331/487 [00:08<00:04, 38.68it/s][A

[1A
[1A 69%|██████▉   | 336/487 [00:08<00:03, 41.55it/s][A

[1A
[1A 70%|███████   | 341/487 [00:08<00:03, 39.39it/s][A

[1A
[1A 71%|███████   | 346/487 [00:09<00:03, 40.63it/s][A

[1A
[1A 72%|███████▏  | 351/487 [00:09<00:03, 40.02it/s][A

[1A
[1A 73%|███████▎  | 356/487 [00:09<00:03, 42.20it/s][A

[1A
[1A 74%|███████▍  | 361/487 [00:09<00:02, 44.12it/s][A

[1A
[1A 75%|███████▌  | 366/487 [00:09<00:02, 42.86it/s][A

[1A
[1A 76%|███████▌  | 371/487 [00:09<00:02, 40.69it/s][A

[1A
[1A 77%|███████▋  | 376/487 [00:09<00:02, 38.10it/s][A

[1A
[1A 78%|███████▊  | 380/487 [00:09<00:02, 37.96it/s][A

[1A
[1A 79%|███████▉  | 385/487 [00:10<00:02, 38.74it/s][A

[1A
[1A 80%|███████▉  | 389/487 [00:10<00:02, 36.46it/s][A

[1A
[1A 81%|████████  | 393/487 [00:10<00:02, 34.49it/s][A

[1A
[1A 82%|████████▏ | 399/487 [00:10<00:02, 37.81it/s][A

[1A
[1A 83%|████████▎ | 403/487 [00:10<00:02, 34.82it/s][A

[1A
[1A 84%|████████▎ | 407/487 [00:10<00:02, 36.06it/s][A

[1A
[1A 84%|████████▍ | 411/487 [00:10<00:02, 33.34it/s][A

[1A
[1A 85%|████████▌ | 416/487 [00:10<00:01, 35.57it/s][A

[1A
[1A 86%|████████▋ | 421/487 [00:11<00:01, 38.75it/s][A

[1A
[1A 87%|████████▋ | 425/487 [00:11<00:01, 37.51it/s][A

[1A
[1A 89%|████████▊ | 431/487 [00:11<00:01, 39.23it/s][A

[1A
[1A 89%|████████▉ | 435/487 [00:11<00:01, 38.21it/s][A

[1A
[1A 90%|█████████ | 439/487 [00:11<00:01, 38.18it/s][A

[1A
[1A 91%|█████████ | 444/487 [00:11<00:01, 40.77it/s][A

[1A
[1A 92%|█████████▏| 449/487 [00:11<00:00, 42.92it/s][A

[1A 93%|█████████▎| 454/487 [00:11<00:00, 39.35it/s][A

[1A
[1A 94%|█████████▍| 459/487 [00:12<00:00, 35.10it/s][A

[1A 95%|█████████▌| 463/487 [00:12<00:00, 28.83it/s][A

[1A
[1A 96%|█████████▌| 467/487 [00:12<00:00, 28.70it/s][A

[1A
[1A 97%|█████████▋| 472/487 [00:12<00:00, 32.79it/s][A

[1A
[1A 98%|█████████▊| 476/487 [00:12<00:00, 29.26it/s][A

[1A
[1A 99%|█████████▊| 480/487 [00:12<00:00, 26.15it/s][A

[1A
[1A 99%|█████████▉| 483/487 [00:12<00:00, 26.91it/s][A

[1A
[1A100%|█████████▉| 486/487 [00:13<00:00, 22.80it/s][A
[1A                                                     
[1A

[1A                                                 
{'eval_loss': 0.43770864605903625, 'eval_accuracy': 0.8609845324433605, 'eval_f1_macro': 0.8590679434538017, 'eval_precision_macro': 0.859749539172882, 'eval_recall_macro': 0.8584851240333682, 'eval_runtime': 13.2565, 'eval_samples_per_second': 1175.348, 'eval_steps_per_second': 36.737, 'epoch': 3.0}
[1A[A
[1A100%|██████████| 11052/11052 [18:15<00:00,  9.50it/s]

[1A
[1A100%|██████████| 487/487 [00:13<00:00, 22.80it/s][A

[1A
[1A                                                 [A
[1A                                                     
{'train_runtime': 1102.0183, 'train_samples_per_second': 160.421, 'train_steps_per_second': 10.029, 'train_loss': 0.25057303683290955, 'epoch': 3.0}
[1A
[1A100%|██████████| 11052/11052 [18:22<00:00,  9.50it/s]
[1A100%|██████████| 11052/11052 [18:22<00:00, 10.03it/s]
train: {'train_runtime': 1102.0183, 'train_samples_per_second': 160.421, 'train_steps_per_second': 10.029, 'total_flos': 2068691275422660.0, 'train_loss': 0.25057303683290955, 'epoch': 3.0}

[1A  0%|          | 0/487 [00:00<?, ?it/s]
[1A  1%|          | 6/487 [00:00<00:09, 50.13it/s]
[1A  2%|▏         | 12/487 [00:00<00:10, 46.13it/s]
[1A  3%|▎         | 17/487 [00:00<00:10, 43.42it/s]
[1A  5%|▍         | 22/487 [00:00<00:10, 45.29it/s]
[1A  6%|▌         | 27/487 [00:00<00:11, 39.22it/s]
[1A  7%|▋         | 32/487 [00:00<00:14, 31.92it/s]
[1A  8%|▊         | 38/487 [00:00<00:11, 38.42it/s]
[1A  9%|▉         | 43/487 [00:01<00:11, 39.63it/s]
[1A 10%|▉         | 48/487 [00:01<00:10, 40.41it/s]
[1A 11%|█         | 54/487 [00:01<00:09, 43.97it/s]
[1A 12%|█▏        | 60/487 [00:01<00:09, 47.21it/s]
[1A 13%|█▎        | 65/487 [00:01<00:08, 47.92it/s]
[1A 15%|█▍        | 71/487 [00:01<00:08, 47.48it/s]
[1A 16%|█▌        | 76/487 [00:01<00:09, 43.09it/s]
[1A 17%|█▋        | 81/487 [00:01<00:10, 39.47it/s]
[1A 18%|█▊        | 87/487 [00:02<00:09, 42.12it/s]
[1A 19%|█▉        | 92/487 [00:02<00:09, 42.65it/s]
[1A 20%|██        | 98/487 [00:02<00:08, 44.04it/s]
[1A 21%|██        | 103/487 [00:02<00:10, 38.05it/s]
[1A 22%|██▏       | 107/487 [00:02<00:10, 37.86it/s]
[1A 23%|██▎       | 112/487 [00:02<00:09, 40.07it/s]
[1A 24%|██▍       | 118/487 [00:02<00:08, 43.39it/s]
[1A 25%|██▌       | 123/487 [00:02<00:08, 41.82it/s]
[1A 26%|██▋       | 128/487 [00:03<00:09, 39.08it/s]
[1A 28%|██▊       | 135/487 [00:03<00:07, 44.68it/s]
[1A 29%|██▊       | 140/487 [00:03<00:08, 42.04it/s]
[1A 30%|██▉       | 145/487 [00:03<00:09, 37.64it/s]
[1A 31%|███       | 149/487 [00:03<00:09, 35.56it/s]
[1A 32%|███▏      | 154/487 [00:03<00:08, 38.52it/s]
[1A 32%|███▏      | 158/487 [00:03<00:08, 36.57it/s]
[1A 33%|███▎      | 162/487 [00:04<00:09, 34.61it/s]
[1A 34%|███▍      | 167/487 [00:04<00:08, 36.86it/s]
[1A 35%|███▌      | 172/487 [00:04<00:08, 38.66it/s]
[1A 36%|███▌      | 176/487 [00:04<00:07, 38.98it/s]
[1A 37%|███▋      | 182/487 [00:04<00:07, 42.51it/s]
[1A 38%|███▊      | 187/487 [00:04<00:09, 32.93it/s]
[1A 39%|███▉      | 192/487 [00:04<00:08, 33.94it/s]
[1A 41%|████      | 198/487 [00:04<00:07, 38.56it/s]
[1A 42%|████▏     | 203/487 [00:05<00:08, 34.53it/s]
[1A 43%|████▎     | 208/487 [00:05<00:07, 37.01it/s]
[1A 44%|████▎     | 213/487 [00:05<00:06, 40.01it/s]
[1A 45%|████▍     | 218/487 [00:05<00:06, 40.37it/s]
[1A 46%|████▌     | 223/487 [00:05<00:07, 36.59it/s]
[1A 47%|████▋     | 227/487 [00:05<00:07, 35.15it/s]
[1A 48%|████▊     | 232/487 [00:05<00:06, 37.74it/s]
[1A 49%|████▉     | 238/487 [00:05<00:06, 40.95it/s]
[1A 50%|████▉     | 243/487 [00:06<00:06, 38.72it/s]
[1A 51%|█████     | 248/487 [00:06<00:05, 39.94it/s]
[1A 52%|█████▏    | 253/487 [00:06<00:06, 38.66it/s]
[1A 53%|█████▎    | 257/487 [00:06<00:06, 36.94it/s]
[1A 54%|█████▎    | 261/487 [00:06<00:06, 35.57it/s]
[1A 55%|█████▍    | 266/487 [00:06<00:05, 37.36it/s]
[1A 56%|█████▌    | 272/487 [00:06<00:05, 42.16it/s]
[1A 57%|█████▋    | 277/487 [00:07<00:05, 35.37it/s]
[1A 58%|█████▊    | 282/487 [00:07<00:05, 36.56it/s]
[1A 59%|█████▊    | 286/487 [00:07<00:05, 35.36it/s]
[1A 60%|██████    | 293/487 [00:07<00:04, 42.26it/s]
[1A 61%|██████    | 298/487 [00:07<00:04, 39.76it/s]
[1A 62%|██████▏   | 303/487 [00:07<00:04, 41.62it/s]
[1A 63%|██████▎   | 308/487 [00:07<00:04, 35.97it/s]
[1A 64%|██████▍   | 313/487 [00:07<00:04, 36.97it/s]
[1A 65%|██████▌   | 317/487 [00:08<00:04, 36.40it/s]
[1A 66%|██████▌   | 322/487 [00:08<00:04, 38.38it/s]
[1A 67%|██████▋   | 326/487 [00:08<00:04, 36.90it/s]
[1A 68%|██████▊   | 331/487 [00:08<00:04, 38.26it/s]
[1A 69%|██████▉   | 336/487 [00:08<00:03, 41.27it/s]
[1A 70%|███████   | 341/487 [00:08<00:03, 39.24it/s]
[1A 71%|███████   | 346/487 [00:08<00:03, 40.60it/s]
[1A 72%|███████▏  | 351/487 [00:08<00:03, 39.92it/s]
[1A 73%|███████▎  | 356/487 [00:09<00:03, 41.91it/s]
[1A 74%|███████▍  | 361/487 [00:09<00:02, 43.83it/s]
[1A 75%|███████▌  | 366/487 [00:09<00:02, 42.72it/s]
[1A 76%|███████▌  | 371/487 [00:09<00:02, 40.52it/s]
[1A 77%|███████▋  | 376/487 [00:09<00:02, 37.89it/s]
[1A 78%|███████▊  | 380/487 [00:09<00:02, 37.63it/s]
[1A 79%|███████▉  | 385/487 [00:09<00:02, 38.17it/s]
[1A 80%|███████▉  | 389/487 [00:09<00:02, 36.16it/s]
[1A 81%|████████  | 393/487 [00:10<00:02, 34.11it/s]
[1A 82%|████████▏ | 398/487 [00:10<00:02, 37.92it/s]
[1A 83%|████████▎ | 402/487 [00:10<00:02, 32.89it/s]
[1A 84%|████████▎ | 407/487 [00:10<00:02, 35.56it/s]
[1A 84%|████████▍ | 411/487 [00:10<00:02, 32.82it/s]
[1A 85%|████████▌ | 416/487 [00:10<00:02, 35.27it/s]
[1A 86%|████████▋ | 421/487 [00:10<00:01, 38.37it/s]
[1A 87%|████████▋ | 425/487 [00:10<00:01, 37.06it/s]
[1A 89%|████████▊ | 431/487 [00:11<00:01, 38.97it/s]
[1A 89%|████████▉ | 435/487 [00:11<00:01, 37.83it/s]
[1A 90%|█████████ | 439/487 [00:11<00:01, 37.53it/s]
[1A 91%|█████████ | 444/487 [00:11<00:01, 40.40it/s]
[1A 92%|█████████▏| 450/487 [00:11<00:00, 43.68it/s]
[1A 94%|█████████▎| 456/487 [00:11<00:00, 43.59it/s]
[1A 95%|█████████▍| 461/487 [00:11<00:00, 43.56it/s]
[1A 96%|█████████▌| 466/487 [00:11<00:00, 34.99it/s]
[1A 97%|█████████▋| 472/487 [00:12<00:00, 40.39it/s]
[1A 98%|█████████▊| 477/487 [00:12<00:00, 38.10it/s]
[1A 99%|█████████▉| 482/487 [00:12<00:00, 40.23it/s]
[1A100%|██████████| 487/487 [00:12<00:00, 35.70it/s]100%|██████████| 487/487 [00:12<00:00, 38.82it/s]
val_mixed: {'eval_loss': 0.43770864605903625, 'eval_accuracy': 0.8609845324433605, 'eval_f1_macro': 0.8590679434538017, 'eval_precision_macro': 0.859749539172882, 'eval_recall_macro': 0.8584851240333682, 'eval_runtime': 12.5692, 'eval_samples_per_second': 1239.618, 'eval_steps_per_second': 38.746, 'epoch': 3.0}

[1A  0%|          | 0/211 [00:00<?, ?it/s]
[1A  2%|▏         | 5/211 [00:00<00:04, 45.24it/s]
[1A  5%|▍         | 10/211 [00:00<00:04, 43.13it/s]
[1A  8%|▊         | 16/211 [00:00<00:04, 44.98it/s]
[1A 10%|▉         | 21/211 [00:00<00:05, 37.97it/s]
[1A 12%|█▏        | 25/211 [00:00<00:05, 33.81it/s]
[1A 14%|█▎        | 29/211 [00:00<00:05, 35.23it/s]
[1A 16%|█▌        | 33/211 [00:00<00:05, 33.52it/s]
[1A 18%|█▊        | 37/211 [00:01<00:05, 32.52it/s]
[1A 20%|██        | 43/211 [00:01<00:04, 37.67it/s]
[1A 23%|██▎       | 49/211 [00:01<00:03, 42.70it/s]
[1A 26%|██▌       | 54/211 [00:01<00:03, 43.38it/s]
[1A 28%|██▊       | 59/211 [00:01<00:03, 42.83it/s]
[1A 30%|███       | 64/211 [00:01<00:03, 39.29it/s]
[1A 33%|███▎      | 69/211 [00:01<00:03, 36.12it/s]
[1A 35%|███▌      | 74/211 [00:01<00:03, 38.12it/s]
[1A 37%|███▋      | 79/211 [00:02<00:03, 39.07it/s]
[1A 40%|███▉      | 84/211 [00:02<00:03, 38.37it/s]
[1A 42%|████▏     | 89/211 [00:02<00:02, 40.82it/s]
[1A 45%|████▍     | 94/211 [00:02<00:03, 31.89it/s]
[1A 47%|████▋     | 99/211 [00:02<00:03, 34.74it/s]
[1A 50%|████▉     | 105/211 [00:02<00:02, 38.77it/s]
[1A 52%|█████▏    | 110/211 [00:02<00:02, 35.39it/s]
[1A 54%|█████▍    | 114/211 [00:03<00:02, 35.57it/s]
[1A 56%|█████▌    | 118/211 [00:03<00:02, 31.44it/s]
[1A 58%|█████▊    | 123/211 [00:03<00:02, 35.07it/s]
[1A 61%|██████    | 128/211 [00:03<00:02, 38.49it/s]
[1A 63%|██████▎   | 133/211 [00:03<00:02, 30.44it/s]
[1A 65%|██████▍   | 137/211 [00:03<00:02, 31.34it/s]
[1A 67%|██████▋   | 141/211 [00:03<00:02, 31.39it/s]
[1A 69%|██████▊   | 145/211 [00:04<00:01, 33.38it/s]
[1A 71%|███████   | 149/211 [00:04<00:01, 32.56it/s]
[1A 73%|███████▎  | 154/211 [00:04<00:01, 36.70it/s]
[1A 75%|███████▍  | 158/211 [00:04<00:01, 35.44it/s]
[1A 77%|███████▋  | 162/211 [00:04<00:01, 31.87it/s]
[1A 79%|███████▉  | 167/211 [00:04<00:01, 36.26it/s]
[1A 82%|████████▏ | 172/211 [00:04<00:01, 34.79it/s]
[1A 84%|████████▍ | 177/211 [00:04<00:01, 33.52it/s]
[1A 86%|████████▌ | 181/211 [00:05<00:00, 30.37it/s]
[1A 88%|████████▊ | 185/211 [00:05<00:00, 31.26it/s]
[1A 90%|████████▉ | 189/211 [00:05<00:00, 30.99it/s]
[1A 92%|█████████▏| 194/211 [00:05<00:00, 29.50it/s]
[1A 94%|█████████▍| 198/211 [00:05<00:00, 29.30it/s]
[1A 95%|█████████▌| 201/211 [00:05<00:00, 28.48it/s]
[1A 97%|█████████▋| 205/211 [00:05<00:00, 30.19it/s]
[1A 99%|█████████▉| 209/211 [00:06<00:00, 29.79it/s]
[1A100%|██████████| 211/211 [00:06<00:00, 34.69it/s]

[1A  0%|          | 0/78 [00:00<?, ?it/s]
[1A  9%|▉         | 7/78 [00:00<00:01, 60.71it/s]
[1A 18%|█▊        | 14/78 [00:00<00:00, 64.65it/s]
[1A 27%|██▋       | 21/78 [00:00<00:00, 63.11it/s]
[1A 36%|███▌      | 28/78 [00:00<00:00, 64.34it/s]
[1A 45%|████▍     | 35/78 [00:00<00:00, 64.41it/s]
[1A 54%|█████▍    | 42/78 [00:00<00:00, 63.16it/s]
[1A 63%|██████▎   | 49/78 [00:00<00:00, 64.59it/s]
[1A 72%|███████▏  | 56/78 [00:00<00:00, 65.13it/s]
[1A 81%|████████  | 63/78 [00:01<00:00, 60.30it/s]
[1A 90%|████████▉ | 70/78 [00:01<00:00, 62.03it/s]
[1A 99%|█████████▊| 77/78 [00:01<00:00, 63.08it/s]
[1A100%|██████████| 78/78 [00:01<00:00, 62.97it/s]

[1A  0%|          | 0/200 [00:00<?, ?it/s]
[1A  2%|▎         | 5/200 [00:00<00:04, 44.67it/s]
[1A  5%|▌         | 10/200 [00:00<00:04, 44.17it/s]
[1A  8%|▊         | 15/200 [00:00<00:04, 38.82it/s]
[1A 10%|█         | 21/200 [00:00<00:04, 43.33it/s]
[1A 13%|█▎        | 26/200 [00:00<00:04, 43.02it/s]
[1A 16%|█▌        | 32/200 [00:00<00:03, 47.01it/s]
[1A 19%|█▉        | 38/200 [00:00<00:03, 50.11it/s]
[1A 22%|██▎       | 45/200 [00:00<00:02, 54.24it/s]
[1A 26%|██▌       | 51/200 [00:01<00:02, 52.02it/s]
[1A 28%|██▊       | 57/200 [00:01<00:02, 52.81it/s]
[1A 32%|███▏      | 63/200 [00:01<00:02, 46.70it/s]
[1A 34%|███▍      | 68/200 [00:01<00:03, 42.39it/s]
[1A 36%|███▋      | 73/200 [00:01<00:02, 42.92it/s]
[1A 39%|███▉      | 78/200 [00:01<00:02, 44.66it/s]
[1A 42%|████▏     | 83/200 [00:01<00:02, 41.25it/s]
[1A 44%|████▍     | 88/200 [00:01<00:02, 42.05it/s]
[1A 46%|████▋     | 93/200 [00:02<00:02, 36.79it/s]
[1A 49%|████▉     | 98/200 [00:02<00:02, 38.97it/s]
[1A 52%|█████▏    | 103/200 [00:02<00:02, 40.00it/s]
[1A 54%|█████▍    | 108/200 [00:02<00:02, 35.41it/s]
[1A 56%|█████▋    | 113/200 [00:02<00:02, 38.09it/s]
[1A 58%|█████▊    | 117/200 [00:02<00:02, 37.72it/s]
[1A 60%|██████    | 121/200 [00:02<00:02, 34.49it/s]
[1A 62%|██████▎   | 125/200 [00:03<00:02, 30.69it/s]
[1A 64%|██████▍   | 129/200 [00:03<00:02, 30.65it/s]
[1A 67%|██████▋   | 134/200 [00:03<00:01, 35.22it/s]
[1A 69%|██████▉   | 138/200 [00:03<00:01, 35.87it/s]
[1A 71%|███████   | 142/200 [00:03<00:01, 34.43it/s]
[1A 73%|███████▎  | 146/200 [00:03<00:01, 32.49it/s]
[1A 75%|███████▌  | 150/200 [00:03<00:01, 33.55it/s]
[1A 77%|███████▋  | 154/200 [00:03<00:01, 34.78it/s]
[1A 80%|███████▉  | 159/200 [00:04<00:01, 35.63it/s]
[1A 82%|████████▏ | 163/200 [00:04<00:01, 34.63it/s]
[1A 84%|████████▎ | 167/200 [00:04<00:00, 35.42it/s]
[1A 86%|████████▌ | 172/200 [00:04<00:00, 38.36it/s]
[1A 88%|████████▊ | 177/200 [00:04<00:00, 37.84it/s]
[1A 90%|█████████ | 181/200 [00:04<00:00, 38.39it/s]
[1A 92%|█████████▎| 185/200 [00:04<00:00, 34.39it/s]
[1A 94%|█████████▍| 189/200 [00:04<00:00, 35.35it/s]
[1A 96%|█████████▋| 193/200 [00:04<00:00, 34.52it/s]
[1A 99%|█████████▉| 198/200 [00:05<00:00, 36.86it/s]
[1A100%|██████████| 200/200 [00:05<00:00, 38.92it/s]

[1A  0%|          | 0/487 [00:00<?, ?it/s]
[1A  1%|          | 6/487 [00:00<00:09, 52.74it/s]
[1A  2%|▏         | 12/487 [00:00<00:11, 40.98it/s]
[1A  3%|▎         | 17/487 [00:00<00:11, 42.49it/s]
[1A  5%|▍         | 22/487 [00:00<00:10, 42.58it/s]
[1A  6%|▌         | 27/487 [00:00<00:10, 44.49it/s]
[1A  7%|▋         | 33/487 [00:00<00:09, 46.90it/s]
[1A  8%|▊         | 38/487 [00:00<00:10, 42.01it/s]
[1A  9%|▉         | 45/487 [00:00<00:09, 47.68it/s]
[1A 10%|█         | 50/487 [00:01<00:10, 43.54it/s]
[1A 11%|█▏        | 55/487 [00:01<00:11, 36.52it/s]
[1A 12%|█▏        | 59/487 [00:01<00:13, 32.78it/s]
[1A 13%|█▎        | 63/487 [00:01<00:14, 28.42it/s]
[1A 14%|█▍        | 68/487 [00:01<00:13, 31.69it/s]
[1A 15%|█▍        | 72/487 [00:01<00:14, 29.63it/s]
[1A 16%|█▌        | 77/487 [00:02<00:12, 33.85it/s]
[1A 17%|█▋        | 81/487 [00:02<00:11, 34.47it/s]
[1A 18%|█▊        | 87/487 [00:02<00:10, 38.31it/s]
[1A 19%|█▊        | 91/487 [00:02<00:11, 33.99it/s]
[1A 20%|█▉        | 95/487 [00:02<00:11, 34.70it/s]
[1A 20%|██        | 99/487 [00:02<00:11, 34.76it/s]
[1A 21%|██        | 103/487 [00:02<00:11, 32.24it/s]
[1A 22%|██▏       | 107/487 [00:02<00:11, 33.54it/s]
[1A 23%|██▎       | 111/487 [00:03<00:10, 34.40it/s]
[1A 24%|██▎       | 115/487 [00:03<00:11, 33.21it/s]
[1A 25%|██▍       | 121/487 [00:03<00:09, 38.74it/s]
[1A 26%|██▌       | 126/487 [00:03<00:08, 40.24it/s]
[1A 27%|██▋       | 132/487 [00:03<00:07, 44.79it/s]
[1A 28%|██▊       | 137/487 [00:03<00:08, 41.04it/s]
[1A 29%|██▉       | 143/487 [00:03<00:07, 43.88it/s]
[1A 30%|███       | 148/487 [00:03<00:07, 44.94it/s]
[1A 31%|███▏      | 153/487 [00:03<00:07, 45.21it/s]
[1A 32%|███▏      | 158/487 [00:04<00:07, 42.07it/s]
[1A 33%|███▎      | 163/487 [00:04<00:09, 35.19it/s]
[1A 34%|███▍      | 167/487 [00:04<00:09, 33.83it/s]
[1A 36%|███▌      | 173/487 [00:04<00:07, 39.83it/s]
[1A 37%|███▋      | 178/487 [00:04<00:08, 38.03it/s]
[1A 38%|███▊      | 183/487 [00:04<00:07, 39.44it/s]
[1A 39%|███▊      | 188/487 [00:04<00:07, 38.44it/s]
[1A 40%|███▉      | 193/487 [00:05<00:07, 38.46it/s]
[1A 41%|████      | 198/487 [00:05<00:07, 40.21it/s]
[1A 42%|████▏     | 203/487 [00:05<00:07, 37.05it/s]
[1A 43%|████▎     | 208/487 [00:05<00:07, 37.22it/s]
[1A 44%|████▎     | 212/487 [00:05<00:07, 37.35it/s]
[1A 45%|████▍     | 218/487 [00:05<00:06, 40.68it/s]
[1A 46%|████▌     | 223/487 [00:05<00:07, 35.42it/s]
[1A 47%|████▋     | 228/487 [00:06<00:06, 38.17it/s]
[1A 48%|████▊     | 234/487 [00:06<00:06, 41.57it/s]
[1A 49%|████▉     | 239/487 [00:06<00:06, 37.70it/s]
[1A 50%|█████     | 244/487 [00:06<00:06, 38.99it/s]
[1A 51%|█████     | 249/487 [00:06<00:06, 35.22it/s]
[1A 52%|█████▏    | 255/487 [00:06<00:05, 39.68it/s]
[1A 53%|█████▎    | 260/487 [00:06<00:06, 37.77it/s]
[1A 54%|█████▍    | 264/487 [00:06<00:06, 35.81it/s]
[1A 55%|█████▌    | 268/487 [00:07<00:06, 32.67it/s]
[1A 56%|█████▌    | 272/487 [00:07<00:06, 32.84it/s]
[1A 57%|█████▋    | 276/487 [00:07<00:06, 33.09it/s]
[1A 58%|█████▊    | 281/487 [00:07<00:05, 36.40it/s]
[1A 59%|█████▊    | 286/487 [00:07<00:05, 38.56it/s]
[1A 60%|█████▉    | 291/487 [00:07<00:04, 39.59it/s]
[1A 61%|██████    | 296/487 [00:07<00:05, 33.76it/s]
[1A 62%|██████▏   | 301/487 [00:08<00:05, 37.09it/s]
[1A 63%|██████▎   | 306/487 [00:08<00:04, 39.32it/s]
[1A 64%|██████▍   | 311/487 [00:08<00:05, 34.69it/s]
[1A 65%|██████▍   | 315/487 [00:08<00:05, 32.59it/s]
[1A 66%|██████▌   | 321/487 [00:08<00:04, 35.99it/s]
[1A 67%|██████▋   | 325/487 [00:08<00:04, 36.76it/s]
[1A 68%|██████▊   | 329/487 [00:08<00:04, 33.35it/s]
[1A 69%|██████▊   | 334/487 [00:08<00:04, 37.11it/s]
[1A 70%|██████▉   | 339/487 [00:09<00:03, 39.35it/s]
[1A 71%|███████   | 344/487 [00:09<00:03, 39.30it/s]
[1A 72%|███████▏  | 349/487 [00:09<00:03, 36.95it/s]
[1A 73%|███████▎  | 355/487 [00:09<00:03, 39.26it/s]
[1A 74%|███████▎  | 359/487 [00:09<00:03, 36.37it/s]
[1A 75%|███████▍  | 364/487 [00:09<00:03, 39.61it/s]
[1A 76%|███████▌  | 370/487 [00:09<00:02, 44.08it/s]
[1A 77%|███████▋  | 377/487 [00:09<00:02, 49.07it/s]
[1A 79%|███████▊  | 383/487 [00:10<00:02, 47.65it/s]
[1A 80%|███████▉  | 388/487 [00:10<00:02, 44.63it/s]
[1A 81%|████████  | 394/487 [00:10<00:01, 46.79it/s]
[1A 82%|████████▏ | 400/487 [00:10<00:01, 48.75it/s]
[1A 83%|████████▎ | 405/487 [00:10<00:01, 46.48it/s]
[1A 84%|████████▍ | 410/487 [00:10<00:01, 44.90it/s]
[1A 85%|████████▌ | 415/487 [00:10<00:01, 43.03it/s]
[1A 86%|████████▋ | 421/487 [00:10<00:01, 46.23it/s]
[1A 87%|████████▋ | 426/487 [00:11<00:01, 43.43it/s]
[1A 89%|████████▊ | 431/487 [00:11<00:01, 43.32it/s]
[1A 90%|████████▉ | 436/487 [00:11<00:01, 40.82it/s]
[1A 91%|█████████ | 441/487 [00:11<00:01, 38.85it/s]
[1A 92%|█████████▏| 446/487 [00:11<00:01, 38.95it/s]
[1A 92%|█████████▏| 450/487 [00:11<00:00, 37.84it/s]
[1A 93%|█████████▎| 455/487 [00:11<00:00, 39.32it/s]
[1A 95%|█████████▍| 461/487 [00:11<00:00, 43.93it/s]
[1A 96%|█████████▌| 466/487 [00:12<00:00, 41.47it/s]
[1A 97%|█████████▋| 471/487 [00:12<00:00, 41.24it/s]
[1A 98%|█████████▊| 476/487 [00:12<00:00, 41.78it/s]
[1A 99%|█████████▉| 481/487 [00:12<00:00, 41.68it/s]
[1A100%|█████████▉| 486/487 [00:12<00:00, 43.59it/s]
[1A100%|██████████| 487/487 [00:12<00:00, 38.93it/s]

[1A  0%|          | 0/211 [00:00<?, ?it/s]
[1A  3%|▎         | 6/211 [00:00<00:03, 58.67it/s]
[1A  6%|▌         | 12/211 [00:00<00:05, 37.52it/s]
[1A  8%|▊         | 17/211 [00:00<00:05, 32.54it/s]
[1A 10%|▉         | 21/211 [00:00<00:05, 34.30it/s]
[1A 12%|█▏        | 25/211 [00:00<00:06, 30.79it/s]
[1A 15%|█▍        | 31/211 [00:00<00:04, 36.85it/s]
[1A 18%|█▊        | 37/211 [00:01<00:04, 37.52it/s]
[1A 19%|█▉        | 41/211 [00:01<00:04, 34.63it/s]
[1A 22%|██▏       | 46/211 [00:01<00:04, 35.73it/s]
[1A 25%|██▍       | 52/211 [00:01<00:04, 36.53it/s]
[1A 27%|██▋       | 57/211 [00:01<00:03, 38.65it/s]
[1A 30%|██▉       | 63/211 [00:01<00:03, 41.82it/s]
[1A 32%|███▏      | 68/211 [00:01<00:03, 40.73it/s]
[1A 35%|███▍      | 73/211 [00:01<00:03, 42.02it/s]
[1A 37%|███▋      | 78/211 [00:02<00:03, 39.85it/s]
[1A 39%|███▉      | 83/211 [00:02<00:03, 37.99it/s]
[1A 41%|████      | 87/211 [00:02<00:03, 37.78it/s]
[1A 43%|████▎     | 91/211 [00:02<00:03, 35.29it/s]
[1A 45%|████▌     | 95/211 [00:02<00:03, 31.76it/s]
[1A 47%|████▋     | 99/211 [00:02<00:03, 33.62it/s]
[1A 49%|████▉     | 104/211 [00:02<00:02, 36.47it/s]
[1A 52%|█████▏    | 109/211 [00:02<00:03, 33.89it/s]
[1A 55%|█████▍    | 115/211 [00:03<00:02, 39.26it/s]
[1A 57%|█████▋    | 120/211 [00:03<00:02, 36.50it/s]
[1A 59%|█████▉    | 124/211 [00:03<00:02, 34.30it/s]
[1A 61%|██████    | 128/211 [00:03<00:02, 35.16it/s]
[1A 63%|██████▎   | 132/211 [00:03<00:02, 27.56it/s]
[1A 65%|██████▍   | 137/211 [00:03<00:02, 30.33it/s]
[1A 67%|██████▋   | 141/211 [00:03<00:02, 31.94it/s]
[1A 69%|██████▊   | 145/211 [00:04<00:01, 33.08it/s]
[1A 72%|███████▏  | 151/211 [00:04<00:01, 38.07it/s]
[1A 73%|███████▎  | 155/211 [00:04<00:01, 34.11it/s]
[1A 75%|███████▌  | 159/211 [00:04<00:01, 34.03it/s]
[1A 78%|███████▊  | 164/211 [00:04<00:01, 37.76it/s]
[1A 80%|████████  | 169/211 [00:04<00:01, 40.20it/s]
[1A 82%|████████▏ | 174/211 [00:04<00:00, 40.43it/s]
[1A 85%|████████▌ | 180/211 [00:04<00:00, 41.14it/s]
[1A 88%|████████▊ | 185/211 [00:05<00:00, 41.36it/s]
[1A 90%|█████████ | 190/211 [00:05<00:00, 42.73it/s]
[1A 92%|█████████▏| 195/211 [00:05<00:00, 40.44it/s]
[1A 95%|█████████▍| 200/211 [00:05<00:00, 39.94it/s]
[1A 97%|█████████▋| 205/211 [00:05<00:00, 38.24it/s]
[1A100%|█████████▉| 210/211 [00:05<00:00, 36.85it/s]
[1A100%|██████████| 211/211 [00:05<00:00, 36.70it/s]

[1A  0%|          | 0/78 [00:00<?, ?it/s]
[1A 10%|█         | 8/78 [00:00<00:00, 72.27it/s]
[1A 21%|██        | 16/78 [00:00<00:01, 56.69it/s]
[1A 29%|██▉       | 23/78 [00:00<00:00, 60.95it/s]
[1A 38%|███▊      | 30/78 [00:00<00:00, 62.81it/s]
[1A 47%|████▋     | 37/78 [00:00<00:00, 64.72it/s]
[1A 56%|█████▋    | 44/78 [00:00<00:00, 65.82it/s]
[1A 65%|██████▌   | 51/78 [00:00<00:00, 65.34it/s]
[1A 74%|███████▍  | 58/78 [00:00<00:00, 65.55it/s]
[1A 83%|████████▎ | 65/78 [00:01<00:00, 63.73it/s]
[1A 92%|█████████▏| 72/78 [00:01<00:00, 64.28it/s]
[1A100%|██████████| 78/78 [00:01<00:00, 63.86it/s]

[1A  0%|          | 0/199 [00:00<?, ?it/s]
[1A  3%|▎         | 6/199 [00:00<00:03, 52.48it/s]
[1A  6%|▌         | 12/199 [00:00<00:03, 48.20it/s]
[1A  9%|▊         | 17/199 [00:00<00:03, 48.16it/s]
[1A 12%|█▏        | 23/199 [00:00<00:03, 50.19it/s]
[1A 15%|█▍        | 29/199 [00:00<00:03, 53.27it/s]
[1A 18%|█▊        | 36/199 [00:00<00:02, 56.28it/s]
[1A 21%|██        | 42/199 [00:00<00:03, 50.43it/s]
[1A 24%|██▍       | 48/199 [00:00<00:02, 52.97it/s]
[1A 27%|██▋       | 54/199 [00:01<00:02, 51.40it/s]
[1A 30%|███       | 60/199 [00:01<00:03, 41.19it/s]
[1A 33%|███▎      | 65/199 [00:01<00:03, 41.19it/s]
[1A 35%|███▌      | 70/199 [00:01<00:03, 41.08it/s]
[1A 38%|███▊      | 75/199 [00:01<00:03, 41.10it/s]
[1A 40%|████      | 80/199 [00:01<00:03, 38.04it/s]
[1A 43%|████▎     | 86/199 [00:01<00:02, 40.93it/s]
[1A 46%|████▌     | 91/199 [00:02<00:02, 40.56it/s]
[1A 48%|████▊     | 96/199 [00:02<00:02, 40.77it/s]
[1A 51%|█████     | 101/199 [00:02<00:02, 38.87it/s]
[1A 53%|█████▎    | 105/199 [00:02<00:02, 38.80it/s]
[1A 55%|█████▍    | 109/199 [00:02<00:02, 34.53it/s]
[1A 57%|█████▋    | 113/199 [00:02<00:02, 33.70it/s]
[1A 59%|█████▉    | 117/199 [00:02<00:02, 34.45it/s]
[1A 62%|██████▏   | 123/199 [00:02<00:02, 37.86it/s]
[1A 64%|██████▍   | 127/199 [00:03<00:01, 37.19it/s]
[1A 66%|██████▌   | 131/199 [00:03<00:01, 35.77it/s]
[1A 68%|██████▊   | 135/199 [00:03<00:01, 34.44it/s]
[1A 70%|██████▉   | 139/199 [00:03<00:01, 32.78it/s]
[1A 72%|███████▏  | 143/199 [00:03<00:01, 32.64it/s]
[1A 74%|███████▍  | 147/199 [00:03<00:01, 33.75it/s]
[1A 76%|███████▌  | 151/199 [00:03<00:01, 35.22it/s]
[1A 78%|███████▊  | 156/199 [00:03<00:01, 34.79it/s]
[1A 80%|████████  | 160/199 [00:04<00:01, 32.62it/s]
[1A 83%|████████▎ | 165/199 [00:04<00:00, 35.51it/s]
[1A 85%|████████▍ | 169/199 [00:04<00:00, 35.06it/s]
[1A 87%|████████▋ | 173/199 [00:04<00:00, 36.28it/s]
[1A 89%|████████▉ | 177/199 [00:04<00:00, 31.70it/s]
[1A 91%|█████████ | 181/199 [00:04<00:00, 33.68it/s]
[1A 93%|█████████▎| 186/199 [00:04<00:00, 34.75it/s]
[1A 95%|█████████▌| 190/199 [00:04<00:00, 34.14it/s]
[1A 97%|█████████▋| 194/199 [00:04<00:00, 35.58it/s]
[1A 99%|█████████▉| 198/199 [00:05<00:00, 34.27it/s]
[1A100%|██████████| 199/199 [00:05<00:00, 38.50it/s]
val_hindi {'test_loss': 0.46362465620040894, 'test_accuracy': 0.8467598097502973, 'test_f1_macro': 0.8464725995175482, 'test_precision_macro': 0.8470346449007382, 'test_recall_macro': 0.8462218533487298, 'test_runtime': 6.1088, 'test_samples_per_second': 1101.371, 'test_steps_per_second': 34.541}
val_davidson {'test_loss': 0.1344672590494156, 'test_accuracy': 0.9588377723970944, 'test_f1_macro': 0.9257641049257982, 'test_precision_macro': 0.9425009610632105, 'test_recall_macro': 0.9109771869194577, 'test_runtime': 1.2599, 'test_samples_per_second': 1966.826, 'test_steps_per_second': 61.91}
val_hinglish {'test_loss': 0.5282271504402161, 'test_accuracy': 0.8379607843137254, 'test_f1_macro': 0.8378954329263653, 'test_precision_macro': 0.8379266022306239, 'test_recall_macro': 0.8378712396067678, 'test_runtime': 5.1826, 'test_samples_per_second': 1230.072, 'test_steps_per_second': 38.59}
test_mixed {'test_loss': 0.4156060516834259, 'test_accuracy': 0.8669020866773676, 'test_f1_macro': 0.8650676973735623, 'test_precision_macro': 0.8651290988628552, 'test_recall_macro': 0.8650071911302986, 'test_runtime': 12.5301, 'test_samples_per_second': 1243.005, 'test_steps_per_second': 38.866}
test_hindi {'test_loss': 0.43987607955932617, 'test_accuracy': 0.8524078478002378, 'test_f1_macro': 0.8520877218093379, 'test_precision_macro': 0.8523723306157048, 'test_recall_macro': 0.851894031651449, 'test_runtime': 5.7739, 'test_samples_per_second': 1165.253, 'test_steps_per_second': 36.544}
test_davidson {'test_loss': 0.11312985420227051, 'test_accuracy': 0.9665187575635337, 'test_f1_macro': 0.9400044379168384, 'test_precision_macro': 0.9501002027913634, 'test_recall_macro': 0.9306291685497898, 'test_runtime': 1.2436, 'test_samples_per_second': 1993.394, 'test_steps_per_second': 62.721}
test_hinglish {'test_loss': 0.5077202320098877, 'test_accuracy': 0.8434359296482412, 'test_f1_macro': 0.84335471259486, 'test_precision_macro': 0.8435821205901268, 'test_recall_macro': 0.8432823024889672, 'test_runtime': 5.1936, 'test_samples_per_second': 1226.134, 'test_steps_per_second': 38.317}
Framework not specified. Using pt to export the model.
Using the export variant default. Available variants are:
    - default: The default ONNX variant.

***** Exporting submodel 1/1: BertForSequenceClassification *****
Using framework PyTorch: 2.4.1+cu121
Overriding 1 configuration item(s)
        - use_cache -> False
Creating dynamic quantizer: QOperator (mode: IntegerOps, schema: u8/u8, channel-wise: False)
Quantizing model...
Saving quantized model at: /vol/checkpoints/onnx_int8_codemix_v2 (external data format: False)
Configuration saved in /vol/checkpoints/onnx_int8_codemix_v2/ort_config.json
INT8 val_mixed: {'accuracy': 0.8623965085681279, 'f1_macro': 0.8609686461707602, 'n': 15581}
INT8 val_hindi: {'accuracy': 0.8469084423305588, 'f1_macro': 0.846791347636734, 'n': 6728}
INT8 val_hinglish: {'accuracy': 0.8389019607843137, 'f1_macro': 0.8386376705057943, 'n': 6375}
INT8 test_hindi: {'accuracy': 0.8513674197384067, 'f1_macro': 0.8512359620522574, 'n': 6728}
INT8 test_hinglish: {'accuracy': 0.8435929648241206, 'f1_macro': 0.8433236842063658, 'n': 6368}
INT8 test_davidson: {'accuracy': 0.9673255344897136, 'f1_macro': 0.9418957643016562, 'n': 2479}
INT8 test_mixed: {'accuracy': 0.8654253611556982, 'f1_macro': 0.8639918344105708, 'n': 15575}
METRICS: {
  "protocol": {
    "train": "hindi_train + davidson_80 + hinglish_train",
    "val": "hindi_val + davidson_10 + hinglish_val",
    "test": "hindi_test + davidson_10 + hinglish_test"
  },
  "sizes": {
    "train": {
      "hindi": 20183,
      "davidson": 19826,
      "hinglish": 18920,
      "total": 58929
    },
    "val": {
      "hindi": 6728,
      "davidson": 2478,
      "hinglish": 6375,
      "total": 15581
    },
    "test": {
      "hindi": 6728,
      "davidson": 2479,
      "hinglish": 6368,
      "total": 15575
    }
  },
  "train": {
    "train_runtime": 1102.0183,
    "train_samples_per_second": 160.421,
    "train_steps_per_second": 10.029,
    "total_flos": 2068691275422660.0,
    "train_loss": 0.25057303683290955,
    "epoch": 3.0
  },
  "val_mixed": {
    "eval_loss": 0.43770864605903625,
    "eval_accuracy": 0.8609845324433605,
    "eval_f1_macro": 0.8590679434538017,
    "eval_precision_macro": 0.859749539172882,
    "eval_recall_macro": 0.8584851240333682,
    "eval_runtime": 12.5692,
    "eval_samples_per_second": 1239.618,
    "eval_steps_per_second": 38.746,
    "epoch": 3.0
  },
  "val_hindi": {
    "test_loss": 0.46362465620040894,
    "test_accuracy": 0.8467598097502973,
    "test_f1_macro": 0.8464725995175482,
    "test_precision_macro": 0.8470346449007382,
    "test_recall_macro": 0.8462218533487298,
    "test_runtime": 6.1088,
    "test_samples_per_second": 1101.371,
    "test_steps_per_second": 34.541
  },
  "val_davidson": {
    "test_loss": 0.1344672590494156,
    "test_accuracy": 0.9588377723970944,
    "test_f1_macro": 0.9257641049257982,
    "test_precision_macro": 0.9425009610632105,
    "test_recall_macro": 0.9109771869194577,
    "test_runtime": 1.2599,
    "test_samples_per_second": 1966.826,
    "test_steps_per_second": 61.91
  },
  "val_hinglish": {
    "test_loss": 0.5282271504402161,
    "test_accuracy": 0.8379607843137254,
    "test_f1_macro": 0.8378954329263653,
    "test_precision_macro": 0.8379266022306239,
    "test_recall_macro": 0.8378712396067678,
    "test_runtime": 5.1826,
    "test_samples_per_second": 1230.072,
    "test_steps_per_second": 38.59
  },
  "test_mixed": {
    "test_loss": 0.4156060516834259,
    "test_accuracy": 0.8669020866773676,
    "test_f1_macro": 0.8650676973735623,
    "test_precision_macro": 0.8651290988628552,
    "test_recall_macro": 0.8650071911302986,
    "test_runtime": 12.5301,
    "test_samples_per_second": 1243.005,
    "test_steps_per_second": 38.866
  },
  "test_hindi": {
    "test_loss": 0.43987607955932617,
    "test_accuracy": 0.8524078478002378,
    "test_f1_macro": 0.8520877218093379,
    "test_precision_macro": 0.8523723306157048,
    "test_recall_macro": 0.851894031651449,
    "test_runtime": 5.7739,
    "test_samples_per_second": 1165.253,
    "test_steps_per_second": 36.544
  },
  "test_davidson": {
    "test_loss": 0.11312985420227051,
    "test_accuracy": 0.9665187575635337,
    "test_f1_macro": 0.9400044379168384,
    "test_precision_macro": 0.9501002027913634,
    "test_recall_macro": 0.9306291685497898,
    "test_runtime": 1.2436,
    "test_samples_per_second": 1993.394,
    "test_steps_per_second": 62.721
  },
  "test_hinglish": {
    "test_loss": 0.5077202320098877,
    "test_accuracy": 0.8434359296482412,
    "test_f1_macro": 0.84335471259486,
    "test_precision_macro": 0.8435821205901268,
    "test_recall_macro": 0.8432823024889672,
    "test_runtime": 5.1936,
    "test_samples_per_second": 1226.134,
    "test_steps_per_second": 38.317
  },
  "int8": {
    "val_mixed": {
      "accuracy": 0.8623965085681279,
      "f1_macro": 0.8609686461707602,
      "n": 15581
    },
    "val_hindi": {
      "accuracy": 0.8469084423305588,
      "f1_macro": 0.846791347636734,
      "n": 6728
    },
    "val_hinglish": {
      "accuracy": 0.8389019607843137,
      "f1_macro": 0.8386376705057943,
      "n": 6375
    },
    "test_hindi": {
      "accuracy": 0.8513674197384067,
      "f1_macro": 0.8512359620522574,
      "n": 6728
    },
    "test_hinglish": {
      "accuracy": 0.8435929648241206,
      "f1_macro": 0.8433236842063658,
      "n": 6368
    },
    "test_davidson": {
      "accuracy": 0.9673255344897136,
      "f1_macro": 0.9418957643016562,
      "n": 2479
    },
    "test_mixed": {
      "accuracy": 0.8654253611556982,
      "f1_macro": 0.8639918344105708,
      "n": 15575
    }
  }
}
wrote 
/Users/prathamgarg/Desktop/senior-sde-audit-surakshanet/assets/models/custom-mac
d-model/config.json (851 bytes)
wrote 
/Users/prathamgarg/Desktop/senior-sde-audit-surakshanet/assets/models/custom-mac
d-model/metrics.json (4368 bytes)
wrote 
/Users/prathamgarg/Desktop/senior-sde-audit-surakshanet/assets/models/custom-mac
d-model/model_quantized.onnx (118396474 bytes)
wrote 
/Users/prathamgarg/Desktop/senior-sde-audit-surakshanet/assets/models/custom-mac
d-model/ort_config.json (764 bytes)
wrote 
/Users/prathamgarg/Desktop/senior-sde-audit-surakshanet/assets/models/custom-mac
d-model/special_tokens_map.json (964 bytes)
wrote 
/Users/prathamgarg/Desktop/senior-sde-audit-surakshanet/assets/models/custom-mac
d-model/tokenizer.json (17082832 bytes)
wrote 
/Users/prathamgarg/Desktop/senior-sde-audit-surakshanet/assets/models/custom-mac
d-model/tokenizer_config.json (1426 bytes)
wrote 
/Users/prathamgarg/Desktop/senior-sde-audit-surakshanet/assets/models/custom-mac
d-model/onnx/model_quantized.onnx (118396474 bytes)
extension model ready: 
/Users/prathamgarg/Desktop/senior-sde-audit-surakshanet/assets/models/custom-mac
d-model

Stopping app - local entrypoint completed.
✓ App completed. View run at 
https://modal.com/apps/podshorts/main/ap-8TRoUqIjyWeZTxLVofEIKq
