✓ Initialized. View run at 
https://modal.com/apps/podshorts/main/ap-exSSCEylB79O2hf0UiWiFe


✓ Created objects.
├── 🔨 Created mount 
│   /Users/prathamgarg/Desktop/senior-sde-audit-surakshanet/aws_train/train_code
│   mix_modal.py
├── 🔨 Created function train.
├── 🔨 Created function put_codemix.
└── 🔨 Created function fetch_bundle.
local train.csv: 6324397 bytes
local val.csv: 2107500 bytes
local test.csv: 2116092 bytes
wrote /vol/checkpoints/codemix_hinglish/train.csv (6324397 bytes)
wrote /vol/checkpoints/codemix_hinglish/val.csv (2107500 bytes)
wrote /vol/checkpoints/codemix_hinglish/test.csv (2116092 bytes)
uploaded 3 files -> /vol/checkpoints/codemix_hinglish
cuda: True Tesla T4

[1AGenerating train split: 0 examples [00:00, ? examples/s]
[1AGenerating train split: 10000 examples [00:00, 69460.63 examples/s]Generating train split: 18920 examples [00:00, 80381.90 examples/s]

[1AGenerating train split: 0 examples [00:00, ? examples/s]Generating train split: 6375 examples [00:00, 85257.42 examples/s]

[1AGenerating train split: 0 examples [00:00, ? examples/s]Generating train split: 6368 examples [00:00, 88994.90 examples/s]
codemix sizes: 18920 6375 6368
sample: {'label': 0, 'text': 'Bheed mein bahut habsi milenge'}

[1ADownloading data:   0%|          | 0.00/1.05M [00:00<?, ?B/s]Downloading data: 2.55MB [00:00, 29.5MB/s]

[1AGenerating train split: 0 examples [00:00, ? examples/s]
[1AGenerating train split: 24783 examples [00:00, 342204.77 examples/s]

[1AMap:   0%|          | 0/24783 [00:00<?, ? examples/s]
[1AMap:   8%|▊         | 2000/24783 [00:00<00:01, 15990.79 examples/s]
[1AMap:  16%|█▌        | 4000/24783 [00:00<00:01, 16307.35 examples/s]
[1AMap:  24%|██▍       | 6000/24783 [00:00<00:01, 16372.02 examples/s]
[1AMap:  32%|███▏      | 8000/24783 [00:00<00:01, 16511.42 examples/s]
[1AMap:  42%|████▏     | 10305/24783 [00:00<00:01, 11552.69 examples/s]
[1AMap:  48%|████▊     | 12000/24783 [00:00<00:01, 12536.19 examples/s]
[1AMap:  56%|█████▋    | 14000/24783 [00:01<00:00, 13561.70 examples/s]
[1AMap:  65%|██████▍   | 16000/24783 [00:01<00:00, 14440.55 examples/s]
[1AMap:  73%|███████▎  | 18000/24783 [00:01<00:00, 15096.23 examples/s]
[1AMap:  81%|████████  | 20000/24783 [00:01<00:00, 15483.71 examples/s]
[1AMap:  90%|████████▉ | 22304/24783 [00:01<00:00, 11635.55 examples/s]
[1AMap:  97%|█████████▋| 24000/24783 [00:01<00:00, 12500.71 examples/s]
[1AMap: 100%|██████████| 24783/24783 [00:01<00:00, 13586.83 examples/s]
train mix size: 41224
/usr/local/lib/python3.11/site-packages/transformers/tokenization_utils_base.py:1601: FutureWarning: `clean_up_tokenization_spaces` was not set. It will be set to `True` by default. This behavior will be depracted in transformers v4.45, and will be then set to `False` by default. For more details check this issue: https://github.com/huggingface/transformers/issues/31884
  warnings.warn(

[1AMap:   0%|          | 0/41224 [00:00<?, ? examples/s]
[1AMap:   2%|▏         | 1000/41224 [00:00<00:04, 9145.13 examples/s]
[1AMap:   7%|▋         | 3000/41224 [00:00<00:02, 13108.66 examples/s]
[1AMap:  12%|█▏        | 5000/41224 [00:00<00:02, 15595.14 examples/s]
[1AMap:  17%|█▋        | 7000/41224 [00:00<00:02, 16869.30 examples/s]
[1AMap:  22%|██▏       | 9000/41224 [00:00<00:01, 17040.13 examples/s]
[1AMap:  27%|██▋       | 11000/41224 [00:00<00:01, 17123.01 examples/s]
[1AMap:  32%|███▏      | 13000/41224 [00:00<00:01, 17507.83 examples/s]
[1AMap:  36%|███▋      | 15000/41224 [00:01<00:02, 12242.34 examples/s]
[1AMap:  41%|████      | 17000/41224 [00:01<00:01, 13466.90 examples/s]
[1AMap:  46%|████▌     | 19000/41224 [00:01<00:01, 14545.99 examples/s]
[1AMap:  51%|█████     | 21000/41224 [00:01<00:01, 15378.69 examples/s]
[1AMap:  56%|█████▌    | 23000/41224 [00:01<00:01, 16114.81 examples/s]
[1AMap:  61%|██████    | 25000/41224 [00:01<00:00, 16584.80 examples/s]
[1AMap:  65%|██████▌   | 27000/41224 [00:01<00:00, 17332.01 examples/s]
[1AMap:  70%|███████   | 29000/41224 [00:01<00:00, 17900.02 examples/s]
[1AMap:  75%|███████▌  | 31000/41224 [00:01<00:00, 18284.09 examples/s]
[1AMap:  80%|████████  | 33000/41224 [00:02<00:00, 18428.70 examples/s]
[1AMap:  85%|████████▍ | 35000/41224 [00:02<00:00, 12939.03 examples/s]
[1AMap:  90%|████████▉ | 37000/41224 [00:02<00:00, 14278.17 examples/s]
[1AMap:  95%|█████████▍| 39000/41224 [00:02<00:00, 15547.24 examples/s]
[1AMap:  99%|█████████▉| 41000/41224 [00:02<00:00, 15947.08 examples/s]
[1AMap: 100%|██████████| 41224/41224 [00:02<00:00, 15567.72 examples/s]

[1AMap:   0%|          | 0/6375 [00:00<?, ? examples/s]
[1AMap:  63%|██████▎   | 4000/6375 [00:00<00:00, 24819.58 examples/s]Map: 100%|██████████| 6375/6375 [00:00<00:00, 24258.06 examples/s]

[1AMap:   0%|          | 0/6368 [00:00<?, ? examples/s]
[1AMap:  63%|██████▎   | 4000/6368 [00:00<00:00, 25397.32 examples/s]
[1AMap: 100%|██████████| 6368/6368 [00:00<00:00, 15000.42 examples/s]

[1AMap:   0%|          | 0/2479 [00:00<?, ? examples/s]
[1AMap: 100%|██████████| 2479/2479 [00:00<00:00, 20742.30 examples/s]
[1AMap: 100%|██████████| 2479/2479 [00:00<00:00, 20265.38 examples/s]
Some weights of BertForSequenceClassification were not initialized from the model checkpoint at sentence-transformers/paraphrase-multilingual-MiniLM-L12-v2 and are newly initialized: ['classifier.bias', 'classifier.weight']
You should probably TRAIN this model on a down-stream task to be able to use it for predictions and inference.
/usr/local/lib/python3.11/site-packages/accelerate/accelerator.py:488: FutureWarning: `torch.cuda.amp.GradScaler(args...)` is deprecated. Please use `torch.amp.GradScaler('cuda', args...)` instead.
  self.scaler = torch.cuda.amp.GradScaler(**kwargs)
Detected kernel version 4.19.0, which is below the recommended minimum of 5.5.0; this can cause the process to hang. It is recommended to upgrade the kernel to the minimum version or higher.

[1A  0%|          | 0/7731 [00:00<?, ?it/s]
[1A  0%|          | 1/7731 [00:01<2:59:22,  1.39s/it]
[1A  0%|          | 3/7731 [00:01<54:45,  2.35it/s]  
[1A  0%|          | 5/7731 [00:01<32:40,  3.94it/s]
[1A  0%|          | 7/7731 [00:01<23:49,  5.40it/s]
[1A  0%|          | 9/7731 [00:02<19:18,  6.67it/s]
[1A  0%|          | 11/7731 [00:02<16:41,  7.71it/s]
[1A  0%|          | 13/7731 [00:02<15:04,  8.53it/s]
[1A  0%|          | 15/7731 [00:02<13:55,  9.23it/s]
[1A  0%|          | 17/7731 [00:03<18:17,  7.03it/s]
[1A  0%|          | 19/7731 [00:03<16:18,  7.88it/s]
[1A  0%|          | 20/7731 [00:03<15:48,  8.13it/s]
[1A  0%|          | 21/7731 [00:03<15:25,  8.33it/s]
[1A  0%|          | 23/7731 [00:03<13:54,  9.23it/s]
[1A  0%|          | 25/7731 [00:03<12:59,  9.89it/s]
[1A  0%|          | 27/7731 [00:04<12:34, 10.21it/s]
[1A  0%|          | 29/7731 [00:04<12:16, 10.45it/s]
[1A  0%|          | 31/7731 [00:04<12:04, 10.63it/s]
[1A  0%|          | 33/7731 [00:04<11:54, 10.78it/s]
[1A  0%|          | 35/7731 [00:04<11:46, 10.89it/s]
[1A  0%|          | 37/7731 [00:04<11:45, 10.90it/s]
[1A  1%|          | 39/7731 [00:05<11:42, 10.95it/s]
[1A  1%|          | 41/7731 [00:05<11:41, 10.96it/s]
[1A  1%|          | 43/7731 [00:05<11:41, 10.97it/s]
[1A  1%|          | 45/7731 [00:05<11:39, 10.99it/s]
[1A  1%|          | 47/7731 [00:05<11:38, 11.01it/s]
[1A  1%|          | 49/7731 [00:06<11:38, 10.99it/s]
[1A                                                 
{'loss': 0.6893, 'grad_norm': 0.6733191013336182, 'learning_rate': 2.1551724137931035e-06, 'epoch': 0.02}
[1A
[1A  1%|          | 50/7731 [00:06<11:38, 10.99it/s]
[1A  1%|          | 51/7731 [00:06<11:54, 10.75it/s]
[1A  1%|          | 53/7731 [00:06<12:14, 10.45it/s]
[1A  1%|          | 55/7731 [00:06<11:55, 10.73it/s]
[1A  1%|          | 57/7731 [00:06<11:43, 10.90it/s]
[1A  1%|          | 59/7731 [00:06<11:41, 10.94it/s]
[1A  1%|          | 61/7731 [00:07<11:39, 10.96it/s]
[1A  1%|          | 63/7731 [00:07<11:40, 10.94it/s]
[1A  1%|          | 65/7731 [00:07<11:51, 10.77it/s]
[1A  1%|          | 67/7731 [00:07<11:42, 10.92it/s]
[1A  1%|          | 69/7731 [00:07<11:29, 11.11it/s]
[1A  1%|          | 71/7731 [00:08<11:20, 11.26it/s]
[1A  1%|          | 73/7731 [00:08<11:24, 11.19it/s]
[1A  1%|          | 75/7731 [00:08<11:21, 11.24it/s]
[1A  1%|          | 77/7731 [00:08<11:34, 11.03it/s]
[1A  1%|          | 79/7731 [00:08<11:27, 11.12it/s]
[1A  1%|          | 81/7731 [00:08<11:42, 10.89it/s]
[1A  1%|          | 83/7731 [00:09<12:05, 10.54it/s]
[1A  1%|          | 85/7731 [00:09<12:02, 10.58it/s]
[1A  1%|          | 87/7731 [00:09<11:47, 10.80it/s]
[1A  1%|          | 89/7731 [00:09<11:49, 10.77it/s]
[1A  1%|          | 91/7731 [00:09<11:35, 10.99it/s]
[1A  1%|          | 93/7731 [00:10<11:27, 11.11it/s]
[1A  1%|          | 95/7731 [00:10<11:21, 11.21it/s]
[1A  1%|▏         | 97/7731 [00:10<11:19, 11.24it/s]
[1A  1%|▏         | 99/7731 [00:10<11:22, 11.19it/s]                           
{'loss': 0.6554, 'grad_norm': 1.4422955513000488, 'learning_rate': 4.310344827586207e-06, 'epoch': 0.04}
[1A
[1A  1%|▏         | 100/7731 [00:10<11:22, 11.19it/s]
[1A  1%|▏         | 101/7731 [00:10<11:30, 11.05it/s]
[1A  1%|▏         | 103/7731 [00:10<11:24, 11.14it/s]
[1A  1%|▏         | 105/7731 [00:11<12:08, 10.47it/s]
[1A  1%|▏         | 107/7731 [00:11<12:28, 10.19it/s]
[1A  1%|▏         | 109/7731 [00:11<12:16, 10.34it/s]
[1A  1%|▏         | 111/7731 [00:11<12:11, 10.42it/s]
[1A  1%|▏         | 113/7731 [00:11<12:00, 10.58it/s]
[1A  1%|▏         | 115/7731 [00:12<11:52, 10.69it/s]
[1A  2%|▏         | 117/7731 [00:12<11:51, 10.70it/s]
[1A  2%|▏         | 119/7731 [00:12<11:53, 10.66it/s]
[1A  2%|▏         | 121/7731 [00:12<11:54, 10.65it/s]
[1A  2%|▏         | 123/7731 [00:12<12:11, 10.40it/s]
[1A  2%|▏         | 125/7731 [00:13<12:35, 10.06it/s]
[1A  2%|▏         | 127/7731 [00:13<12:26, 10.19it/s]
[1A  2%|▏         | 129/7731 [00:13<12:38, 10.03it/s]
[1A  2%|▏         | 131/7731 [00:13<12:33, 10.09it/s]
[1A  2%|▏         | 133/7731 [00:13<12:37, 10.03it/s]
[1A  2%|▏         | 135/7731 [00:14<12:28, 10.15it/s]
[1A  2%|▏         | 137/7731 [00:14<12:49,  9.87it/s]
[1A  2%|▏         | 139/7731 [00:14<12:35, 10.05it/s]
[1A  2%|▏         | 141/7731 [00:14<12:25, 10.18it/s]
[1A  2%|▏         | 143/7731 [00:14<12:15, 10.31it/s]
[1A  2%|▏         | 145/7731 [00:15<12:15, 10.32it/s]
[1A  2%|▏         | 147/7731 [00:15<12:07, 10.42it/s]
[1A  2%|▏         | 149/7731 [00:15<12:03, 10.48it/s]
[1A                                                  
{'loss': 0.5986, 'grad_norm': 2.3600475788116455, 'learning_rate': 6.465517241379311e-06, 'epoch': 0.06}
[1A
[1A  2%|▏         | 150/7731 [00:15<12:03, 10.48it/s]
[1A  2%|▏         | 151/7731 [00:15<12:26, 10.15it/s]
[1A  2%|▏         | 153/7731 [00:15<12:40,  9.96it/s]
[1A  2%|▏         | 155/7731 [00:16<12:18, 10.25it/s]
[1A  2%|▏         | 157/7731 [00:16<12:18, 10.26it/s]
[1A  2%|▏         | 159/7731 [00:16<12:03, 10.46it/s]
[1A  2%|▏         | 161/7731 [00:16<12:33, 10.04it/s]
[1A  2%|▏         | 163/7731 [00:16<12:06, 10.41it/s]
[1A  2%|▏         | 165/7731 [00:16<11:49, 10.67it/s]
[1A  2%|▏         | 167/7731 [00:17<11:35, 10.88it/s]
[1A  2%|▏         | 169/7731 [00:17<11:28, 10.99it/s]
[1A  2%|▏         | 171/7731 [00:17<11:28, 10.98it/s]
[1A  2%|▏         | 173/7731 [00:17<11:30, 10.95it/s]
[1A  2%|▏         | 175/7731 [00:17<11:33, 10.90it/s]
[1A  2%|▏         | 177/7731 [00:18<11:35, 10.86it/s]
[1A  2%|▏         | 179/7731 [00:18<11:39, 10.80it/s]
[1A  2%|▏         | 181/7731 [00:18<11:56, 10.54it/s]
[1A  2%|▏         | 183/7731 [00:18<11:51, 10.61it/s]
[1A  2%|▏         | 185/7731 [00:18<11:48, 10.64it/s]
[1A  2%|▏         | 187/7731 [00:19<12:14, 10.27it/s]
[1A  2%|▏         | 189/7731 [00:19<12:09, 10.34it/s]
[1A  2%|▏         | 191/7731 [00:19<12:27, 10.09it/s]
[1A  2%|▏         | 193/7731 [00:19<12:15, 10.24it/s]
[1A  3%|▎         | 195/7731 [00:19<12:02, 10.43it/s]
[1A  3%|▎         | 197/7731 [00:20<11:54, 10.54it/s]
[1A  3%|▎         | 199/7731 [00:20<11:48, 10.63it/s]
[1A                                                  
{'loss': 0.5588, 'grad_norm': 1.8308007717132568, 'learning_rate': 8.620689655172414e-06, 'epoch': 0.08}
[1A
[1A  3%|▎         | 200/7731 [00:20<11:48, 10.63it/s]
[1A  3%|▎         | 201/7731 [00:20<11:45, 10.67it/s]
[1A  3%|▎         | 203/7731 [00:20<11:43, 10.71it/s]
[1A  3%|▎         | 205/7731 [00:20<11:35, 10.81it/s]
[1A  3%|▎         | 207/7731 [00:20<11:33, 10.84it/s]
[1A  3%|▎         | 209/7731 [00:21<11:31, 10.88it/s]
[1A  3%|▎         | 211/7731 [00:21<11:30, 10.89it/s]
[1A  3%|▎         | 213/7731 [00:21<11:29, 10.90it/s]
[1A  3%|▎         | 215/7731 [00:21<11:27, 10.93it/s]
[1A  3%|▎         | 217/7731 [00:21<11:52, 10.54it/s]
[1A  3%|▎         | 219/7731 [00:22<11:49, 10.59it/s]
[1A  3%|▎         | 221/7731 [00:22<11:45, 10.65it/s]
[1A  3%|▎         | 223/7731 [00:22<11:40, 10.72it/s]
[1A  3%|▎         | 225/7731 [00:22<11:35, 10.79it/s]
[1A  3%|▎         | 227/7731 [00:22<11:59, 10.44it/s]
[1A  3%|▎         | 229/7731 [00:22<11:50, 10.55it/s]
[1A  3%|▎         | 231/7731 [00:23<12:04, 10.35it/s]
[1A  3%|▎         | 233/7731 [00:23<11:47, 10.60it/s]
[1A  3%|▎         | 235/7731 [00:23<11:48, 10.57it/s]
[1A  3%|▎         | 237/7731 [00:23<11:36, 10.75it/s]
[1A  3%|▎         | 239/7731 [00:23<11:33, 10.80it/s]
[1A  3%|▎         | 241/7731 [00:24<11:17, 11.05it/s]
[1A  3%|▎         | 243/7731 [00:24<11:11, 11.15it/s]
[1A  3%|▎         | 245/7731 [00:24<11:11, 11.15it/s]
[1A  3%|▎         | 247/7731 [00:24<11:09, 11.18it/s]
[1A  3%|▎         | 249/7731 [00:24<11:01, 11.31it/s]
[1A                                                  
{'loss': 0.4977, 'grad_norm': 5.159316539764404, 'learning_rate': 1.077586206896552e-05, 'epoch': 0.1}
[1A
[1A  3%|▎         | 250/7731 [00:24<11:01, 11.31it/s]
[1A  3%|▎         | 251/7731 [00:24<10:59, 11.33it/s]
[1A  3%|▎         | 253/7731 [00:25<11:07, 11.20it/s]
[1A  3%|▎         | 255/7731 [00:25<11:04, 11.24it/s]
[1A  3%|▎         | 257/7731 [00:25<11:04, 11.25it/s]
[1A  3%|▎         | 259/7731 [00:25<10:59, 11.33it/s]
[1A  3%|▎         | 261/7731 [00:25<10:58, 11.35it/s]
[1A  3%|▎         | 263/7731 [00:26<11:01, 11.28it/s]
[1A  3%|▎         | 265/7731 [00:26<11:01, 11.28it/s]
[1A  3%|▎         | 267/7731 [00:26<11:02, 11.26it/s]
[1A  3%|▎         | 269/7731 [00:26<10:56, 11.36it/s]
[1A  4%|▎         | 271/7731 [00:26<11:21, 10.94it/s]
[1A  4%|▎         | 273/7731 [00:26<11:16, 11.03it/s]
[1A  4%|▎         | 275/7731 [00:27<11:17, 11.01it/s]
[1A  4%|▎         | 277/7731 [00:27<11:05, 11.20it/s]
[1A  4%|▎         | 279/7731 [00:27<10:58, 11.32it/s]
[1A  4%|▎         | 281/7731 [00:27<11:22, 10.92it/s]
[1A  4%|▎         | 283/7731 [00:27<11:31, 10.77it/s]
[1A  4%|▎         | 285/7731 [00:28<11:32, 10.75it/s]
[1A  4%|▎         | 287/7731 [00:28<11:45, 10.56it/s]
[1A  4%|▎         | 289/7731 [00:28<11:57, 10.37it/s]
[1A  4%|▍         | 291/7731 [00:28<12:15, 10.12it/s]
[1A  4%|▍         | 293/7731 [00:28<12:04, 10.26it/s]
[1A  4%|▍         | 295/7731 [00:29<12:17, 10.08it/s]
[1A  4%|▍         | 297/7731 [00:29<12:07, 10.21it/s]
[1A  4%|▍         | 299/7731 [00:29<12:06, 10.23it/s]
[1A                                                  
{'loss': 0.4581, 'grad_norm': 4.910396099090576, 'learning_rate': 1.2931034482758622e-05, 'epoch': 0.12}
[1A
[1A  4%|▍         | 300/7731 [00:29<12:06, 10.23it/s]
[1A  4%|▍         | 301/7731 [00:29<12:06, 10.23it/s]
[1A  4%|▍         | 303/7731 [00:29<11:59, 10.33it/s]
[1A  4%|▍         | 305/7731 [00:30<11:57, 10.35it/s]
[1A  4%|▍         | 307/7731 [00:30<11:49, 10.46it/s]
[1A  4%|▍         | 309/7731 [00:30<12:17, 10.06it/s]
[1A  4%|▍         | 311/7731 [00:30<12:07, 10.21it/s]
[1A  4%|▍         | 313/7731 [00:30<12:00, 10.29it/s]
[1A  4%|▍         | 315/7731 [00:30<12:03, 10.25it/s]
[1A  4%|▍         | 317/7731 [00:31<11:58, 10.32it/s]
[1A  4%|▍         | 319/7731 [00:31<12:14, 10.10it/s]
[1A  4%|▍         | 321/7731 [00:31<12:13, 10.10it/s]
[1A  4%|▍         | 323/7731 [00:31<12:06, 10.19it/s]
[1A  4%|▍         | 325/7731 [00:31<12:09, 10.15it/s]
[1A  4%|▍         | 327/7731 [00:32<12:07, 10.18it/s]
[1A  4%|▍         | 329/7731 [00:32<12:07, 10.17it/s]
[1A  4%|▍         | 331/7731 [00:32<12:00, 10.27it/s]
[1A  4%|▍         | 333/7731 [00:32<11:54, 10.35it/s]
[1A  4%|▍         | 335/7731 [00:32<11:55, 10.33it/s]
[1A  4%|▍         | 337/7731 [00:33<12:36,  9.77it/s]
[1A  4%|▍         | 339/7731 [00:33<12:16, 10.03it/s]
[1A  4%|▍         | 341/7731 [00:33<12:07, 10.16it/s]
[1A  4%|▍         | 343/7731 [00:33<12:13, 10.08it/s]
[1A  4%|▍         | 345/7731 [00:33<12:13, 10.06it/s]
[1A  4%|▍         | 347/7731 [00:34<12:31,  9.82it/s]
[1A  5%|▍         | 349/7731 [00:34<12:25,  9.90it/s]
{'loss': 0.4506, 'grad_norm': 9.235662460327148, 'learning_rate': 1.5086206896551724e-05, 'epoch': 0.14}
[1A  5%|▍         | 350/7731 [00:34<12:38,  9.73it/s]                          
[1A  5%|▍         | 350/7731 [00:34<12:38,  9.73it/s]
[1A  5%|▍         | 352/7731 [00:34<12:09, 10.11it/s]
[1A  5%|▍         | 354/7731 [00:34<11:58, 10.26it/s]
[1A  5%|▍         | 356/7731 [00:35<12:18,  9.99it/s]
[1A  5%|▍         | 358/7731 [00:35<12:18,  9.98it/s]
[1A  5%|▍         | 360/7731 [00:35<12:16, 10.01it/s]
[1A  5%|▍         | 362/7731 [00:35<12:17, 10.00it/s]
[1A  5%|▍         | 363/7731 [00:35<12:17, 10.00it/s]
[1A  5%|▍         | 364/7731 [00:35<12:43,  9.65it/s]
[1A  5%|▍         | 366/7731 [00:36<12:36,  9.74it/s]
[1A  5%|▍         | 368/7731 [00:36<12:16, 10.00it/s]
[1A  5%|▍         | 370/7731 [00:36<12:12, 10.05it/s]
[1A  5%|▍         | 371/7731 [00:36<12:21,  9.92it/s]
[1A  5%|▍         | 373/7731 [00:36<12:11, 10.06it/s]
[1A  5%|▍         | 375/7731 [00:36<11:52, 10.32it/s]
[1A  5%|▍         | 377/7731 [00:37<12:16,  9.99it/s]
[1A  5%|▍         | 379/7731 [00:37<12:01, 10.20it/s]
[1A  5%|▍         | 381/7731 [00:37<12:09, 10.08it/s]
[1A  5%|▍         | 383/7731 [00:37<12:05, 10.13it/s]
[1A  5%|▍         | 385/7731 [00:37<11:53, 10.29it/s]
[1A  5%|▌         | 387/7731 [00:38<11:57, 10.24it/s]
[1A  5%|▌         | 389/7731 [00:38<11:59, 10.20it/s]
[1A  5%|▌         | 391/7731 [00:38<11:51, 10.31it/s]
[1A  5%|▌         | 393/7731 [00:38<12:02, 10.16it/s]
[1A  5%|▌         | 395/7731 [00:38<12:12, 10.01it/s]
[1A  5%|▌         | 397/7731 [00:39<12:01, 10.17it/s]
[1A  5%|▌         | 399/7731 [00:39<11:49, 10.33it/s]
[1A                                                  
{'loss': 0.3961, 'grad_norm': 12.997376441955566, 'learning_rate': 1.7241379310344828e-05, 'epoch': 0.16}
[1A
[1A  5%|▌         | 400/7731 [00:39<11:49, 10.33it/s]
[1A  5%|▌         | 401/7731 [00:39<11:57, 10.22it/s]
[1A  5%|▌         | 403/7731 [00:39<11:53, 10.26it/s]
[1A  5%|▌         | 405/7731 [00:39<12:05, 10.10it/s]
[1A  5%|▌         | 407/7731 [00:40<11:53, 10.26it/s]
[1A  5%|▌         | 409/7731 [00:40<11:48, 10.33it/s]
[1A  5%|▌         | 411/7731 [00:40<11:53, 10.26it/s]
[1A  5%|▌         | 413/7731 [00:40<11:45, 10.37it/s]
[1A  5%|▌         | 415/7731 [00:40<12:36,  9.67it/s]
[1A  5%|▌         | 416/7731 [00:41<12:42,  9.59it/s]
[1A  5%|▌         | 417/7731 [00:41<12:39,  9.63it/s]
[1A  5%|▌         | 418/7731 [00:41<13:00,  9.37it/s]
[1A  5%|▌         | 420/7731 [00:41<12:33,  9.70it/s]
[1A  5%|▌         | 422/7731 [00:41<13:01,  9.35it/s]
[1A  5%|▌         | 424/7731 [00:41<12:36,  9.66it/s]
[1A  5%|▌         | 425/7731 [00:41<12:31,  9.72it/s]
[1A  6%|▌         | 427/7731 [00:42<12:15,  9.94it/s]
[1A  6%|▌         | 428/7731 [00:42<12:15,  9.93it/s]
[1A  6%|▌         | 429/7731 [00:42<12:36,  9.65it/s]
[1A  6%|▌         | 431/7731 [00:42<12:31,  9.72it/s]
[1A  6%|▌         | 433/7731 [00:42<12:12,  9.96it/s]
[1A  6%|▌         | 435/7731 [00:42<12:03, 10.08it/s]
[1A  6%|▌         | 437/7731 [00:43<12:05, 10.05it/s]
[1A  6%|▌         | 439/7731 [00:43<12:18,  9.88it/s]
[1A  6%|▌         | 441/7731 [00:43<12:03, 10.07it/s]
[1A  6%|▌         | 443/7731 [00:43<12:03, 10.08it/s]
[1A  6%|▌         | 445/7731 [00:43<11:51, 10.25it/s]
[1A  6%|▌         | 447/7731 [00:44<12:04, 10.06it/s]
[1A  6%|▌         | 449/7731 [00:44<12:21,  9.81it/s]
[1A  6%|▌         | 450/7731 [00:44<12:41,  9.56it/s]
[1A                                                  
{'loss': 0.3519, 'grad_norm': 3.9622628688812256, 'learning_rate': 1.9396551724137932e-05, 'epoch': 0.17}
[1A
[1A  6%|▌         | 450/7731 [00:44<12:41,  9.56it/s]
[1A  6%|▌         | 452/7731 [00:44<12:30,  9.70it/s]
[1A  6%|▌         | 453/7731 [00:44<12:48,  9.46it/s]
[1A  6%|▌         | 454/7731 [00:45<16:18,  7.43it/s]
[1A  6%|▌         | 455/7731 [00:45<18:35,  6.52it/s]
[1A  6%|▌         | 456/7731 [00:45<18:11,  6.67it/s]
[1A  6%|▌         | 457/7731 [00:45<18:29,  6.56it/s]
[1A  6%|▌         | 458/7731 [00:45<17:31,  6.92it/s]
[1A  6%|▌         | 459/7731 [00:45<16:31,  7.33it/s]
[1A  6%|▌         | 460/7731 [00:45<17:54,  6.77it/s]
[1A  6%|▌         | 462/7731 [00:46<15:57,  7.59it/s]
[1A  6%|▌         | 463/7731 [00:46<16:03,  7.54it/s]
[1A  6%|▌         | 464/7731 [00:46<16:49,  7.20it/s]
[1A  6%|▌         | 465/7731 [00:46<17:20,  6.98it/s]
[1A  6%|▌         | 466/7731 [00:46<17:54,  6.76it/s]
[1A  6%|▌         | 467/7731 [00:46<17:26,  6.94it/s]
[1A  6%|▌         | 468/7731 [00:47<16:47,  7.21it/s]
[1A  6%|▌         | 469/7731 [00:47<17:45,  6.82it/s]
[1A  6%|▌         | 470/7731 [00:47<18:57,  6.38it/s]
[1A  6%|▌         | 471/7731 [00:47<17:49,  6.79it/s]
[1A  6%|▌         | 472/7731 [00:47<16:38,  7.27it/s]
[1A  6%|▌         | 473/7731 [00:47<16:15,  7.44it/s]
[1A  6%|▌         | 474/7731 [00:47<16:54,  7.15it/s]
[1A  6%|▌         | 475/7731 [00:48<18:08,  6.66it/s]
[1A  6%|▌         | 476/7731 [00:48<19:00,  6.36it/s]
[1A  6%|▌         | 477/7731 [00:48<19:54,  6.07it/s]
[1A  6%|▌         | 478/7731 [00:48<17:39,  6.85it/s]
[1A  6%|▌         | 479/7731 [00:48<19:13,  6.28it/s]
[1A  6%|▌         | 480/7731 [00:48<19:45,  6.12it/s]
[1A  6%|▌         | 481/7731 [00:49<19:15,  6.28it/s]
[1A  6%|▌         | 482/7731 [00:49<18:40,  6.47it/s]
[1A  6%|▌         | 483/7731 [00:49<17:31,  6.89it/s]
[1A  6%|▋         | 484/7731 [00:49<18:39,  6.47it/s]
[1A  6%|▋         | 485/7731 [00:49<17:35,  6.87it/s]
[1A  6%|▋         | 486/7731 [00:49<17:42,  6.82it/s]
[1A  6%|▋         | 487/7731 [00:49<18:57,  6.37it/s]
[1A  6%|▋         | 488/7731 [00:50<20:32,  5.88it/s]
[1A  6%|▋         | 489/7731 [00:50<21:07,  5.71it/s]
[1A  6%|▋         | 490/7731 [00:50<19:19,  6.24it/s]
[1A  6%|▋         | 491/7731 [00:50<17:35,  6.86it/s]
[1A  6%|▋         | 492/7731 [00:50<17:53,  6.74it/s]
[1A  6%|▋         | 493/7731 [00:50<21:12,  5.69it/s]
[1A  6%|▋         | 494/7731 [00:51<24:33,  4.91it/s]
[1A  6%|▋         | 495/7731 [00:51<22:09,  5.44it/s]
[1A  6%|▋         | 496/7731 [00:51<20:46,  5.80it/s]
[1A  6%|▋         | 497/7731 [00:51<22:37,  5.33it/s]
[1A  6%|▋         | 498/7731 [00:51<22:50,  5.28it/s]
[1A  6%|▋         | 500/7731 [00:52<17:48,  6.77it/s]
[1A                                                  
{'loss': 0.3483, 'grad_norm': 17.745515823364258, 'learning_rate': 1.9900921976056145e-05, 'epoch': 0.19}
[1A
[1A  6%|▋         | 500/7731 [00:52<17:48,  6.77it/s]
[1A  6%|▋         | 501/7731 [00:52<18:47,  6.41it/s]
[1A  6%|▋         | 502/7731 [00:52<18:24,  6.54it/s]
[1A  7%|▋         | 503/7731 [00:52<19:32,  6.17it/s]
[1A  7%|▋         | 504/7731 [00:52<22:25,  5.37it/s]
[1A  7%|▋         | 505/7731 [00:53<20:21,  5.91it/s]
[1A  7%|▋         | 507/7731 [00:53<16:22,  7.36it/s]
[1A  7%|▋         | 508/7731 [00:53<15:20,  7.84it/s]
[1A  7%|▋         | 510/7731 [00:53<14:28,  8.32it/s]
[1A  7%|▋         | 511/7731 [00:53<15:37,  7.70it/s]
[1A  7%|▋         | 512/7731 [00:53<16:21,  7.36it/s]
[1A  7%|▋         | 513/7731 [00:53<16:09,  7.45it/s]
[1A  7%|▋         | 514/7731 [00:54<15:30,  7.75it/s]
[1A  7%|▋         | 515/7731 [00:54<15:35,  7.72it/s]
[1A  7%|▋         | 516/7731 [00:54<15:12,  7.91it/s]
[1A  7%|▋         | 517/7731 [00:54<17:12,  6.99it/s]
[1A  7%|▋         | 518/7731 [00:54<16:38,  7.22it/s]
[1A  7%|▋         | 519/7731 [00:54<15:54,  7.56it/s]
[1A  7%|▋         | 520/7731 [00:54<17:20,  6.93it/s]
[1A  7%|▋         | 521/7731 [00:55<16:08,  7.44it/s]
[1A  7%|▋         | 522/7731 [00:55<15:20,  7.83it/s]
[1A  7%|▋         | 523/7731 [00:55<16:20,  7.35it/s]
[1A  7%|▋         | 524/7731 [00:55<15:05,  7.96it/s]
[1A  7%|▋         | 526/7731 [00:55<13:37,  8.81it/s]
[1A  7%|▋         | 527/7731 [00:55<14:08,  8.49it/s]
[1A  7%|▋         | 528/7731 [00:55<14:14,  8.43it/s]
[1A  7%|▋         | 529/7731 [00:56<14:00,  8.57it/s]
[1A  7%|▋         | 530/7731 [00:56<13:43,  8.74it/s]
[1A  7%|▋         | 532/7731 [00:56<12:54,  9.29it/s]
[1A  7%|▋         | 533/7731 [00:56<12:41,  9.45it/s]
[1A  7%|▋         | 534/7731 [00:56<12:31,  9.57it/s]
[1A  7%|▋         | 536/7731 [00:56<12:05,  9.92it/s]
[1A  7%|▋         | 538/7731 [00:56<12:00,  9.98it/s]
[1A  7%|▋         | 539/7731 [00:57<12:03,  9.94it/s]
[1A  7%|▋         | 540/7731 [00:57<12:22,  9.68it/s]
[1A  7%|▋         | 542/7731 [00:57<12:41,  9.44it/s]
[1A  7%|▋         | 544/7731 [00:57<12:17,  9.75it/s]
[1A  7%|▋         | 545/7731 [00:57<12:56,  9.26it/s]
[1A  7%|▋         | 546/7731 [00:57<12:51,  9.32it/s]
[1A  7%|▋         | 547/7731 [00:57<13:06,  9.13it/s]
[1A  7%|▋         | 549/7731 [00:58<12:30,  9.57it/s]
[1A  7%|▋         | 550/7731 [00:58<12:33,  9.53it/s]
[1A                                                  
{'loss': 0.3375, 'grad_norm': 7.5007429122924805, 'learning_rate': 1.976331360946746e-05, 'epoch': 0.21}
[1A
[1A  7%|▋         | 550/7731 [00:58<12:33,  9.53it/s]
[1A  7%|▋         | 551/7731 [00:58<12:34,  9.52it/s]
[1A  7%|▋         | 552/7731 [00:58<12:56,  9.24it/s]
[1A  7%|▋         | 553/7731 [00:58<12:42,  9.42it/s]
[1A  7%|▋         | 555/7731 [00:58<12:22,  9.67it/s]
[1A  7%|▋         | 556/7731 [00:58<12:22,  9.66it/s]
[1A  7%|▋         | 557/7731 [00:58<12:56,  9.24it/s]
[1A  7%|▋         | 558/7731 [00:59<12:57,  9.23it/s]
[1A  7%|▋         | 560/7731 [00:59<12:12,  9.79it/s]
[1A  7%|▋         | 562/7731 [00:59<11:57,  9.99it/s]
[1A  7%|▋         | 564/7731 [00:59<11:49, 10.10it/s]
[1A  7%|▋         | 565/7731 [00:59<11:52, 10.06it/s]
[1A  7%|▋         | 566/7731 [00:59<12:03,  9.91it/s]
[1A  7%|▋         | 567/7731 [00:59<12:03,  9.90it/s]
[1A  7%|▋         | 568/7731 [01:00<12:33,  9.51it/s]
[1A  7%|▋         | 570/7731 [01:00<12:33,  9.50it/s]
[1A  7%|▋         | 571/7731 [01:00<12:28,  9.57it/s]
[1A  7%|▋         | 572/7731 [01:00<12:38,  9.44it/s]
[1A  7%|▋         | 573/7731 [01:00<12:29,  9.55it/s]
[1A  7%|▋         | 574/7731 [01:00<12:23,  9.62it/s]
[1A  7%|▋         | 576/7731 [01:00<12:38,  9.43it/s]
[1A  7%|▋         | 577/7731 [01:01<13:01,  9.15it/s]
[1A  7%|▋         | 578/7731 [01:01<12:51,  9.27it/s]
[1A  7%|▋         | 579/7731 [01:01<12:53,  9.25it/s]
[1A  8%|▊         | 581/7731 [01:01<13:18,  8.95it/s]
[1A  8%|▊         | 583/7731 [01:01<12:48,  9.30it/s]
[1A  8%|▊         | 585/7731 [01:01<12:16,  9.70it/s]
[1A  8%|▊         | 587/7731 [01:02<11:57,  9.96it/s]
[1A  8%|▊         | 589/7731 [01:02<11:45, 10.13it/s]
[1A  8%|▊         | 591/7731 [01:02<12:07,  9.82it/s]
[1A  8%|▊         | 592/7731 [01:02<12:38,  9.41it/s]
[1A  8%|▊         | 594/7731 [01:02<12:32,  9.49it/s]
[1A  8%|▊         | 596/7731 [01:02<12:05,  9.83it/s]
[1A  8%|▊         | 598/7731 [01:03<12:00,  9.90it/s]
[1A  8%|▊         | 599/7731 [01:03<12:05,  9.84it/s]
[1A                                                  
[1A
{'loss': 0.3523, 'grad_norm': 18.168678283691406, 'learning_rate': 1.9625705242878767e-05, 'epoch': 0.23}
[1A  8%|▊         | 600/7731 [01:03<12:04,  9.84it/s]
[1A  8%|▊         | 601/7731 [01:03<11:45, 10.10it/s]
[1A  8%|▊         | 603/7731 [01:03<12:18,  9.66it/s]
[1A  8%|▊         | 604/7731 [01:03<12:19,  9.64it/s]
[1A  8%|▊         | 606/7731 [01:03<12:06,  9.81it/s]
[1A  8%|▊         | 607/7731 [01:04<12:20,  9.62it/s]
[1A  8%|▊         | 608/7731 [01:04<12:14,  9.70it/s]
[1A  8%|▊         | 610/7731 [01:04<11:58,  9.91it/s]
[1A  8%|▊         | 612/7731 [01:04<11:54,  9.97it/s]
[1A  8%|▊         | 613/7731 [01:04<11:54,  9.96it/s]
[1A  8%|▊         | 615/7731 [01:04<11:50, 10.01it/s]
[1A  8%|▊         | 616/7731 [01:04<11:56,  9.93it/s]
[1A  8%|▊         | 617/7731 [01:05<11:55,  9.94it/s]
[1A  8%|▊         | 618/7731 [01:05<12:27,  9.52it/s]
[1A  8%|▊         | 619/7731 [01:05<12:47,  9.27it/s]
[1A  8%|▊         | 620/7731 [01:05<12:45,  9.29it/s]
[1A  8%|▊         | 622/7731 [01:05<12:11,  9.72it/s]
[1A  8%|▊         | 623/7731 [01:05<12:13,  9.69it/s]
[1A  8%|▊         | 625/7731 [01:05<12:21,  9.58it/s]
[1A  8%|▊         | 627/7731 [01:06<12:15,  9.66it/s]
[1A  8%|▊         | 629/7731 [01:06<12:02,  9.82it/s]
[1A  8%|▊         | 631/7731 [01:06<11:51,  9.98it/s]
[1A  8%|▊         | 632/7731 [01:06<12:02,  9.82it/s]
[1A  8%|▊         | 633/7731 [01:06<12:07,  9.76it/s]
[1A  8%|▊         | 634/7731 [01:06<12:18,  9.61it/s]
[1A  8%|▊         | 635/7731 [01:06<12:27,  9.49it/s]
[1A  8%|▊         | 637/7731 [01:07<11:56,  9.90it/s]
[1A  8%|▊         | 638/7731 [01:07<11:59,  9.86it/s]
[1A  8%|▊         | 640/7731 [01:07<11:39, 10.13it/s]
[1A  8%|▊         | 642/7731 [01:07<11:27, 10.31it/s]
[1A  8%|▊         | 644/7731 [01:07<11:27, 10.31it/s]
[1A  8%|▊         | 646/7731 [01:08<12:09,  9.71it/s]
[1A  8%|▊         | 647/7731 [01:08<12:29,  9.45it/s]
[1A  8%|▊         | 649/7731 [01:08<12:28,  9.46it/s]
[1A                                                  
{'loss': 0.3268, 'grad_norm': 3.881507158279419, 'learning_rate': 1.9488096876290078e-05, 'epoch': 0.25}
[1A
[1A  8%|▊         | 650/7731 [01:08<12:28,  9.46it/s]
[1A  8%|▊         | 651/7731 [01:08<12:38,  9.34it/s]
[1A  8%|▊         | 653/7731 [01:08<12:34,  9.39it/s]
[1A  8%|▊         | 654/7731 [01:08<12:54,  9.14it/s]
[1A  8%|▊         | 656/7731 [01:09<12:30,  9.42it/s]
[1A  8%|▊         | 657/7731 [01:09<12:59,  9.07it/s]
[1A  9%|▊         | 659/7731 [01:09<12:41,  9.29it/s]
[1A  9%|▊         | 660/7731 [01:09<12:51,  9.16it/s]
[1A  9%|▊         | 662/7731 [01:09<12:16,  9.60it/s]
[1A  9%|▊         | 664/7731 [01:09<11:53,  9.90it/s]
[1A  9%|▊         | 666/7731 [01:10<11:45, 10.01it/s]
[1A  9%|▊         | 668/7731 [01:10<11:37, 10.13it/s]
[1A  9%|▊         | 670/7731 [01:10<11:38, 10.11it/s]
[1A  9%|▊         | 672/7731 [01:10<11:39, 10.09it/s]
[1A  9%|▊         | 674/7731 [01:10<11:27, 10.26it/s]
[1A  9%|▊         | 676/7731 [01:11<11:25, 10.30it/s]
[1A  9%|▉         | 678/7731 [01:11<11:57,  9.83it/s]
[1A  9%|▉         | 679/7731 [01:11<11:59,  9.80it/s]
[1A  9%|▉         | 680/7731 [01:11<12:03,  9.74it/s]
[1A  9%|▉         | 681/7731 [01:11<12:43,  9.24it/s]
[1A  9%|▉         | 683/7731 [01:11<12:10,  9.65it/s]
[1A  9%|▉         | 684/7731 [01:11<12:21,  9.51it/s]
[1A  9%|▉         | 686/7731 [01:12<12:28,  9.42it/s]
[1A  9%|▉         | 688/7731 [01:12<11:59,  9.78it/s]
[1A  9%|▉         | 690/7731 [01:12<11:48,  9.93it/s]
[1A  9%|▉         | 692/7731 [01:12<11:43, 10.01it/s]
[1A  9%|▉         | 694/7731 [01:13<11:48,  9.93it/s]
[1A  9%|▉         | 696/7731 [01:13<11:55,  9.84it/s]
[1A  9%|▉         | 697/7731 [01:13<12:24,  9.45it/s]
[1A  9%|▉         | 698/7731 [01:13<12:54,  9.08it/s]
[1A  9%|▉         | 699/7731 [01:13<12:58,  9.04it/s]
[1A  9%|▉         | 700/7731 [01:13<12:53,  9.10it/s]
[1A                                                  
{'loss': 0.3152, 'grad_norm': 9.36552906036377, 'learning_rate': 1.935048850970139e-05, 'epoch': 0.27}
[1A
[1A  9%|▉         | 700/7731 [01:13<12:53,  9.10it/s]
[1A  9%|▉         | 701/7731 [01:13<12:41,  9.23it/s]
[1A  9%|▉         | 702/7731 [01:13<12:50,  9.12it/s]
[1A  9%|▉         | 704/7731 [01:14<12:11,  9.60it/s]
[1A  9%|▉         | 705/7731 [01:14<12:27,  9.40it/s]
[1A  9%|▉         | 706/7731 [01:14<12:26,  9.40it/s]
[1A  9%|▉         | 707/7731 [01:14<12:56,  9.04it/s]
[1A  9%|▉         | 708/7731 [01:14<12:45,  9.17it/s]
[1A  9%|▉         | 709/7731 [01:14<12:52,  9.09it/s]
[1A  9%|▉         | 710/7731 [01:14<12:35,  9.29it/s]
[1A  9%|▉         | 712/7731 [01:14<12:07,  9.65it/s]
[1A  9%|▉         | 714/7731 [01:15<11:36, 10.08it/s]
[1A  9%|▉         | 716/7731 [01:15<11:25, 10.24it/s]
[1A  9%|▉         | 718/7731 [01:15<11:20, 10.31it/s]
[1A  9%|▉         | 720/7731 [01:15<11:20, 10.30it/s]
[1A  9%|▉         | 722/7731 [01:15<12:29,  9.35it/s]
[1A  9%|▉         | 723/7731 [01:16<12:45,  9.16it/s]
[1A  9%|▉         | 724/7731 [01:16<13:11,  8.85it/s]
[1A  9%|▉         | 725/7731 [01:16<13:43,  8.51it/s]
[1A  9%|▉         | 727/7731 [01:16<12:48,  9.11it/s]
[1A  9%|▉         | 729/7731 [01:16<12:33,  9.29it/s]
[1A  9%|▉         | 731/7731 [01:16<12:23,  9.42it/s]
[1A  9%|▉         | 732/7731 [01:17<12:36,  9.25it/s]
[1A  9%|▉         | 734/7731 [01:17<12:16,  9.50it/s]
[1A 10%|▉         | 736/7731 [01:17<11:59,  9.72it/s]
[1A 10%|▉         | 738/7731 [01:17<12:12,  9.54it/s]
[1A 10%|▉         | 740/7731 [01:17<11:47,  9.88it/s]
[1A 10%|▉         | 742/7731 [01:18<11:37, 10.02it/s]
[1A 10%|▉         | 744/7731 [01:18<11:27, 10.16it/s]
[1A 10%|▉         | 746/7731 [01:18<11:37, 10.01it/s]
[1A 10%|▉         | 748/7731 [01:18<12:31,  9.29it/s]
[1A 10%|▉         | 749/7731 [01:18<12:34,  9.25it/s]
[1A 10%|▉         | 750/7731 [01:18<12:35,  9.24it/s]
[1A                                                  
{'loss': 0.2969, 'grad_norm': 13.697242736816406, 'learning_rate': 1.9212880143112704e-05, 'epoch': 0.29}
[1A
[1A 10%|▉         | 750/7731 [01:18<12:35,  9.24it/s]
[1A 10%|▉         | 751/7731 [01:19<12:39,  9.19it/s]
[1A 10%|▉         | 752/7731 [01:19<13:04,  8.90it/s]
[1A 10%|▉         | 753/7731 [01:19<12:59,  8.95it/s]
[1A 10%|▉         | 755/7731 [01:19<12:20,  9.43it/s]
[1A 10%|▉         | 757/7731 [01:19<11:53,  9.77it/s]
[1A 10%|▉         | 759/7731 [01:19<11:56,  9.73it/s]
[1A 10%|▉         | 760/7731 [01:19<11:53,  9.77it/s]
[1A 10%|▉         | 761/7731 [01:20<11:58,  9.69it/s]
[1A 10%|▉         | 763/7731 [01:20<11:51,  9.79it/s]
[1A 10%|▉         | 765/7731 [01:20<11:29, 10.10it/s]
[1A 10%|▉         | 767/7731 [01:20<11:17, 10.28it/s]
[1A 10%|▉         | 769/7731 [01:20<11:12, 10.35it/s]
[1A 10%|▉         | 771/7731 [01:21<11:08, 10.41it/s]
[1A 10%|▉         | 773/7731 [01:21<11:24, 10.16it/s]
[1A 10%|█         | 775/7731 [01:21<11:27, 10.12it/s]
[1A 10%|█         | 777/7731 [01:21<11:34, 10.01it/s]
[1A 10%|█         | 779/7731 [01:21<11:41,  9.91it/s]
[1A 10%|█         | 780/7731 [01:21<11:45,  9.86it/s]
[1A 10%|█         | 781/7731 [01:22<11:44,  9.86it/s]
[1A 10%|█         | 783/7731 [01:22<11:34, 10.00it/s]
[1A 10%|█         | 784/7731 [01:22<11:37,  9.95it/s]
[1A 10%|█         | 785/7731 [01:22<11:46,  9.83it/s]
[1A 10%|█         | 786/7731 [01:22<12:22,  9.35it/s]
[1A 10%|█         | 788/7731 [01:22<11:53,  9.73it/s]
[1A 10%|█         | 789/7731 [01:22<11:51,  9.76it/s]
[1A 10%|█         | 790/7731 [01:22<11:58,  9.66it/s]
[1A 10%|█         | 792/7731 [01:23<11:36,  9.96it/s]
[1A 10%|█         | 794/7731 [01:23<11:35,  9.98it/s]
[1A 10%|█         | 795/7731 [01:23<11:35,  9.98it/s]
[1A 10%|█         | 796/7731 [01:23<12:16,  9.41it/s]
[1A 10%|█         | 798/7731 [01:23<11:44,  9.84it/s]
[1A 10%|█         | 799/7731 [01:23<12:05,  9.55it/s]
[1A 10%|█         | 800/7731 [01:24<12:06,  9.54it/s]
[1A                                                  
{'loss': 0.2916, 'grad_norm': 17.440258026123047, 'learning_rate': 1.9075271776524015e-05, 'epoch': 0.31}
[1A
[1A 10%|█         | 800/7731 [01:24<12:06,  9.54it/s]
[1A 10%|█         | 801/7731 [01:24<12:55,  8.93it/s]
[1A 10%|█         | 803/7731 [01:24<12:04,  9.56it/s]
[1A 10%|█         | 804/7731 [01:24<12:33,  9.19it/s]
[1A 10%|█         | 805/7731 [01:24<12:20,  9.35it/s]
[1A 10%|█         | 807/7731 [01:24<12:13,  9.44it/s]
[1A 10%|█         | 809/7731 [01:24<12:22,  9.32it/s]
[1A 10%|█         | 810/7731 [01:25<12:14,  9.43it/s]
[1A 10%|█         | 811/7731 [01:25<12:04,  9.55it/s]
[1A 11%|█         | 813/7731 [01:25<12:06,  9.53it/s]
[1A 11%|█         | 815/7731 [01:25<11:48,  9.76it/s]
[1A 11%|█         | 816/7731 [01:25<12:16,  9.39it/s]
[1A 11%|█         | 818/7731 [01:25<13:12,  8.72it/s]
[1A 11%|█         | 819/7731 [01:26<12:52,  8.94it/s]
[1A 11%|█         | 821/7731 [01:26<12:12,  9.44it/s]
[1A 11%|█         | 823/7731 [01:26<11:57,  9.63it/s]
[1A 11%|█         | 824/7731 [01:26<12:14,  9.41it/s]
[1A 11%|█         | 825/7731 [01:26<12:07,  9.49it/s]
[1A 11%|█         | 826/7731 [01:26<12:36,  9.12it/s]
[1A 11%|█         | 827/7731 [01:26<12:24,  9.28it/s]
[1A 11%|█         | 829/7731 [01:27<11:51,  9.70it/s]
[1A 11%|█         | 830/7731 [01:27<11:50,  9.71it/s]
[1A 11%|█         | 831/7731 [01:27<11:46,  9.76it/s]
[1A 11%|█         | 833/7731 [01:27<11:25, 10.06it/s]
[1A 11%|█         | 834/7731 [01:27<11:46,  9.76it/s]
[1A 11%|█         | 836/7731 [01:27<11:54,  9.65it/s]
[1A 11%|█         | 837/7731 [01:27<12:00,  9.57it/s]
[1A 11%|█         | 838/7731 [01:28<11:54,  9.65it/s]
[1A 11%|█         | 839/7731 [01:28<11:47,  9.73it/s]
[1A 11%|█         | 840/7731 [01:28<11:55,  9.63it/s]
[1A 11%|█         | 841/7731 [01:28<12:26,  9.23it/s]
[1A 11%|█         | 843/7731 [01:28<11:37,  9.87it/s]
[1A 11%|█         | 845/7731 [01:28<11:20, 10.11it/s]
[1A 11%|█         | 847/7731 [01:28<11:30,  9.97it/s]
[1A 11%|█         | 849/7731 [01:29<11:23, 10.07it/s]
[1A 11%|█         | 850/7731 [01:29<12:09,  9.44it/s]
[1A                                                  
{'loss': 0.2762, 'grad_norm': 10.985899925231934, 'learning_rate': 1.8937663409935326e-05, 'epoch': 0.33}
[1A
[1A 11%|█         | 850/7731 [01:29<12:09,  9.44it/s]
[1A 11%|█         | 851/7731 [01:29<12:39,  9.06it/s]
[1A 11%|█         | 853/7731 [01:29<11:57,  9.59it/s]
[1A 11%|█         | 855/7731 [01:29<12:26,  9.21it/s]
[1A 11%|█         | 856/7731 [01:29<12:18,  9.31it/s]
[1A 11%|█         | 858/7731 [01:30<12:05,  9.47it/s]
[1A 11%|█         | 859/7731 [01:30<12:08,  9.43it/s]
[1A 11%|█         | 861/7731 [01:30<11:40,  9.81it/s]
[1A 11%|█         | 862/7731 [01:30<11:49,  9.68it/s]
[1A 11%|█         | 864/7731 [01:30<11:46,  9.72it/s]
[1A 11%|█         | 865/7731 [01:30<11:42,  9.77it/s]
[1A 11%|█         | 866/7731 [01:30<12:25,  9.20it/s]
[1A 11%|█         | 867/7731 [01:31<12:25,  9.21it/s]
[1A 11%|█         | 869/7731 [01:31<11:40,  9.79it/s]
[1A 11%|█▏        | 871/7731 [01:31<11:29,  9.95it/s]
[1A 11%|█▏        | 873/7731 [01:31<11:18, 10.11it/s]
[1A 11%|█▏        | 874/7731 [01:31<11:22, 10.05it/s]
[1A 11%|█▏        | 875/7731 [01:31<12:27,  9.18it/s]
[1A 11%|█▏        | 876/7731 [01:31<12:18,  9.28it/s]
[1A 11%|█▏        | 877/7731 [01:32<12:11,  9.37it/s]
[1A 11%|█▏        | 879/7731 [01:32<11:42,  9.75it/s]
[1A 11%|█▏        | 880/7731 [01:32<11:56,  9.56it/s]
[1A 11%|█▏        | 882/7731 [01:32<11:41,  9.76it/s]
[1A 11%|█▏        | 884/7731 [01:32<11:23, 10.01it/s]
[1A 11%|█▏        | 886/7731 [01:32<11:12, 10.18it/s]
[1A 11%|█▏        | 888/7731 [01:33<11:03, 10.32it/s]
[1A 12%|█▏        | 890/7731 [01:33<11:11, 10.19it/s]
[1A 12%|█▏        | 892/7731 [01:33<11:33,  9.86it/s]
[1A 12%|█▏        | 894/7731 [01:33<11:17, 10.09it/s]
[1A 12%|█▏        | 896/7731 [01:33<11:08, 10.22it/s]
[1A 12%|█▏        | 898/7731 [01:34<11:03, 10.30it/s]
[1A 12%|█▏        | 900/7731 [01:34<11:03, 10.30it/s]
[1A                                                  
{'loss': 0.2836, 'grad_norm': 3.019653558731079, 'learning_rate': 1.8800055043346637e-05, 'epoch': 0.35}
[1A
[1A 12%|█▏        | 900/7731 [01:34<11:03, 10.30it/s]
[1A 12%|█▏        | 902/7731 [01:34<11:15, 10.11it/s]
[1A 12%|█▏        | 904/7731 [01:34<11:41,  9.73it/s]
[1A 12%|█▏        | 906/7731 [01:35<12:01,  9.45it/s]
[1A 12%|█▏        | 908/7731 [01:35<11:37,  9.78it/s]
[1A 12%|█▏        | 910/7731 [01:35<11:37,  9.78it/s]
[1A 12%|█▏        | 912/7731 [01:35<11:22, 10.00it/s]
[1A 12%|█▏        | 914/7731 [01:35<11:35,  9.80it/s]
[1A 12%|█▏        | 916/7731 [01:36<11:41,  9.71it/s]
[1A 12%|█▏        | 918/7731 [01:36<11:40,  9.73it/s]
[1A 12%|█▏        | 919/7731 [01:36<11:49,  9.60it/s]
[1A 12%|█▏        | 920/7731 [01:36<11:55,  9.52it/s]
[1A 12%|█▏        | 921/7731 [01:36<12:20,  9.19it/s]
[1A 12%|█▏        | 923/7731 [01:36<11:44,  9.67it/s]
[1A 12%|█▏        | 925/7731 [01:36<11:33,  9.82it/s]
[1A 12%|█▏        | 926/7731 [01:37<11:32,  9.83it/s]
[1A 12%|█▏        | 927/7731 [01:37<12:05,  9.38it/s]
[1A 12%|█▏        | 928/7731 [01:37<12:37,  8.98it/s]
[1A 12%|█▏        | 929/7731 [01:37<12:45,  8.88it/s]
[1A 12%|█▏        | 931/7731 [01:37<12:02,  9.41it/s]
[1A 12%|█▏        | 933/7731 [01:37<11:42,  9.68it/s]
[1A 12%|█▏        | 935/7731 [01:38<11:25,  9.91it/s]
[1A 12%|█▏        | 936/7731 [01:38<11:48,  9.59it/s]
[1A 12%|█▏        | 938/7731 [01:38<11:33,  9.79it/s]
[1A 12%|█▏        | 939/7731 [01:38<11:36,  9.75it/s]
[1A 12%|█▏        | 941/7731 [01:38<11:41,  9.68it/s]
[1A 12%|█▏        | 942/7731 [01:38<11:42,  9.67it/s]
[1A 12%|█▏        | 943/7731 [01:38<11:46,  9.61it/s]
[1A 12%|█▏        | 945/7731 [01:39<11:24,  9.91it/s]
[1A 12%|█▏        | 947/7731 [01:39<11:10, 10.12it/s]
[1A 12%|█▏        | 949/7731 [01:39<11:03, 10.21it/s]
[1A                                                  
{'loss': 0.282, 'grad_norm': 3.260188102722168, 'learning_rate': 1.8662446676757948e-05, 'epoch': 0.37}
[1A
[1A 12%|█▏        | 950/7731 [01:39<11:03, 10.21it/s]
[1A 12%|█▏        | 951/7731 [01:39<11:08, 10.15it/s]
[1A 12%|█▏        | 953/7731 [01:39<11:33,  9.78it/s]
[1A 12%|█▏        | 955/7731 [01:40<11:26,  9.87it/s]
[1A 12%|█▏        | 957/7731 [01:40<11:25,  9.89it/s]
[1A 12%|█▏        | 959/7731 [01:40<11:18,  9.99it/s]
[1A 12%|█▏        | 960/7731 [01:40<11:39,  9.67it/s]
[1A 12%|█▏        | 961/7731 [01:40<11:37,  9.71it/s]
[1A 12%|█▏        | 962/7731 [01:40<12:07,  9.31it/s]
[1A 12%|█▏        | 963/7731 [01:40<12:51,  8.77it/s]
[1A 12%|█▏        | 964/7731 [01:41<12:44,  8.85it/s]
[1A 12%|█▏        | 966/7731 [01:41<11:59,  9.40it/s]
[1A 13%|█▎        | 967/7731 [01:41<12:23,  9.10it/s]
[1A 13%|█▎        | 968/7731 [01:41<12:32,  8.98it/s]
[1A 13%|█▎        | 969/7731 [01:41<12:17,  9.17it/s]
[1A 13%|█▎        | 971/7731 [01:41<12:00,  9.38it/s]
[1A 13%|█▎        | 973/7731 [01:41<11:08, 10.11it/s]
[1A 13%|█▎        | 975/7731 [01:42<11:16,  9.98it/s]
[1A 13%|█▎        | 976/7731 [01:42<11:26,  9.83it/s]
[1A 13%|█▎        | 978/7731 [01:42<11:15,  9.99it/s]
[1A 13%|█▎        | 979/7731 [01:42<11:36,  9.69it/s]
[1A 13%|█▎        | 981/7731 [01:42<11:31,  9.77it/s]
[1A 13%|█▎        | 983/7731 [01:42<11:18,  9.95it/s]
[1A 13%|█▎        | 984/7731 [01:43<11:24,  9.85it/s]
[1A 13%|█▎        | 986/7731 [01:43<11:27,  9.81it/s]
[1A 13%|█▎        | 987/7731 [01:43<11:41,  9.62it/s]
[1A 13%|█▎        | 988/7731 [01:43<11:46,  9.55it/s]
[1A 13%|█▎        | 990/7731 [01:43<11:37,  9.66it/s]
[1A 13%|█▎        | 991/7731 [01:43<11:39,  9.63it/s]
[1A 13%|█▎        | 993/7731 [01:43<11:12, 10.02it/s]
[1A 13%|█▎        | 995/7731 [01:44<11:16,  9.95it/s]
[1A 13%|█▎        | 996/7731 [01:44<11:32,  9.73it/s]
[1A 13%|█▎        | 997/7731 [01:44<11:59,  9.35it/s]
[1A 13%|█▎        | 999/7731 [01:44<11:22,  9.86it/s]
[1A                                                  
{'loss': 0.2927, 'grad_norm': 7.983880043029785, 'learning_rate': 1.852483831016926e-05, 'epoch': 0.39}
[1A
[1A 13%|█▎        | 1000/7731 [01:44<11:22,  9.86it/s]
[1A 13%|█▎        | 1001/7731 [01:44<11:42,  9.58it/s]
[1A 13%|█▎        | 1002/7731 [01:44<12:03,  9.30it/s]
[1A 13%|█▎        | 1004/7731 [01:45<11:38,  9.63it/s]
[1A 13%|█▎        | 1006/7731 [01:45<11:30,  9.74it/s]
[1A 13%|█▎        | 1007/7731 [01:45<12:00,  9.33it/s]
[1A 13%|█▎        | 1008/7731 [01:45<12:19,  9.09it/s]
[1A 13%|█▎        | 1010/7731 [01:45<11:48,  9.49it/s]
[1A 13%|█▎        | 1011/7731 [01:45<11:46,  9.51it/s]
[1A 13%|█▎        | 1012/7731 [01:45<11:39,  9.60it/s]
[1A 13%|█▎        | 1014/7731 [01:46<11:22,  9.84it/s]
[1A 13%|█▎        | 1015/7731 [01:46<11:46,  9.51it/s]
[1A 13%|█▎        | 1016/7731 [01:46<11:53,  9.41it/s]
[1A 13%|█▎        | 1018/7731 [01:46<11:13,  9.97it/s]
[1A 13%|█▎        | 1020/7731 [01:46<11:38,  9.61it/s]
[1A 13%|█▎        | 1021/7731 [01:46<11:39,  9.59it/s]
[1A 13%|█▎        | 1022/7731 [01:47<11:34,  9.66it/s]
[1A 13%|█▎        | 1024/7731 [01:47<11:27,  9.76it/s]
[1A 13%|█▎        | 1026/7731 [01:47<11:13,  9.96it/s]
[1A 13%|█▎        | 1028/7731 [01:47<11:04, 10.08it/s]
[1A 13%|█▎        | 1030/7731 [01:47<11:06, 10.06it/s]
[1A 13%|█▎        | 1032/7731 [01:48<11:29,  9.71it/s]
[1A 13%|█▎        | 1033/7731 [01:48<11:56,  9.35it/s]
[1A 13%|█▎        | 1034/7731 [01:48<13:04,  8.53it/s]
[1A 13%|█▎        | 1035/7731 [01:48<12:40,  8.80it/s]
[1A 13%|█▎        | 1037/7731 [01:48<12:00,  9.29it/s]
[1A 13%|█▎        | 1039/7731 [01:48<11:35,  9.62it/s]
[1A 13%|█▎        | 1040/7731 [01:48<11:50,  9.42it/s]
[1A 13%|█▎        | 1041/7731 [01:49<12:22,  9.01it/s]
[1A 13%|█▎        | 1043/7731 [01:49<11:45,  9.47it/s]
[1A 14%|█▎        | 1044/7731 [01:49<11:45,  9.48it/s]
[1A 14%|█▎        | 1045/7731 [01:49<11:47,  9.45it/s]
[1A 14%|█▎        | 1046/7731 [01:49<12:03,  9.24it/s]
[1A 14%|█▎        | 1048/7731 [01:49<11:26,  9.73it/s]
[1A 14%|█▎        | 1049/7731 [01:49<12:32,  8.88it/s]
[1A                                                   
{'loss': 0.2755, 'grad_norm': 15.670960426330566, 'learning_rate': 1.838722994358057e-05, 'epoch': 0.41}
[1A
[1A 14%|█▎        | 1050/7731 [01:50<12:32,  8.88it/s]
[1A 14%|█▎        | 1051/7731 [01:50<12:04,  9.22it/s]
[1A 14%|█▎        | 1052/7731 [01:50<12:40,  8.78it/s]
[1A 14%|█▎        | 1054/7731 [01:50<11:52,  9.37it/s]
[1A 14%|█▎        | 1056/7731 [01:50<11:28,  9.70it/s]
[1A 14%|█▎        | 1058/7731 [01:50<11:46,  9.44it/s]
[1A 14%|█▎        | 1059/7731 [01:50<12:04,  9.21it/s]
[1A 14%|█▎        | 1060/7731 [01:51<12:11,  9.12it/s]
[1A 14%|█▎        | 1062/7731 [01:51<11:45,  9.46it/s]
[1A 14%|█▍        | 1064/7731 [01:51<11:26,  9.72it/s]
[1A 14%|█▍        | 1065/7731 [01:51<11:34,  9.60it/s]
[1A 14%|█▍        | 1066/7731 [01:51<11:29,  9.67it/s]
[1A 14%|█▍        | 1068/7731 [01:51<11:09,  9.95it/s]
[1A 14%|█▍        | 1070/7731 [01:52<10:58, 10.12it/s]
[1A 14%|█▍        | 1072/7731 [01:52<10:51, 10.23it/s]
[1A 14%|█▍        | 1074/7731 [01:52<10:42, 10.35it/s]
[1A 14%|█▍        | 1076/7731 [01:52<11:00, 10.08it/s]
[1A 14%|█▍        | 1078/7731 [01:52<11:13,  9.88it/s]
[1A 14%|█▍        | 1080/7731 [01:53<11:03, 10.03it/s]
[1A 14%|█▍        | 1082/7731 [01:53<10:59, 10.08it/s]
[1A 14%|█▍        | 1084/7731 [01:53<10:52, 10.19it/s]
[1A 14%|█▍        | 1086/7731 [01:53<11:18,  9.79it/s]
[1A 14%|█▍        | 1087/7731 [01:53<11:45,  9.42it/s]
[1A 14%|█▍        | 1089/7731 [01:53<11:19,  9.78it/s]
[1A 14%|█▍        | 1091/7731 [01:54<11:18,  9.79it/s]
[1A 14%|█▍        | 1093/7731 [01:54<11:14,  9.85it/s]
[1A 14%|█▍        | 1094/7731 [01:54<11:32,  9.58it/s]
[1A 14%|█▍        | 1095/7731 [01:54<11:28,  9.64it/s]
[1A 14%|█▍        | 1097/7731 [01:54<11:05,  9.97it/s]
[1A 14%|█▍        | 1098/7731 [01:54<11:27,  9.65it/s]
[1A 14%|█▍        | 1099/7731 [01:55<11:23,  9.71it/s]
[1A                                                   
{'loss': 0.2849, 'grad_norm': 10.887876510620117, 'learning_rate': 1.8249621576991884e-05, 'epoch': 0.43}
[1A
[1A 14%|█▍        | 1100/7731 [01:55<11:23,  9.71it/s]
[1A 14%|█▍        | 1101/7731 [01:55<11:30,  9.60it/s]
[1A 14%|█▍        | 1103/7731 [01:55<11:56,  9.24it/s]
[1A 14%|█▍        | 1105/7731 [01:55<11:28,  9.63it/s]
[1A 14%|█▍        | 1107/7731 [01:55<10:30, 10.50it/s]
[1A 14%|█▍        | 1109/7731 [01:55<10:34, 10.43it/s]
[1A 14%|█▍        | 1111/7731 [01:56<10:38, 10.36it/s]
[1A 14%|█▍        | 1113/7731 [01:56<11:23,  9.69it/s]
[1A 14%|█▍        | 1114/7731 [01:56<11:51,  9.31it/s]
[1A 14%|█▍        | 1115/7731 [01:56<11:55,  9.25it/s]
[1A 14%|█▍        | 1116/7731 [01:56<11:51,  9.30it/s]
[1A 14%|█▍        | 1117/7731 [01:56<11:40,  9.44it/s]
[1A 14%|█▍        | 1118/7731 [01:56<11:35,  9.51it/s]
[1A 14%|█▍        | 1119/7731 [01:57<11:30,  9.57it/s]
[1A 15%|█▍        | 1121/7731 [01:57<11:14,  9.79it/s]
[1A 15%|█▍        | 1122/7731 [01:57<11:36,  9.49it/s]
[1A 15%|█▍        | 1123/7731 [01:57<11:37,  9.48it/s]
[1A 15%|█▍        | 1125/7731 [01:57<11:21,  9.69it/s]
[1A 15%|█▍        | 1126/7731 [01:57<11:17,  9.75it/s]
[1A 15%|█▍        | 1128/7731 [01:57<10:57, 10.05it/s]
[1A 15%|█▍        | 1129/7731 [01:58<11:04,  9.93it/s]
[1A 15%|█▍        | 1131/7731 [01:58<10:43, 10.25it/s]
[1A 15%|█▍        | 1133/7731 [01:58<10:40, 10.30it/s]
[1A 15%|█▍        | 1135/7731 [01:58<10:35, 10.38it/s]
[1A 15%|█▍        | 1137/7731 [01:58<10:50, 10.13it/s]
[1A 15%|█▍        | 1139/7731 [01:59<11:01,  9.97it/s]
[1A 15%|█▍        | 1140/7731 [01:59<11:08,  9.86it/s]
[1A 15%|█▍        | 1141/7731 [01:59<11:16,  9.74it/s]
[1A 15%|█▍        | 1142/7731 [01:59<11:18,  9.71it/s]
[1A 15%|█▍        | 1143/7731 [01:59<11:15,  9.75it/s]
[1A 15%|█▍        | 1144/7731 [01:59<11:13,  9.78it/s]
[1A 15%|█▍        | 1146/7731 [01:59<10:49, 10.15it/s]
[1A 15%|█▍        | 1148/7731 [01:59<10:51, 10.11it/s]
[1A 15%|█▍        | 1150/7731 [02:00<10:44, 10.20it/s]
[1A                                                   
{'loss': 0.2835, 'grad_norm': 5.814271926879883, 'learning_rate': 1.811476537773497e-05, 'epoch': 0.45}
[1A
[1A 15%|█▍        | 1150/7731 [02:00<10:44, 10.20it/s]
[1A 15%|█▍        | 1152/7731 [02:00<11:06,  9.88it/s]
[1A 15%|█▍        | 1154/7731 [02:00<10:50, 10.12it/s]
[1A 15%|█▍        | 1156/7731 [02:00<10:46, 10.17it/s]
[1A 15%|█▍        | 1158/7731 [02:00<10:39, 10.28it/s]
[1A 15%|█▌        | 1160/7731 [02:01<10:51, 10.09it/s]
[1A 15%|█▌        | 1162/7731 [02:01<11:03,  9.90it/s]
[1A 15%|█▌        | 1163/7731 [02:01<11:04,  9.89it/s]
[1A 15%|█▌        | 1165/7731 [02:01<10:54, 10.04it/s]
[1A 15%|█▌        | 1167/7731 [02:01<10:43, 10.21it/s]
[1A 15%|█▌        | 1169/7731 [02:02<10:44, 10.18it/s]
[1A 15%|█▌        | 1171/7731 [02:02<10:49, 10.09it/s]
[1A 15%|█▌        | 1173/7731 [02:02<11:01,  9.91it/s]
[1A 15%|█▌        | 1175/7731 [02:02<10:47, 10.12it/s]
[1A 15%|█▌        | 1177/7731 [02:02<10:38, 10.27it/s]
[1A 15%|█▌        | 1179/7731 [02:03<10:45, 10.15it/s]
[1A 15%|█▌        | 1181/7731 [02:03<10:37, 10.27it/s]
[1A 15%|█▌        | 1183/7731 [02:03<10:40, 10.22it/s]
[1A 15%|█▌        | 1185/7731 [02:03<10:46, 10.13it/s]
[1A 15%|█▌        | 1187/7731 [02:03<10:46, 10.12it/s]
[1A 15%|█▌        | 1189/7731 [02:04<10:53, 10.01it/s]
[1A 15%|█▌        | 1191/7731 [02:04<10:45, 10.13it/s]
[1A 15%|█▌        | 1193/7731 [02:04<10:49, 10.06it/s]
[1A 15%|█▌        | 1195/7731 [02:04<11:36,  9.38it/s]
[1A 15%|█▌        | 1196/7731 [02:04<11:56,  9.12it/s]
[1A 15%|█▌        | 1197/7731 [02:04<11:56,  9.11it/s]
[1A 15%|█▌        | 1198/7731 [02:05<12:00,  9.07it/s]
[1A 16%|█▌        | 1199/7731 [02:05<13:27,  8.09it/s]
[1A 16%|█▌        | 1200/7731 [02:05<13:27,  8.08it/s]
[1A                                                   
{'loss': 0.2905, 'grad_norm': 19.157129287719727, 'learning_rate': 1.797715701114628e-05, 'epoch': 0.47}
[1A
[1A 16%|█▌        | 1200/7731 [02:05<13:27,  8.08it/s]
[1A 16%|█▌        | 1202/7731 [02:05<12:15,  8.87it/s]
[1A 16%|█▌        | 1204/7731 [02:05<11:56,  9.11it/s]
[1A 16%|█▌        | 1206/7731 [02:05<11:27,  9.49it/s]
[1A 16%|█▌        | 1207/7731 [02:06<11:23,  9.54it/s]
[1A 16%|█▌        | 1208/7731 [02:06<11:17,  9.62it/s]
[1A 16%|█▌        | 1209/7731 [02:06<11:51,  9.17it/s]
[1A 16%|█▌        | 1210/7731 [02:06<11:42,  9.29it/s]
[1A 16%|█▌        | 1212/7731 [02:06<11:08,  9.75it/s]
[1A 16%|█▌        | 1214/7731 [02:06<10:59,  9.88it/s]
[1A 16%|█▌        | 1215/7731 [02:06<10:58,  9.90it/s]
[1A 16%|█▌        | 1217/7731 [02:07<11:03,  9.82it/s]
[1A 16%|█▌        | 1218/7731 [02:07<11:06,  9.78it/s]
[1A 16%|█▌        | 1219/7731 [02:07<11:29,  9.45it/s]
[1A 16%|█▌        | 1221/7731 [02:07<10:55,  9.94it/s]
[1A 16%|█▌        | 1223/7731 [02:07<10:40, 10.15it/s]
[1A 16%|█▌        | 1225/7731 [02:07<10:34, 10.26it/s]
[1A 16%|█▌        | 1227/7731 [02:08<11:04,  9.78it/s]
[1A 16%|█▌        | 1228/7731 [02:08<11:25,  9.49it/s]
[1A 16%|█▌        | 1230/7731 [02:08<11:08,  9.72it/s]
[1A 16%|█▌        | 1232/7731 [02:08<11:05,  9.77it/s]
[1A 16%|█▌        | 1233/7731 [02:08<11:03,  9.79it/s]
[1A 16%|█▌        | 1234/7731 [02:08<11:31,  9.40it/s]
[1A 16%|█▌        | 1236/7731 [02:08<11:23,  9.50it/s]
[1A 16%|█▌        | 1238/7731 [02:09<11:25,  9.47it/s]
[1A 16%|█▌        | 1240/7731 [02:09<11:02,  9.80it/s]
[1A 16%|█▌        | 1242/7731 [02:09<10:44, 10.07it/s]
[1A 16%|█▌        | 1244/7731 [02:09<10:31, 10.27it/s]
[1A 16%|█▌        | 1246/7731 [02:09<10:26, 10.35it/s]
[1A 16%|█▌        | 1248/7731 [02:10<10:27, 10.33it/s]
[1A 16%|█▌        | 1250/7731 [02:10<10:49,  9.98it/s]
[1A                                                   
{'loss': 0.2471, 'grad_norm': 3.6080594062805176, 'learning_rate': 1.783954864455759e-05, 'epoch': 0.49}
[1A
[1A 16%|█▌        | 1250/7731 [02:10<10:49,  9.98it/s]
[1A 16%|█▌        | 1251/7731 [02:10<10:51,  9.95it/s]
[1A 16%|█▌        | 1252/7731 [02:10<11:36,  9.31it/s]
[1A 16%|█▌        | 1253/7731 [02:10<11:27,  9.42it/s]
[1A 16%|█▌        | 1255/7731 [02:10<11:03,  9.75it/s]
[1A 16%|█▋        | 1257/7731 [02:11<10:48,  9.99it/s]
[1A 16%|█▋        | 1258/7731 [02:11<10:50,  9.94it/s]
[1A 16%|█▋        | 1260/7731 [02:11<10:44, 10.04it/s]
[1A 16%|█▋        | 1261/7731 [02:11<10:45, 10.02it/s]
[1A 16%|█▋        | 1263/7731 [02:11<10:36, 10.17it/s]
[1A 16%|█▋        | 1265/7731 [02:11<10:39, 10.12it/s]
[1A 16%|█▋        | 1267/7731 [02:12<10:28, 10.28it/s]
[1A 16%|█▋        | 1269/7731 [02:12<10:20, 10.41it/s]
[1A 16%|█▋        | 1271/7731 [02:12<10:24, 10.34it/s]
[1A 16%|█▋        | 1273/7731 [02:12<10:55,  9.85it/s]
[1A 16%|█▋        | 1274/7731 [02:12<10:54,  9.87it/s]
[1A 17%|█▋        | 1276/7731 [02:12<10:44, 10.02it/s]
[1A 17%|█▋        | 1278/7731 [02:13<10:38, 10.11it/s]
[1A 17%|█▋        | 1280/7731 [02:13<10:33, 10.18it/s]
[1A 17%|█▋        | 1282/7731 [02:13<10:41, 10.05it/s]
[1A 17%|█▋        | 1284/7731 [02:13<10:38, 10.10it/s]
[1A 17%|█▋        | 1286/7731 [02:13<10:27, 10.27it/s]
[1A 17%|█▋        | 1288/7731 [02:14<10:31, 10.20it/s]
[1A 17%|█▋        | 1290/7731 [02:14<10:23, 10.34it/s]
[1A 17%|█▋        | 1292/7731 [02:14<10:24, 10.30it/s]
[1A 17%|█▋        | 1294/7731 [02:14<10:25, 10.30it/s]
[1A 17%|█▋        | 1296/7731 [02:14<10:59,  9.76it/s]
[1A 17%|█▋        | 1297/7731 [02:15<11:18,  9.48it/s]
[1A 17%|█▋        | 1298/7731 [02:15<11:48,  9.08it/s]
[1A 17%|█▋        | 1300/7731 [02:15<11:14,  9.53it/s]
[1A                                                   
{'loss': 0.2736, 'grad_norm': 5.299565315246582, 'learning_rate': 1.77019402779689e-05, 'epoch': 0.5}
[1A
[1A 17%|█▋        | 1300/7731 [02:15<11:14,  9.53it/s]
[1A 17%|█▋        | 1301/7731 [02:15<11:14,  9.53it/s]
[1A 17%|█▋        | 1302/7731 [02:15<11:08,  9.62it/s]
[1A 17%|█▋        | 1303/7731 [02:15<11:01,  9.71it/s]
[1A 17%|█▋        | 1304/7731 [02:15<11:06,  9.64it/s]
[1A 17%|█▋        | 1306/7731 [02:16<10:47,  9.92it/s]
[1A 17%|█▋        | 1308/7731 [02:16<10:38, 10.06it/s]
[1A 17%|█▋        | 1309/7731 [02:16<10:41, 10.01it/s]
[1A 17%|█▋        | 1310/7731 [02:16<10:51,  9.86it/s]
[1A 17%|█▋        | 1312/7731 [02:16<10:34, 10.12it/s]
[1A 17%|█▋        | 1314/7731 [02:16<10:49,  9.89it/s]
[1A 17%|█▋        | 1316/7731 [02:17<10:41,  9.99it/s]
[1A 17%|█▋        | 1318/7731 [02:17<11:05,  9.64it/s]
[1A 17%|█▋        | 1320/7731 [02:17<10:50,  9.85it/s]
[1A 17%|█▋        | 1322/7731 [02:17<10:49,  9.86it/s]
[1A 17%|█▋        | 1323/7731 [02:17<10:51,  9.83it/s]
[1A 17%|█▋        | 1324/7731 [02:17<10:52,  9.82it/s]
[1A 17%|█▋        | 1325/7731 [02:17<11:01,  9.68it/s]
[1A 17%|█▋        | 1327/7731 [02:18<10:41,  9.99it/s]
[1A 17%|█▋        | 1328/7731 [02:18<10:41,  9.97it/s]
[1A 17%|█▋        | 1329/7731 [02:18<10:44,  9.94it/s]
[1A 17%|█▋        | 1331/7731 [02:18<10:32, 10.12it/s]
[1A 17%|█▋        | 1333/7731 [02:18<10:50,  9.84it/s]
[1A 17%|█▋        | 1335/7731 [02:18<10:44,  9.93it/s]
[1A 17%|█▋        | 1337/7731 [02:19<10:29, 10.16it/s]
[1A 17%|█▋        | 1339/7731 [02:19<10:24, 10.24it/s]
[1A 17%|█▋        | 1341/7731 [02:19<10:30, 10.14it/s]
[1A 17%|█▋        | 1343/7731 [02:19<10:30, 10.13it/s]
[1A 17%|█▋        | 1345/7731 [02:19<10:24, 10.23it/s]
[1A 17%|█▋        | 1347/7731 [02:20<10:36, 10.03it/s]
[1A 17%|█▋        | 1349/7731 [02:20<10:36, 10.03it/s]
[1A                                                   
{'loss': 0.2435, 'grad_norm': 9.071767807006836, 'learning_rate': 1.7564331911380213e-05, 'epoch': 0.52}
[1A
[1A 17%|█▋        | 1350/7731 [02:20<10:36, 10.03it/s]
[1A 17%|█▋        | 1351/7731 [02:20<10:53,  9.76it/s]
[1A 17%|█▋        | 1352/7731 [02:20<11:10,  9.51it/s]
[1A 18%|█▊        | 1354/7731 [02:20<10:53,  9.75it/s]
[1A 18%|█▊        | 1356/7731 [02:21<11:15,  9.44it/s]
[1A 18%|█▊        | 1358/7731 [02:21<10:57,  9.69it/s]
[1A 18%|█▊        | 1360/7731 [02:21<10:37, 10.00it/s]
[1A 18%|█▊        | 1362/7731 [02:21<10:36, 10.01it/s]
[1A 18%|█▊        | 1364/7731 [02:21<10:38,  9.97it/s]
[1A 18%|█▊        | 1365/7731 [02:21<10:41,  9.92it/s]
[1A 18%|█▊        | 1367/7731 [02:22<10:39,  9.95it/s]
[1A 18%|█▊        | 1368/7731 [02:22<10:45,  9.86it/s]
[1A 18%|█▊        | 1369/7731 [02:22<11:10,  9.49it/s]
[1A 18%|█▊        | 1370/7731 [02:22<11:11,  9.47it/s]
[1A 18%|█▊        | 1371/7731 [02:22<11:09,  9.50it/s]
[1A 18%|█▊        | 1373/7731 [02:22<10:44,  9.86it/s]
[1A 18%|█▊        | 1374/7731 [02:22<10:54,  9.72it/s]
[1A 18%|█▊        | 1375/7731 [02:23<11:08,  9.51it/s]
[1A 18%|█▊        | 1376/7731 [02:23<11:25,  9.27it/s]
[1A 18%|█▊        | 1378/7731 [02:23<11:30,  9.19it/s]
[1A 18%|█▊        | 1380/7731 [02:23<10:56,  9.67it/s]
[1A 18%|█▊        | 1382/7731 [02:23<10:35,  9.98it/s]
[1A 18%|█▊        | 1384/7731 [02:23<10:23, 10.19it/s]
[1A 18%|█▊        | 1386/7731 [02:24<10:41,  9.89it/s]
[1A 18%|█▊        | 1387/7731 [02:24<10:53,  9.71it/s]
[1A 18%|█▊        | 1388/7731 [02:24<10:53,  9.70it/s]
[1A 18%|█▊        | 1389/7731 [02:24<10:56,  9.67it/s]
[1A 18%|█▊        | 1391/7731 [02:24<10:30, 10.05it/s]
[1A 18%|█▊        | 1392/7731 [02:24<10:31, 10.04it/s]
[1A 18%|█▊        | 1393/7731 [02:24<10:47,  9.79it/s]
[1A 18%|█▊        | 1395/7731 [02:25<10:44,  9.82it/s]
[1A 18%|█▊        | 1396/7731 [02:25<10:44,  9.82it/s]
[1A 18%|█▊        | 1398/7731 [02:25<10:28, 10.08it/s]
[1A 18%|█▊        | 1400/7731 [02:25<10:36,  9.95it/s]
[1A                                                   
{'loss': 0.2571, 'grad_norm': 5.129674434661865, 'learning_rate': 1.7426723544791524e-05, 'epoch': 0.54}
[1A
[1A 18%|█▊        | 1400/7731 [02:25<10:36,  9.95it/s]
[1A 18%|█▊        | 1402/7731 [02:25<10:22, 10.17it/s]
[1A 18%|█▊        | 1404/7731 [02:25<10:59,  9.59it/s]
[1A 18%|█▊        | 1406/7731 [02:26<10:50,  9.72it/s]
[1A 18%|█▊        | 1408/7731 [02:26<10:59,  9.59it/s]
[1A 18%|█▊        | 1410/7731 [02:26<10:42,  9.83it/s]
[1A 18%|█▊        | 1412/7731 [02:26<10:38,  9.90it/s]
[1A 18%|█▊        | 1413/7731 [02:26<10:37,  9.91it/s]
[1A 18%|█▊        | 1414/7731 [02:26<10:45,  9.79it/s]
[1A 18%|█▊        | 1416/7731 [02:27<10:27, 10.07it/s]
[1A 18%|█▊        | 1418/7731 [02:27<10:44,  9.79it/s]
[1A 18%|█▊        | 1419/7731 [02:27<10:45,  9.78it/s]
[1A 18%|█▊        | 1420/7731 [02:27<10:43,  9.81it/s]
[1A 18%|█▊        | 1421/7731 [02:27<10:52,  9.67it/s]
[1A 18%|█▊        | 1422/7731 [02:27<10:49,  9.72it/s]
[1A 18%|█▊        | 1423/7731 [02:27<10:47,  9.75it/s]
[1A 18%|█▊        | 1425/7731 [02:28<10:21, 10.14it/s]
[1A 18%|█▊        | 1427/7731 [02:28<10:14, 10.26it/s]
[1A 18%|█▊        | 1429/7731 [02:28<10:15, 10.25it/s]
[1A 19%|█▊        | 1431/7731 [02:28<10:25, 10.07it/s]
[1A 19%|█▊        | 1433/7731 [02:28<10:54,  9.63it/s]
[1A 19%|█▊        | 1435/7731 [02:29<10:49,  9.69it/s]
[1A 19%|█▊        | 1436/7731 [02:29<10:47,  9.73it/s]
[1A 19%|█▊        | 1437/7731 [02:29<11:15,  9.31it/s]
[1A 19%|█▊        | 1438/7731 [02:29<11:11,  9.37it/s]
[1A 19%|█▊        | 1439/7731 [02:29<11:01,  9.51it/s]
[1A 19%|█▊        | 1440/7731 [02:29<11:51,  8.84it/s]
[1A 19%|█▊        | 1441/7731 [02:29<11:29,  9.12it/s]
[1A 19%|█▊        | 1443/7731 [02:29<10:50,  9.66it/s]
[1A 19%|█▊        | 1445/7731 [02:30<10:46,  9.72it/s]
[1A 19%|█▊        | 1447/7731 [02:30<10:32,  9.94it/s]
[1A 19%|█▊        | 1449/7731 [02:30<10:20, 10.13it/s]
[1A                                                   
{'loss': 0.2554, 'grad_norm': 10.08918285369873, 'learning_rate': 1.7289115178202835e-05, 'epoch': 0.56}
[1A
[1A 19%|█▉        | 1450/7731 [02:30<10:20, 10.13it/s]
[1A 19%|█▉        | 1451/7731 [02:30<10:14, 10.21it/s]
[1A 19%|█▉        | 1453/7731 [02:30<10:55,  9.57it/s]
[1A 19%|█▉        | 1455/7731 [02:31<10:45,  9.72it/s]
[1A 19%|█▉        | 1457/7731 [02:31<10:27, 10.01it/s]
[1A 19%|█▉        | 1459/7731 [02:31<10:32,  9.91it/s]
[1A 19%|█▉        | 1460/7731 [02:31<10:39,  9.80it/s]
[1A 19%|█▉        | 1461/7731 [02:31<11:11,  9.34it/s]
[1A 19%|█▉        | 1462/7731 [02:31<11:23,  9.17it/s]
[1A 19%|█▉        | 1463/7731 [02:32<11:46,  8.87it/s]
[1A 19%|█▉        | 1465/7731 [02:32<11:42,  8.92it/s]
[1A 19%|█▉        | 1466/7731 [02:32<11:30,  9.07it/s]
[1A 19%|█▉        | 1467/7731 [02:32<11:22,  9.18it/s]
[1A 19%|█▉        | 1469/7731 [02:32<10:48,  9.65it/s]
[1A 19%|█▉        | 1470/7731 [02:32<10:46,  9.69it/s]
[1A 19%|█▉        | 1472/7731 [02:32<10:26, 10.00it/s]
[1A 19%|█▉        | 1474/7731 [02:33<10:19, 10.10it/s]
[1A 19%|█▉        | 1476/7731 [02:33<10:38,  9.80it/s]
[1A 19%|█▉        | 1478/7731 [02:33<10:41,  9.75it/s]
[1A 19%|█▉        | 1480/7731 [02:33<10:22, 10.04it/s]
[1A 19%|█▉        | 1482/7731 [02:33<10:24, 10.00it/s]
[1A 19%|█▉        | 1484/7731 [02:34<10:24, 10.00it/s]
[1A 19%|█▉        | 1485/7731 [02:34<10:26,  9.98it/s]
[1A 19%|█▉        | 1487/7731 [02:34<10:25,  9.99it/s]
[1A 19%|█▉        | 1488/7731 [02:34<10:31,  9.88it/s]
[1A 19%|█▉        | 1490/7731 [02:34<10:29,  9.92it/s]
[1A 19%|█▉        | 1492/7731 [02:34<10:15, 10.13it/s]
[1A 19%|█▉        | 1494/7731 [02:35<10:06, 10.28it/s]
[1A 19%|█▉        | 1496/7731 [02:35<10:09, 10.24it/s]
[1A 19%|█▉        | 1498/7731 [02:35<10:14, 10.14it/s]
[1A 19%|█▉        | 1500/7731 [02:35<10:08, 10.23it/s]
[1A                                                   
{'loss': 0.2369, 'grad_norm': 10.341996192932129, 'learning_rate': 1.7151506811614146e-05, 'epoch': 0.58}
[1A
[1A 19%|█▉        | 1500/7731 [02:35<10:08, 10.23it/s]
[1A 19%|█▉        | 1502/7731 [02:35<10:02, 10.35it/s]
[1A 19%|█▉        | 1504/7731 [02:36<10:04, 10.31it/s]
[1A 19%|█▉        | 1506/7731 [02:36<10:32,  9.84it/s]
[1A 20%|█▉        | 1508/7731 [02:36<10:26,  9.93it/s]
[1A 20%|█▉        | 1510/7731 [02:36<10:19, 10.04it/s]
[1A 20%|█▉        | 1512/7731 [02:36<10:35,  9.78it/s]
[1A 20%|█▉        | 1514/7731 [02:37<10:13, 10.13it/s]
[1A 20%|█▉        | 1516/7731 [02:37<10:11, 10.16it/s]
[1A 20%|█▉        | 1518/7731 [02:37<10:03, 10.30it/s]
[1A 20%|█▉        | 1520/7731 [02:37<10:04, 10.28it/s]
[1A 20%|█▉        | 1522/7731 [02:37<10:05, 10.26it/s]
[1A 20%|█▉        | 1524/7731 [02:38<10:27,  9.89it/s]
[1A 20%|█▉        | 1525/7731 [02:38<10:32,  9.81it/s]
[1A 20%|█▉        | 1526/7731 [02:38<10:39,  9.70it/s]
[1A 20%|█▉        | 1527/7731 [02:38<11:27,  9.03it/s]
[1A 20%|█▉        | 1529/7731 [02:38<10:38,  9.71it/s]
[1A 20%|█▉        | 1531/7731 [02:38<10:37,  9.73it/s]
[1A 20%|█▉        | 1532/7731 [02:38<10:36,  9.74it/s]
[1A 20%|█▉        | 1534/7731 [02:39<10:26,  9.89it/s]
[1A 20%|█▉        | 1535/7731 [02:39<10:40,  9.68it/s]
[1A 20%|█▉        | 1536/7731 [02:39<10:44,  9.61it/s]
[1A 20%|█▉        | 1538/7731 [02:39<10:22,  9.95it/s]
[1A 20%|█▉        | 1540/7731 [02:39<10:09, 10.15it/s]
[1A 20%|█▉        | 1542/7731 [02:39<10:35,  9.74it/s]
[1A 20%|█▉        | 1543/7731 [02:40<10:43,  9.62it/s]
[1A 20%|█▉        | 1544/7731 [02:40<10:57,  9.41it/s]
[1A 20%|█▉        | 1545/7731 [02:40<10:55,  9.44it/s]
[1A 20%|██        | 1547/7731 [02:40<10:57,  9.41it/s]
[1A 20%|██        | 1549/7731 [02:40<10:42,  9.62it/s]
[1A                                                   
{'loss': 0.2451, 'grad_norm': 8.723381042480469, 'learning_rate': 1.701389844502546e-05, 'epoch': 0.6}
[1A
[1A 20%|██        | 1550/7731 [02:40<10:42,  9.62it/s]
[1A 20%|██        | 1551/7731 [02:40<10:59,  9.37it/s]
[1A 20%|██        | 1552/7731 [02:41<11:19,  9.09it/s]
[1A 20%|██        | 1554/7731 [02:41<10:45,  9.57it/s]
[1A 20%|██        | 1555/7731 [02:41<11:12,  9.18it/s]
[1A 20%|██        | 1556/7731 [02:41<11:11,  9.20it/s]
[1A 20%|██        | 1558/7731 [02:41<10:45,  9.56it/s]
[1A 20%|██        | 1559/7731 [02:41<10:41,  9.63it/s]
[1A 20%|██        | 1561/7731 [02:41<10:17,  9.99it/s]
[1A 20%|██        | 1563/7731 [02:42<10:07, 10.16it/s]
[1A 20%|██        | 1565/7731 [02:42<10:10, 10.10it/s]
[1A 20%|██        | 1567/7731 [02:42<10:12, 10.06it/s]
[1A 20%|██        | 1569/7731 [02:42<10:24,  9.86it/s]
[1A 20%|██        | 1570/7731 [02:42<10:24,  9.86it/s]
[1A 20%|██        | 1572/7731 [02:43<10:21,  9.91it/s]
[1A 20%|██        | 1573/7731 [02:43<10:38,  9.65it/s]
[1A 20%|██        | 1574/7731 [02:43<10:55,  9.40it/s]
[1A 20%|██        | 1575/7731 [02:43<11:03,  9.28it/s]
[1A 20%|██        | 1577/7731 [02:43<10:37,  9.65it/s]
[1A 20%|██        | 1579/7731 [02:43<10:33,  9.71it/s]
[1A 20%|██        | 1581/7731 [02:44<10:36,  9.66it/s]
[1A 20%|██        | 1582/7731 [02:44<10:34,  9.69it/s]
[1A 20%|██        | 1584/7731 [02:44<10:13, 10.01it/s]
[1A 21%|██        | 1586/7731 [02:44<10:07, 10.12it/s]
[1A 21%|██        | 1588/7731 [02:44<10:34,  9.68it/s]
[1A 21%|██        | 1590/7731 [02:44<10:30,  9.74it/s]
[1A 21%|██        | 1591/7731 [02:45<10:27,  9.78it/s]
[1A 21%|██        | 1592/7731 [02:45<10:25,  9.82it/s]
[1A 21%|██        | 1593/7731 [02:45<10:51,  9.42it/s]
[1A 21%|██        | 1594/7731 [02:45<10:43,  9.54it/s]
[1A 21%|██        | 1596/7731 [02:45<10:35,  9.66it/s]
[1A 21%|██        | 1597/7731 [02:45<10:30,  9.72it/s]
[1A 21%|██        | 1598/7731 [02:45<10:31,  9.72it/s]
[1A 21%|██        | 1600/7731 [02:45<10:17,  9.94it/s]
[1A                                                   
[1A
{'loss': 0.2443, 'grad_norm': 3.998889923095703, 'learning_rate': 1.687629007843677e-05, 'epoch': 0.62}
[1A 21%|██        | 1600/7731 [02:46<10:17,  9.94it/s]
[1A 21%|██        | 1601/7731 [02:46<10:37,  9.61it/s]
[1A 21%|██        | 1602/7731 [02:46<10:38,  9.59it/s]
[1A 21%|██        | 1604/7731 [02:46<10:14,  9.98it/s]
[1A 21%|██        | 1606/7731 [02:46<10:01, 10.18it/s]
[1A 21%|██        | 1608/7731 [02:46<09:55, 10.29it/s]
[1A 21%|██        | 1610/7731 [02:46<10:07, 10.07it/s]
[1A 21%|██        | 1612/7731 [02:47<10:05, 10.10it/s]
[1A 21%|██        | 1614/7731 [02:47<09:58, 10.22it/s]
[1A 21%|██        | 1616/7731 [02:47<10:04, 10.12it/s]
[1A 21%|██        | 1618/7731 [02:47<10:07, 10.06it/s]
[1A 21%|██        | 1620/7731 [02:47<10:10, 10.02it/s]
[1A 21%|██        | 1622/7731 [02:48<10:02, 10.14it/s]
[1A 21%|██        | 1624/7731 [02:48<10:23,  9.79it/s]
[1A 21%|██        | 1625/7731 [02:48<10:25,  9.76it/s]
[1A 21%|██        | 1627/7731 [02:48<10:08, 10.03it/s]
[1A 21%|██        | 1629/7731 [02:48<09:58, 10.20it/s]
[1A 21%|██        | 1631/7731 [02:49<09:53, 10.27it/s]
[1A 21%|██        | 1633/7731 [02:49<10:07, 10.04it/s]
[1A 21%|██        | 1635/7731 [02:49<10:00, 10.15it/s]
[1A 21%|██        | 1637/7731 [02:49<10:04, 10.09it/s]
[1A 21%|██        | 1639/7731 [02:49<10:03, 10.09it/s]
[1A 21%|██        | 1641/7731 [02:50<10:03, 10.09it/s]
[1A 21%|██▏       | 1643/7731 [02:50<10:10,  9.97it/s]
[1A 21%|██▏       | 1644/7731 [02:50<10:19,  9.83it/s]
[1A 21%|██▏       | 1646/7731 [02:50<09:58, 10.16it/s]
[1A 21%|██▏       | 1648/7731 [02:50<10:03, 10.08it/s]
[1A 21%|██▏       | 1650/7731 [02:50<10:10,  9.97it/s]
[1A                                                   
{'loss': 0.2298, 'grad_norm': 9.514575004577637, 'learning_rate': 1.6738681711848082e-05, 'epoch': 0.64}
[1A
[1A 21%|██▏       | 1650/7731 [02:50<10:10,  9.97it/s]
[1A 21%|██▏       | 1651/7731 [02:51<10:11,  9.95it/s]
[1A 21%|██▏       | 1653/7731 [02:51<09:59, 10.13it/s]
[1A 21%|██▏       | 1655/7731 [02:51<09:54, 10.21it/s]
[1A 21%|██▏       | 1657/7731 [02:51<09:51, 10.28it/s]
[1A 21%|██▏       | 1659/7731 [02:51<09:54, 10.21it/s]
[1A 21%|██▏       | 1661/7731 [02:52<09:49, 10.29it/s]
[1A 22%|██▏       | 1663/7731 [02:52<09:54, 10.20it/s]
[1A 22%|██▏       | 1665/7731 [02:52<09:50, 10.27it/s]
[1A 22%|██▏       | 1667/7731 [02:52<09:53, 10.22it/s]
[1A 22%|██▏       | 1669/7731 [02:52<10:05, 10.02it/s]
[1A 22%|██▏       | 1671/7731 [02:53<10:25,  9.68it/s]
[1A 22%|██▏       | 1673/7731 [02:53<10:32,  9.58it/s]
[1A 22%|██▏       | 1675/7731 [02:53<10:17,  9.81it/s]
[1A 22%|██▏       | 1677/7731 [02:53<10:11,  9.90it/s]
[1A 22%|██▏       | 1678/7731 [02:53<10:15,  9.84it/s]
[1A 22%|██▏       | 1679/7731 [02:53<10:17,  9.80it/s]
[1A 22%|██▏       | 1681/7731 [02:54<10:13,  9.87it/s]
[1A 22%|██▏       | 1682/7731 [02:54<10:13,  9.86it/s]
[1A 22%|██▏       | 1684/7731 [02:54<10:23,  9.70it/s]
[1A 22%|██▏       | 1685/7731 [02:54<10:19,  9.76it/s]
[1A 22%|██▏       | 1686/7731 [02:54<10:22,  9.71it/s]
[1A 22%|██▏       | 1687/7731 [02:54<10:25,  9.67it/s]
[1A 22%|██▏       | 1688/7731 [02:54<10:58,  9.18it/s]
[1A 22%|██▏       | 1690/7731 [02:54<10:34,  9.52it/s]
[1A 22%|██▏       | 1692/7731 [02:55<10:27,  9.62it/s]
[1A 22%|██▏       | 1694/7731 [02:55<10:03, 10.00it/s]
[1A 22%|██▏       | 1696/7731 [02:55<09:51, 10.20it/s]
[1A 22%|██▏       | 1698/7731 [02:55<09:46, 10.28it/s]
[1A 22%|██▏       | 1700/7731 [02:55<10:02, 10.01it/s]
[1A                                                   
{'loss': 0.2759, 'grad_norm': 4.775394439697266, 'learning_rate': 1.6601073345259393e-05, 'epoch': 0.66}
[1A
[1A 22%|██▏       | 1700/7731 [02:56<10:02, 10.01it/s]
[1A 22%|██▏       | 1702/7731 [02:56<10:03,  9.98it/s]
[1A 22%|██▏       | 1704/7731 [02:56<10:02, 10.00it/s]
[1A 22%|██▏       | 1706/7731 [02:56<10:00, 10.03it/s]
[1A 22%|██▏       | 1708/7731 [02:56<10:18,  9.75it/s]
[1A 22%|██▏       | 1709/7731 [02:56<10:17,  9.76it/s]
[1A 22%|██▏       | 1711/7731 [02:57<10:03,  9.98it/s]
[1A 22%|██▏       | 1712/7731 [02:57<10:07,  9.91it/s]
[1A 22%|██▏       | 1714/7731 [02:57<09:58, 10.05it/s]
[1A 22%|██▏       | 1716/7731 [02:57<09:50, 10.18it/s]
[1A 22%|██▏       | 1718/7731 [02:57<09:42, 10.32it/s]
[1A 22%|██▏       | 1720/7731 [02:57<09:38, 10.38it/s]
[1A 22%|██▏       | 1722/7731 [02:58<09:36, 10.42it/s]
[1A 22%|██▏       | 1724/7731 [02:58<10:17,  9.73it/s]
[1A 22%|██▏       | 1726/7731 [02:58<10:04,  9.94it/s]
[1A 22%|██▏       | 1728/7731 [02:58<10:04,  9.93it/s]
[1A 22%|██▏       | 1730/7731 [02:58<10:06,  9.90it/s]
[1A 22%|██▏       | 1731/7731 [02:59<10:09,  9.84it/s]
[1A 22%|██▏       | 1732/7731 [02:59<10:10,  9.83it/s]
[1A 22%|██▏       | 1733/7731 [02:59<10:17,  9.71it/s]
[1A 22%|██▏       | 1734/7731 [02:59<10:39,  9.37it/s]
[1A 22%|██▏       | 1735/7731 [02:59<10:30,  9.52it/s]
[1A 22%|██▏       | 1737/7731 [02:59<10:15,  9.74it/s]
[1A 22%|██▏       | 1739/7731 [02:59<09:45, 10.23it/s]
[1A 23%|██▎       | 1741/7731 [03:00<09:41, 10.30it/s]
[1A 23%|██▎       | 1743/7731 [03:00<09:39, 10.34it/s]
[1A 23%|██▎       | 1745/7731 [03:00<09:51, 10.11it/s]
[1A 23%|██▎       | 1747/7731 [03:00<09:56, 10.03it/s]
[1A 23%|██▎       | 1749/7731 [03:00<10:33,  9.45it/s]
[1A                                                   
{'loss': 0.2489, 'grad_norm': 2.533055067062378, 'learning_rate': 1.6463464978670704e-05, 'epoch': 0.68}
[1A
[1A 23%|██▎       | 1750/7731 [03:01<10:32,  9.45it/s]
[1A 23%|██▎       | 1751/7731 [03:01<10:13,  9.75it/s]
[1A 23%|██▎       | 1753/7731 [03:01<10:15,  9.71it/s]
[1A 23%|██▎       | 1754/7731 [03:01<10:32,  9.45it/s]
[1A 23%|██▎       | 1755/7731 [03:01<10:36,  9.40it/s]
[1A 23%|██▎       | 1756/7731 [03:01<10:27,  9.52it/s]
[1A 23%|██▎       | 1757/7731 [03:01<10:29,  9.49it/s]
[1A 23%|██▎       | 1758/7731 [03:01<10:48,  9.21it/s]
[1A 23%|██▎       | 1759/7731 [03:01<11:05,  8.97it/s]
[1A 23%|██▎       | 1761/7731 [03:02<10:21,  9.60it/s]
[1A 23%|██▎       | 1763/7731 [03:02<10:05,  9.86it/s]
[1A 23%|██▎       | 1765/7731 [03:02<09:53, 10.05it/s]
[1A 23%|██▎       | 1767/7731 [03:02<09:51, 10.08it/s]
[1A 23%|██▎       | 1768/7731 [03:02<09:57,  9.98it/s]
[1A 23%|██▎       | 1769/7731 [03:02<10:00,  9.94it/s]
[1A 23%|██▎       | 1770/7731 [03:03<10:16,  9.66it/s]
[1A 23%|██▎       | 1771/7731 [03:03<10:46,  9.21it/s]
[1A 23%|██▎       | 1772/7731 [03:03<10:34,  9.40it/s]
[1A 23%|██▎       | 1774/7731 [03:03<10:25,  9.52it/s]
[1A 23%|██▎       | 1776/7731 [03:03<10:05,  9.84it/s]
[1A 23%|██▎       | 1777/7731 [03:03<10:09,  9.77it/s]
[1A 23%|██▎       | 1778/7731 [03:03<10:07,  9.80it/s]
[1A 23%|██▎       | 1779/7731 [03:04<10:11,  9.73it/s]
[1A 23%|██▎       | 1780/7731 [03:04<10:09,  9.76it/s]
[1A 23%|██▎       | 1782/7731 [03:04<09:58,  9.93it/s]
[1A 23%|██▎       | 1783/7731 [03:04<10:04,  9.84it/s]
[1A 23%|██▎       | 1785/7731 [03:04<09:48, 10.10it/s]
[1A 23%|██▎       | 1787/7731 [03:04<09:39, 10.27it/s]
[1A 23%|██▎       | 1789/7731 [03:05<10:17,  9.62it/s]
[1A 23%|██▎       | 1791/7731 [03:05<10:00,  9.89it/s]
[1A 23%|██▎       | 1792/7731 [03:05<09:59,  9.90it/s]
[1A 23%|██▎       | 1794/7731 [03:05<09:46, 10.12it/s]
[1A 23%|██▎       | 1796/7731 [03:05<09:47, 10.11it/s]
[1A 23%|██▎       | 1798/7731 [03:05<09:45, 10.14it/s]
[1A 23%|██▎       | 1800/7731 [03:06<09:39, 10.24it/s]
[1A                                                   
{'loss': 0.284, 'grad_norm': 9.166080474853516, 'learning_rate': 1.6325856612082015e-05, 'epoch': 0.7}
[1A
[1A 23%|██▎       | 1800/7731 [03:06<09:39, 10.24it/s]
[1A 23%|██▎       | 1802/7731 [03:06<09:51, 10.02it/s]
[1A 23%|██▎       | 1804/7731 [03:06<09:47, 10.08it/s]
[1A 23%|██▎       | 1806/7731 [03:06<09:38, 10.25it/s]
[1A 23%|██▎       | 1808/7731 [03:06<09:37, 10.25it/s]
[1A 23%|██▎       | 1810/7731 [03:07<09:30, 10.39it/s]
[1A 23%|██▎       | 1812/7731 [03:07<09:38, 10.23it/s]
[1A 23%|██▎       | 1814/7731 [03:07<09:42, 10.15it/s]
[1A 23%|██▎       | 1816/7731 [03:07<09:43, 10.13it/s]
[1A 24%|██▎       | 1818/7731 [03:07<10:03,  9.80it/s]
[1A 24%|██▎       | 1819/7731 [03:07<10:07,  9.74it/s]
[1A 24%|██▎       | 1821/7731 [03:08<09:50, 10.01it/s]
[1A 24%|██▎       | 1822/7731 [03:08<10:13,  9.64it/s]
[1A 24%|██▎       | 1823/7731 [03:08<10:10,  9.68it/s]
[1A 24%|██▎       | 1824/7731 [03:08<10:11,  9.67it/s]
[1A 24%|██▎       | 1825/7731 [03:08<10:22,  9.49it/s]
[1A 24%|██▎       | 1827/7731 [03:08<10:06,  9.74it/s]
[1A 24%|██▎       | 1829/7731 [03:09<09:52,  9.96it/s]
[1A 24%|██▎       | 1831/7731 [03:09<09:40, 10.16it/s]
[1A 24%|██▎       | 1833/7731 [03:09<09:54,  9.92it/s]
[1A 24%|██▎       | 1835/7731 [03:09<09:52,  9.95it/s]
[1A 24%|██▎       | 1836/7731 [03:09<10:01,  9.80it/s]
[1A 24%|██▍       | 1837/7731 [03:09<10:06,  9.72it/s]
[1A 24%|██▍       | 1838/7731 [03:09<10:05,  9.74it/s]
[1A 24%|██▍       | 1839/7731 [03:10<10:09,  9.66it/s]
[1A 24%|██▍       | 1840/7731 [03:10<10:25,  9.41it/s]
[1A 24%|██▍       | 1841/7731 [03:10<10:18,  9.52it/s]
[1A 24%|██▍       | 1843/7731 [03:10<10:28,  9.37it/s]
[1A 24%|██▍       | 1844/7731 [03:10<10:20,  9.49it/s]
[1A 24%|██▍       | 1845/7731 [03:10<10:30,  9.34it/s]
[1A 24%|██▍       | 1846/7731 [03:10<10:19,  9.50it/s]
[1A 24%|██▍       | 1847/7731 [03:10<10:44,  9.12it/s]
[1A 24%|██▍       | 1848/7731 [03:11<12:35,  7.79it/s]
[1A 24%|██▍       | 1849/7731 [03:11<11:53,  8.25it/s]
[1A 24%|██▍       | 1850/7731 [03:11<11:19,  8.66it/s]
[1A                                                   
{'loss': 0.2497, 'grad_norm': 12.665118217468262, 'learning_rate': 1.6188248245493326e-05, 'epoch': 0.72}
[1A
[1A 24%|██▍       | 1850/7731 [03:11<11:19,  8.66it/s]
[1A 24%|██▍       | 1852/7731 [03:11<10:26,  9.39it/s]
[1A 24%|██▍       | 1853/7731 [03:11<10:16,  9.53it/s]
[1A 24%|██▍       | 1855/7731 [03:11<09:54,  9.88it/s]
[1A 24%|██▍       | 1856/7731 [03:11<09:54,  9.88it/s]
[1A 24%|██▍       | 1858/7731 [03:12<09:48,  9.98it/s]
[1A 24%|██▍       | 1860/7731 [03:12<10:06,  9.68it/s]
[1A 24%|██▍       | 1862/7731 [03:12<10:17,  9.51it/s]
[1A 24%|██▍       | 1864/7731 [03:12<09:54,  9.86it/s]
[1A 24%|██▍       | 1865/7731 [03:12<10:00,  9.77it/s]
[1A 24%|██▍       | 1867/7731 [03:12<09:54,  9.86it/s]
[1A 24%|██▍       | 1869/7731 [03:13<09:43, 10.04it/s]
[1A 24%|██▍       | 1871/7731 [03:13<09:40, 10.09it/s]
[1A 24%|██▍       | 1873/7731 [03:13<09:42, 10.06it/s]
[1A 24%|██▍       | 1875/7731 [03:13<09:55,  9.83it/s]
[1A 24%|██▍       | 1877/7731 [03:13<09:41, 10.07it/s]
[1A 24%|██▍       | 1879/7731 [03:14<09:35, 10.17it/s]
[1A 24%|██▍       | 1881/7731 [03:14<09:40, 10.08it/s]
[1A 24%|██▍       | 1883/7731 [03:14<09:45,  9.99it/s]
[1A 24%|██▍       | 1885/7731 [03:14<09:55,  9.82it/s]
[1A 24%|██▍       | 1886/7731 [03:14<10:02,  9.70it/s]
[1A 24%|██▍       | 1888/7731 [03:15<09:40, 10.06it/s]
[1A 24%|██▍       | 1890/7731 [03:15<09:50,  9.89it/s]
[1A 24%|██▍       | 1892/7731 [03:15<09:41, 10.04it/s]
[1A 24%|██▍       | 1894/7731 [03:15<09:34, 10.16it/s]
[1A 25%|██▍       | 1896/7731 [03:15<09:31, 10.21it/s]
[1A 25%|██▍       | 1898/7731 [03:16<09:50,  9.87it/s]
[1A 25%|██▍       | 1900/7731 [03:16<09:40, 10.05it/s]
[1A                                                   
{'loss': 0.2437, 'grad_norm': 4.911859035491943, 'learning_rate': 1.605063987890464e-05, 'epoch': 0.74}
[1A
[1A 25%|██▍       | 1900/7731 [03:16<09:40, 10.05it/s]
[1A 25%|██▍       | 1902/7731 [03:16<09:43,  9.99it/s]
[1A 25%|██▍       | 1904/7731 [03:16<09:45,  9.96it/s]
[1A 25%|██▍       | 1906/7731 [03:16<09:44,  9.97it/s]
[1A 25%|██▍       | 1907/7731 [03:16<09:54,  9.80it/s]
[1A 25%|██▍       | 1908/7731 [03:17<10:03,  9.65it/s]
[1A 25%|██▍       | 1909/7731 [03:17<10:06,  9.61it/s]
[1A 25%|██▍       | 1911/7731 [03:17<10:02,  9.67it/s]
[1A 25%|██▍       | 1912/7731 [03:17<10:11,  9.52it/s]
[1A 25%|██▍       | 1913/7731 [03:17<10:39,  9.10it/s]
[1A 25%|██▍       | 1914/7731 [03:17<10:41,  9.07it/s]
[1A 25%|██▍       | 1915/7731 [03:17<10:54,  8.88it/s]
[1A 25%|██▍       | 1916/7731 [03:18<11:04,  8.75it/s]
[1A 25%|██▍       | 1918/7731 [03:18<10:27,  9.26it/s]
[1A 25%|██▍       | 1919/7731 [03:18<11:01,  8.78it/s]
[1A 25%|██▍       | 1921/7731 [03:18<10:32,  9.19it/s]
[1A 25%|██▍       | 1922/7731 [03:18<11:22,  8.51it/s]
[1A 25%|██▍       | 1923/7731 [03:18<11:33,  8.37it/s]
[1A 25%|██▍       | 1924/7731 [03:18<12:00,  8.06it/s]
[1A 25%|██▍       | 1925/7731 [03:19<12:55,  7.49it/s]
[1A 25%|██▍       | 1926/7731 [03:19<12:50,  7.54it/s]
[1A 25%|██▍       | 1927/7731 [03:19<11:57,  8.09it/s]
[1A 25%|██▍       | 1928/7731 [03:19<12:02,  8.03it/s]
[1A 25%|██▍       | 1929/7731 [03:19<11:22,  8.50it/s]
[1A 25%|██▍       | 1930/7731 [03:19<10:59,  8.79it/s]
[1A 25%|██▍       | 1931/7731 [03:19<11:46,  8.21it/s]
[1A 25%|██▍       | 1932/7731 [03:19<12:36,  7.67it/s]
[1A 25%|██▌       | 1933/7731 [03:20<12:26,  7.77it/s]
[1A 25%|██▌       | 1934/7731 [03:20<12:46,  7.57it/s]
[1A 25%|██▌       | 1935/7731 [03:20<12:00,  8.04it/s]
[1A 25%|██▌       | 1936/7731 [03:20<12:00,  8.05it/s]
[1A 25%|██▌       | 1937/7731 [03:20<11:37,  8.31it/s]
[1A 25%|██▌       | 1938/7731 [03:20<11:37,  8.30it/s]
[1A 25%|██▌       | 1939/7731 [03:20<11:44,  8.22it/s]
[1A 25%|██▌       | 1940/7731 [03:20<12:05,  7.98it/s]
[1A 25%|██▌       | 1941/7731 [03:21<11:45,  8.20it/s]
[1A 25%|██▌       | 1942/7731 [03:21<11:26,  8.44it/s]
[1A 25%|██▌       | 1944/7731 [03:21<10:32,  9.14it/s]
[1A 25%|██▌       | 1946/7731 [03:21<10:02,  9.60it/s]
[1A 25%|██▌       | 1948/7731 [03:21<09:57,  9.69it/s]
[1A 25%|██▌       | 1950/7731 [03:21<09:55,  9.72it/s]
[1A                                                   
{'loss': 0.2491, 'grad_norm': 5.944029331207275, 'learning_rate': 1.591303151231595e-05, 'epoch': 0.76}
[1A
[1A 25%|██▌       | 1950/7731 [03:22<09:55,  9.72it/s]
[1A 25%|██▌       | 1951/7731 [03:22<10:02,  9.59it/s]
[1A 25%|██▌       | 1952/7731 [03:22<10:15,  9.38it/s]
[1A 25%|██▌       | 1953/7731 [03:22<11:19,  8.50it/s]
[1A 25%|██▌       | 1954/7731 [03:22<11:42,  8.23it/s]
[1A 25%|██▌       | 1955/7731 [03:22<11:26,  8.42it/s]
[1A 25%|██▌       | 1956/7731 [03:22<11:07,  8.65it/s]
[1A 25%|██▌       | 1957/7731 [03:22<11:03,  8.70it/s]
[1A 25%|██▌       | 1958/7731 [03:22<12:05,  7.96it/s]
[1A 25%|██▌       | 1959/7731 [03:23<14:50,  6.48it/s]
[1A 25%|██▌       | 1960/7731 [03:23<15:08,  6.35it/s]
[1A 25%|██▌       | 1961/7731 [03:23<13:42,  7.02it/s]
[1A 25%|██▌       | 1962/7731 [03:23<13:15,  7.26it/s]
[1A 25%|██▌       | 1963/7731 [03:23<12:41,  7.57it/s]
[1A 25%|██▌       | 1964/7731 [03:23<11:52,  8.10it/s]
[1A 25%|██▌       | 1965/7731 [03:23<11:43,  8.19it/s]
[1A 25%|██▌       | 1967/7731 [03:24<10:31,  9.12it/s]
[1A 25%|██▌       | 1968/7731 [03:24<11:22,  8.44it/s]
[1A 25%|██▌       | 1969/7731 [03:24<12:30,  7.68it/s]
[1A 25%|██▌       | 1970/7731 [03:24<12:25,  7.73it/s]
[1A 26%|██▌       | 1972/7731 [03:24<11:25,  8.41it/s]
[1A 26%|██▌       | 1973/7731 [03:24<12:06,  7.93it/s]
[1A 26%|██▌       | 1975/7731 [03:25<10:58,  8.74it/s]
[1A 26%|██▌       | 1976/7731 [03:25<11:03,  8.68it/s]
[1A 26%|██▌       | 1977/7731 [03:25<11:18,  8.48it/s]
[1A 26%|██▌       | 1979/7731 [03:25<10:47,  8.88it/s]
[1A 26%|██▌       | 1981/7731 [03:25<10:14,  9.36it/s]
[1A 26%|██▌       | 1983/7731 [03:25<09:54,  9.67it/s]
[1A 26%|██▌       | 1985/7731 [03:26<09:42,  9.86it/s]
[1A 26%|██▌       | 1987/7731 [03:26<09:40,  9.89it/s]
[1A 26%|██▌       | 1989/7731 [03:26<09:36,  9.96it/s]
[1A 26%|██▌       | 1991/7731 [03:26<09:28, 10.11it/s]
[1A 26%|██▌       | 1993/7731 [03:26<09:48,  9.74it/s]
[1A 26%|██▌       | 1995/7731 [03:27<09:31, 10.04it/s]
[1A 26%|██▌       | 1997/7731 [03:27<09:40,  9.88it/s]
[1A 26%|██▌       | 1999/7731 [03:27<09:36,  9.95it/s]
[1A 26%|██▌       | 2000/7731 [03:27<09:51,  9.70it/s]
[1A                                                   
{'loss': 0.2258, 'grad_norm': 22.813264846801758, 'learning_rate': 1.5775423145727263e-05, 'epoch': 0.78}
[1A
[1A 26%|██▌       | 2000/7731 [03:27<09:51,  9.70it/s]
[1A 26%|██▌       | 2001/7731 [03:27<09:52,  9.67it/s]
[1A 26%|██▌       | 2003/7731 [03:27<09:33,  9.99it/s]
[1A 26%|██▌       | 2005/7731 [03:28<09:33,  9.98it/s]
[1A 26%|██▌       | 2006/7731 [03:28<09:42,  9.83it/s]
[1A 26%|██▌       | 2007/7731 [03:28<10:02,  9.50it/s]
[1A 26%|██▌       | 2008/7731 [03:28<10:29,  9.09it/s]
[1A 26%|██▌       | 2009/7731 [03:28<10:32,  9.05it/s]
[1A 26%|██▌       | 2010/7731 [03:28<10:45,  8.86it/s]
[1A 26%|██▌       | 2011/7731 [03:28<10:26,  9.14it/s]
[1A 26%|██▌       | 2012/7731 [03:28<10:17,  9.26it/s]
[1A 26%|██▌       | 2014/7731 [03:29<09:59,  9.53it/s]
[1A 26%|██▌       | 2015/7731 [03:29<10:08,  9.39it/s]
[1A 26%|██▌       | 2016/7731 [03:29<10:00,  9.51it/s]
[1A 26%|██▌       | 2018/7731 [03:29<09:37,  9.90it/s]
[1A 26%|██▌       | 2019/7731 [03:29<09:42,  9.80it/s]
[1A 26%|██▌       | 2020/7731 [03:29<09:40,  9.84it/s]
[1A 26%|██▌       | 2022/7731 [03:29<09:51,  9.66it/s]
[1A 26%|██▌       | 2024/7731 [03:30<09:30, 10.01it/s]
[1A 26%|██▌       | 2026/7731 [03:30<09:20, 10.18it/s]
[1A 26%|██▌       | 2028/7731 [03:30<09:17, 10.24it/s]
[1A 26%|██▋       | 2030/7731 [03:30<09:36,  9.89it/s]
[1A 26%|██▋       | 2032/7731 [03:30<09:38,  9.85it/s]
[1A 26%|██▋       | 2034/7731 [03:31<09:26, 10.05it/s]
[1A 26%|██▋       | 2036/7731 [03:31<09:32,  9.94it/s]
[1A 26%|██▋       | 2037/7731 [03:31<10:16,  9.24it/s]
[1A 26%|██▋       | 2038/7731 [03:31<10:36,  8.95it/s]
[1A 26%|██▋       | 2039/7731 [03:31<10:27,  9.08it/s]
[1A 26%|██▋       | 2040/7731 [03:31<11:49,  8.02it/s]
[1A 26%|██▋       | 2041/7731 [03:32<12:43,  7.45it/s]
[1A 26%|██▋       | 2042/7731 [03:32<13:37,  6.96it/s]
[1A 26%|██▋       | 2043/7731 [03:32<13:50,  6.85it/s]
[1A 26%|██▋       | 2044/7731 [03:32<14:47,  6.41it/s]
[1A 26%|██▋       | 2045/7731 [03:32<13:37,  6.96it/s]
[1A 26%|██▋       | 2046/7731 [03:32<12:37,  7.51it/s]
[1A 26%|██▋       | 2047/7731 [03:32<12:45,  7.42it/s]
[1A 26%|██▋       | 2048/7731 [03:33<12:40,  7.47it/s]
[1A 27%|██▋       | 2049/7731 [03:33<12:32,  7.55it/s]
[1A 27%|██▋       | 2050/7731 [03:33<13:22,  7.08it/s]                         
{'loss': 0.2148, 'grad_norm': 3.0358591079711914, 'learning_rate': 1.5637814779138574e-05, 'epoch': 0.8}
[1A
[1A 27%|██▋       | 2050/7731 [03:33<13:22,  7.08it/s]
[1A 27%|██▋       | 2051/7731 [03:33<12:41,  7.46it/s]
[1A 27%|██▋       | 2052/7731 [03:33<13:30,  7.00it/s]
[1A 27%|██▋       | 2053/7731 [03:33<13:10,  7.18it/s]
[1A 27%|██▋       | 2054/7731 [03:33<13:04,  7.23it/s]
[1A 27%|██▋       | 2055/7731 [03:33<12:00,  7.88it/s]
[1A 27%|██▋       | 2056/7731 [03:34<11:21,  8.33it/s]
[1A 27%|██▋       | 2058/7731 [03:34<11:06,  8.51it/s]
[1A 27%|██▋       | 2059/7731 [03:34<10:49,  8.73it/s]
[1A 27%|██▋       | 2061/7731 [03:34<10:07,  9.34it/s]
[1A 27%|██▋       | 2063/7731 [03:34<09:42,  9.74it/s]
[1A 27%|██▋       | 2064/7731 [03:34<09:47,  9.64it/s]
[1A 27%|██▋       | 2066/7731 [03:35<09:42,  9.73it/s]
[1A 27%|██▋       | 2067/7731 [03:35<10:06,  9.34it/s]
[1A 27%|██▋       | 2068/7731 [03:35<10:15,  9.20it/s]
[1A 27%|██▋       | 2069/7731 [03:35<10:23,  9.08it/s]
[1A 27%|██▋       | 2071/7731 [03:35<09:49,  9.60it/s]
[1A 27%|██▋       | 2072/7731 [03:35<09:49,  9.59it/s]
[1A 27%|██▋       | 2073/7731 [03:35<09:45,  9.67it/s]
[1A 27%|██▋       | 2074/7731 [03:35<09:47,  9.63it/s]
[1A 27%|██▋       | 2075/7731 [03:36<09:47,  9.62it/s]
[1A 27%|██▋       | 2077/7731 [03:36<09:32,  9.88it/s]
[1A 27%|██▋       | 2078/7731 [03:36<09:31,  9.88it/s]
[1A 27%|██▋       | 2079/7731 [03:36<10:23,  9.07it/s]
[1A 27%|██▋       | 2081/7731 [03:36<10:09,  9.27it/s]
[1A 27%|██▋       | 2083/7731 [03:36<10:05,  9.33it/s]
[1A 27%|██▋       | 2084/7731 [03:37<10:06,  9.32it/s]
[1A 27%|██▋       | 2085/7731 [03:37<10:23,  9.06it/s]
[1A 27%|██▋       | 2087/7731 [03:37<09:58,  9.42it/s]
[1A 27%|██▋       | 2089/7731 [03:37<10:06,  9.31it/s]
[1A 27%|██▋       | 2090/7731 [03:37<09:58,  9.42it/s]
[1A 27%|██▋       | 2092/7731 [03:37<09:38,  9.75it/s]
[1A 27%|██▋       | 2094/7731 [03:38<09:24,  9.99it/s]
[1A 27%|██▋       | 2095/7731 [03:38<09:45,  9.63it/s]
[1A 27%|██▋       | 2097/7731 [03:38<09:39,  9.72it/s]
[1A 27%|██▋       | 2099/7731 [03:38<09:34,  9.80it/s]
[1A 27%|██▋       | 2100/7731 [03:38<09:50,  9.53it/s]
[1A                                                   
{'loss': 0.2151, 'grad_norm': 11.929203987121582, 'learning_rate': 1.5500206412549885e-05, 'epoch': 0.81}
[1A
[1A 27%|██▋       | 2100/7731 [03:38<09:50,  9.53it/s]
[1A 27%|██▋       | 2102/7731 [03:38<09:38,  9.73it/s]
[1A 27%|██▋       | 2104/7731 [03:39<09:29,  9.88it/s]
[1A 27%|██▋       | 2105/7731 [03:39<09:28,  9.90it/s]
[1A 27%|██▋       | 2107/7731 [03:39<09:20, 10.03it/s]
[1A 27%|██▋       | 2109/7731 [03:39<09:18, 10.06it/s]
[1A 27%|██▋       | 2111/7731 [03:39<09:18, 10.06it/s]
[1A 27%|██▋       | 2113/7731 [03:39<09:11, 10.18it/s]
[1A 27%|██▋       | 2115/7731 [03:40<09:17, 10.07it/s]
[1A 27%|██▋       | 2117/7731 [03:40<09:32,  9.81it/s]
[1A 27%|██▋       | 2119/7731 [03:40<09:19, 10.03it/s]
[1A 27%|██▋       | 2121/7731 [03:40<09:11, 10.18it/s]
[1A 27%|██▋       | 2123/7731 [03:40<09:15, 10.09it/s]
[1A 27%|██▋       | 2125/7731 [03:41<09:39,  9.68it/s]
[1A 28%|██▊       | 2127/7731 [03:41<09:31,  9.81it/s]
[1A 28%|██▊       | 2128/7731 [03:41<09:42,  9.62it/s]
[1A 28%|██▊       | 2129/7731 [03:41<09:53,  9.43it/s]
[1A 28%|██▊       | 2130/7731 [03:41<10:00,  9.33it/s]
[1A 28%|██▊       | 2131/7731 [03:41<10:18,  9.05it/s]
[1A 28%|██▊       | 2132/7731 [03:41<10:15,  9.10it/s]
[1A 28%|██▊       | 2134/7731 [03:42<10:06,  9.23it/s]
[1A 28%|██▊       | 2136/7731 [03:42<09:54,  9.41it/s]
[1A 28%|██▊       | 2137/7731 [03:42<09:50,  9.48it/s]
[1A 28%|██▊       | 2138/7731 [03:42<09:44,  9.56it/s]
[1A 28%|██▊       | 2139/7731 [03:42<09:41,  9.62it/s]
[1A 28%|██▊       | 2140/7731 [03:42<09:58,  9.34it/s]
[1A 28%|██▊       | 2141/7731 [03:42<09:49,  9.48it/s]
[1A 28%|██▊       | 2142/7731 [03:43<10:19,  9.02it/s]
[1A 28%|██▊       | 2144/7731 [03:43<09:41,  9.60it/s]
[1A 28%|██▊       | 2146/7731 [03:43<09:22,  9.93it/s]
[1A 28%|██▊       | 2148/7731 [03:43<09:32,  9.74it/s]
[1A 28%|██▊       | 2150/7731 [03:43<09:38,  9.64it/s]
[1A                                                   
[1A
{'loss': 0.2495, 'grad_norm': 5.238174915313721, 'learning_rate': 1.5362598045961196e-05, 'epoch': 0.83}
[1A 28%|██▊       | 2150/7731 [03:43<09:38,  9.64it/s]
[1A 28%|██▊       | 2151/7731 [03:43<10:11,  9.12it/s]
[1A 28%|██▊       | 2152/7731 [03:44<10:31,  8.83it/s]
[1A 28%|██▊       | 2154/7731 [03:44<09:55,  9.36it/s]
[1A 28%|██▊       | 2156/7731 [03:44<09:40,  9.61it/s]
[1A 28%|██▊       | 2157/7731 [03:44<09:36,  9.67it/s]
[1A 28%|██▊       | 2158/7731 [03:44<09:59,  9.30it/s]
[1A 28%|██▊       | 2159/7731 [03:44<10:04,  9.22it/s]
[1A 28%|██▊       | 2161/7731 [03:45<09:32,  9.73it/s]
[1A 28%|██▊       | 2163/7731 [03:45<09:17,  9.98it/s]
[1A 28%|██▊       | 2164/7731 [03:45<09:36,  9.66it/s]
[1A 28%|██▊       | 2165/7731 [03:45<09:38,  9.63it/s]
[1A 28%|██▊       | 2166/7731 [03:45<09:36,  9.65it/s]
[1A 28%|██▊       | 2167/7731 [03:45<09:42,  9.56it/s]
[1A 28%|██▊       | 2168/7731 [03:45<10:08,  9.15it/s]
[1A 28%|██▊       | 2170/7731 [03:45<09:31,  9.72it/s]
[1A 28%|██▊       | 2172/7731 [03:46<09:45,  9.49it/s]
[1A 28%|██▊       | 2174/7731 [03:46<09:28,  9.77it/s]
[1A 28%|██▊       | 2175/7731 [03:46<09:29,  9.76it/s]
[1A 28%|██▊       | 2176/7731 [03:46<09:55,  9.33it/s]
[1A 28%|██▊       | 2177/7731 [03:46<09:50,  9.41it/s]
[1A 28%|██▊       | 2178/7731 [03:46<09:54,  9.33it/s]
[1A 28%|██▊       | 2180/7731 [03:47<09:24,  9.82it/s]
[1A 28%|██▊       | 2181/7731 [03:47<09:24,  9.83it/s]
[1A 28%|██▊       | 2182/7731 [03:47<09:40,  9.56it/s]
[1A 28%|██▊       | 2184/7731 [03:47<09:19,  9.91it/s]
[1A 28%|██▊       | 2185/7731 [03:47<09:34,  9.66it/s]
[1A 28%|██▊       | 2186/7731 [03:47<09:54,  9.32it/s]
[1A 28%|██▊       | 2187/7731 [03:47<09:50,  9.38it/s]
[1A 28%|██▊       | 2189/7731 [03:47<09:28,  9.75it/s]
[1A 28%|██▊       | 2190/7731 [03:48<09:53,  9.33it/s]
[1A 28%|██▊       | 2191/7731 [03:48<10:16,  8.99it/s]
[1A 28%|██▊       | 2193/7731 [03:48<10:16,  8.99it/s]
[1A 28%|██▊       | 2194/7731 [03:48<10:04,  9.15it/s]
[1A 28%|██▊       | 2196/7731 [03:48<09:37,  9.59it/s]
[1A 28%|██▊       | 2198/7731 [03:48<09:19,  9.89it/s]
[1A 28%|██▊       | 2200/7731 [03:49<09:09, 10.07it/s]
[1A                                                   
{'loss': 0.2639, 'grad_norm': 9.848551750183105, 'learning_rate': 1.5224989679372507e-05, 'epoch': 0.85}
[1A
[1A 28%|██▊       | 2200/7731 [03:49<09:09, 10.07it/s]
[1A 28%|██▊       | 2201/7731 [03:49<09:32,  9.66it/s]
[1A 28%|██▊       | 2202/7731 [03:49<09:50,  9.37it/s]
[1A 28%|██▊       | 2203/7731 [03:49<09:56,  9.27it/s]
[1A 29%|██▊       | 2204/7731 [03:49<10:00,  9.21it/s]
[1A 29%|██▊       | 2205/7731 [03:49<09:51,  9.35it/s]
[1A 29%|██▊       | 2207/7731 [03:49<09:42,  9.48it/s]
[1A 29%|██▊       | 2209/7731 [03:50<09:30,  9.67it/s]
[1A 29%|██▊       | 2211/7731 [03:50<09:27,  9.72it/s]
[1A 29%|██▊       | 2213/7731 [03:50<09:22,  9.81it/s]
[1A 29%|██▊       | 2214/7731 [03:50<09:22,  9.81it/s]
[1A 29%|██▊       | 2216/7731 [03:50<09:19,  9.85it/s]
[1A 29%|██▊       | 2218/7731 [03:50<09:29,  9.68it/s]
[1A 29%|██▊       | 2220/7731 [03:51<09:16,  9.90it/s]
[1A 29%|██▊       | 2222/7731 [03:51<09:03, 10.14it/s]
[1A 29%|██▉       | 2224/7731 [03:51<09:02, 10.15it/s]
[1A 29%|██▉       | 2226/7731 [03:51<08:55, 10.27it/s]
[1A 29%|██▉       | 2228/7731 [03:51<09:13,  9.95it/s]
[1A 29%|██▉       | 2229/7731 [03:52<09:31,  9.63it/s]
[1A 29%|██▉       | 2230/7731 [03:52<09:46,  9.38it/s]
[1A 29%|██▉       | 2231/7731 [03:52<09:45,  9.39it/s]
[1A 29%|██▉       | 2233/7731 [03:52<09:31,  9.61it/s]
[1A 29%|██▉       | 2234/7731 [03:52<09:31,  9.62it/s]
[1A 29%|██▉       | 2235/7731 [03:52<09:52,  9.28it/s]
[1A 29%|██▉       | 2237/7731 [03:52<09:25,  9.71it/s]
[1A 29%|██▉       | 2238/7731 [03:53<09:22,  9.76it/s]
[1A 29%|██▉       | 2239/7731 [03:53<09:23,  9.74it/s]
[1A 29%|██▉       | 2241/7731 [03:53<09:06, 10.05it/s]
[1A 29%|██▉       | 2242/7731 [03:53<09:07, 10.02it/s]
[1A 29%|██▉       | 2243/7731 [03:53<09:51,  9.29it/s]
[1A 29%|██▉       | 2244/7731 [03:53<09:58,  9.17it/s]
[1A 29%|██▉       | 2245/7731 [03:53<09:44,  9.38it/s]
[1A 29%|██▉       | 2246/7731 [03:53<10:37,  8.61it/s]
[1A 29%|██▉       | 2248/7731 [03:54<09:46,  9.35it/s]
[1A 29%|██▉       | 2250/7731 [03:54<09:31,  9.59it/s]
[1A                                                   
{'loss': 0.2199, 'grad_norm': 4.5497541427612305, 'learning_rate': 1.5087381312783818e-05, 'epoch': 0.87}
[1A
[1A 29%|██▉       | 2250/7731 [03:54<09:31,  9.59it/s]
[1A 29%|██▉       | 2252/7731 [03:54<09:10,  9.95it/s]
[1A 29%|██▉       | 2253/7731 [03:54<09:36,  9.51it/s]
[1A 29%|██▉       | 2254/7731 [03:54<09:55,  9.19it/s]
[1A 29%|██▉       | 2255/7731 [03:54<09:47,  9.33it/s]
[1A 29%|██▉       | 2256/7731 [03:54<10:15,  8.90it/s]
[1A 29%|██▉       | 2258/7731 [03:55<09:51,  9.25it/s]
[1A 29%|██▉       | 2260/7731 [03:55<10:00,  9.11it/s]
[1A 29%|██▉       | 2262/7731 [03:55<09:59,  9.12it/s]
[1A 29%|██▉       | 2264/7731 [03:55<09:44,  9.36it/s]
[1A 29%|██▉       | 2265/7731 [03:55<09:38,  9.44it/s]
[1A 29%|██▉       | 2267/7731 [03:56<09:29,  9.60it/s]
[1A 29%|██▉       | 2268/7731 [03:56<09:33,  9.53it/s]
[1A 29%|██▉       | 2270/7731 [03:56<09:27,  9.63it/s]
[1A 29%|██▉       | 2272/7731 [03:56<09:05, 10.00it/s]
[1A 29%|██▉       | 2273/7731 [03:56<09:05, 10.00it/s]
[1A 29%|██▉       | 2275/7731 [03:56<09:08,  9.94it/s]
[1A 29%|██▉       | 2277/7731 [03:57<09:15,  9.82it/s]
[1A 29%|██▉       | 2279/7731 [03:57<09:06,  9.98it/s]
[1A 30%|██▉       | 2281/7731 [03:57<09:06,  9.96it/s]
[1A 30%|██▉       | 2283/7731 [03:57<09:01, 10.07it/s]
[1A 30%|██▉       | 2285/7731 [03:57<09:08,  9.92it/s]
[1A 30%|██▉       | 2287/7731 [03:58<09:07,  9.94it/s]
[1A 30%|██▉       | 2288/7731 [03:58<09:16,  9.78it/s]
[1A 30%|██▉       | 2289/7731 [03:58<09:17,  9.76it/s]
[1A 30%|██▉       | 2291/7731 [03:58<09:08,  9.92it/s]
[1A 30%|██▉       | 2292/7731 [03:58<09:22,  9.68it/s]
[1A 30%|██▉       | 2294/7731 [03:58<09:08,  9.91it/s]
[1A 30%|██▉       | 2295/7731 [03:58<09:07,  9.92it/s]
[1A 30%|██▉       | 2297/7731 [03:59<08:58, 10.08it/s]
[1A 30%|██▉       | 2299/7731 [03:59<08:56, 10.12it/s]
[1A                                                   
{'loss': 0.2323, 'grad_norm': 15.309588432312012, 'learning_rate': 1.4949772946195129e-05, 'epoch': 0.89}
[1A
[1A 30%|██▉       | 2300/7731 [03:59<08:56, 10.12it/s]
[1A 30%|██▉       | 2301/7731 [03:59<09:03,  9.98it/s]
[1A 30%|██▉       | 2303/7731 [03:59<09:17,  9.74it/s]
[1A 30%|██▉       | 2304/7731 [03:59<09:16,  9.76it/s]
[1A 30%|██▉       | 2305/7731 [03:59<09:18,  9.72it/s]
[1A 30%|██▉       | 2307/7731 [04:00<09:12,  9.83it/s]
[1A 30%|██▉       | 2308/7731 [04:00<09:35,  9.42it/s]
[1A 30%|██▉       | 2309/7731 [04:00<10:05,  8.95it/s]
[1A 30%|██▉       | 2311/7731 [04:00<09:42,  9.31it/s]
[1A 30%|██▉       | 2313/7731 [04:00<09:23,  9.62it/s]
[1A 30%|██▉       | 2315/7731 [04:00<09:12,  9.80it/s]
[1A 30%|██▉       | 2316/7731 [04:01<09:38,  9.36it/s]
[1A 30%|██▉       | 2318/7731 [04:01<09:09,  9.84it/s]
[1A 30%|███       | 2320/7731 [04:01<09:01,  9.99it/s]
[1A 30%|███       | 2322/7731 [04:01<09:24,  9.58it/s]
[1A 30%|███       | 2323/7731 [04:01<09:40,  9.31it/s]
[1A 30%|███       | 2325/7731 [04:02<09:26,  9.54it/s]
[1A 30%|███       | 2327/7731 [04:02<09:23,  9.58it/s]
[1A 30%|███       | 2328/7731 [04:02<09:35,  9.40it/s]
[1A 30%|███       | 2330/7731 [04:02<09:15,  9.73it/s]
[1A 30%|███       | 2332/7731 [04:02<09:05,  9.89it/s]
[1A 30%|███       | 2333/7731 [04:02<09:10,  9.80it/s]
[1A 30%|███       | 2334/7731 [04:02<09:24,  9.55it/s]
[1A 30%|███       | 2335/7731 [04:03<09:24,  9.57it/s]
[1A 30%|███       | 2336/7731 [04:03<09:27,  9.51it/s]
[1A 30%|███       | 2337/7731 [04:03<09:26,  9.52it/s]
[1A 30%|███       | 2338/7731 [04:03<09:46,  9.20it/s]
[1A 30%|███       | 2340/7731 [04:03<09:16,  9.69it/s]
[1A 30%|███       | 2342/7731 [04:03<09:04,  9.90it/s]
[1A 30%|███       | 2344/7731 [04:03<08:53, 10.09it/s]
[1A 30%|███       | 2345/7731 [04:04<09:06,  9.86it/s]
[1A 30%|███       | 2346/7731 [04:04<09:21,  9.59it/s]
[1A 30%|███       | 2347/7731 [04:04<09:39,  9.29it/s]
[1A 30%|███       | 2348/7731 [04:04<09:29,  9.45it/s]
[1A 30%|███       | 2349/7731 [04:04<09:36,  9.33it/s]
[1A 30%|███       | 2350/7731 [04:04<09:27,  9.48it/s]
[1A                                                   
{'loss': 0.2507, 'grad_norm': 3.2592012882232666, 'learning_rate': 1.481216457960644e-05, 'epoch': 0.91}
[1A
[1A 30%|███       | 2350/7731 [04:04<09:27,  9.48it/s]
[1A 30%|███       | 2351/7731 [04:04<09:36,  9.33it/s]
[1A 30%|███       | 2353/7731 [04:04<09:26,  9.49it/s]
[1A 30%|███       | 2355/7731 [04:05<09:18,  9.62it/s]
[1A 30%|███       | 2356/7731 [04:05<09:22,  9.55it/s]
[1A 30%|███       | 2357/7731 [04:05<09:19,  9.61it/s]
[1A 31%|███       | 2358/7731 [04:05<09:23,  9.53it/s]
[1A 31%|███       | 2360/7731 [04:05<09:25,  9.49it/s]
[1A 31%|███       | 2362/7731 [04:05<09:02,  9.90it/s]
[1A 31%|███       | 2364/7731 [04:06<08:52, 10.09it/s]
[1A 31%|███       | 2366/7731 [04:06<09:00,  9.92it/s]
[1A 31%|███       | 2367/7731 [04:06<09:25,  9.48it/s]
[1A 31%|███       | 2368/7731 [04:06<09:26,  9.47it/s]
[1A 31%|███       | 2369/7731 [04:06<09:35,  9.32it/s]
[1A 31%|███       | 2370/7731 [04:06<09:27,  9.44it/s]
[1A 31%|███       | 2371/7731 [04:06<09:24,  9.49it/s]
[1A 31%|███       | 2372/7731 [04:06<09:20,  9.56it/s]
[1A 31%|███       | 2374/7731 [04:07<09:39,  9.25it/s]
[1A 31%|███       | 2376/7731 [04:07<09:09,  9.75it/s]
[1A 31%|███       | 2378/7731 [04:07<09:10,  9.72it/s]
[1A 31%|███       | 2379/7731 [04:07<09:25,  9.46it/s]
[1A 31%|███       | 2380/7731 [04:07<09:26,  9.45it/s]
[1A 31%|███       | 2381/7731 [04:07<09:18,  9.57it/s]
[1A 31%|███       | 2383/7731 [04:08<09:00,  9.90it/s]
[1A 31%|███       | 2385/7731 [04:08<08:47, 10.13it/s]
[1A 31%|███       | 2387/7731 [04:08<08:46, 10.14it/s]
[1A 31%|███       | 2389/7731 [04:08<08:47, 10.13it/s]
[1A 31%|███       | 2391/7731 [04:08<08:55,  9.98it/s]
[1A 31%|███       | 2393/7731 [04:09<08:51, 10.05it/s]
[1A 31%|███       | 2395/7731 [04:09<08:42, 10.21it/s]
[1A 31%|███       | 2397/7731 [04:09<08:51, 10.04it/s]
[1A 31%|███       | 2399/7731 [04:09<08:42, 10.21it/s]
[1A                                                   
[1A
{'loss': 0.2159, 'grad_norm': 9.829191207885742, 'learning_rate': 1.4674556213017752e-05, 'epoch': 0.93}
[1A 31%|███       | 2400/7731 [04:09<08:42, 10.21it/s]
[1A 31%|███       | 2401/7731 [04:09<09:04,  9.78it/s]
[1A 31%|███       | 2403/7731 [04:10<08:53,  9.98it/s]
[1A 31%|███       | 2405/7731 [04:10<08:57,  9.90it/s]
[1A 31%|███       | 2407/7731 [04:10<08:49, 10.05it/s]
[1A 31%|███       | 2409/7731 [04:10<09:05,  9.76it/s]
[1A 31%|███       | 2411/7731 [04:10<08:58,  9.89it/s]
[1A 31%|███       | 2413/7731 [04:11<08:48, 10.07it/s]
[1A 31%|███       | 2415/7731 [04:11<08:44, 10.13it/s]
[1A 31%|███▏      | 2417/7731 [04:11<08:48, 10.06it/s]
[1A 31%|███▏      | 2419/7731 [04:11<08:47, 10.08it/s]
[1A 31%|███▏      | 2421/7731 [04:11<08:51,  9.99it/s]
[1A 31%|███▏      | 2423/7731 [04:12<08:48, 10.04it/s]
[1A 31%|███▏      | 2425/7731 [04:12<08:42, 10.16it/s]
[1A 31%|███▏      | 2427/7731 [04:12<08:44, 10.11it/s]
[1A 31%|███▏      | 2429/7731 [04:12<08:48, 10.03it/s]
[1A 31%|███▏      | 2431/7731 [04:12<08:41, 10.17it/s]
[1A 31%|███▏      | 2433/7731 [04:13<08:43, 10.12it/s]
[1A 31%|███▏      | 2435/7731 [04:13<08:48, 10.02it/s]
[1A 32%|███▏      | 2437/7731 [04:13<09:05,  9.71it/s]
[1A 32%|███▏      | 2438/7731 [04:13<09:22,  9.41it/s]
[1A 32%|███▏      | 2439/7731 [04:13<09:39,  9.13it/s]
[1A 32%|███▏      | 2440/7731 [04:13<09:51,  8.95it/s]
[1A 32%|███▏      | 2441/7731 [04:13<09:36,  9.18it/s]
[1A 32%|███▏      | 2443/7731 [04:14<09:03,  9.74it/s]
[1A 32%|███▏      | 2444/7731 [04:14<09:16,  9.51it/s]
[1A 32%|███▏      | 2445/7731 [04:14<09:37,  9.15it/s]
[1A 32%|███▏      | 2446/7731 [04:14<09:25,  9.34it/s]
[1A 32%|███▏      | 2448/7731 [04:14<09:04,  9.69it/s]
[1A 32%|███▏      | 2449/7731 [04:14<09:46,  9.00it/s]                         
{'loss': 0.233, 'grad_norm': 9.785648345947266, 'learning_rate': 1.4536947846429064e-05, 'epoch': 0.95}
[1A
[1A 32%|███▏      | 2450/7731 [04:14<09:46,  9.00it/s]
[1A 32%|███▏      | 2451/7731 [04:14<09:22,  9.39it/s]
[1A 32%|███▏      | 2453/7731 [04:15<08:58,  9.80it/s]
[1A 32%|███▏      | 2455/7731 [04:15<08:50,  9.94it/s]
[1A 32%|███▏      | 2456/7731 [04:15<09:10,  9.58it/s]
[1A 32%|███▏      | 2457/7731 [04:15<09:18,  9.43it/s]
[1A 32%|███▏      | 2459/7731 [04:15<08:59,  9.76it/s]
[1A 32%|███▏      | 2460/7731 [04:15<08:57,  9.80it/s]
[1A 32%|███▏      | 2462/7731 [04:16<08:52,  9.90it/s]
[1A 32%|███▏      | 2463/7731 [04:16<08:56,  9.82it/s]
[1A 32%|███▏      | 2465/7731 [04:16<08:44, 10.04it/s]
[1A 32%|███▏      | 2467/7731 [04:16<08:45, 10.03it/s]
[1A 32%|███▏      | 2469/7731 [04:16<08:41, 10.10it/s]
[1A 32%|███▏      | 2471/7731 [04:16<08:55,  9.83it/s]
[1A 32%|███▏      | 2473/7731 [04:17<08:41, 10.07it/s]
[1A 32%|███▏      | 2475/7731 [04:17<08:46,  9.98it/s]
[1A 32%|███▏      | 2477/7731 [04:17<08:38, 10.13it/s]
[1A 32%|███▏      | 2479/7731 [04:17<08:42, 10.06it/s]
[1A 32%|███▏      | 2481/7731 [04:17<08:46,  9.97it/s]
[1A 32%|███▏      | 2482/7731 [04:18<08:50,  9.89it/s]
[1A 32%|███▏      | 2483/7731 [04:18<09:26,  9.27it/s]
[1A 32%|███▏      | 2484/7731 [04:18<09:26,  9.26it/s]
[1A 32%|███▏      | 2485/7731 [04:18<09:19,  9.37it/s]
[1A 32%|███▏      | 2487/7731 [04:18<08:55,  9.79it/s]
[1A 32%|███▏      | 2489/7731 [04:18<08:57,  9.76it/s]
[1A 32%|███▏      | 2490/7731 [04:18<09:02,  9.66it/s]
[1A 32%|███▏      | 2492/7731 [04:19<08:52,  9.84it/s]
[1A 32%|███▏      | 2493/7731 [04:19<08:50,  9.87it/s]
[1A 32%|███▏      | 2495/7731 [04:19<08:37, 10.11it/s]
[1A 32%|███▏      | 2497/7731 [04:19<08:30, 10.25it/s]
[1A 32%|███▏      | 2499/7731 [04:19<08:30, 10.26it/s]
[1A                                                   
{'loss': 0.2378, 'grad_norm': 5.468883037567139, 'learning_rate': 1.4399339479840375e-05, 'epoch': 0.97}
[1A
[1A 32%|███▏      | 2500/7731 [04:19<08:30, 10.26it/s]
[1A 32%|███▏      | 2501/7731 [04:20<08:53,  9.81it/s]
[1A 32%|███▏      | 2503/7731 [04:20<08:54,  9.79it/s]
[1A 32%|███▏      | 2504/7731 [04:20<08:56,  9.75it/s]
[1A 32%|███▏      | 2506/7731 [04:20<08:47,  9.91it/s]
[1A 32%|███▏      | 2508/7731 [04:20<08:38, 10.07it/s]
[1A 32%|███▏      | 2510/7731 [04:20<08:38, 10.07it/s]
[1A 32%|███▏      | 2512/7731 [04:21<08:40, 10.02it/s]
[1A 33%|███▎      | 2514/7731 [04:21<08:58,  9.69it/s]
[1A 33%|███▎      | 2515/7731 [04:21<09:09,  9.49it/s]
[1A 33%|███▎      | 2517/7731 [04:21<08:45,  9.92it/s]
[1A 33%|███▎      | 2518/7731 [04:21<08:45,  9.91it/s]
[1A 33%|███▎      | 2520/7731 [04:21<08:31, 10.18it/s]
[1A 33%|███▎      | 2522/7731 [04:22<08:31, 10.18it/s]
[1A 33%|███▎      | 2524/7731 [04:22<08:41,  9.98it/s]
[1A 33%|███▎      | 2526/7731 [04:22<08:30, 10.20it/s]
[1A 33%|███▎      | 2528/7731 [04:22<08:28, 10.23it/s]
[1A 33%|███▎      | 2530/7731 [04:22<08:25, 10.29it/s]
[1A 33%|███▎      | 2532/7731 [04:23<08:24, 10.31it/s]
[1A 33%|███▎      | 2534/7731 [04:23<08:43,  9.92it/s]
[1A 33%|███▎      | 2535/7731 [04:23<08:50,  9.79it/s]
[1A 33%|███▎      | 2536/7731 [04:23<08:52,  9.75it/s]
[1A 33%|███▎      | 2537/7731 [04:23<08:59,  9.63it/s]
[1A 33%|███▎      | 2539/7731 [04:23<09:06,  9.51it/s]
[1A 33%|███▎      | 2541/7731 [04:24<08:45,  9.88it/s]
[1A 33%|███▎      | 2543/7731 [04:24<08:32, 10.12it/s]
[1A 33%|███▎      | 2545/7731 [04:24<08:36, 10.04it/s]
[1A 33%|███▎      | 2547/7731 [04:24<08:37, 10.02it/s]
[1A 33%|███▎      | 2549/7731 [04:24<08:36, 10.04it/s]
[1A                                                   
{'loss': 0.2354, 'grad_norm': 5.014284133911133, 'learning_rate': 1.4261731113251687e-05, 'epoch': 0.99}
[1A
[1A 33%|███▎      | 2550/7731 [04:24<08:36, 10.04it/s]
[1A 33%|███▎      | 2551/7731 [04:25<08:43,  9.90it/s]
[1A 33%|███▎      | 2553/7731 [04:25<08:35, 10.04it/s]
[1A 33%|███▎      | 2555/7731 [04:25<08:34, 10.06it/s]
[1A 33%|███▎      | 2557/7731 [04:25<08:49,  9.77it/s]
[1A 33%|███▎      | 2558/7731 [04:25<08:53,  9.70it/s]
[1A 33%|███▎      | 2559/7731 [04:25<09:01,  9.55it/s]
[1A 33%|███▎      | 2560/7731 [04:25<08:57,  9.62it/s]
[1A 33%|███▎      | 2562/7731 [04:26<08:42,  9.89it/s]
[1A 33%|███▎      | 2564/7731 [04:26<08:28, 10.16it/s]
[1A 33%|███▎      | 2566/7731 [04:26<08:31, 10.10it/s]
[1A 33%|███▎      | 2568/7731 [04:26<08:51,  9.72it/s]
[1A 33%|███▎      | 2570/7731 [04:26<08:37,  9.98it/s]
[1A 33%|███▎      | 2572/7731 [04:27<08:41,  9.90it/s]
[1A 33%|███▎      | 2574/7731 [04:27<08:43,  9.86it/s]
[1A 33%|███▎      | 2575/7731 [04:27<08:49,  9.73it/s]
[1A 33%|███▎      | 2577/7731 [04:27<08:56,  9.61it/s]

[1A
[1A  0%|          | 0/200 [00:00<?, ?it/s][A

[1A
[1A  2%|▏         | 4/200 [00:00<00:04, 39.47it/s][A

[1A  4%|▍         | 9/200 [00:00<00:04, 40.05it/s][A

[1A
[1A  7%|▋         | 14/200 [00:00<00:04, 39.09it/s][A

[1A
[1A  9%|▉         | 18/200 [00:00<00:04, 38.83it/s][A

[1A
[1A 12%|█▏        | 23/200 [00:00<00:04, 42.37it/s][A

[1A
[1A 14%|█▍        | 28/200 [00:00<00:04, 41.88it/s][A

[1A
[1A 17%|█▋        | 34/200 [00:00<00:03, 44.13it/s][A

[1A
[1A 20%|██        | 40/200 [00:00<00:03, 47.82it/s][A

[1A
[1A 23%|██▎       | 46/200 [00:01<00:03, 49.35it/s][A

[1A
[1A 26%|██▌       | 51/200 [00:01<00:03, 47.67it/s][A

[1A
[1A 28%|██▊       | 57/200 [00:01<00:02, 48.20it/s][A

[1A
[1A 31%|███       | 62/200 [00:01<00:03, 42.56it/s][A

[1A
[1A 34%|███▎      | 67/200 [00:01<00:03, 38.81it/s][A

[1A
[1A 36%|███▌      | 71/200 [00:01<00:03, 38.43it/s][A

[1A
[1A 38%|███▊      | 76/200 [00:01<00:03, 41.27it/s][A

[1A
[1A 40%|████      | 81/200 [00:01<00:02, 39.79it/s][A

[1A
[1A 43%|████▎     | 86/200 [00:02<00:02, 38.31it/s][A

[1A
[1A 45%|████▌     | 90/200 [00:02<00:03, 36.42it/s][A

[1A
[1A 47%|████▋     | 94/200 [00:02<00:02, 35.44it/s][A

[1A 50%|████▉     | 99/200 [00:02<00:02, 37.37it/s][A

[1A
[1A 52%|█████▏    | 103/200 [00:02<00:02, 37.18it/s][A

[1A
[1A 54%|█████▎    | 107/200 [00:02<00:02, 33.84it/s][A

[1A
[1A 56%|█████▌    | 111/200 [00:02<00:02, 34.74it/s][A

[1A
[1A 57%|█████▊    | 115/200 [00:02<00:02, 34.18it/s][A

[1A
[1A 60%|█████▉    | 119/200 [00:03<00:02, 34.90it/s][A

[1A
[1A 62%|██████▏   | 123/200 [00:03<00:02, 33.16it/s][A

[1A
[1A 64%|██████▎   | 127/200 [00:03<00:02, 27.85it/s][A

[1A 66%|██████▌   | 131/200 [00:03<00:02, 30.35it/s][A

[1A
[1A 68%|██████▊   | 136/200 [00:03<00:01, 33.00it/s][A

[1A
[1A 70%|███████   | 140/200 [00:03<00:01, 31.46it/s][A

[1A
[1A 72%|███████▏  | 144/200 [00:03<00:01, 31.29it/s][A

[1A
[1A 74%|███████▍  | 148/200 [00:03<00:01, 33.16it/s][A

[1A
[1A 76%|███████▌  | 152/200 [00:04<00:01, 32.18it/s][A

[1A
[1A 78%|███████▊  | 157/200 [00:04<00:01, 34.95it/s][A

[1A
[1A 80%|████████  | 161/200 [00:04<00:01, 33.53it/s][A

[1A
[1A 82%|████████▎ | 165/200 [00:04<00:01, 32.24it/s][A

[1A
[1A 85%|████████▌ | 170/200 [00:04<00:00, 34.54it/s][A

[1A 88%|████████▊ | 176/200 [00:04<00:00, 37.69it/s][A

[1A
[1A 90%|█████████ | 180/200 [00:04<00:00, 36.59it/s][A

[1A
[1A 92%|█████████▏| 184/200 [00:05<00:00, 33.00it/s][A

[1A
[1A 94%|█████████▍| 188/200 [00:05<00:00, 33.32it/s][A

[1A
[1A 96%|█████████▌| 192/200 [00:05<00:00, 32.85it/s][A

[1A
[1A 98%|█████████▊| 197/200 [00:05<00:00, 35.41it/s][A
[1A                                                   
[1A

[1A                                                 
[1A
{'eval_loss': 0.4078502655029297, 'eval_accuracy': 0.8213333333333334, 'eval_f1_macro': 0.8195825294590866, 'eval_precision_macro': 0.8302998184181987, 'eval_recall_macro': 0.8198230750675652, 'eval_runtime': 5.5164, 'eval_samples_per_second': 1155.646, 'eval_steps_per_second': 36.256, 'epoch': 1.0}
[1A[A
[1A 33%|███▎      | 2577/7731 [04:33<08:56,  9.61it/s]

[1A
[1A100%|██████████| 200/200 [00:05<00:00, 35.41it/s][A

[1A
[1A                                                 [A
[1A 33%|███▎      | 2578/7731 [04:38<3:13:18,  2.25s/it]
[1A 33%|███▎      | 2579/7731 [04:38<2:33:00,  1.78s/it]
[1A 33%|███▎      | 2580/7731 [04:39<1:58:54,  1.39s/it]
[1A 33%|███▎      | 2581/7731 [04:39<1:31:10,  1.06s/it]
[1A 33%|███▎      | 2583/7731 [04:39<57:01,  1.50it/s]  
[1A 33%|███▎      | 2585/7731 [04:39<38:59,  2.20it/s]
[1A 33%|███▎      | 2586/7731 [04:39<33:07,  2.59it/s]
[1A 33%|███▎      | 2588/7731 [04:39<24:01,  3.57it/s]
[1A 33%|███▎      | 2589/7731 [04:40<21:10,  4.05it/s]
[1A 34%|███▎      | 2590/7731 [04:40<18:35,  4.61it/s]
[1A 34%|███▎      | 2591/7731 [04:40<16:21,  5.24it/s]
[1A 34%|███▎      | 2593/7731 [04:40<12:52,  6.65it/s]
[1A 34%|███▎      | 2595/7731 [04:40<11:11,  7.65it/s]
[1A 34%|███▎      | 2597/7731 [04:40<10:07,  8.45it/s]
[1A 34%|███▎      | 2598/7731 [04:40<09:51,  8.68it/s]
[1A 34%|███▎      | 2600/7731 [04:41<09:27,  9.03it/s]
[1A                                                   
{'loss': 0.1968, 'grad_norm': 11.422667503356934, 'learning_rate': 1.4124122746662998e-05, 'epoch': 1.01}
[1A
[1A 34%|███▎      | 2600/7731 [04:41<09:27,  9.03it/s]
[1A 34%|███▎      | 2601/7731 [04:41<09:28,  9.02it/s]
[1A 34%|███▎      | 2602/7731 [04:41<09:35,  8.91it/s]
[1A 34%|███▎      | 2604/7731 [04:41<09:19,  9.16it/s]
[1A 34%|███▎      | 2605/7731 [04:41<09:12,  9.28it/s]
[1A 34%|███▎      | 2607/7731 [04:41<08:53,  9.61it/s]
[1A 34%|███▎      | 2609/7731 [04:42<08:35,  9.93it/s]
[1A 34%|███▍      | 2610/7731 [04:42<08:40,  9.84it/s]
[1A 34%|███▍      | 2612/7731 [04:42<08:38,  9.88it/s]
[1A 34%|███▍      | 2614/7731 [04:42<08:50,  9.65it/s]
[1A 34%|███▍      | 2615/7731 [04:42<08:57,  9.51it/s]
[1A 34%|███▍      | 2617/7731 [04:42<08:42,  9.79it/s]
[1A 34%|███▍      | 2619/7731 [04:43<08:33,  9.95it/s]
[1A 34%|███▍      | 2620/7731 [04:43<08:34,  9.93it/s]
[1A 34%|███▍      | 2622/7731 [04:43<08:29, 10.03it/s]
[1A 34%|███▍      | 2623/7731 [04:43<08:58,  9.49it/s]
[1A 34%|███▍      | 2624/7731 [04:43<08:59,  9.47it/s]
[1A 34%|███▍      | 2626/7731 [04:43<08:45,  9.72it/s]
[1A 34%|███▍      | 2628/7731 [04:44<08:30, 10.00it/s]
[1A 34%|███▍      | 2630/7731 [04:44<08:27, 10.05it/s]
[1A 34%|███▍      | 2632/7731 [04:44<08:21, 10.17it/s]
[1A 34%|███▍      | 2634/7731 [04:44<08:18, 10.23it/s]
[1A 34%|███▍      | 2636/7731 [04:44<08:17, 10.23it/s]
[1A 34%|███▍      | 2638/7731 [04:44<08:24, 10.09it/s]
[1A 34%|███▍      | 2640/7731 [04:45<08:31,  9.96it/s]
[1A 34%|███▍      | 2642/7731 [04:45<08:14, 10.29it/s]
[1A 34%|███▍      | 2644/7731 [04:45<08:02, 10.54it/s]
[1A 34%|███▍      | 2646/7731 [04:45<09:25,  9.00it/s]
[1A 34%|███▍      | 2648/7731 [04:46<08:48,  9.62it/s]
[1A 34%|███▍      | 2650/7731 [04:46<08:48,  9.61it/s]
[1A                                                   
{'loss': 0.2028, 'grad_norm': 5.081117153167725, 'learning_rate': 1.398651438007431e-05, 'epoch': 1.03}
[1A
[1A 34%|███▍      | 2650/7731 [04:46<08:48,  9.61it/s]
[1A 34%|███▍      | 2651/7731 [04:46<08:55,  9.48it/s]
[1A 34%|███▍      | 2653/7731 [04:46<08:23, 10.08it/s]
[1A 34%|███▍      | 2655/7731 [04:46<08:02, 10.51it/s]
[1A 34%|███▍      | 2657/7731 [04:46<07:46, 10.88it/s]
[1A 34%|███▍      | 2659/7731 [04:47<07:38, 11.07it/s]
[1A 34%|███▍      | 2661/7731 [04:47<07:46, 10.86it/s]
[1A 34%|███▍      | 2663/7731 [04:47<07:39, 11.04it/s]
[1A 34%|███▍      | 2665/7731 [04:47<07:36, 11.09it/s]
[1A 34%|███▍      | 2667/7731 [04:47<07:30, 11.23it/s]
[1A 35%|███▍      | 2669/7731 [04:47<07:25, 11.36it/s]
[1A 35%|███▍      | 2671/7731 [04:48<07:33, 11.16it/s]
[1A 35%|███▍      | 2673/7731 [04:48<07:44, 10.88it/s]
[1A 35%|███▍      | 2675/7731 [04:48<07:38, 11.03it/s]
[1A 35%|███▍      | 2677/7731 [04:48<07:31, 11.18it/s]
[1A 35%|███▍      | 2679/7731 [04:48<07:29, 11.25it/s]
[1A 35%|███▍      | 2681/7731 [04:49<07:43, 10.89it/s]
[1A 35%|███▍      | 2683/7731 [04:49<07:36, 11.05it/s]
[1A 35%|███▍      | 2685/7731 [04:49<08:25,  9.98it/s]
[1A 35%|███▍      | 2687/7731 [04:49<08:05, 10.38it/s]
[1A 35%|███▍      | 2689/7731 [04:49<07:51, 10.69it/s]
[1A 35%|███▍      | 2691/7731 [04:49<08:05, 10.37it/s]
[1A 35%|███▍      | 2693/7731 [04:50<08:20, 10.08it/s]
[1A 35%|███▍      | 2695/7731 [04:50<08:02, 10.44it/s]
[1A 35%|███▍      | 2697/7731 [04:50<07:55, 10.58it/s]
[1A 35%|███▍      | 2699/7731 [04:50<07:43, 10.86it/s]
[1A                                                   
{'loss': 0.1909, 'grad_norm': 10.853611946105957, 'learning_rate': 1.3848906013485622e-05, 'epoch': 1.05}
[1A
[1A 35%|███▍      | 2700/7731 [04:50<07:43, 10.86it/s]
[1A 35%|███▍      | 2701/7731 [04:50<07:35, 11.04it/s]
[1A 35%|███▍      | 2703/7731 [04:51<07:30, 11.15it/s]
[1A 35%|███▍      | 2705/7731 [04:51<07:25, 11.28it/s]
[1A 35%|███▌      | 2707/7731 [04:51<07:20, 11.39it/s]
[1A 35%|███▌      | 2709/7731 [04:51<07:19, 11.43it/s]
[1A 35%|███▌      | 2711/7731 [04:51<07:17, 11.47it/s]
[1A 35%|███▌      | 2713/7731 [04:51<07:25, 11.26it/s]
[1A 35%|███▌      | 2715/7731 [04:52<07:21, 11.35it/s]
[1A 35%|███▌      | 2717/7731 [04:52<07:24, 11.28it/s]
[1A 35%|███▌      | 2719/7731 [04:52<07:20, 11.37it/s]
[1A 35%|███▌      | 2721/7731 [04:52<07:16, 11.47it/s]
[1A 35%|███▌      | 2723/7731 [04:52<07:20, 11.36it/s]
[1A 35%|███▌      | 2725/7731 [04:53<07:35, 10.99it/s]
[1A 35%|███▌      | 2727/7731 [04:53<08:00, 10.40it/s]
[1A 35%|███▌      | 2729/7731 [04:53<08:05, 10.30it/s]
[1A 35%|███▌      | 2731/7731 [04:53<08:10, 10.20it/s]
[1A 35%|███▌      | 2733/7731 [04:53<08:12, 10.15it/s]
[1A 35%|███▌      | 2735/7731 [04:54<08:02, 10.36it/s]
[1A 35%|███▌      | 2737/7731 [04:54<07:48, 10.66it/s]
[1A 35%|███▌      | 2739/7731 [04:54<07:37, 10.91it/s]
[1A 35%|███▌      | 2741/7731 [04:54<07:32, 11.02it/s]
[1A 35%|███▌      | 2743/7731 [04:54<07:23, 11.25it/s]
[1A 36%|███▌      | 2745/7731 [04:54<07:29, 11.10it/s]
[1A 36%|███▌      | 2747/7731 [04:55<07:27, 11.14it/s]
[1A 36%|███▌      | 2749/7731 [04:55<07:47, 10.65it/s]
[1A                                                   
{'loss': 0.1688, 'grad_norm': 6.4804792404174805, 'learning_rate': 1.3711297646896933e-05, 'epoch': 1.07}
[1A
[1A 36%|███▌      | 2750/7731 [04:55<07:47, 10.65it/s]
[1A 36%|███▌      | 2751/7731 [04:55<07:42, 10.77it/s]
[1A 36%|███▌      | 2753/7731 [04:55<07:32, 11.00it/s]
[1A 36%|███▌      | 2755/7731 [04:55<07:27, 11.12it/s]
[1A 36%|███▌      | 2757/7731 [04:56<07:22, 11.25it/s]
[1A 36%|███▌      | 2759/7731 [04:56<07:23, 11.20it/s]
[1A 36%|███▌      | 2761/7731 [04:56<07:20, 11.28it/s]
[1A 36%|███▌      | 2763/7731 [04:56<07:16, 11.38it/s]
[1A 36%|███▌      | 2765/7731 [04:56<07:12, 11.49it/s]
[1A 36%|███▌      | 2767/7731 [04:56<07:08, 11.59it/s]
[1A 36%|███▌      | 2769/7731 [04:57<07:07, 11.60it/s]
[1A 36%|███▌      | 2771/7731 [04:57<07:05, 11.65it/s]
[1A 36%|███▌      | 2773/7731 [04:57<07:05, 11.66it/s]
[1A 36%|███▌      | 2775/7731 [04:57<07:18, 11.29it/s]
[1A 36%|███▌      | 2777/7731 [04:57<07:15, 11.37it/s]
[1A 36%|███▌      | 2779/7731 [04:57<07:13, 11.41it/s]
[1A 36%|███▌      | 2781/7731 [04:58<07:20, 11.25it/s]
[1A 36%|███▌      | 2783/7731 [04:58<07:34, 10.88it/s]
[1A 36%|███▌      | 2785/7731 [04:58<07:27, 11.06it/s]
[1A 36%|███▌      | 2787/7731 [04:58<07:20, 11.23it/s]
[1A 36%|███▌      | 2789/7731 [04:58<07:14, 11.37it/s]
[1A 36%|███▌      | 2791/7731 [04:58<07:11, 11.44it/s]
[1A 36%|███▌      | 2793/7731 [04:59<07:08, 11.54it/s]
[1A 36%|███▌      | 2795/7731 [04:59<07:05, 11.60it/s]
[1A 36%|███▌      | 2797/7731 [04:59<07:06, 11.58it/s]
[1A 36%|███▌      | 2799/7731 [04:59<07:06, 11.57it/s]
[1A                                                   
{'loss': 0.2486, 'grad_norm': 7.3878493309021, 'learning_rate': 1.3573689280308244e-05, 'epoch': 1.09}
[1A
[1A 36%|███▌      | 2800/7731 [04:59<07:06, 11.57it/s]
[1A 36%|███▌      | 2801/7731 [04:59<07:29, 10.98it/s]
[1A 36%|███▋      | 2803/7731 [05:00<07:19, 11.21it/s]
[1A 36%|███▋      | 2805/7731 [05:00<07:12, 11.38it/s]
[1A 36%|███▋      | 2807/7731 [05:00<07:10, 11.43it/s]
[1A 36%|███▋      | 2809/7731 [05:00<07:09, 11.47it/s]
[1A 36%|███▋      | 2811/7731 [05:00<07:32, 10.87it/s]
[1A 36%|███▋      | 2813/7731 [05:00<07:38, 10.72it/s]
[1A 36%|███▋      | 2815/7731 [05:01<07:28, 10.97it/s]
[1A 36%|███▋      | 2817/7731 [05:01<07:42, 10.63it/s]
[1A 36%|███▋      | 2819/7731 [05:01<07:33, 10.83it/s]
[1A 36%|███▋      | 2821/7731 [05:01<07:55, 10.32it/s]
[1A 37%|███▋      | 2823/7731 [05:01<08:04, 10.13it/s]
[1A 37%|███▋      | 2825/7731 [05:02<07:44, 10.56it/s]
[1A 37%|███▋      | 2827/7731 [05:02<07:34, 10.78it/s]
[1A 37%|███▋      | 2829/7731 [05:02<07:24, 11.03it/s]
[1A 37%|███▋      | 2831/7731 [05:02<07:17, 11.21it/s]
[1A 37%|███▋      | 2833/7731 [05:02<07:09, 11.40it/s]
[1A 37%|███▋      | 2835/7731 [05:02<07:25, 10.98it/s]
[1A 37%|███▋      | 2837/7731 [05:03<07:21, 11.08it/s]
[1A 37%|███▋      | 2839/7731 [05:03<07:14, 11.26it/s]
[1A 37%|███▋      | 2841/7731 [05:03<07:10, 11.36it/s]
[1A 37%|███▋      | 2843/7731 [05:03<07:09, 11.39it/s]
[1A 37%|███▋      | 2845/7731 [05:03<07:06, 11.46it/s]
[1A 37%|███▋      | 2847/7731 [05:04<07:04, 11.50it/s]
[1A 37%|███▋      | 2849/7731 [05:04<07:08, 11.40it/s]
[1A                                                   
{'loss': 0.1703, 'grad_norm': 14.006829261779785, 'learning_rate': 1.3436080913719555e-05, 'epoch': 1.11}
[1A
[1A 37%|███▋      | 2850/7731 [05:04<07:08, 11.40it/s]
[1A 37%|███▋      | 2851/7731 [05:04<07:10, 11.32it/s]
[1A 37%|███▋      | 2853/7731 [05:04<07:19, 11.11it/s]
[1A 37%|███▋      | 2855/7731 [05:04<07:12, 11.28it/s]
[1A 37%|███▋      | 2857/7731 [05:04<07:08, 11.36it/s]
[1A 37%|███▋      | 2859/7731 [05:05<07:05, 11.44it/s]
[1A 37%|███▋      | 2861/7731 [05:05<07:34, 10.72it/s]
[1A 37%|███▋      | 2863/7731 [05:05<07:23, 10.98it/s]
[1A 37%|███▋      | 2865/7731 [05:05<07:44, 10.48it/s]
[1A 37%|███▋      | 2867/7731 [05:05<07:39, 10.58it/s]
[1A 37%|███▋      | 2869/7731 [05:06<07:27, 10.87it/s]
[1A 37%|███▋      | 2871/7731 [05:06<07:25, 10.90it/s]
[1A 37%|███▋      | 2873/7731 [05:06<07:24, 10.92it/s]
[1A 37%|███▋      | 2875/7731 [05:06<07:15, 11.14it/s]
[1A 37%|███▋      | 2877/7731 [05:06<07:09, 11.29it/s]
[1A 37%|███▋      | 2879/7731 [05:06<07:04, 11.43it/s]
[1A 37%|███▋      | 2881/7731 [05:07<07:03, 11.44it/s]
[1A 37%|███▋      | 2883/7731 [05:07<07:25, 10.89it/s]
[1A 37%|███▋      | 2885/7731 [05:07<07:22, 10.96it/s]
[1A 37%|███▋      | 2887/7731 [05:07<07:18, 11.05it/s]
[1A 37%|███▋      | 2889/7731 [05:07<07:09, 11.27it/s]
[1A 37%|███▋      | 2891/7731 [05:08<07:03, 11.43it/s]
[1A 37%|███▋      | 2893/7731 [05:08<07:20, 10.97it/s]
[1A 37%|███▋      | 2895/7731 [05:08<07:14, 11.12it/s]
[1A 37%|███▋      | 2897/7731 [05:08<08:28,  9.51it/s]
[1A 37%|███▋      | 2899/7731 [05:08<07:59, 10.08it/s]
[1A                                                   
{'loss': 0.1648, 'grad_norm': 33.43085479736328, 'learning_rate': 1.3298472547130868e-05, 'epoch': 1.13}
[1A
[1A 38%|███▊      | 2900/7731 [05:08<07:59, 10.08it/s]
[1A 38%|███▊      | 2901/7731 [05:08<07:40, 10.48it/s]
[1A 38%|███▊      | 2903/7731 [05:09<07:27, 10.80it/s]
[1A 38%|███▊      | 2905/7731 [05:09<07:15, 11.08it/s]
[1A 38%|███▊      | 2907/7731 [05:09<07:09, 11.23it/s]
[1A 38%|███▊      | 2909/7731 [05:09<07:05, 11.34it/s]
[1A 38%|███▊      | 2911/7731 [05:09<07:01, 11.42it/s]
[1A 38%|███▊      | 2913/7731 [05:10<06:58, 11.50it/s]
[1A 38%|███▊      | 2915/7731 [05:10<06:57, 11.52it/s]
[1A 38%|███▊      | 2917/7731 [05:10<06:57, 11.53it/s]
[1A 38%|███▊      | 2919/7731 [05:10<07:19, 10.95it/s]
[1A 38%|███▊      | 2921/7731 [05:10<07:38, 10.49it/s]
[1A 38%|███▊      | 2923/7731 [05:10<07:25, 10.80it/s]
[1A 38%|███▊      | 2925/7731 [05:11<07:21, 10.88it/s]
[1A 38%|███▊      | 2927/7731 [05:11<07:15, 11.03it/s]
[1A 38%|███▊      | 2929/7731 [05:11<07:08, 11.20it/s]
[1A 38%|███▊      | 2931/7731 [05:11<07:05, 11.27it/s]
[1A 38%|███▊      | 2933/7731 [05:11<07:09, 11.18it/s]
[1A 38%|███▊      | 2935/7731 [05:12<07:36, 10.50it/s]
[1A 38%|███▊      | 2937/7731 [05:12<07:22, 10.84it/s]
[1A 38%|███▊      | 2939/7731 [05:12<07:13, 11.06it/s]
[1A 38%|███▊      | 2941/7731 [05:12<07:06, 11.24it/s]
[1A 38%|███▊      | 2943/7731 [05:12<06:59, 11.41it/s]
[1A 38%|███▊      | 2945/7731 [05:12<06:56, 11.49it/s]
[1A 38%|███▊      | 2947/7731 [05:13<06:58, 11.44it/s]
[1A 38%|███▊      | 2949/7731 [05:13<06:54, 11.54it/s]
[1A                                                   
{'loss': 0.2241, 'grad_norm': 16.92401123046875, 'learning_rate': 1.3160864180542179e-05, 'epoch': 1.14}
[1A
[1A 38%|███▊      | 2950/7731 [05:13<06:54, 11.54it/s]
[1A 38%|███▊      | 2951/7731 [05:13<06:57, 11.46it/s]
[1A 38%|███▊      | 2953/7731 [05:13<07:15, 10.97it/s]
[1A 38%|███▊      | 2955/7731 [05:13<07:08, 11.14it/s]
[1A 38%|███▊      | 2957/7731 [05:13<07:02, 11.30it/s]
[1A 38%|███▊      | 2959/7731 [05:14<07:01, 11.33it/s]
[1A 38%|███▊      | 2961/7731 [05:14<06:57, 11.43it/s]
[1A 38%|███▊      | 2963/7731 [05:14<06:56, 11.45it/s]
[1A 38%|███▊      | 2965/7731 [05:14<06:55, 11.47it/s]
[1A 38%|███▊      | 2967/7731 [05:14<06:52, 11.55it/s]
[1A 38%|███▊      | 2969/7731 [05:15<06:58, 11.38it/s]
[1A 38%|███▊      | 2971/7731 [05:15<07:32, 10.52it/s]
[1A 38%|███▊      | 2973/7731 [05:15<07:26, 10.65it/s]
[1A 38%|███▊      | 2975/7731 [05:15<07:26, 10.65it/s]
[1A 39%|███▊      | 2977/7731 [05:15<07:15, 10.92it/s]
[1A 39%|███▊      | 2979/7731 [05:15<07:07, 11.12it/s]
[1A 39%|███▊      | 2981/7731 [05:16<07:01, 11.26it/s]
[1A 39%|███▊      | 2983/7731 [05:16<07:16, 10.87it/s]
[1A 39%|███▊      | 2985/7731 [05:16<07:07, 11.10it/s]
[1A 39%|███▊      | 2987/7731 [05:16<07:05, 11.16it/s]
[1A 39%|███▊      | 2989/7731 [05:16<06:57, 11.36it/s]
[1A 39%|███▊      | 2991/7731 [05:17<06:54, 11.43it/s]
[1A 39%|███▊      | 2993/7731 [05:17<06:52, 11.49it/s]
[1A 39%|███▊      | 2995/7731 [05:17<06:48, 11.58it/s]
[1A 39%|███▉      | 2997/7731 [05:17<06:49, 11.57it/s]
[1A 39%|███▉      | 2999/7731 [05:17<06:49, 11.55it/s]                         
{'loss': 0.2031, 'grad_norm': 7.043374538421631, 'learning_rate': 1.302325581395349e-05, 'epoch': 1.16}
[1A
[1A 39%|███▉      | 3000/7731 [05:17<06:49, 11.55it/s]
[1A 39%|███▉      | 3001/7731 [05:17<06:48, 11.59it/s]
[1A 39%|███▉      | 3003/7731 [05:18<07:11, 10.96it/s]
[1A 39%|███▉      | 3005/7731 [05:18<07:30, 10.49it/s]
[1A 39%|███▉      | 3007/7731 [05:18<07:21, 10.71it/s]
[1A 39%|███▉      | 3009/7731 [05:18<07:12, 10.91it/s]
[1A 39%|███▉      | 3011/7731 [05:18<07:04, 11.11it/s]
[1A 39%|███▉      | 3013/7731 [05:19<06:58, 11.26it/s]
[1A 39%|███▉      | 3015/7731 [05:19<06:54, 11.37it/s]
[1A 39%|███▉      | 3017/7731 [05:19<06:51, 11.45it/s]
[1A 39%|███▉      | 3019/7731 [05:19<06:51, 11.45it/s]
[1A 39%|███▉      | 3021/7731 [05:19<06:50, 11.48it/s]
[1A 39%|███▉      | 3023/7731 [05:19<06:55, 11.33it/s]
[1A 39%|███▉      | 3025/7731 [05:20<06:53, 11.37it/s]
[1A 39%|███▉      | 3027/7731 [05:20<07:14, 10.83it/s]
[1A 39%|███▉      | 3029/7731 [05:20<07:06, 11.02it/s]
[1A 39%|███▉      | 3031/7731 [05:20<06:59, 11.20it/s]
[1A 39%|███▉      | 3033/7731 [05:20<06:59, 11.21it/s]
[1A 39%|███▉      | 3035/7731 [05:20<07:19, 10.69it/s]
[1A 39%|███▉      | 3037/7731 [05:21<07:07, 10.97it/s]
[1A 39%|███▉      | 3039/7731 [05:21<06:59, 11.18it/s]
[1A 39%|███▉      | 3041/7731 [05:21<06:56, 11.27it/s]
[1A 39%|███▉      | 3043/7731 [05:21<07:13, 10.81it/s]
[1A 39%|███▉      | 3045/7731 [05:21<07:02, 11.08it/s]
[1A 39%|███▉      | 3047/7731 [05:22<06:57, 11.23it/s]
[1A 39%|███▉      | 3049/7731 [05:22<07:19, 10.65it/s]
[1A                                                   
{'loss': 0.1986, 'grad_norm': 11.208118438720703, 'learning_rate': 1.2885647447364802e-05, 'epoch': 1.18}
[1A
[1A 39%|███▉      | 3050/7731 [05:22<07:19, 10.65it/s]
[1A 39%|███▉      | 3051/7731 [05:22<07:10, 10.88it/s]
[1A 39%|███▉      | 3053/7731 [05:22<07:00, 11.13it/s]
[1A 40%|███▉      | 3055/7731 [05:22<06:54, 11.28it/s]
[1A 40%|███▉      | 3057/7731 [05:22<06:49, 11.41it/s]
[1A 40%|███▉      | 3059/7731 [05:23<06:46, 11.49it/s]
[1A 40%|███▉      | 3061/7731 [05:23<07:04, 11.01it/s]
[1A 40%|███▉      | 3063/7731 [05:23<07:00, 11.11it/s]
[1A 40%|███▉      | 3065/7731 [05:23<07:15, 10.72it/s]
[1A 40%|███▉      | 3067/7731 [05:23<07:05, 10.97it/s]
[1A 40%|███▉      | 3069/7731 [05:24<06:57, 11.16it/s]
[1A 40%|███▉      | 3071/7731 [05:24<06:52, 11.29it/s]
[1A 40%|███▉      | 3073/7731 [05:24<06:49, 11.38it/s]
[1A 40%|███▉      | 3075/7731 [05:24<06:56, 11.18it/s]
[1A 40%|███▉      | 3077/7731 [05:24<06:50, 11.35it/s]
[1A 40%|███▉      | 3079/7731 [05:24<06:47, 11.41it/s]
[1A 40%|███▉      | 3081/7731 [05:25<06:47, 11.40it/s]
[1A 40%|███▉      | 3083/7731 [05:25<07:06, 10.90it/s]
[1A 40%|███▉      | 3085/7731 [05:25<06:59, 11.08it/s]
[1A 40%|███▉      | 3087/7731 [05:25<06:56, 11.15it/s]
[1A 40%|███▉      | 3089/7731 [05:25<06:51, 11.28it/s]
[1A 40%|███▉      | 3091/7731 [05:25<06:45, 11.43it/s]
[1A 40%|████      | 3093/7731 [05:26<06:43, 11.49it/s]
[1A 40%|████      | 3095/7731 [05:26<07:05, 10.89it/s]
[1A 40%|████      | 3097/7731 [05:26<07:18, 10.57it/s]
[1A 40%|████      | 3099/7731 [05:26<07:04, 10.92it/s]
[1A                                                   
{'loss': 0.1748, 'grad_norm': 21.393781661987305, 'learning_rate': 1.2748039080776112e-05, 'epoch': 1.2}
[1A
[1A 40%|████      | 3100/7731 [05:26<07:04, 10.92it/s]
[1A 40%|████      | 3101/7731 [05:26<06:56, 11.12it/s]
[1A 40%|████      | 3103/7731 [05:27<06:51, 11.26it/s]
[1A 40%|████      | 3105/7731 [05:27<06:45, 11.41it/s]
[1A 40%|████      | 3107/7731 [05:27<06:41, 11.52it/s]
[1A 40%|████      | 3109/7731 [05:27<06:41, 11.51it/s]
[1A 40%|████      | 3111/7731 [05:27<06:41, 11.51it/s]
[1A 40%|████      | 3113/7731 [05:27<06:40, 11.53it/s]
[1A 40%|████      | 3115/7731 [05:28<06:42, 11.48it/s]
[1A 40%|████      | 3117/7731 [05:28<06:39, 11.55it/s]
[1A 40%|████      | 3119/7731 [05:28<06:39, 11.55it/s]
[1A 40%|████      | 3121/7731 [05:28<07:02, 10.91it/s]
[1A 40%|████      | 3123/7731 [05:28<07:05, 10.83it/s]
[1A 40%|████      | 3125/7731 [05:29<07:30, 10.23it/s]
[1A 40%|████      | 3127/7731 [05:29<07:13, 10.63it/s]
[1A 40%|████      | 3129/7731 [05:29<07:01, 10.91it/s]
[1A 40%|████      | 3131/7731 [05:29<06:54, 11.09it/s]
[1A 41%|████      | 3133/7731 [05:29<06:47, 11.27it/s]
[1A 41%|████      | 3135/7731 [05:29<06:44, 11.37it/s]
[1A 41%|████      | 3137/7731 [05:30<06:41, 11.45it/s]
[1A 41%|████      | 3139/7731 [05:30<06:40, 11.47it/s]
[1A 41%|████      | 3141/7731 [05:30<06:46, 11.29it/s]
[1A 41%|████      | 3143/7731 [05:30<06:42, 11.39it/s]
[1A 41%|████      | 3145/7731 [05:30<06:47, 11.25it/s]
[1A 41%|████      | 3147/7731 [05:30<06:48, 11.22it/s]
[1A 41%|████      | 3149/7731 [05:31<06:51, 11.12it/s]
[1A                                                   
{'loss': 0.2516, 'grad_norm': 12.288894653320312, 'learning_rate': 1.2610430714187423e-05, 'epoch': 1.22}
[1A
[1A 41%|████      | 3150/7731 [05:31<06:51, 11.12it/s]
[1A 41%|████      | 3151/7731 [05:31<06:58, 10.95it/s]
[1A 41%|████      | 3153/7731 [05:31<07:15, 10.50it/s]
[1A 41%|████      | 3155/7731 [05:31<07:07, 10.69it/s]
[1A 41%|████      | 3157/7731 [05:31<07:00, 10.88it/s]
[1A 41%|████      | 3159/7731 [05:32<07:14, 10.53it/s]
[1A 41%|████      | 3161/7731 [05:32<07:04, 10.75it/s]
[1A 41%|████      | 3163/7731 [05:32<07:27, 10.20it/s]
[1A 41%|████      | 3165/7731 [05:32<07:12, 10.56it/s]
[1A 41%|████      | 3167/7731 [05:32<07:24, 10.27it/s]
[1A 41%|████      | 3169/7731 [05:33<07:14, 10.50it/s]
[1A 41%|████      | 3171/7731 [05:33<07:23, 10.29it/s]
[1A 41%|████      | 3173/7731 [05:33<07:14, 10.49it/s]
[1A 41%|████      | 3175/7731 [05:33<07:32, 10.07it/s]
[1A 41%|████      | 3177/7731 [05:33<07:31, 10.09it/s]
[1A 41%|████      | 3179/7731 [05:34<07:13, 10.50it/s]
[1A 41%|████      | 3181/7731 [05:34<07:00, 10.83it/s]
[1A 41%|████      | 3183/7731 [05:34<06:55, 10.94it/s]
[1A 41%|████      | 3185/7731 [05:34<06:46, 11.19it/s]
[1A 41%|████      | 3187/7731 [05:34<06:39, 11.36it/s]
[1A 41%|████      | 3189/7731 [05:34<06:37, 11.42it/s]
[1A 41%|████▏     | 3191/7731 [05:35<06:34, 11.52it/s]
[1A 41%|████▏     | 3193/7731 [05:35<06:32, 11.56it/s]
[1A 41%|████▏     | 3195/7731 [05:35<06:32, 11.56it/s]
[1A 41%|████▏     | 3197/7731 [05:35<06:32, 11.56it/s]
[1A 41%|████▏     | 3199/7731 [05:35<06:31, 11.59it/s]                         
{'loss': 0.1855, 'grad_norm': 2.5227649211883545, 'learning_rate': 1.2472822347598734e-05, 'epoch': 1.24}
[1A
[1A 41%|████▏     | 3200/7731 [05:35<06:31, 11.59it/s]
[1A 41%|████▏     | 3201/7731 [05:35<06:32, 11.55it/s]
[1A 41%|████▏     | 3203/7731 [05:36<06:49, 11.07it/s]
[1A 41%|████▏     | 3205/7731 [05:36<06:42, 11.24it/s]
[1A 41%|████▏     | 3207/7731 [05:36<06:38, 11.36it/s]
[1A 42%|████▏     | 3209/7731 [05:36<06:34, 11.46it/s]
[1A 42%|████▏     | 3211/7731 [05:36<06:54, 10.91it/s]
[1A 42%|████▏     | 3213/7731 [05:37<06:47, 11.08it/s]
[1A 42%|████▏     | 3215/7731 [05:37<06:40, 11.28it/s]
[1A 42%|████▏     | 3217/7731 [05:37<06:36, 11.37it/s]
[1A 42%|████▏     | 3219/7731 [05:37<06:55, 10.86it/s]
[1A 42%|████▏     | 3221/7731 [05:37<06:48, 11.03it/s]
[1A 42%|████▏     | 3223/7731 [05:37<06:42, 11.21it/s]
[1A 42%|████▏     | 3225/7731 [05:38<06:39, 11.27it/s]
[1A 42%|████▏     | 3227/7731 [05:38<06:34, 11.41it/s]
[1A 42%|████▏     | 3229/7731 [05:38<06:38, 11.30it/s]
[1A 42%|████▏     | 3231/7731 [05:38<06:36, 11.36it/s]
[1A 42%|████▏     | 3233/7731 [05:38<06:32, 11.46it/s]
[1A 42%|████▏     | 3235/7731 [05:38<06:30, 11.50it/s]
[1A 42%|████▏     | 3237/7731 [05:39<06:28, 11.58it/s]
[1A 42%|████▏     | 3239/7731 [05:39<06:26, 11.63it/s]
[1A 42%|████▏     | 3241/7731 [05:39<06:25, 11.65it/s]
[1A 42%|████▏     | 3243/7731 [05:39<06:24, 11.67it/s]
[1A 42%|████▏     | 3245/7731 [05:39<06:22, 11.73it/s]
[1A 42%|████▏     | 3247/7731 [05:40<06:40, 11.19it/s]
[1A 42%|████▏     | 3249/7731 [05:40<06:47, 10.99it/s]
[1A                                                   
{'loss': 0.1759, 'grad_norm': 9.631244659423828, 'learning_rate': 1.2335213981010047e-05, 'epoch': 1.26}
[1A
[1A 42%|████▏     | 3250/7731 [05:40<06:47, 10.99it/s]
[1A 42%|████▏     | 3251/7731 [05:40<06:57, 10.72it/s]
[1A 42%|████▏     | 3253/7731 [05:40<06:46, 11.01it/s]
[1A 42%|████▏     | 3255/7731 [05:40<06:38, 11.22it/s]
[1A 42%|████▏     | 3257/7731 [05:40<06:52, 10.86it/s]
[1A 42%|████▏     | 3259/7731 [05:41<06:44, 11.07it/s]
[1A 42%|████▏     | 3261/7731 [05:41<06:45, 11.02it/s]
[1A 42%|████▏     | 3263/7731 [05:41<06:44, 11.04it/s]
[1A 42%|████▏     | 3265/7731 [05:41<07:31,  9.90it/s]
[1A 42%|████▏     | 3267/7731 [05:41<07:43,  9.64it/s]
[1A 42%|████▏     | 3268/7731 [05:42<07:54,  9.41it/s]
[1A 42%|████▏     | 3269/7731 [05:42<08:05,  9.19it/s]
[1A 42%|████▏     | 3270/7731 [05:42<08:11,  9.07it/s]
[1A 42%|████▏     | 3271/7731 [05:42<09:07,  8.15it/s]
[1A 42%|████▏     | 3272/7731 [05:42<09:41,  7.67it/s]
[1A 42%|████▏     | 3273/7731 [05:42<09:18,  7.99it/s]
[1A 42%|████▏     | 3274/7731 [05:42<09:24,  7.90it/s]
[1A 42%|████▏     | 3275/7731 [05:43<11:00,  6.74it/s]
[1A 42%|████▏     | 3276/7731 [05:43<11:06,  6.68it/s]
[1A 42%|████▏     | 3277/7731 [05:43<11:11,  6.63it/s]
[1A 42%|████▏     | 3278/7731 [05:43<11:05,  6.69it/s]
[1A 42%|████▏     | 3279/7731 [05:43<11:15,  6.59it/s]
[1A 42%|████▏     | 3280/7731 [05:43<10:25,  7.11it/s]
[1A 42%|████▏     | 3281/7731 [05:43<09:53,  7.50it/s]
[1A 42%|████▏     | 3282/7731 [05:44<09:38,  7.69it/s]
[1A 42%|████▏     | 3283/7731 [05:44<09:54,  7.48it/s]
[1A 42%|████▏     | 3284/7731 [05:44<09:22,  7.90it/s]
[1A 42%|████▏     | 3285/7731 [05:44<09:19,  7.94it/s]
[1A 43%|████▎     | 3286/7731 [05:44<14:25,  5.14it/s]
[1A 43%|████▎     | 3287/7731 [05:44<14:13,  5.21it/s]
[1A 43%|████▎     | 3288/7731 [05:45<12:51,  5.76it/s]
[1A 43%|████▎     | 3289/7731 [05:45<11:35,  6.39it/s]
[1A 43%|████▎     | 3290/7731 [05:45<10:21,  7.15it/s]
[1A 43%|████▎     | 3291/7731 [05:45<09:35,  7.71it/s]
[1A 43%|████▎     | 3292/7731 [05:45<09:09,  8.08it/s]
[1A 43%|████▎     | 3294/7731 [05:45<08:01,  9.22it/s]
[1A 43%|████▎     | 3295/7731 [05:45<08:23,  8.81it/s]
[1A 43%|████▎     | 3297/7731 [05:46<07:51,  9.40it/s]
[1A 43%|████▎     | 3299/7731 [05:46<07:24,  9.96it/s]
[1A                                                   
{'loss': 0.2181, 'grad_norm': 6.226551532745361, 'learning_rate': 1.2200357781753131e-05, 'epoch': 1.28}
[1A
[1A 43%|████▎     | 3300/7731 [05:46<07:24,  9.96it/s]
[1A 43%|████▎     | 3301/7731 [05:46<07:11, 10.28it/s]
[1A 43%|████▎     | 3303/7731 [05:46<07:02, 10.47it/s]
[1A 43%|████▎     | 3305/7731 [05:46<06:55, 10.65it/s]
[1A 43%|████▎     | 3307/7731 [05:46<06:58, 10.57it/s]
[1A 43%|████▎     | 3309/7731 [05:47<06:50, 10.77it/s]
[1A 43%|████▎     | 3311/7731 [05:47<06:44, 10.92it/s]
[1A 43%|████▎     | 3313/7731 [05:47<06:50, 10.76it/s]
[1A 43%|████▎     | 3315/7731 [05:47<06:43, 10.93it/s]
[1A 43%|████▎     | 3317/7731 [05:47<06:40, 11.03it/s]
[1A 43%|████▎     | 3319/7731 [05:48<06:37, 11.09it/s]
[1A 43%|████▎     | 3321/7731 [05:48<06:34, 11.19it/s]
[1A 43%|████▎     | 3323/7731 [05:48<06:33, 11.21it/s]
[1A 43%|████▎     | 3325/7731 [05:48<06:33, 11.21it/s]
[1A 43%|████▎     | 3327/7731 [05:48<06:32, 11.23it/s]
[1A 43%|████▎     | 3329/7731 [05:48<06:34, 11.16it/s]
[1A 43%|████▎     | 3331/7731 [05:49<06:38, 11.05it/s]
[1A 43%|████▎     | 3333/7731 [05:49<06:35, 11.12it/s]
[1A 43%|████▎     | 3335/7731 [05:49<06:34, 11.14it/s]
[1A 43%|████▎     | 3337/7731 [05:49<06:32, 11.20it/s]
[1A 43%|████▎     | 3339/7731 [05:49<06:33, 11.16it/s]
[1A 43%|████▎     | 3341/7731 [05:50<07:02, 10.40it/s]
[1A 43%|████▎     | 3343/7731 [05:50<06:52, 10.63it/s]
[1A 43%|████▎     | 3345/7731 [05:50<06:44, 10.84it/s]
[1A 43%|████▎     | 3347/7731 [05:50<06:55, 10.54it/s]
[1A 43%|████▎     | 3349/7731 [05:50<06:47, 10.74it/s]
[1A                                                   
{'loss': 0.1953, 'grad_norm': 4.7156877517700195, 'learning_rate': 1.2062749415164444e-05, 'epoch': 1.3}
[1A
[1A 43%|████▎     | 3350/7731 [05:50<06:47, 10.74it/s]
[1A 43%|████▎     | 3351/7731 [05:50<07:00, 10.41it/s]
[1A 43%|████▎     | 3353/7731 [05:51<06:48, 10.72it/s]
[1A 43%|████▎     | 3355/7731 [05:51<06:40, 10.93it/s]
[1A 43%|████▎     | 3357/7731 [05:51<06:57, 10.48it/s]
[1A 43%|████▎     | 3359/7731 [05:51<07:25,  9.82it/s]
[1A 43%|████▎     | 3361/7731 [05:51<07:10, 10.14it/s]
[1A 44%|████▎     | 3363/7731 [05:52<07:07, 10.21it/s]
[1A 44%|████▎     | 3365/7731 [05:52<06:57, 10.45it/s]
[1A 44%|████▎     | 3367/7731 [05:52<06:54, 10.54it/s]
[1A 44%|████▎     | 3369/7731 [05:52<06:51, 10.59it/s]
[1A 44%|████▎     | 3371/7731 [05:52<06:48, 10.67it/s]
[1A 44%|████▎     | 3373/7731 [05:53<06:46, 10.71it/s]
[1A 44%|████▎     | 3375/7731 [05:53<06:54, 10.50it/s]
[1A 44%|████▎     | 3377/7731 [05:53<06:51, 10.59it/s]
[1A 44%|████▎     | 3379/7731 [05:53<06:50, 10.61it/s]
[1A 44%|████▎     | 3381/7731 [05:53<06:50, 10.59it/s]
[1A 44%|████▍     | 3383/7731 [05:54<06:49, 10.63it/s]
[1A 44%|████▍     | 3385/7731 [05:54<06:49, 10.61it/s]
[1A 44%|████▍     | 3387/7731 [05:54<06:53, 10.50it/s]
[1A 44%|████▍     | 3389/7731 [05:54<06:47, 10.66it/s]
[1A 44%|████▍     | 3391/7731 [05:54<06:41, 10.82it/s]
[1A 44%|████▍     | 3393/7731 [05:54<06:38, 10.87it/s]
[1A 44%|████▍     | 3395/7731 [05:55<06:38, 10.87it/s]
[1A 44%|████▍     | 3397/7731 [05:55<06:36, 10.92it/s]
[1A 44%|████▍     | 3399/7731 [05:55<06:34, 10.97it/s]
[1A                                                   
{'loss': 0.2021, 'grad_norm': 4.0671586990356445, 'learning_rate': 1.1925141048575755e-05, 'epoch': 1.32}
[1A
[1A 44%|████▍     | 3400/7731 [05:55<06:34, 10.97it/s]
[1A 44%|████▍     | 3401/7731 [05:55<06:35, 10.96it/s]
[1A 44%|████▍     | 3403/7731 [05:55<06:31, 11.06it/s]
[1A 44%|████▍     | 3405/7731 [05:56<06:30, 11.09it/s]
[1A 44%|████▍     | 3407/7731 [05:56<06:34, 10.97it/s]
[1A 44%|████▍     | 3409/7731 [05:56<06:55, 10.40it/s]
[1A 44%|████▍     | 3411/7731 [05:56<07:06, 10.12it/s]
[1A 44%|████▍     | 3413/7731 [05:56<06:55, 10.39it/s]
[1A 44%|████▍     | 3415/7731 [05:57<06:52, 10.46it/s]
[1A 44%|████▍     | 3417/7731 [05:57<06:48, 10.55it/s]
[1A 44%|████▍     | 3419/7731 [05:57<06:47, 10.57it/s]
[1A 44%|████▍     | 3421/7731 [05:57<06:48, 10.56it/s]
[1A 44%|████▍     | 3423/7731 [05:57<06:46, 10.60it/s]
[1A 44%|████▍     | 3425/7731 [05:57<06:55, 10.37it/s]
[1A 44%|████▍     | 3427/7731 [05:58<06:53, 10.40it/s]
[1A 44%|████▍     | 3429/7731 [05:58<06:49, 10.49it/s]
[1A 44%|████▍     | 3431/7731 [05:58<06:47, 10.56it/s]
[1A 44%|████▍     | 3433/7731 [05:58<06:44, 10.63it/s]
[1A 44%|████▍     | 3435/7731 [05:58<06:48, 10.51it/s]
[1A 44%|████▍     | 3437/7731 [05:59<06:45, 10.60it/s]
[1A 44%|████▍     | 3439/7731 [05:59<06:44, 10.61it/s]
[1A 45%|████▍     | 3441/7731 [05:59<06:49, 10.49it/s]
[1A 45%|████▍     | 3443/7731 [05:59<06:58, 10.24it/s]
[1A 45%|████▍     | 3445/7731 [05:59<06:51, 10.41it/s]
[1A 45%|████▍     | 3447/7731 [06:00<06:46, 10.54it/s]
[1A 45%|████▍     | 3449/7731 [06:00<06:57, 10.27it/s]
[1A                                                   
{'loss': 0.1892, 'grad_norm': 6.100582599639893, 'learning_rate': 1.1787532681987066e-05, 'epoch': 1.34}
[1A
[1A 45%|████▍     | 3450/7731 [06:00<06:56, 10.27it/s]
[1A 45%|████▍     | 3451/7731 [06:00<06:53, 10.35it/s]
[1A 45%|████▍     | 3453/7731 [06:00<06:49, 10.44it/s]
[1A 45%|████▍     | 3455/7731 [06:00<07:01, 10.14it/s]
[1A 45%|████▍     | 3457/7731 [06:01<06:52, 10.37it/s]
[1A 45%|████▍     | 3459/7731 [06:01<06:46, 10.50it/s]
[1A 45%|████▍     | 3461/7731 [06:01<06:46, 10.51it/s]
[1A 45%|████▍     | 3463/7731 [06:01<06:40, 10.65it/s]
[1A 45%|████▍     | 3465/7731 [06:01<06:38, 10.70it/s]
[1A 45%|████▍     | 3467/7731 [06:01<06:47, 10.47it/s]
[1A 45%|████▍     | 3469/7731 [06:02<07:01, 10.10it/s]
[1A 45%|████▍     | 3471/7731 [06:02<06:59, 10.16it/s]
[1A 45%|████▍     | 3473/7731 [06:02<07:12,  9.84it/s]
[1A 45%|████▍     | 3475/7731 [06:02<07:00, 10.12it/s]
[1A 45%|████▍     | 3477/7731 [06:02<06:48, 10.42it/s]
[1A 45%|████▌     | 3479/7731 [06:03<06:35, 10.76it/s]
[1A 45%|████▌     | 3481/7731 [06:03<06:27, 10.97it/s]
[1A 45%|████▌     | 3483/7731 [06:03<06:22, 11.12it/s]
[1A 45%|████▌     | 3485/7731 [06:03<06:30, 10.88it/s]
[1A 45%|████▌     | 3487/7731 [06:03<06:25, 11.02it/s]
[1A 45%|████▌     | 3489/7731 [06:04<06:25, 11.02it/s]
[1A 45%|████▌     | 3491/7731 [06:04<06:22, 11.10it/s]
[1A 45%|████▌     | 3493/7731 [06:04<06:17, 11.22it/s]
[1A 45%|████▌     | 3495/7731 [06:04<06:13, 11.33it/s]
[1A 45%|████▌     | 3497/7731 [06:04<06:13, 11.33it/s]
[1A 45%|████▌     | 3499/7731 [06:04<06:31, 10.81it/s]
[1A                                                   
{'loss': 0.2023, 'grad_norm': 1.4936274290084839, 'learning_rate': 1.1649924315398378e-05, 'epoch': 1.36}
[1A
[1A 45%|████▌     | 3500/7731 [06:05<06:31, 10.81it/s]
[1A 45%|████▌     | 3501/7731 [06:05<06:25, 10.98it/s]
[1A 45%|████▌     | 3503/7731 [06:05<06:19, 11.15it/s]
[1A 45%|████▌     | 3505/7731 [06:05<06:14, 11.30it/s]
[1A 45%|████▌     | 3507/7731 [06:05<06:13, 11.30it/s]
[1A 45%|████▌     | 3509/7731 [06:05<06:11, 11.38it/s]
[1A 45%|████▌     | 3511/7731 [06:05<06:08, 11.45it/s]
[1A 45%|████▌     | 3513/7731 [06:06<06:10, 11.37it/s]
[1A 45%|████▌     | 3515/7731 [06:06<06:13, 11.30it/s]
[1A 45%|████▌     | 3517/7731 [06:06<06:34, 10.67it/s]
[1A 46%|████▌     | 3519/7731 [06:06<06:38, 10.56it/s]
[1A 46%|████▌     | 3521/7731 [06:06<06:41, 10.48it/s]
[1A 46%|████▌     | 3523/7731 [06:07<06:46, 10.36it/s]
[1A 46%|████▌     | 3525/7731 [06:07<06:57, 10.08it/s]
[1A 46%|████▌     | 3527/7731 [06:07<07:00, 10.00it/s]
[1A 46%|████▌     | 3529/7731 [06:07<07:06,  9.86it/s]
[1A 46%|████▌     | 3530/7731 [06:07<07:05,  9.88it/s]
[1A 46%|████▌     | 3532/7731 [06:08<06:57, 10.06it/s]
[1A 46%|████▌     | 3534/7731 [06:08<07:02,  9.94it/s]
[1A 46%|████▌     | 3535/7731 [06:08<07:13,  9.67it/s]
[1A 46%|████▌     | 3536/7731 [06:08<07:13,  9.68it/s]
[1A 46%|████▌     | 3537/7731 [06:08<07:16,  9.61it/s]
[1A 46%|████▌     | 3539/7731 [06:08<07:11,  9.72it/s]
[1A 46%|████▌     | 3541/7731 [06:08<06:59,  9.98it/s]
[1A 46%|████▌     | 3543/7731 [06:09<06:53, 10.12it/s]
[1A 46%|████▌     | 3545/7731 [06:09<07:05,  9.84it/s]
[1A 46%|████▌     | 3546/7731 [06:09<07:11,  9.70it/s]
[1A 46%|████▌     | 3547/7731 [06:09<07:10,  9.71it/s]
[1A 46%|████▌     | 3548/7731 [06:09<07:11,  9.70it/s]
[1A 46%|████▌     | 3549/7731 [06:09<07:16,  9.57it/s]
[1A 46%|████▌     | 3550/7731 [06:09<07:40,  9.08it/s]
[1A                                                   
{'loss': 0.2035, 'grad_norm': 12.0523681640625, 'learning_rate': 1.151231594880969e-05, 'epoch': 1.38}
[1A
[1A 46%|████▌     | 3550/7731 [06:09<07:40,  9.08it/s]
[1A 46%|████▌     | 3552/7731 [06:10<07:18,  9.52it/s]
[1A 46%|████▌     | 3554/7731 [06:10<07:00,  9.94it/s]
[1A 46%|████▌     | 3555/7731 [06:10<07:06,  9.80it/s]
[1A 46%|████▌     | 3556/7731 [06:10<07:07,  9.77it/s]
[1A 46%|████▌     | 3557/7731 [06:10<07:07,  9.77it/s]
[1A 46%|████▌     | 3558/7731 [06:10<07:23,  9.41it/s]
[1A 46%|████▌     | 3560/7731 [06:10<07:04,  9.82it/s]
[1A 46%|████▌     | 3561/7731 [06:11<07:06,  9.78it/s]
[1A 46%|████▌     | 3563/7731 [06:11<07:18,  9.51it/s]
[1A 46%|████▌     | 3565/7731 [06:11<07:06,  9.76it/s]
[1A 46%|████▌     | 3566/7731 [06:11<07:11,  9.66it/s]
[1A 46%|████▌     | 3567/7731 [06:11<07:20,  9.46it/s]
[1A 46%|████▌     | 3568/7731 [06:11<07:30,  9.23it/s]
[1A 46%|████▌     | 3570/7731 [06:11<07:11,  9.65it/s]
[1A 46%|████▌     | 3572/7731 [06:12<07:08,  9.72it/s]
[1A 46%|████▌     | 3573/7731 [06:12<07:08,  9.71it/s]
[1A 46%|████▌     | 3574/7731 [06:12<07:05,  9.77it/s]
[1A 46%|████▋     | 3576/7731 [06:12<06:55, 10.00it/s]
[1A 46%|████▋     | 3577/7731 [06:12<07:03,  9.81it/s]
[1A 46%|████▋     | 3579/7731 [06:12<07:11,  9.62it/s]
[1A 46%|████▋     | 3581/7731 [06:13<07:16,  9.50it/s]
[1A 46%|████▋     | 3583/7731 [06:13<07:00,  9.86it/s]
[1A 46%|████▋     | 3585/7731 [06:13<06:52, 10.05it/s]
[1A 46%|████▋     | 3587/7731 [06:13<06:50, 10.11it/s]
[1A 46%|████▋     | 3589/7731 [06:13<06:53, 10.01it/s]
[1A 46%|████▋     | 3591/7731 [06:14<06:49, 10.11it/s]
[1A 46%|████▋     | 3593/7731 [06:14<06:45, 10.21it/s]
[1A 47%|████▋     | 3595/7731 [06:14<07:07,  9.68it/s]
[1A 47%|████▋     | 3596/7731 [06:14<07:11,  9.57it/s]
[1A 47%|████▋     | 3598/7731 [06:14<06:57,  9.91it/s]
[1A 47%|████▋     | 3599/7731 [06:14<06:57,  9.89it/s]
[1A                                                   
{'loss': 0.1978, 'grad_norm': 13.912662506103516, 'learning_rate': 1.1374707582221e-05, 'epoch': 1.4}
[1A
[1A 47%|████▋     | 3600/7731 [06:15<06:57,  9.89it/s]
[1A 47%|████▋     | 3601/7731 [06:15<06:56,  9.91it/s]
[1A 47%|████▋     | 3603/7731 [06:15<06:52, 10.00it/s]
[1A 47%|████▋     | 3604/7731 [06:15<06:54,  9.96it/s]
[1A 47%|████▋     | 3606/7731 [06:15<06:44, 10.20it/s]
[1A 47%|████▋     | 3608/7731 [06:15<06:40, 10.30it/s]
[1A 47%|████▋     | 3610/7731 [06:15<06:38, 10.34it/s]
[1A 47%|████▋     | 3612/7731 [06:16<06:41, 10.27it/s]
[1A 47%|████▋     | 3614/7731 [06:16<06:47, 10.11it/s]
[1A 47%|████▋     | 3616/7731 [06:16<06:44, 10.17it/s]
[1A 47%|████▋     | 3618/7731 [06:16<06:49, 10.05it/s]
[1A 47%|████▋     | 3620/7731 [06:17<07:11,  9.53it/s]
[1A 47%|████▋     | 3622/7731 [06:17<07:08,  9.58it/s]
[1A 47%|████▋     | 3623/7731 [06:17<07:06,  9.63it/s]
[1A 47%|████▋     | 3625/7731 [06:17<06:57,  9.83it/s]
[1A 47%|████▋     | 3626/7731 [06:17<07:01,  9.74it/s]
[1A 47%|████▋     | 3628/7731 [06:17<06:50, 10.00it/s]
[1A 47%|████▋     | 3630/7731 [06:18<06:42, 10.18it/s]
[1A 47%|████▋     | 3632/7731 [06:18<06:46, 10.08it/s]
[1A 47%|████▋     | 3634/7731 [06:18<07:03,  9.67it/s]
[1A 47%|████▋     | 3636/7731 [06:18<06:53,  9.91it/s]
[1A 47%|████▋     | 3638/7731 [06:18<06:46, 10.07it/s]
[1A 47%|████▋     | 3640/7731 [06:19<06:49,  9.98it/s]
[1A 47%|████▋     | 3641/7731 [06:19<06:56,  9.83it/s]
[1A 47%|████▋     | 3643/7731 [06:19<06:52,  9.91it/s]
[1A 47%|████▋     | 3645/7731 [06:19<06:45, 10.07it/s]
[1A 47%|████▋     | 3647/7731 [06:19<06:45, 10.06it/s]
[1A 47%|████▋     | 3649/7731 [06:19<06:47, 10.03it/s]
[1A                                                   
{'loss': 0.228, 'grad_norm': 18.011953353881836, 'learning_rate': 1.1237099215632312e-05, 'epoch': 1.42}
[1A
[1A 47%|████▋     | 3650/7731 [06:20<06:46, 10.03it/s]
[1A 47%|████▋     | 3651/7731 [06:20<06:58,  9.75it/s]
[1A 47%|████▋     | 3652/7731 [06:20<07:21,  9.23it/s]
[1A 47%|████▋     | 3654/7731 [06:20<07:05,  9.59it/s]
[1A 47%|████▋     | 3655/7731 [06:20<07:04,  9.61it/s]
[1A 47%|████▋     | 3656/7731 [06:20<07:09,  9.49it/s]
[1A 47%|████▋     | 3657/7731 [06:20<07:08,  9.51it/s]
[1A 47%|████▋     | 3659/7731 [06:20<06:57,  9.76it/s]
[1A 47%|████▋     | 3660/7731 [06:21<06:56,  9.76it/s]
[1A 47%|████▋     | 3661/7731 [06:21<06:55,  9.80it/s]
[1A 47%|████▋     | 3663/7731 [06:21<06:49,  9.94it/s]
[1A 47%|████▋     | 3664/7731 [06:21<06:49,  9.92it/s]
[1A 47%|████▋     | 3666/7731 [06:21<06:59,  9.69it/s]
[1A 47%|████▋     | 3668/7731 [06:21<06:50,  9.91it/s]
[1A 47%|████▋     | 3669/7731 [06:21<06:53,  9.83it/s]
[1A 47%|████▋     | 3671/7731 [06:22<06:48,  9.95it/s]
[1A 48%|████▊     | 3673/7731 [06:22<07:00,  9.66it/s]
[1A 48%|████▊     | 3675/7731 [06:22<06:50,  9.88it/s]
[1A 48%|████▊     | 3677/7731 [06:22<06:47,  9.94it/s]
[1A 48%|████▊     | 3678/7731 [06:22<06:55,  9.74it/s]
[1A 48%|████▊     | 3680/7731 [06:23<06:51,  9.84it/s]
[1A 48%|████▊     | 3682/7731 [06:23<06:50,  9.86it/s]
[1A 48%|████▊     | 3683/7731 [06:23<06:51,  9.83it/s]
[1A 48%|████▊     | 3685/7731 [06:23<06:56,  9.72it/s]
[1A 48%|████▊     | 3686/7731 [06:23<06:54,  9.77it/s]
[1A 48%|████▊     | 3688/7731 [06:23<06:49,  9.88it/s]
[1A 48%|████▊     | 3689/7731 [06:24<07:05,  9.50it/s]
[1A 48%|████▊     | 3690/7731 [06:24<07:02,  9.57it/s]
[1A 48%|████▊     | 3692/7731 [06:24<06:49,  9.87it/s]
[1A 48%|████▊     | 3693/7731 [06:24<06:57,  9.66it/s]
[1A 48%|████▊     | 3695/7731 [06:24<06:42, 10.03it/s]
[1A 48%|████▊     | 3697/7731 [06:24<06:44,  9.96it/s]
[1A 48%|████▊     | 3698/7731 [06:24<06:59,  9.60it/s]
[1A 48%|████▊     | 3700/7731 [06:25<06:50,  9.81it/s]
[1A                                                   
{'loss': 0.2087, 'grad_norm': 7.294457912445068, 'learning_rate': 1.1099490849043624e-05, 'epoch': 1.44}
[1A
[1A 48%|████▊     | 3700/7731 [06:25<06:50,  9.81it/s]
[1A 48%|████▊     | 3702/7731 [06:25<06:47,  9.89it/s]
[1A 48%|████▊     | 3704/7731 [06:25<06:47,  9.88it/s]
[1A 48%|████▊     | 3705/7731 [06:25<06:49,  9.83it/s]
[1A 48%|████▊     | 3706/7731 [06:25<06:59,  9.60it/s]
[1A 48%|████▊     | 3707/7731 [06:25<07:02,  9.52it/s]
[1A 48%|████▊     | 3709/7731 [06:26<06:45,  9.92it/s]
[1A 48%|████▊     | 3711/7731 [06:26<06:39, 10.07it/s]
[1A 48%|████▊     | 3712/7731 [06:26<06:59,  9.58it/s]
[1A 48%|████▊     | 3713/7731 [06:26<07:14,  9.26it/s]
[1A 48%|████▊     | 3714/7731 [06:26<07:09,  9.36it/s]
[1A 48%|████▊     | 3716/7731 [06:26<07:01,  9.52it/s]
[1A 48%|████▊     | 3718/7731 [06:27<06:47,  9.86it/s]
[1A 48%|████▊     | 3720/7731 [06:27<06:57,  9.61it/s]
[1A 48%|████▊     | 3722/7731 [06:27<06:49,  9.78it/s]
[1A 48%|████▊     | 3723/7731 [06:27<06:58,  9.57it/s]
[1A 48%|████▊     | 3724/7731 [06:27<06:55,  9.63it/s]
[1A 48%|████▊     | 3725/7731 [06:27<06:52,  9.70it/s]
[1A 48%|████▊     | 3727/7731 [06:27<06:40,  9.99it/s]
[1A 48%|████▊     | 3729/7731 [06:28<06:37, 10.06it/s]
[1A 48%|████▊     | 3731/7731 [06:28<06:38, 10.05it/s]
[1A 48%|████▊     | 3733/7731 [06:28<06:35, 10.12it/s]
[1A 48%|████▊     | 3735/7731 [06:28<06:36, 10.07it/s]
[1A 48%|████▊     | 3737/7731 [06:28<06:36, 10.07it/s]
[1A 48%|████▊     | 3739/7731 [06:29<06:39,  9.99it/s]
[1A 48%|████▊     | 3741/7731 [06:29<06:30, 10.21it/s]
[1A 48%|████▊     | 3743/7731 [06:29<06:29, 10.25it/s]
[1A 48%|████▊     | 3745/7731 [06:29<06:29, 10.24it/s]
[1A 48%|████▊     | 3747/7731 [06:29<06:37, 10.04it/s]
[1A 48%|████▊     | 3749/7731 [06:30<06:35, 10.07it/s]
[1A                                                   
{'loss': 0.1939, 'grad_norm': 7.876061916351318, 'learning_rate': 1.0961882482454935e-05, 'epoch': 1.46}
[1A
[1A 49%|████▊     | 3750/7731 [06:30<06:35, 10.07it/s]
[1A 49%|████▊     | 3751/7731 [06:30<06:51,  9.67it/s]
[1A 49%|████▊     | 3752/7731 [06:30<06:51,  9.67it/s]
[1A 49%|████▊     | 3753/7731 [06:30<06:52,  9.64it/s]
[1A 49%|████▊     | 3754/7731 [06:30<06:52,  9.64it/s]
[1A 49%|████▊     | 3755/7731 [06:30<06:52,  9.64it/s]
[1A 49%|████▊     | 3757/7731 [06:30<06:44,  9.82it/s]
[1A 49%|████▊     | 3759/7731 [06:31<06:46,  9.76it/s]
[1A 49%|████▊     | 3761/7731 [06:31<06:41,  9.89it/s]
[1A 49%|████▊     | 3763/7731 [06:31<06:36, 10.00it/s]
[1A 49%|████▊     | 3764/7731 [06:31<07:26,  8.89it/s]
[1A 49%|████▊     | 3766/7731 [06:31<07:03,  9.36it/s]
[1A 49%|████▊     | 3768/7731 [06:32<06:47,  9.72it/s]
[1A 49%|████▉     | 3769/7731 [06:32<06:49,  9.68it/s]
[1A 49%|████▉     | 3770/7731 [06:32<07:06,  9.30it/s]
[1A 49%|████▉     | 3771/7731 [06:32<07:19,  9.01it/s]
[1A 49%|████▉     | 3772/7731 [06:32<07:16,  9.07it/s]
[1A 49%|████▉     | 3774/7731 [06:32<07:16,  9.07it/s]
[1A 49%|████▉     | 3775/7731 [06:32<07:07,  9.26it/s]
[1A 49%|████▉     | 3777/7731 [06:33<07:34,  8.70it/s]
[1A 49%|████▉     | 3779/7731 [06:33<07:09,  9.20it/s]
[1A 49%|████▉     | 3781/7731 [06:33<07:00,  9.40it/s]
[1A 49%|████▉     | 3783/7731 [06:33<06:57,  9.46it/s]
[1A 49%|████▉     | 3785/7731 [06:33<06:45,  9.72it/s]
[1A 49%|████▉     | 3787/7731 [06:34<06:35,  9.97it/s]
[1A 49%|████▉     | 3789/7731 [06:34<06:37,  9.91it/s]
[1A 49%|████▉     | 3791/7731 [06:34<06:33, 10.01it/s]
[1A 49%|████▉     | 3793/7731 [06:34<06:52,  9.54it/s]
[1A 49%|████▉     | 3795/7731 [06:34<06:49,  9.61it/s]
[1A 49%|████▉     | 3797/7731 [06:35<06:39,  9.84it/s]
[1A 49%|████▉     | 3799/7731 [06:35<06:37,  9.89it/s]                         
{'loss': 0.202, 'grad_norm': 16.44257926940918, 'learning_rate': 1.0824274115866245e-05, 'epoch': 1.47}
[1A
[1A 49%|████▉     | 3800/7731 [06:35<06:37,  9.89it/s]
[1A 49%|████▉     | 3801/7731 [06:35<06:55,  9.46it/s]
[1A 49%|████▉     | 3802/7731 [06:35<06:52,  9.53it/s]
[1A 49%|████▉     | 3804/7731 [06:35<06:38,  9.84it/s]
[1A 49%|████▉     | 3806/7731 [06:36<06:32, 10.00it/s]
[1A 49%|████▉     | 3808/7731 [06:36<06:28, 10.11it/s]
[1A 49%|████▉     | 3810/7731 [06:36<06:50,  9.56it/s]
[1A 49%|████▉     | 3812/7731 [06:36<06:35,  9.90it/s]
[1A 49%|████▉     | 3813/7731 [06:36<06:37,  9.87it/s]
[1A 49%|████▉     | 3814/7731 [06:36<06:47,  9.61it/s]
[1A 49%|████▉     | 3815/7731 [06:37<06:50,  9.53it/s]
[1A 49%|████▉     | 3816/7731 [06:37<06:49,  9.57it/s]
[1A 49%|████▉     | 3818/7731 [06:37<06:37,  9.85it/s]
[1A 49%|████▉     | 3820/7731 [06:37<06:28, 10.07it/s]
[1A 49%|████▉     | 3822/7731 [06:37<06:30, 10.00it/s]
[1A 49%|████▉     | 3823/7731 [06:37<06:30, 10.00it/s]
[1A 49%|████▉     | 3825/7731 [06:37<06:20, 10.25it/s]
[1A 50%|████▉     | 3827/7731 [06:38<06:37,  9.82it/s]
[1A 50%|████▉     | 3828/7731 [06:38<06:36,  9.86it/s]
[1A 50%|████▉     | 3830/7731 [06:38<06:42,  9.70it/s]
[1A 50%|████▉     | 3832/7731 [06:38<06:30,  9.99it/s]
[1A 50%|████▉     | 3834/7731 [06:38<06:23, 10.16it/s]
[1A 50%|████▉     | 3836/7731 [06:39<06:25, 10.10it/s]
[1A 50%|████▉     | 3838/7731 [06:39<06:25, 10.09it/s]
[1A 50%|████▉     | 3840/7731 [06:39<06:57,  9.33it/s]
[1A 50%|████▉     | 3842/7731 [06:39<06:43,  9.64it/s]
[1A 50%|████▉     | 3844/7731 [06:39<06:31,  9.93it/s]
[1A 50%|████▉     | 3846/7731 [06:40<06:29,  9.98it/s]
[1A 50%|████▉     | 3848/7731 [06:40<06:26, 10.05it/s]
[1A 50%|████▉     | 3850/7731 [06:40<06:29,  9.97it/s]
[1A                                                   
{'loss': 0.2229, 'grad_norm': 15.157317161560059, 'learning_rate': 1.0686665749277556e-05, 'epoch': 1.49}
[1A
[1A 50%|████▉     | 3850/7731 [06:40<06:29,  9.97it/s]
[1A 50%|████▉     | 3852/7731 [06:40<06:53,  9.38it/s]
[1A 50%|████▉     | 3854/7731 [06:40<06:34,  9.82it/s]
[1A 50%|████▉     | 3856/7731 [06:41<06:28,  9.99it/s]
[1A 50%|████▉     | 3858/7731 [06:41<06:22, 10.13it/s]
[1A 50%|████▉     | 3860/7731 [06:41<06:28,  9.97it/s]
[1A 50%|████▉     | 3862/7731 [06:41<06:40,  9.66it/s]
[1A 50%|████▉     | 3863/7731 [06:41<06:38,  9.70it/s]
[1A 50%|████▉     | 3865/7731 [06:42<06:33,  9.83it/s]
[1A 50%|█████     | 3867/7731 [06:42<06:33,  9.82it/s]
[1A 50%|█████     | 3868/7731 [06:42<06:47,  9.47it/s]
[1A 50%|█████     | 3870/7731 [06:42<06:36,  9.74it/s]
[1A 50%|█████     | 3871/7731 [06:42<06:52,  9.36it/s]
[1A 50%|█████     | 3872/7731 [06:42<06:58,  9.22it/s]
[1A 50%|█████     | 3873/7731 [06:42<06:52,  9.35it/s]
[1A 50%|█████     | 3874/7731 [06:43<07:12,  8.92it/s]
[1A 50%|█████     | 3876/7731 [06:43<06:54,  9.30it/s]
[1A 50%|█████     | 3877/7731 [06:43<06:52,  9.35it/s]
[1A 50%|█████     | 3878/7731 [06:43<06:56,  9.26it/s]
[1A 50%|█████     | 3879/7731 [06:43<06:49,  9.41it/s]
[1A 50%|█████     | 3880/7731 [06:43<07:01,  9.14it/s]
[1A 50%|█████     | 3881/7731 [06:43<06:52,  9.34it/s]
[1A 50%|█████     | 3883/7731 [06:43<06:33,  9.77it/s]
[1A 50%|█████     | 3885/7731 [06:44<06:25,  9.98it/s]
[1A 50%|█████     | 3886/7731 [06:44<06:25,  9.96it/s]
[1A 50%|█████     | 3887/7731 [06:44<06:30,  9.85it/s]
[1A 50%|█████     | 3888/7731 [06:44<06:53,  9.30it/s]
[1A 50%|█████     | 3889/7731 [06:44<06:49,  9.38it/s]
[1A 50%|█████     | 3890/7731 [06:44<07:05,  9.03it/s]
[1A 50%|█████     | 3892/7731 [06:44<06:52,  9.31it/s]
[1A 50%|█████     | 3893/7731 [06:45<06:57,  9.19it/s]
[1A 50%|█████     | 3895/7731 [06:45<06:43,  9.50it/s]
[1A 50%|█████     | 3897/7731 [06:45<06:38,  9.63it/s]
[1A 50%|█████     | 3898/7731 [06:45<06:43,  9.49it/s]
[1A 50%|█████     | 3899/7731 [06:45<06:52,  9.29it/s]
[1A 50%|█████     | 3900/7731 [06:45<06:45,  9.44it/s]
[1A                                                   
{'loss': 0.2063, 'grad_norm': 4.783998966217041, 'learning_rate': 1.0549057382688868e-05, 'epoch': 1.51}
[1A
[1A 50%|█████     | 3900/7731 [06:45<06:45,  9.44it/s]
[1A 50%|█████     | 3901/7731 [06:45<06:55,  9.22it/s]
[1A 50%|█████     | 3902/7731 [06:46<07:12,  8.86it/s]
[1A 50%|█████     | 3904/7731 [06:46<06:41,  9.54it/s]
[1A 51%|█████     | 3906/7731 [06:46<06:34,  9.70it/s]
[1A 51%|█████     | 3908/7731 [06:46<07:33,  8.43it/s]
[1A 51%|█████     | 3909/7731 [06:47<10:12,  6.24it/s]
[1A 51%|█████     | 3910/7731 [06:47<10:05,  6.31it/s]
[1A 51%|█████     | 3911/7731 [06:47<10:00,  6.36it/s]
[1A 51%|█████     | 3912/7731 [06:47<10:24,  6.12it/s]
[1A 51%|█████     | 3913/7731 [06:47<09:50,  6.47it/s]
[1A 51%|█████     | 3914/7731 [06:47<09:29,  6.70it/s]
[1A 51%|█████     | 3915/7731 [06:48<11:45,  5.41it/s]
[1A 51%|█████     | 3916/7731 [06:48<15:03,  4.22it/s]
[1A 51%|█████     | 3917/7731 [06:48<16:00,  3.97it/s]
[1A 51%|█████     | 3918/7731 [06:49<17:17,  3.67it/s]
[1A 51%|█████     | 3919/7731 [06:49<15:37,  4.07it/s]
[1A 51%|█████     | 3920/7731 [06:49<13:59,  4.54it/s]
[1A 51%|█████     | 3921/7731 [06:49<12:37,  5.03it/s]
[1A 51%|█████     | 3922/7731 [06:49<11:36,  5.47it/s]
[1A 51%|█████     | 3924/7731 [06:49<09:20,  6.79it/s]
[1A 51%|█████     | 3925/7731 [06:49<08:37,  7.36it/s]
[1A 51%|█████     | 3926/7731 [06:50<08:23,  7.56it/s]
[1A 51%|█████     | 3927/7731 [06:50<08:06,  7.83it/s]
[1A 51%|█████     | 3928/7731 [06:50<07:43,  8.21it/s]
[1A 51%|█████     | 3929/7731 [06:50<07:38,  8.30it/s]
[1A 51%|█████     | 3930/7731 [06:50<07:19,  8.65it/s]
[1A 51%|█████     | 3931/7731 [06:50<07:18,  8.67it/s]
[1A 51%|█████     | 3932/7731 [06:50<07:20,  8.62it/s]
[1A 51%|█████     | 3933/7731 [06:50<07:07,  8.88it/s]
[1A 51%|█████     | 3934/7731 [06:50<06:59,  9.04it/s]
[1A 51%|█████     | 3936/7731 [06:51<06:41,  9.44it/s]
[1A 51%|█████     | 3937/7731 [06:51<06:43,  9.39it/s]
[1A 51%|█████     | 3939/7731 [06:51<06:28,  9.77it/s]
[1A 51%|█████     | 3940/7731 [06:51<06:46,  9.32it/s]
[1A 51%|█████     | 3941/7731 [06:51<06:39,  9.48it/s]
[1A 51%|█████     | 3943/7731 [06:51<06:38,  9.51it/s]
[1A 51%|█████     | 3944/7731 [06:52<06:36,  9.56it/s]
[1A 51%|█████     | 3946/7731 [06:52<06:28,  9.74it/s]
[1A 51%|█████     | 3947/7731 [06:52<06:27,  9.77it/s]
[1A 51%|█████     | 3949/7731 [06:52<06:19,  9.96it/s]
[1A                                                   
{'loss': 0.1894, 'grad_norm': 9.833023071289062, 'learning_rate': 1.041144901610018e-05, 'epoch': 1.53}
[1A
[1A 51%|█████     | 3950/7731 [06:52<06:19,  9.96it/s]
[1A 51%|█████     | 3951/7731 [06:52<06:19,  9.97it/s]
[1A 51%|█████     | 3953/7731 [06:52<06:16, 10.02it/s]
[1A 51%|█████     | 3954/7731 [06:53<06:23,  9.84it/s]
[1A 51%|█████     | 3955/7731 [06:53<06:23,  9.84it/s]
[1A 51%|█████     | 3957/7731 [06:53<06:22,  9.87it/s]
[1A 51%|█████     | 3959/7731 [06:53<06:22,  9.85it/s]
[1A 51%|█████     | 3960/7731 [06:53<06:26,  9.74it/s]
[1A 51%|█████     | 3961/7731 [06:53<06:28,  9.71it/s]
[1A 51%|█████     | 3962/7731 [06:53<06:59,  8.99it/s]
[1A 51%|█████▏    | 3964/7731 [06:54<06:32,  9.60it/s]
[1A 51%|█████▏    | 3966/7731 [06:54<06:31,  9.62it/s]
[1A 51%|█████▏    | 3968/7731 [06:54<06:23,  9.81it/s]
[1A 51%|█████▏    | 3969/7731 [06:54<06:22,  9.84it/s]
[1A 51%|█████▏    | 3971/7731 [06:54<06:31,  9.60it/s]
[1A 51%|█████▏    | 3972/7731 [06:54<06:54,  9.07it/s]
[1A 51%|█████▏    | 3973/7731 [06:55<07:35,  8.26it/s]
[1A 51%|█████▏    | 3974/7731 [06:55<07:44,  8.08it/s]
[1A 51%|█████▏    | 3975/7731 [06:55<07:32,  8.29it/s]
[1A 51%|█████▏    | 3976/7731 [06:55<07:31,  8.32it/s]
[1A 51%|█████▏    | 3977/7731 [06:55<07:36,  8.23it/s]
[1A 51%|█████▏    | 3979/7731 [06:55<07:16,  8.60it/s]
[1A 51%|█████▏    | 3980/7731 [06:55<07:23,  8.45it/s]
[1A 52%|█████▏    | 3982/7731 [06:56<06:42,  9.33it/s]
[1A 52%|█████▏    | 3983/7731 [06:56<06:37,  9.43it/s]
[1A 52%|█████▏    | 3985/7731 [06:56<06:23,  9.77it/s]
[1A 52%|█████▏    | 3986/7731 [06:56<06:22,  9.80it/s]
[1A 52%|█████▏    | 3987/7731 [06:56<06:53,  9.05it/s]
[1A 52%|█████▏    | 3988/7731 [06:56<06:52,  9.07it/s]
[1A 52%|█████▏    | 3989/7731 [06:56<06:59,  8.91it/s]
[1A 52%|█████▏    | 3990/7731 [06:57<07:33,  8.25it/s]
[1A 52%|█████▏    | 3991/7731 [06:57<07:16,  8.58it/s]
[1A 52%|█████▏    | 3992/7731 [06:57<06:58,  8.94it/s]
[1A 52%|█████▏    | 3993/7731 [06:57<06:46,  9.19it/s]
[1A 52%|█████▏    | 3995/7731 [06:57<06:27,  9.63it/s]
[1A 52%|█████▏    | 3997/7731 [06:57<06:17,  9.90it/s]
[1A 52%|█████▏    | 3998/7731 [06:57<06:38,  9.37it/s]
[1A 52%|█████▏    | 3999/7731 [06:57<06:46,  9.17it/s]
[1A 52%|█████▏    | 4000/7731 [06:58<06:44,  9.22it/s]
[1A                                                   
{'loss': 0.2078, 'grad_norm': 10.516918182373047, 'learning_rate': 1.027384064951149e-05, 'epoch': 1.55}
[1A
[1A 52%|█████▏    | 4000/7731 [06:58<06:44,  9.22it/s]
[1A 52%|█████▏    | 4001/7731 [06:58<06:36,  9.40it/s]
[1A 52%|█████▏    | 4002/7731 [06:58<06:49,  9.11it/s]
[1A 52%|█████▏    | 4003/7731 [06:58<07:11,  8.63it/s]
[1A 52%|█████▏    | 4004/7731 [06:58<07:00,  8.87it/s]
[1A 52%|█████▏    | 4005/7731 [06:58<06:54,  9.00it/s]
[1A 52%|█████▏    | 4006/7731 [06:58<06:48,  9.11it/s]
[1A 52%|█████▏    | 4008/7731 [06:58<06:29,  9.56it/s]
[1A 52%|█████▏    | 4009/7731 [06:59<06:40,  9.29it/s]
[1A 52%|█████▏    | 4011/7731 [06:59<06:29,  9.54it/s]
[1A 52%|█████▏    | 4012/7731 [06:59<07:00,  8.85it/s]
[1A 52%|█████▏    | 4013/7731 [06:59<06:51,  9.05it/s]
[1A 52%|█████▏    | 4015/7731 [06:59<06:33,  9.44it/s]
[1A 52%|█████▏    | 4016/7731 [06:59<07:07,  8.70it/s]
[1A 52%|█████▏    | 4017/7731 [06:59<07:00,  8.84it/s]
[1A 52%|█████▏    | 4018/7731 [07:00<06:51,  9.02it/s]
[1A 52%|█████▏    | 4019/7731 [07:00<07:13,  8.56it/s]
[1A 52%|█████▏    | 4021/7731 [07:00<07:05,  8.73it/s]
[1A 52%|█████▏    | 4022/7731 [07:00<07:18,  8.45it/s]
[1A 52%|█████▏    | 4023/7731 [07:00<07:06,  8.69it/s]
[1A 52%|█████▏    | 4024/7731 [07:00<07:02,  8.77it/s]
[1A 52%|█████▏    | 4026/7731 [07:00<06:31,  9.47it/s]
[1A 52%|█████▏    | 4027/7731 [07:01<06:30,  9.48it/s]
[1A 52%|█████▏    | 4028/7731 [07:01<06:38,  9.30it/s]
[1A 52%|█████▏    | 4029/7731 [07:01<07:00,  8.80it/s]
[1A 52%|█████▏    | 4030/7731 [07:01<07:34,  8.14it/s]
[1A 52%|█████▏    | 4031/7731 [07:01<07:26,  8.29it/s]
[1A 52%|█████▏    | 4032/7731 [07:01<07:09,  8.61it/s]
[1A 52%|█████▏    | 4033/7731 [07:01<07:13,  8.53it/s]
[1A 52%|█████▏    | 4035/7731 [07:01<06:46,  9.09it/s]
[1A 52%|█████▏    | 4037/7731 [07:02<06:51,  8.97it/s]
[1A 52%|█████▏    | 4038/7731 [07:02<06:51,  8.97it/s]
[1A 52%|█████▏    | 4039/7731 [07:02<06:46,  9.08it/s]
[1A 52%|█████▏    | 4040/7731 [07:02<06:37,  9.28it/s]
[1A 52%|█████▏    | 4041/7731 [07:02<06:36,  9.31it/s]
[1A 52%|█████▏    | 4042/7731 [07:02<06:38,  9.25it/s]
[1A 52%|█████▏    | 4043/7731 [07:02<06:38,  9.26it/s]
[1A 52%|█████▏    | 4044/7731 [07:02<06:33,  9.37it/s]
[1A 52%|█████▏    | 4045/7731 [07:03<06:37,  9.28it/s]
[1A 52%|█████▏    | 4046/7731 [07:03<06:45,  9.09it/s]
[1A 52%|█████▏    | 4048/7731 [07:03<06:40,  9.19it/s]
[1A 52%|█████▏    | 4049/7731 [07:03<06:34,  9.32it/s]
[1A 52%|█████▏    | 4050/7731 [07:03<06:36,  9.27it/s]
[1A                                                   
{'loss': 0.1952, 'grad_norm': 0.5500108003616333, 'learning_rate': 1.0136232282922801e-05, 'epoch': 1.57}
[1A
[1A 52%|█████▏    | 4050/7731 [07:03<06:36,  9.27it/s]
[1A 52%|█████▏    | 4051/7731 [07:03<06:32,  9.37it/s]
[1A 52%|█████▏    | 4053/7731 [07:03<06:45,  9.06it/s]
[1A 52%|█████▏    | 4055/7731 [07:04<06:18,  9.71it/s]
[1A 52%|█████▏    | 4056/7731 [07:04<06:20,  9.65it/s]
[1A 52%|█████▏    | 4058/7731 [07:04<06:26,  9.50it/s]
[1A 53%|█████▎    | 4059/7731 [07:04<06:26,  9.51it/s]
[1A 53%|█████▎    | 4060/7731 [07:04<06:24,  9.56it/s]
[1A 53%|█████▎    | 4061/7731 [07:04<06:37,  9.24it/s]
[1A 53%|█████▎    | 4063/7731 [07:04<06:32,  9.35it/s]
[1A 53%|█████▎    | 4064/7731 [07:05<06:28,  9.44it/s]
[1A 53%|█████▎    | 4065/7731 [07:05<06:28,  9.43it/s]
[1A 53%|█████▎    | 4066/7731 [07:05<06:28,  9.43it/s]
[1A 53%|█████▎    | 4068/7731 [07:05<06:17,  9.70it/s]
[1A 53%|█████▎    | 4070/7731 [07:05<06:09,  9.91it/s]
[1A 53%|█████▎    | 4071/7731 [07:05<06:15,  9.75it/s]
[1A 53%|█████▎    | 4072/7731 [07:05<06:17,  9.70it/s]
[1A 53%|█████▎    | 4073/7731 [07:05<06:25,  9.49it/s]
[1A 53%|█████▎    | 4074/7731 [07:06<06:27,  9.44it/s]
[1A 53%|█████▎    | 4076/7731 [07:06<06:09,  9.88it/s]
[1A 53%|█████▎    | 4077/7731 [07:06<06:21,  9.57it/s]
[1A 53%|█████▎    | 4079/7731 [07:06<06:27,  9.43it/s]
[1A 53%|█████▎    | 4080/7731 [07:06<06:23,  9.52it/s]
[1A 53%|█████▎    | 4081/7731 [07:06<06:36,  9.19it/s]
[1A 53%|█████▎    | 4082/7731 [07:06<06:50,  8.88it/s]
[1A 53%|█████▎    | 4083/7731 [07:07<06:40,  9.11it/s]
[1A 53%|█████▎    | 4084/7731 [07:07<06:40,  9.10it/s]
[1A 53%|█████▎    | 4085/7731 [07:07<06:37,  9.17it/s]
[1A 53%|█████▎    | 4087/7731 [07:07<06:33,  9.27it/s]
[1A 53%|█████▎    | 4089/7731 [07:07<06:22,  9.51it/s]
[1A 53%|█████▎    | 4090/7731 [07:07<06:19,  9.58it/s]
[1A 53%|█████▎    | 4091/7731 [07:07<06:23,  9.49it/s]
[1A 53%|█████▎    | 4093/7731 [07:08<06:22,  9.51it/s]
[1A 53%|█████▎    | 4095/7731 [07:08<06:11,  9.78it/s]
[1A 53%|█████▎    | 4096/7731 [07:08<06:15,  9.68it/s]
[1A 53%|█████▎    | 4097/7731 [07:08<06:14,  9.71it/s]
[1A 53%|█████▎    | 4098/7731 [07:08<06:15,  9.67it/s]
[1A 53%|█████▎    | 4100/7731 [07:08<05:58, 10.13it/s]
[1A                                                   
{'loss': 0.1829, 'grad_norm': 2.6250295639038086, 'learning_rate': 9.998623916334114e-06, 'epoch': 1.59}
[1A
[1A 53%|█████▎    | 4100/7731 [07:08<05:58, 10.13it/s]
[1A 53%|█████▎    | 4102/7731 [07:09<05:56, 10.19it/s]
[1A 53%|█████▎    | 4104/7731 [07:09<05:52, 10.30it/s]
[1A 53%|█████▎    | 4106/7731 [07:09<05:50, 10.34it/s]
[1A 53%|█████▎    | 4108/7731 [07:09<06:06,  9.88it/s]
[1A 53%|█████▎    | 4110/7731 [07:09<05:57, 10.14it/s]
[1A 53%|█████▎    | 4112/7731 [07:10<06:06,  9.88it/s]
[1A 53%|█████▎    | 4113/7731 [07:10<06:07,  9.85it/s]
[1A 53%|█████▎    | 4115/7731 [07:10<06:27,  9.33it/s]
[1A 53%|█████▎    | 4116/7731 [07:10<07:21,  8.19it/s]
[1A 53%|█████▎    | 4117/7731 [07:10<07:27,  8.08it/s]
[1A 53%|█████▎    | 4118/7731 [07:10<07:11,  8.37it/s]
[1A 53%|█████▎    | 4119/7731 [07:10<06:55,  8.70it/s]
[1A 53%|█████▎    | 4120/7731 [07:10<06:56,  8.67it/s]
[1A 53%|█████▎    | 4121/7731 [07:11<06:49,  8.82it/s]
[1A 53%|█████▎    | 4122/7731 [07:11<06:39,  9.02it/s]
[1A 53%|█████▎    | 4123/7731 [07:11<06:34,  9.16it/s]
[1A 53%|█████▎    | 4124/7731 [07:11<06:46,  8.87it/s]
[1A 53%|█████▎    | 4126/7731 [07:11<06:22,  9.43it/s]
[1A 53%|█████▎    | 4128/7731 [07:11<06:11,  9.70it/s]
[1A 53%|█████▎    | 4130/7731 [07:12<06:03,  9.90it/s]
[1A 53%|█████▎    | 4131/7731 [07:12<06:08,  9.76it/s]
[1A 53%|█████▎    | 4133/7731 [07:12<06:05,  9.83it/s]
[1A 53%|█████▎    | 4134/7731 [07:12<06:29,  9.24it/s]
[1A 53%|█████▎    | 4136/7731 [07:12<06:25,  9.32it/s]
[1A 54%|█████▎    | 4138/7731 [07:12<06:24,  9.34it/s]
[1A 54%|█████▎    | 4139/7731 [07:13<06:35,  9.09it/s]
[1A 54%|█████▎    | 4140/7731 [07:13<06:49,  8.78it/s]
[1A 54%|█████▎    | 4141/7731 [07:13<06:37,  9.04it/s]
[1A 54%|█████▎    | 4142/7731 [07:13<06:43,  8.89it/s]
[1A 54%|█████▎    | 4143/7731 [07:13<06:44,  8.88it/s]
[1A 54%|█████▎    | 4144/7731 [07:13<06:38,  9.00it/s]
[1A 54%|█████▎    | 4145/7731 [07:13<06:58,  8.57it/s]
[1A 54%|█████▎    | 4146/7731 [07:13<06:52,  8.68it/s]
[1A 54%|█████▎    | 4147/7731 [07:13<06:37,  9.02it/s]
[1A 54%|█████▎    | 4149/7731 [07:14<06:17,  9.50it/s]
[1A 54%|█████▎    | 4150/7731 [07:14<06:14,  9.55it/s]
[1A                                                   
{'loss': 0.1806, 'grad_norm': 20.371355056762695, 'learning_rate': 9.861015549745425e-06, 'epoch': 1.61}
[1A
[1A 54%|█████▎    | 4150/7731 [07:14<06:14,  9.55it/s]
[1A 54%|█████▎    | 4152/7731 [07:14<06:08,  9.72it/s]
[1A 54%|█████▎    | 4153/7731 [07:14<06:07,  9.75it/s]
[1A 54%|█████▎    | 4155/7731 [07:14<06:00,  9.91it/s]
[1A 54%|█████▍    | 4157/7731 [07:14<05:54, 10.09it/s]
[1A 54%|█████▍    | 4159/7731 [07:15<06:27,  9.22it/s]
[1A 54%|█████▍    | 4160/7731 [07:15<06:35,  9.04it/s]
[1A 54%|█████▍    | 4161/7731 [07:15<06:32,  9.10it/s]
[1A 54%|█████▍    | 4163/7731 [07:15<06:15,  9.51it/s]
[1A 54%|█████▍    | 4164/7731 [07:15<06:20,  9.38it/s]
[1A 54%|█████▍    | 4166/7731 [07:15<06:10,  9.62it/s]
[1A 54%|█████▍    | 4168/7731 [07:16<06:05,  9.75it/s]
[1A 54%|█████▍    | 4169/7731 [07:16<06:10,  9.62it/s]
[1A 54%|█████▍    | 4171/7731 [07:16<06:03,  9.80it/s]
[1A 54%|█████▍    | 4172/7731 [07:16<06:12,  9.56it/s]
[1A 54%|█████▍    | 4174/7731 [07:16<06:20,  9.34it/s]
[1A 54%|█████▍    | 4176/7731 [07:16<06:07,  9.69it/s]
[1A 54%|█████▍    | 4177/7731 [07:17<06:14,  9.50it/s]
[1A 54%|█████▍    | 4178/7731 [07:17<06:12,  9.55it/s]
[1A 54%|█████▍    | 4180/7731 [07:17<05:59,  9.89it/s]
[1A 54%|█████▍    | 4182/7731 [07:17<05:55,  9.99it/s]
[1A 54%|█████▍    | 4184/7731 [07:17<05:57,  9.91it/s]
[1A 54%|█████▍    | 4185/7731 [07:17<06:08,  9.61it/s]
[1A 54%|█████▍    | 4186/7731 [07:17<06:09,  9.60it/s]
[1A 54%|█████▍    | 4188/7731 [07:18<06:06,  9.66it/s]
[1A 54%|█████▍    | 4189/7731 [07:18<06:04,  9.71it/s]
[1A 54%|█████▍    | 4190/7731 [07:18<06:13,  9.48it/s]
[1A 54%|█████▍    | 4192/7731 [07:18<06:04,  9.72it/s]
[1A 54%|█████▍    | 4194/7731 [07:18<05:51, 10.07it/s]
[1A 54%|█████▍    | 4196/7731 [07:18<05:55,  9.96it/s]
[1A 54%|█████▍    | 4198/7731 [07:19<05:49, 10.09it/s]
[1A 54%|█████▍    | 4200/7731 [07:19<05:51, 10.04it/s]                         
{'loss': 0.1734, 'grad_norm': 5.482479572296143, 'learning_rate': 9.723407183156736e-06, 'epoch': 1.63}
[1A
[1A 54%|█████▍    | 4200/7731 [07:19<05:51, 10.04it/s]
[1A 54%|█████▍    | 4202/7731 [07:19<06:12,  9.47it/s]
[1A 54%|█████▍    | 4204/7731 [07:19<06:03,  9.71it/s]
[1A 54%|█████▍    | 4206/7731 [07:19<05:56,  9.88it/s]
[1A 54%|█████▍    | 4208/7731 [07:20<05:58,  9.82it/s]
[1A 54%|█████▍    | 4209/7731 [07:20<06:06,  9.62it/s]
[1A 54%|█████▍    | 4210/7731 [07:20<06:05,  9.64it/s]
[1A 54%|█████▍    | 4211/7731 [07:20<06:04,  9.66it/s]
[1A 54%|█████▍    | 4212/7731 [07:20<06:05,  9.64it/s]
[1A 55%|█████▍    | 4214/7731 [07:20<05:57,  9.84it/s]
[1A 55%|█████▍    | 4215/7731 [07:20<05:59,  9.77it/s]
[1A 55%|█████▍    | 4216/7731 [07:21<05:58,  9.81it/s]
[1A 55%|█████▍    | 4217/7731 [07:21<05:59,  9.79it/s]
[1A 55%|█████▍    | 4219/7731 [07:21<05:56,  9.84it/s]
[1A 55%|█████▍    | 4221/7731 [07:21<05:51,  9.99it/s]
[1A 55%|█████▍    | 4222/7731 [07:21<05:51,  9.97it/s]
[1A 55%|█████▍    | 4224/7731 [07:21<05:55,  9.88it/s]
[1A 55%|█████▍    | 4225/7731 [07:21<05:58,  9.78it/s]
[1A 55%|█████▍    | 4226/7731 [07:22<05:59,  9.76it/s]
[1A 55%|█████▍    | 4228/7731 [07:22<05:49, 10.01it/s]
[1A 55%|█████▍    | 4230/7731 [07:22<05:42, 10.23it/s]
[1A 55%|█████▍    | 4232/7731 [07:22<05:38, 10.34it/s]
[1A 55%|█████▍    | 4234/7731 [07:22<05:42, 10.21it/s]
[1A 55%|█████▍    | 4236/7731 [07:23<06:01,  9.67it/s]
[1A 55%|█████▍    | 4237/7731 [07:23<06:03,  9.62it/s]
[1A 55%|█████▍    | 4238/7731 [07:23<06:11,  9.40it/s]
[1A 55%|█████▍    | 4239/7731 [07:23<06:10,  9.41it/s]
[1A 55%|█████▍    | 4240/7731 [07:23<06:05,  9.54it/s]
[1A 55%|█████▍    | 4241/7731 [07:23<06:04,  9.57it/s]
[1A 55%|█████▍    | 4242/7731 [07:23<06:08,  9.46it/s]
[1A 55%|█████▍    | 4244/7731 [07:23<05:53,  9.86it/s]
[1A 55%|█████▍    | 4245/7731 [07:23<05:53,  9.87it/s]
[1A 55%|█████▍    | 4246/7731 [07:24<05:59,  9.69it/s]
[1A 55%|█████▍    | 4247/7731 [07:24<06:04,  9.57it/s]
[1A 55%|█████▍    | 4248/7731 [07:24<06:02,  9.60it/s]
[1A 55%|█████▍    | 4249/7731 [07:24<06:11,  9.38it/s]
[1A                                                   
{'loss': 0.1937, 'grad_norm': 13.834932327270508, 'learning_rate': 9.585798816568049e-06, 'epoch': 1.65}
[1A
[1A 55%|█████▍    | 4250/7731 [07:24<06:11,  9.38it/s]
[1A 55%|█████▍    | 4251/7731 [07:24<05:52,  9.87it/s]
[1A 55%|█████▌    | 4253/7731 [07:24<05:46, 10.03it/s]
[1A 55%|█████▌    | 4255/7731 [07:24<05:45, 10.06it/s]
[1A 55%|█████▌    | 4257/7731 [07:25<05:43, 10.10it/s]
[1A 55%|█████▌    | 4259/7731 [07:25<05:57,  9.72it/s]
[1A 55%|█████▌    | 4260/7731 [07:25<06:09,  9.39it/s]
[1A 55%|█████▌    | 4261/7731 [07:25<06:11,  9.33it/s]
[1A 55%|█████▌    | 4263/7731 [07:25<06:01,  9.59it/s]
[1A 55%|█████▌    | 4264/7731 [07:25<06:01,  9.58it/s]
[1A 55%|█████▌    | 4266/7731 [07:26<05:51,  9.87it/s]
[1A 55%|█████▌    | 4268/7731 [07:26<05:58,  9.66it/s]
[1A 55%|█████▌    | 4270/7731 [07:26<05:50,  9.88it/s]
[1A 55%|█████▌    | 4271/7731 [07:26<05:50,  9.86it/s]
[1A 55%|█████▌    | 4273/7731 [07:26<05:49,  9.89it/s]
[1A 55%|█████▌    | 4275/7731 [07:27<05:41, 10.12it/s]
[1A 55%|█████▌    | 4277/7731 [07:27<05:36, 10.26it/s]
[1A 55%|█████▌    | 4279/7731 [07:27<05:38, 10.19it/s]
[1A 55%|█████▌    | 4281/7731 [07:27<05:46,  9.96it/s]
[1A 55%|█████▌    | 4282/7731 [07:27<05:59,  9.60it/s]
[1A 55%|█████▌    | 4283/7731 [07:27<05:56,  9.67it/s]
[1A 55%|█████▌    | 4285/7731 [07:28<05:50,  9.84it/s]
[1A 55%|█████▌    | 4287/7731 [07:28<05:46,  9.94it/s]
[1A 55%|█████▌    | 4288/7731 [07:28<05:50,  9.83it/s]
[1A 55%|█████▌    | 4290/7731 [07:28<05:39, 10.15it/s]
[1A 56%|█████▌    | 4292/7731 [07:28<06:01,  9.51it/s]
[1A 56%|█████▌    | 4293/7731 [07:28<06:00,  9.54it/s]
[1A 56%|█████▌    | 4294/7731 [07:28<05:59,  9.55it/s]
[1A 56%|█████▌    | 4296/7731 [07:29<05:47,  9.87it/s]
[1A 56%|█████▌    | 4297/7731 [07:29<05:48,  9.84it/s]
[1A 56%|█████▌    | 4299/7731 [07:29<05:39, 10.11it/s]
[1A                                                   
{'loss': 0.1623, 'grad_norm': 17.618579864501953, 'learning_rate': 9.44819044997936e-06, 'epoch': 1.67}
[1A
[1A 56%|█████▌    | 4300/7731 [07:29<05:39, 10.11it/s]
[1A 56%|█████▌    | 4301/7731 [07:29<05:42, 10.02it/s]
[1A 56%|█████▌    | 4303/7731 [07:29<05:36, 10.18it/s]
[1A 56%|█████▌    | 4305/7731 [07:30<05:39, 10.08it/s]
[1A 56%|█████▌    | 4307/7731 [07:30<05:44,  9.95it/s]
[1A 56%|█████▌    | 4308/7731 [07:30<05:45,  9.92it/s]
[1A 56%|█████▌    | 4310/7731 [07:30<05:44,  9.93it/s]
[1A 56%|█████▌    | 4311/7731 [07:30<05:48,  9.82it/s]
[1A 56%|█████▌    | 4312/7731 [07:30<05:48,  9.82it/s]
[1A 56%|█████▌    | 4314/7731 [07:30<05:42,  9.99it/s]
[1A 56%|█████▌    | 4316/7731 [07:31<05:39, 10.05it/s]
[1A 56%|█████▌    | 4317/7731 [07:31<05:46,  9.87it/s]
[1A 56%|█████▌    | 4318/7731 [07:31<05:46,  9.84it/s]
[1A 56%|█████▌    | 4320/7731 [07:31<05:45,  9.87it/s]
[1A 56%|█████▌    | 4321/7731 [07:31<05:48,  9.79it/s]
[1A 56%|█████▌    | 4322/7731 [07:31<05:56,  9.57it/s]
[1A 56%|█████▌    | 4324/7731 [07:31<05:43,  9.91it/s]
[1A 56%|█████▌    | 4326/7731 [07:32<05:39, 10.02it/s]
[1A 56%|█████▌    | 4328/7731 [07:32<05:37, 10.07it/s]
[1A 56%|█████▌    | 4329/7731 [07:32<05:46,  9.81it/s]
[1A 56%|█████▌    | 4331/7731 [07:32<05:49,  9.72it/s]
[1A 56%|█████▌    | 4333/7731 [07:32<05:42,  9.91it/s]
[1A 56%|█████▌    | 4335/7731 [07:33<05:43,  9.87it/s]
[1A 56%|█████▌    | 4337/7731 [07:33<05:39,  9.98it/s]
[1A 56%|█████▌    | 4339/7731 [07:33<05:38, 10.02it/s]
[1A 56%|█████▌    | 4340/7731 [07:33<05:45,  9.81it/s]
[1A 56%|█████▌    | 4342/7731 [07:33<05:39,  9.99it/s]
[1A 56%|█████▌    | 4344/7731 [07:34<05:44,  9.83it/s]
[1A 56%|█████▌    | 4345/7731 [07:34<05:55,  9.52it/s]
[1A 56%|█████▌    | 4346/7731 [07:34<05:53,  9.58it/s]
[1A 56%|█████▌    | 4348/7731 [07:34<05:41,  9.91it/s]
[1A 56%|█████▋    | 4350/7731 [07:34<05:37, 10.03it/s]
[1A                                                   
{'loss': 0.1945, 'grad_norm': 18.08576202392578, 'learning_rate': 9.31058208339067e-06, 'epoch': 1.69}
[1A
[1A 56%|█████▋    | 4350/7731 [07:34<05:37, 10.03it/s]
[1A 56%|█████▋    | 4352/7731 [07:34<05:35, 10.08it/s]
[1A 56%|█████▋    | 4354/7731 [07:35<06:12,  9.06it/s]
[1A 56%|█████▋    | 4355/7731 [07:35<06:06,  9.20it/s]
[1A 56%|█████▋    | 4356/7731 [07:35<06:05,  9.22it/s]
[1A 56%|█████▋    | 4358/7731 [07:35<05:53,  9.55it/s]
[1A 56%|█████▋    | 4360/7731 [07:35<05:48,  9.68it/s]
[1A 56%|█████▋    | 4362/7731 [07:35<05:46,  9.73it/s]
[1A 56%|█████▋    | 4363/7731 [07:36<05:57,  9.43it/s]
[1A 56%|█████▋    | 4364/7731 [07:36<05:54,  9.49it/s]
[1A 56%|█████▋    | 4365/7731 [07:36<05:51,  9.59it/s]
[1A 56%|█████▋    | 4366/7731 [07:36<05:52,  9.54it/s]
[1A 56%|█████▋    | 4368/7731 [07:36<05:48,  9.66it/s]
[1A 57%|█████▋    | 4369/7731 [07:36<05:47,  9.67it/s]
[1A 57%|█████▋    | 4370/7731 [07:36<05:53,  9.50it/s]
[1A 57%|█████▋    | 4372/7731 [07:36<05:41,  9.83it/s]
[1A 57%|█████▋    | 4374/7731 [07:37<05:34, 10.04it/s]
[1A 57%|█████▋    | 4376/7731 [07:37<05:36,  9.96it/s]
[1A 57%|█████▋    | 4377/7731 [07:37<05:41,  9.81it/s]
[1A 57%|█████▋    | 4378/7731 [07:37<05:51,  9.53it/s]
[1A 57%|█████▋    | 4379/7731 [07:37<06:01,  9.26it/s]
[1A 57%|█████▋    | 4380/7731 [07:37<06:00,  9.29it/s]
[1A 57%|█████▋    | 4381/7731 [07:37<06:04,  9.20it/s]
[1A 57%|█████▋    | 4382/7731 [07:37<06:02,  9.24it/s]
[1A 57%|█████▋    | 4384/7731 [07:38<05:53,  9.46it/s]
[1A 57%|█████▋    | 4386/7731 [07:38<05:51,  9.51it/s]
[1A 57%|█████▋    | 4387/7731 [07:38<05:52,  9.50it/s]
[1A 57%|█████▋    | 4388/7731 [07:38<05:48,  9.58it/s]
[1A 57%|█████▋    | 4390/7731 [07:38<05:43,  9.73it/s]
[1A 57%|█████▋    | 4391/7731 [07:38<05:48,  9.58it/s]
[1A 57%|█████▋    | 4393/7731 [07:39<05:37,  9.88it/s]
[1A 57%|█████▋    | 4394/7731 [07:39<05:44,  9.69it/s]
[1A 57%|█████▋    | 4396/7731 [07:39<05:30, 10.08it/s]
[1A 57%|█████▋    | 4398/7731 [07:39<05:25, 10.23it/s]
[1A 57%|█████▋    | 4400/7731 [07:39<05:28, 10.13it/s]
[1A                                                   
{'loss': 0.2012, 'grad_norm': 13.131765365600586, 'learning_rate': 9.172973716801984e-06, 'epoch': 1.71}
[1A
[1A 57%|█████▋    | 4400/7731 [07:39<05:28, 10.13it/s]
[1A 57%|█████▋    | 4402/7731 [07:40<05:41,  9.76it/s]
[1A 57%|█████▋    | 4404/7731 [07:40<05:35,  9.90it/s]
[1A 57%|█████▋    | 4405/7731 [07:40<05:38,  9.81it/s]
[1A 57%|█████▋    | 4407/7731 [07:40<05:38,  9.81it/s]
[1A 57%|█████▋    | 4408/7731 [07:40<05:52,  9.44it/s]
[1A 57%|█████▋    | 4409/7731 [07:40<05:49,  9.50it/s]
[1A 57%|█████▋    | 4410/7731 [07:40<05:51,  9.44it/s]
[1A 57%|█████▋    | 4411/7731 [07:40<05:57,  9.28it/s]
[1A 57%|█████▋    | 4413/7731 [07:41<05:47,  9.54it/s]
[1A 57%|█████▋    | 4414/7731 [07:41<05:45,  9.61it/s]
[1A 57%|█████▋    | 4416/7731 [07:41<05:38,  9.80it/s]
[1A 57%|█████▋    | 4417/7731 [07:41<05:37,  9.81it/s]
[1A 57%|█████▋    | 4418/7731 [07:41<05:52,  9.39it/s]
[1A 57%|█████▋    | 4419/7731 [07:41<06:07,  9.01it/s]
[1A 57%|█████▋    | 4420/7731 [07:41<06:02,  9.13it/s]
[1A 57%|█████▋    | 4421/7731 [07:42<05:59,  9.21it/s]
[1A 57%|█████▋    | 4423/7731 [07:42<05:38,  9.76it/s]
[1A 57%|█████▋    | 4425/7731 [07:42<05:29, 10.02it/s]
[1A 57%|█████▋    | 4427/7731 [07:42<05:24, 10.19it/s]
[1A 57%|█████▋    | 4429/7731 [07:42<05:30,  9.99it/s]
[1A 57%|█████▋    | 4430/7731 [07:42<05:39,  9.72it/s]
[1A 57%|█████▋    | 4431/7731 [07:43<05:40,  9.70it/s]
[1A 57%|█████▋    | 4432/7731 [07:43<05:52,  9.35it/s]
[1A 57%|█████▋    | 4433/7731 [07:43<05:47,  9.49it/s]
[1A 57%|█████▋    | 4435/7731 [07:43<05:40,  9.69it/s]
[1A 57%|█████▋    | 4437/7731 [07:43<05:36,  9.79it/s]
[1A 57%|█████▋    | 4438/7731 [07:43<05:35,  9.83it/s]
[1A 57%|█████▋    | 4439/7731 [07:43<05:37,  9.75it/s]
[1A 57%|█████▋    | 4440/7731 [07:43<05:36,  9.78it/s]
[1A 57%|█████▋    | 4442/7731 [07:44<05:25, 10.11it/s]
[1A 57%|█████▋    | 4444/7731 [07:44<05:32,  9.87it/s]
[1A 57%|█████▋    | 4445/7731 [07:44<05:38,  9.70it/s]
[1A 58%|█████▊    | 4447/7731 [07:44<05:29,  9.96it/s]
[1A 58%|█████▊    | 4449/7731 [07:44<05:24, 10.12it/s]
[1A                                                   
{'loss': 0.1971, 'grad_norm': 10.310046195983887, 'learning_rate': 9.035365350213293e-06, 'epoch': 1.73}
[1A
[1A 58%|█████▊    | 4450/7731 [07:44<05:24, 10.12it/s]
[1A 58%|█████▊    | 4451/7731 [07:45<05:23, 10.15it/s]
[1A 58%|█████▊    | 4453/7731 [07:45<05:35,  9.78it/s]
[1A 58%|█████▊    | 4454/7731 [07:45<05:45,  9.49it/s]
[1A 58%|█████▊    | 4455/7731 [07:45<05:47,  9.44it/s]
[1A 58%|█████▊    | 4456/7731 [07:45<06:05,  8.97it/s]
[1A 58%|█████▊    | 4457/7731 [07:45<06:11,  8.82it/s]
[1A 58%|█████▊    | 4458/7731 [07:45<06:06,  8.94it/s]
[1A 58%|█████▊    | 4460/7731 [07:46<05:39,  9.63it/s]
[1A 58%|█████▊    | 4461/7731 [07:46<05:45,  9.45it/s]
[1A 58%|█████▊    | 4462/7731 [07:46<05:56,  9.18it/s]
[1A 58%|█████▊    | 4463/7731 [07:46<06:04,  8.96it/s]
[1A 58%|█████▊    | 4464/7731 [07:46<06:15,  8.71it/s]
[1A 58%|█████▊    | 4466/7731 [07:46<05:57,  9.13it/s]
[1A 58%|█████▊    | 4467/7731 [07:46<05:54,  9.22it/s]
[1A 58%|█████▊    | 4468/7731 [07:46<06:05,  8.93it/s]
[1A 58%|█████▊    | 4469/7731 [07:47<06:02,  9.00it/s]
[1A 58%|█████▊    | 4470/7731 [07:47<06:12,  8.76it/s]
[1A 58%|█████▊    | 4472/7731 [07:47<05:46,  9.39it/s]
[1A 58%|█████▊    | 4474/7731 [07:47<05:52,  9.25it/s]
[1A 58%|█████▊    | 4476/7731 [07:47<05:37,  9.64it/s]
[1A 58%|█████▊    | 4477/7731 [07:47<05:45,  9.41it/s]
[1A 58%|█████▊    | 4478/7731 [07:48<05:41,  9.53it/s]
[1A 58%|█████▊    | 4479/7731 [07:48<05:45,  9.40it/s]
[1A 58%|█████▊    | 4480/7731 [07:48<05:41,  9.52it/s]
[1A 58%|█████▊    | 4481/7731 [07:48<05:47,  9.37it/s]
[1A 58%|█████▊    | 4483/7731 [07:48<05:34,  9.70it/s]
[1A 58%|█████▊    | 4484/7731 [07:48<05:36,  9.64it/s]
[1A 58%|█████▊    | 4485/7731 [07:48<05:34,  9.70it/s]
[1A 58%|█████▊    | 4486/7731 [07:48<05:32,  9.76it/s]
[1A 58%|█████▊    | 4487/7731 [07:48<05:36,  9.63it/s]
[1A 58%|█████▊    | 4489/7731 [07:49<05:45,  9.37it/s]
[1A 58%|█████▊    | 4490/7731 [07:49<05:45,  9.38it/s]
[1A 58%|█████▊    | 4491/7731 [07:49<05:41,  9.49it/s]
[1A 58%|█████▊    | 4493/7731 [07:49<05:38,  9.57it/s]
[1A 58%|█████▊    | 4495/7731 [07:49<05:23, 10.00it/s]
[1A 58%|█████▊    | 4497/7731 [07:49<05:24,  9.97it/s]
[1A 58%|█████▊    | 4499/7731 [07:50<05:19, 10.12it/s]
[1A                                                   
{'loss': 0.1922, 'grad_norm': 0.8501401543617249, 'learning_rate': 8.897756983624604e-06, 'epoch': 1.75}
[1A
[1A 58%|█████▊    | 4500/7731 [07:50<05:19, 10.12it/s]
[1A 58%|█████▊    | 4501/7731 [07:50<05:43,  9.41it/s]
[1A 58%|█████▊    | 4503/7731 [07:50<05:32,  9.71it/s]
[1A 58%|█████▊    | 4505/7731 [07:50<05:26,  9.87it/s]
[1A 58%|█████▊    | 4506/7731 [07:50<05:29,  9.78it/s]
[1A 58%|█████▊    | 4508/7731 [07:51<05:22,  9.99it/s]
[1A 58%|█████▊    | 4509/7731 [07:51<05:24,  9.94it/s]
[1A 58%|█████▊    | 4510/7731 [07:51<05:30,  9.74it/s]
[1A 58%|█████▊    | 4511/7731 [07:51<05:44,  9.36it/s]
[1A 58%|█████▊    | 4512/7731 [07:51<06:07,  8.77it/s]
[1A 58%|█████▊    | 4513/7731 [07:51<05:56,  9.03it/s]
[1A 58%|█████▊    | 4515/7731 [07:51<05:35,  9.59it/s]
[1A 58%|█████▊    | 4517/7731 [07:52<05:24,  9.92it/s]
[1A 58%|█████▊    | 4519/7731 [07:52<05:16, 10.14it/s]
[1A 58%|█████▊    | 4521/7731 [07:52<05:13, 10.25it/s]
[1A 59%|█████▊    | 4523/7731 [07:52<05:11, 10.28it/s]
[1A 59%|█████▊    | 4525/7731 [07:52<05:11, 10.29it/s]
[1A 59%|█████▊    | 4527/7731 [07:53<05:26,  9.81it/s]
[1A 59%|█████▊    | 4529/7731 [07:53<05:25,  9.82it/s]
[1A 59%|█████▊    | 4530/7731 [07:53<05:30,  9.69it/s]
[1A 59%|█████▊    | 4531/7731 [07:53<05:31,  9.64it/s]
[1A 59%|█████▊    | 4532/7731 [07:53<05:31,  9.66it/s]
[1A 59%|█████▊    | 4534/7731 [07:53<05:26,  9.79it/s]
[1A 59%|█████▊    | 4535/7731 [07:53<06:11,  8.60it/s]
[1A 59%|█████▊    | 4537/7731 [07:54<05:52,  9.07it/s]
[1A 59%|█████▊    | 4538/7731 [07:54<05:53,  9.04it/s]
[1A 59%|█████▊    | 4539/7731 [07:54<05:49,  9.14it/s]
[1A 59%|█████▊    | 4541/7731 [07:54<05:29,  9.68it/s]
[1A 59%|█████▉    | 4543/7731 [07:54<05:19,  9.98it/s]
[1A 59%|█████▉    | 4545/7731 [07:54<05:22,  9.87it/s]
[1A 59%|█████▉    | 4547/7731 [07:55<05:21,  9.90it/s]
[1A 59%|█████▉    | 4548/7731 [07:55<05:37,  9.43it/s]
[1A 59%|█████▉    | 4549/7731 [07:55<05:50,  9.07it/s]
[1A                                                   
{'loss': 0.1859, 'grad_norm': 1.2797210216522217, 'learning_rate': 8.760148617035917e-06, 'epoch': 1.77}
[1A
[1A 59%|█████▉    | 4550/7731 [07:55<05:50,  9.07it/s]
[1A 59%|█████▉    | 4551/7731 [07:55<05:36,  9.44it/s]
[1A 59%|█████▉    | 4552/7731 [07:55<05:33,  9.52it/s]
[1A 59%|█████▉    | 4553/7731 [07:55<05:30,  9.61it/s]
[1A 59%|█████▉    | 4555/7731 [07:55<05:35,  9.46it/s]
[1A 59%|█████▉    | 4556/7731 [07:56<05:43,  9.25it/s]
[1A 59%|█████▉    | 4557/7731 [07:56<05:44,  9.22it/s]
[1A 59%|█████▉    | 4558/7731 [07:56<05:41,  9.29it/s]
[1A 59%|█████▉    | 4559/7731 [07:56<06:00,  8.81it/s]
[1A 59%|█████▉    | 4560/7731 [07:56<06:56,  7.61it/s]
[1A 59%|█████▉    | 4561/7731 [07:56<08:24,  6.29it/s]
[1A 59%|█████▉    | 4563/7731 [07:57<07:57,  6.63it/s]
[1A 59%|█████▉    | 4564/7731 [07:57<08:31,  6.20it/s]
[1A 59%|█████▉    | 4565/7731 [07:57<08:26,  6.26it/s]
[1A 59%|█████▉    | 4566/7731 [07:57<08:29,  6.21it/s]
[1A 59%|█████▉    | 4567/7731 [07:57<07:46,  6.79it/s]
[1A 59%|█████▉    | 4568/7731 [07:57<07:32,  6.99it/s]
[1A 59%|█████▉    | 4569/7731 [07:58<07:21,  7.16it/s]
[1A 59%|█████▉    | 4570/7731 [07:58<07:10,  7.34it/s]
[1A 59%|█████▉    | 4571/7731 [07:58<06:48,  7.73it/s]
[1A 59%|█████▉    | 4572/7731 [07:58<06:31,  8.07it/s]
[1A 59%|█████▉    | 4573/7731 [07:58<06:09,  8.55it/s]
[1A 59%|█████▉    | 4575/7731 [07:58<05:58,  8.81it/s]
[1A 59%|█████▉    | 4577/7731 [07:58<05:40,  9.25it/s]
[1A 59%|█████▉    | 4579/7731 [07:59<05:32,  9.48it/s]
[1A 59%|█████▉    | 4580/7731 [07:59<05:30,  9.53it/s]
[1A 59%|█████▉    | 4581/7731 [07:59<05:42,  9.20it/s]
[1A 59%|█████▉    | 4582/7731 [07:59<05:57,  8.82it/s]
[1A 59%|█████▉    | 4583/7731 [07:59<05:49,  9.01it/s]
[1A 59%|█████▉    | 4584/7731 [07:59<05:51,  8.96it/s]
[1A 59%|█████▉    | 4585/7731 [07:59<05:48,  9.02it/s]
[1A 59%|█████▉    | 4587/7731 [07:59<05:31,  9.47it/s]
[1A 59%|█████▉    | 4588/7731 [08:00<05:58,  8.76it/s]
[1A 59%|█████▉    | 4589/7731 [08:00<06:11,  8.45it/s]
[1A 59%|█████▉    | 4590/7731 [08:00<06:14,  8.38it/s]
[1A 59%|█████▉    | 4591/7731 [08:00<05:58,  8.77it/s]
[1A 59%|█████▉    | 4592/7731 [08:00<05:59,  8.74it/s]
[1A 59%|█████▉    | 4593/7731 [08:00<06:11,  8.44it/s]
[1A 59%|█████▉    | 4594/7731 [08:00<05:58,  8.74it/s]
[1A 59%|█████▉    | 4595/7731 [08:00<05:48,  8.99it/s]
[1A 59%|█████▉    | 4597/7731 [08:01<05:31,  9.46it/s]
[1A 59%|█████▉    | 4599/7731 [08:01<05:21,  9.73it/s]
[1A 60%|█████▉    | 4600/7731 [08:01<05:29,  9.50it/s]
[1A                                                   
{'loss': 0.197, 'grad_norm': 3.062833070755005, 'learning_rate': 8.622540250447228e-06, 'epoch': 1.79}
[1A
[1A 60%|█████▉    | 4600/7731 [08:01<05:29,  9.50it/s]
[1A 60%|█████▉    | 4601/7731 [08:01<05:37,  9.27it/s]
[1A 60%|█████▉    | 4602/7731 [08:01<05:42,  9.15it/s]
[1A 60%|█████▉    | 4603/7731 [08:01<05:48,  8.98it/s]
[1A 60%|█████▉    | 4605/7731 [08:01<05:31,  9.43it/s]
[1A 60%|█████▉    | 4606/7731 [08:02<05:31,  9.44it/s]
[1A 60%|█████▉    | 4608/7731 [08:02<05:20,  9.76it/s]
[1A 60%|█████▉    | 4610/7731 [08:02<05:15,  9.88it/s]
[1A 60%|█████▉    | 4611/7731 [08:02<05:22,  9.68it/s]
[1A 60%|█████▉    | 4613/7731 [08:02<05:11, 10.00it/s]
[1A 60%|█████▉    | 4614/7731 [08:02<05:20,  9.71it/s]
[1A 60%|█████▉    | 4616/7731 [08:03<05:12,  9.98it/s]
[1A 60%|█████▉    | 4618/7731 [08:03<05:11,  9.98it/s]
[1A 60%|█████▉    | 4619/7731 [08:03<05:15,  9.85it/s]
[1A 60%|█████▉    | 4620/7731 [08:03<05:15,  9.85it/s]
[1A 60%|█████▉    | 4621/7731 [08:03<05:18,  9.76it/s]
[1A 60%|█████▉    | 4622/7731 [08:03<05:19,  9.72it/s]
[1A 60%|█████▉    | 4623/7731 [08:03<05:19,  9.71it/s]
[1A 60%|█████▉    | 4624/7731 [08:03<05:21,  9.67it/s]
[1A 60%|█████▉    | 4625/7731 [08:04<05:26,  9.51it/s]
[1A 60%|█████▉    | 4627/7731 [08:04<05:11,  9.97it/s]
[1A 60%|█████▉    | 4629/7731 [08:04<05:11,  9.97it/s]
[1A 60%|█████▉    | 4631/7731 [08:04<05:05, 10.13it/s]
[1A 60%|█████▉    | 4633/7731 [08:04<05:16,  9.80it/s]
[1A 60%|█████▉    | 4635/7731 [08:05<05:06, 10.10it/s]
[1A 60%|█████▉    | 4637/7731 [08:05<05:16,  9.78it/s]
[1A 60%|█████▉    | 4638/7731 [08:05<05:15,  9.81it/s]
[1A 60%|██████    | 4640/7731 [08:05<05:21,  9.60it/s]
[1A 60%|██████    | 4642/7731 [08:05<05:12,  9.89it/s]
[1A 60%|██████    | 4643/7731 [08:05<05:14,  9.82it/s]
[1A 60%|██████    | 4644/7731 [08:05<05:13,  9.85it/s]
[1A 60%|██████    | 4646/7731 [08:06<05:21,  9.59it/s]
[1A 60%|██████    | 4647/7731 [08:06<05:23,  9.53it/s]
[1A 60%|██████    | 4648/7731 [08:06<05:20,  9.61it/s]
[1A 60%|██████    | 4649/7731 [08:06<05:23,  9.52it/s]
[1A 60%|██████    | 4650/7731 [08:06<05:20,  9.61it/s]                         
{'loss': 0.1676, 'grad_norm': 5.8330817222595215, 'learning_rate': 8.484931883858539e-06, 'epoch': 1.8}
[1A
[1A 60%|██████    | 4650/7731 [08:06<05:20,  9.61it/s]
[1A 60%|██████    | 4652/7731 [08:06<05:17,  9.70it/s]
[1A 60%|██████    | 4653/7731 [08:06<05:30,  9.31it/s]
[1A 60%|██████    | 4654/7731 [08:07<05:31,  9.30it/s]
[1A 60%|██████    | 4655/7731 [08:07<05:25,  9.45it/s]
[1A 60%|██████    | 4657/7731 [08:07<05:24,  9.47it/s]
[1A 60%|██████    | 4659/7731 [08:07<05:14,  9.77it/s]
[1A 60%|██████    | 4661/7731 [08:07<05:21,  9.56it/s]
[1A 60%|██████    | 4663/7731 [08:07<05:06, 10.01it/s]
[1A 60%|██████    | 4665/7731 [08:08<05:11,  9.84it/s]
[1A 60%|██████    | 4667/7731 [08:08<05:06, 10.00it/s]
[1A 60%|██████    | 4669/7731 [08:08<05:13,  9.77it/s]
[1A 60%|██████    | 4671/7731 [08:08<05:12,  9.78it/s]
[1A 60%|██████    | 4673/7731 [08:08<05:08,  9.92it/s]
[1A 60%|██████    | 4674/7731 [08:09<05:10,  9.84it/s]
[1A 60%|██████    | 4676/7731 [08:09<05:11,  9.79it/s]
[1A 60%|██████    | 4677/7731 [08:09<05:13,  9.73it/s]
[1A 61%|██████    | 4679/7731 [08:09<05:13,  9.74it/s]
[1A 61%|██████    | 4681/7731 [08:09<05:03, 10.05it/s]
[1A 61%|██████    | 4683/7731 [08:09<05:15,  9.66it/s]
[1A 61%|██████    | 4684/7731 [08:10<05:18,  9.56it/s]
[1A 61%|██████    | 4685/7731 [08:10<05:29,  9.24it/s]
[1A 61%|██████    | 4687/7731 [08:10<05:16,  9.63it/s]
[1A 61%|██████    | 4689/7731 [08:10<05:09,  9.84it/s]
[1A 61%|██████    | 4690/7731 [08:10<05:08,  9.87it/s]
[1A 61%|██████    | 4692/7731 [08:10<05:01, 10.06it/s]
[1A 61%|██████    | 4693/7731 [08:10<05:22,  9.41it/s]
[1A 61%|██████    | 4694/7731 [08:11<05:29,  9.23it/s]
[1A 61%|██████    | 4696/7731 [08:11<05:16,  9.60it/s]
[1A 61%|██████    | 4697/7731 [08:11<05:14,  9.65it/s]
[1A 61%|██████    | 4698/7731 [08:11<05:12,  9.71it/s]
[1A 61%|██████    | 4699/7731 [08:11<05:12,  9.70it/s]
[1A 61%|██████    | 4700/7731 [08:11<05:49,  8.67it/s]
[1A                                                   
{'loss': 0.1659, 'grad_norm': 2.4774396419525146, 'learning_rate': 8.347323517269851e-06, 'epoch': 1.82}
[1A
[1A 61%|██████    | 4700/7731 [08:11<05:49,  8.67it/s]
[1A 61%|██████    | 4701/7731 [08:12<07:38,  6.61it/s]
[1A 61%|██████    | 4702/7731 [08:12<08:07,  6.21it/s]
[1A 61%|██████    | 4703/7731 [08:12<07:38,  6.61it/s]
[1A 61%|██████    | 4704/7731 [08:12<07:24,  6.81it/s]
[1A 61%|██████    | 4705/7731 [08:12<07:08,  7.06it/s]
[1A 61%|██████    | 4706/7731 [08:12<07:58,  6.33it/s]
[1A 61%|██████    | 4707/7731 [08:12<07:30,  6.71it/s]
[1A 61%|██████    | 4708/7731 [08:13<07:31,  6.70it/s]
[1A 61%|██████    | 4709/7731 [08:13<07:03,  7.14it/s]
[1A 61%|██████    | 4710/7731 [08:13<06:38,  7.58it/s]
[1A 61%|██████    | 4711/7731 [08:13<06:55,  7.26it/s]
[1A 61%|██████    | 4712/7731 [08:13<06:41,  7.52it/s]
[1A 61%|██████    | 4713/7731 [08:13<07:11,  7.00it/s]
[1A 61%|██████    | 4714/7731 [08:13<06:55,  7.26it/s]
[1A 61%|██████    | 4715/7731 [08:14<07:03,  7.13it/s]
[1A 61%|██████    | 4716/7731 [08:14<07:09,  7.02it/s]
[1A 61%|██████    | 4717/7731 [08:14<06:38,  7.56it/s]
[1A 61%|██████    | 4718/7731 [08:14<07:51,  6.40it/s]
[1A 61%|██████    | 4719/7731 [08:14<07:15,  6.92it/s]
[1A 61%|██████    | 4720/7731 [08:14<07:05,  7.08it/s]
[1A 61%|██████    | 4721/7731 [08:14<07:12,  6.95it/s]
[1A 61%|██████    | 4722/7731 [08:15<08:11,  6.13it/s]
[1A 61%|██████    | 4723/7731 [08:15<07:50,  6.39it/s]
[1A 61%|██████    | 4724/7731 [08:15<07:13,  6.93it/s]
[1A 61%|██████    | 4725/7731 [08:15<07:04,  7.08it/s]
[1A 61%|██████    | 4726/7731 [08:15<06:43,  7.44it/s]
[1A 61%|██████    | 4727/7731 [08:15<06:40,  7.50it/s]
[1A 61%|██████    | 4728/7731 [08:15<07:08,  7.01it/s]
[1A 61%|██████    | 4729/7731 [08:16<07:00,  7.14it/s]
[1A 61%|██████    | 4730/7731 [08:16<06:48,  7.35it/s]
[1A 61%|██████    | 4731/7731 [08:16<06:57,  7.18it/s]
[1A 61%|██████    | 4732/7731 [08:16<07:12,  6.93it/s]
[1A 61%|██████    | 4733/7731 [08:16<06:59,  7.15it/s]
[1A 61%|██████    | 4735/7731 [08:16<06:23,  7.80it/s]
[1A 61%|██████▏   | 4736/7731 [08:16<06:16,  7.95it/s]
[1A 61%|██████▏   | 4737/7731 [08:17<06:24,  7.80it/s]
[1A 61%|██████▏   | 4739/7731 [08:17<06:35,  7.56it/s]
[1A 61%|██████▏   | 4740/7731 [08:17<06:36,  7.55it/s]
[1A 61%|██████▏   | 4741/7731 [08:17<06:39,  7.49it/s]
[1A 61%|██████▏   | 4742/7731 [08:17<06:21,  7.83it/s]
[1A 61%|██████▏   | 4743/7731 [08:17<06:27,  7.72it/s]
[1A 61%|██████▏   | 4744/7731 [08:18<06:54,  7.21it/s]
[1A 61%|██████▏   | 4745/7731 [08:18<06:36,  7.54it/s]
[1A 61%|██████▏   | 4747/7731 [08:18<05:58,  8.32it/s]
[1A 61%|██████▏   | 4748/7731 [08:18<05:51,  8.47it/s]
{'loss': 0.1946, 'grad_norm': 20.2685604095459, 'learning_rate': 8.209715150681162e-06, 'epoch': 1.84}
[1A 61%|██████▏   | 4750/7731 [08:18<05:55,  8.40it/s]                         
[1A
[1A 61%|██████▏   | 4750/7731 [08:18<05:55,  8.40it/s]
[1A 61%|██████▏   | 4751/7731 [08:18<05:43,  8.68it/s]
[1A 61%|██████▏   | 4752/7731 [08:18<06:12,  7.99it/s]
[1A 61%|██████▏   | 4753/7731 [08:19<06:08,  8.09it/s]
[1A 61%|██████▏   | 4754/7731 [08:19<06:11,  8.02it/s]
[1A 62%|██████▏   | 4755/7731 [08:19<06:14,  7.95it/s]
[1A 62%|██████▏   | 4756/7731 [08:19<06:02,  8.21it/s]
[1A 62%|██████▏   | 4757/7731 [08:19<05:43,  8.65it/s]
[1A 62%|██████▏   | 4758/7731 [08:19<05:34,  8.88it/s]
[1A 62%|██████▏   | 4759/7731 [08:19<05:28,  9.06it/s]
[1A 62%|██████▏   | 4760/7731 [08:19<05:22,  9.20it/s]
[1A 62%|██████▏   | 4761/7731 [08:19<05:23,  9.18it/s]
[1A 62%|██████▏   | 4762/7731 [08:20<05:19,  9.28it/s]
[1A 62%|██████▏   | 4763/7731 [08:20<05:17,  9.36it/s]
[1A 62%|██████▏   | 4764/7731 [08:20<05:23,  9.18it/s]
[1A 62%|██████▏   | 4765/7731 [08:20<05:18,  9.31it/s]
[1A 62%|██████▏   | 4766/7731 [08:20<05:23,  9.16it/s]
[1A 62%|██████▏   | 4767/7731 [08:20<05:19,  9.27it/s]
[1A 62%|██████▏   | 4768/7731 [08:20<05:17,  9.33it/s]
[1A 62%|██████▏   | 4769/7731 [08:20<05:11,  9.50it/s]
[1A 62%|██████▏   | 4770/7731 [08:20<05:39,  8.71it/s]
[1A 62%|██████▏   | 4771/7731 [08:21<07:10,  6.88it/s]
[1A 62%|██████▏   | 4772/7731 [08:21<06:56,  7.10it/s]
[1A 62%|██████▏   | 4774/7731 [08:21<06:13,  7.92it/s]
[1A 62%|██████▏   | 4776/7731 [08:21<05:36,  8.79it/s]
[1A 62%|██████▏   | 4777/7731 [08:21<05:30,  8.94it/s]
[1A 62%|██████▏   | 4779/7731 [08:22<05:12,  9.46it/s]
[1A 62%|██████▏   | 4780/7731 [08:22<05:19,  9.24it/s]
[1A 62%|██████▏   | 4781/7731 [08:22<05:47,  8.50it/s]
[1A 62%|██████▏   | 4782/7731 [08:22<05:47,  8.48it/s]
[1A 62%|██████▏   | 4783/7731 [08:22<05:51,  8.38it/s]
[1A 62%|██████▏   | 4784/7731 [08:22<05:38,  8.70it/s]
[1A 62%|██████▏   | 4785/7731 [08:22<05:35,  8.77it/s]
[1A 62%|██████▏   | 4787/7731 [08:22<05:23,  9.10it/s]
[1A 62%|██████▏   | 4789/7731 [08:23<05:09,  9.51it/s]
[1A 62%|██████▏   | 4791/7731 [08:23<04:59,  9.82it/s]
[1A 62%|██████▏   | 4793/7731 [08:23<05:09,  9.49it/s]
[1A 62%|██████▏   | 4794/7731 [08:23<05:06,  9.59it/s]
[1A 62%|██████▏   | 4796/7731 [08:23<04:59,  9.81it/s]
[1A 62%|██████▏   | 4797/7731 [08:23<04:59,  9.81it/s]
[1A 62%|██████▏   | 4798/7731 [08:24<04:59,  9.80it/s]
[1A 62%|██████▏   | 4800/7731 [08:24<04:52, 10.03it/s]
[1A                                                   
{'loss': 0.1567, 'grad_norm': 19.55760955810547, 'learning_rate': 8.072106784092473e-06, 'epoch': 1.86}
[1A
[1A 62%|██████▏   | 4800/7731 [08:24<04:52, 10.03it/s]
[1A 62%|██████▏   | 4801/7731 [08:24<04:52, 10.02it/s]
[1A 62%|██████▏   | 4803/7731 [08:24<05:01,  9.71it/s]
[1A 62%|██████▏   | 4805/7731 [08:24<04:59,  9.77it/s]
[1A 62%|██████▏   | 4807/7731 [08:24<04:52,  9.99it/s]
[1A 62%|██████▏   | 4808/7731 [08:25<04:55,  9.88it/s]
[1A 62%|██████▏   | 4810/7731 [08:25<04:54,  9.92it/s]
[1A 62%|██████▏   | 4812/7731 [08:25<04:54,  9.92it/s]
[1A 62%|██████▏   | 4814/7731 [08:25<04:52,  9.97it/s]
[1A 62%|██████▏   | 4815/7731 [08:25<04:55,  9.87it/s]
[1A 62%|██████▏   | 4817/7731 [08:25<04:54,  9.91it/s]
[1A 62%|██████▏   | 4818/7731 [08:26<04:56,  9.81it/s]
[1A 62%|██████▏   | 4820/7731 [08:26<04:51, 10.00it/s]
[1A 62%|██████▏   | 4821/7731 [08:26<04:51,  9.98it/s]
[1A 62%|██████▏   | 4822/7731 [08:26<04:54,  9.87it/s]
[1A 62%|██████▏   | 4824/7731 [08:26<04:45, 10.20it/s]
[1A 62%|██████▏   | 4826/7731 [08:26<04:58,  9.73it/s]
[1A 62%|██████▏   | 4828/7731 [08:27<04:51,  9.95it/s]
[1A 62%|██████▏   | 4829/7731 [08:27<04:53,  9.88it/s]
[1A 62%|██████▏   | 4830/7731 [08:27<05:16,  9.18it/s]
[1A 63%|██████▎   | 4832/7731 [08:27<05:15,  9.19it/s]
[1A 63%|██████▎   | 4834/7731 [08:27<05:06,  9.45it/s]
[1A 63%|██████▎   | 4835/7731 [08:27<05:14,  9.20it/s]
[1A 63%|██████▎   | 4836/7731 [08:27<05:14,  9.20it/s]
[1A 63%|██████▎   | 4838/7731 [08:28<05:13,  9.23it/s]
[1A 63%|██████▎   | 4840/7731 [08:28<05:08,  9.38it/s]
[1A 63%|██████▎   | 4841/7731 [08:28<05:05,  9.45it/s]
[1A 63%|██████▎   | 4843/7731 [08:28<04:59,  9.63it/s]
[1A 63%|██████▎   | 4845/7731 [08:28<04:56,  9.75it/s]
[1A 63%|██████▎   | 4846/7731 [08:29<05:02,  9.52it/s]
[1A 63%|██████▎   | 4847/7731 [08:29<05:07,  9.39it/s]
[1A 63%|██████▎   | 4848/7731 [08:29<05:09,  9.33it/s]
[1A 63%|██████▎   | 4850/7731 [08:29<04:53,  9.82it/s]
[1A                                                   
{'loss': 0.2184, 'grad_norm': 4.807836055755615, 'learning_rate': 7.934498417503786e-06, 'epoch': 1.88}
[1A
[1A 63%|██████▎   | 4850/7731 [08:29<04:53,  9.82it/s]
[1A 63%|██████▎   | 4852/7731 [08:29<04:48,  9.99it/s]
[1A 63%|██████▎   | 4853/7731 [08:29<04:51,  9.88it/s]
[1A 63%|██████▎   | 4855/7731 [08:29<04:44, 10.11it/s]
[1A 63%|██████▎   | 4856/7731 [08:30<04:45, 10.06it/s]
[1A 63%|██████▎   | 4857/7731 [08:30<04:47, 10.01it/s]
[1A 63%|██████▎   | 4858/7731 [08:30<05:10,  9.24it/s]
[1A 63%|██████▎   | 4860/7731 [08:30<04:59,  9.58it/s]
[1A 63%|██████▎   | 4861/7731 [08:30<04:57,  9.65it/s]
[1A 63%|██████▎   | 4862/7731 [08:30<04:55,  9.72it/s]
[1A 63%|██████▎   | 4863/7731 [08:30<05:00,  9.53it/s]
[1A 63%|██████▎   | 4865/7731 [08:30<04:48,  9.92it/s]
[1A 63%|██████▎   | 4866/7731 [08:31<04:56,  9.65it/s]
[1A 63%|██████▎   | 4868/7731 [08:31<04:54,  9.73it/s]
[1A 63%|██████▎   | 4870/7731 [08:31<04:42, 10.12it/s]
[1A 63%|██████▎   | 4872/7731 [08:31<04:39, 10.23it/s]
[1A 63%|██████▎   | 4874/7731 [08:31<04:36, 10.32it/s]
[1A 63%|██████▎   | 4876/7731 [08:32<04:35, 10.36it/s]
[1A 63%|██████▎   | 4878/7731 [08:32<04:38, 10.25it/s]
[1A 63%|██████▎   | 4880/7731 [08:32<04:37, 10.27it/s]
[1A 63%|██████▎   | 4882/7731 [08:32<04:41, 10.12it/s]
[1A 63%|██████▎   | 4884/7731 [08:32<04:59,  9.49it/s]
[1A 63%|██████▎   | 4886/7731 [08:33<04:58,  9.52it/s]
[1A 63%|██████▎   | 4887/7731 [08:33<04:59,  9.50it/s]
[1A 63%|██████▎   | 4888/7731 [08:33<05:03,  9.36it/s]
[1A 63%|██████▎   | 4890/7731 [08:33<04:51,  9.75it/s]
[1A 63%|██████▎   | 4891/7731 [08:33<05:11,  9.13it/s]
[1A 63%|██████▎   | 4893/7731 [08:33<04:58,  9.52it/s]
[1A 63%|██████▎   | 4894/7731 [08:33<04:56,  9.56it/s]
[1A 63%|██████▎   | 4895/7731 [08:34<04:55,  9.59it/s]
[1A 63%|██████▎   | 4897/7731 [08:34<04:46,  9.89it/s]
[1A 63%|██████▎   | 4898/7731 [08:34<05:02,  9.38it/s]
[1A 63%|██████▎   | 4899/7731 [08:34<05:09,  9.16it/s]
[1A 63%|██████▎   | 4900/7731 [08:34<05:42,  8.27it/s]
[1A                                                   
{'loss': 0.2203, 'grad_norm': 11.416075706481934, 'learning_rate': 7.796890050915095e-06, 'epoch': 1.9}
[1A
[1A 63%|██████▎   | 4900/7731 [08:34<05:42,  8.27it/s]
[1A 63%|██████▎   | 4901/7731 [08:34<05:27,  8.63it/s]
[1A 63%|██████▎   | 4902/7731 [08:34<05:18,  8.88it/s]
[1A 63%|██████▎   | 4904/7731 [08:35<05:20,  8.81it/s]
[1A 63%|██████▎   | 4905/7731 [08:35<05:15,  8.97it/s]
[1A 63%|██████▎   | 4906/7731 [08:35<05:13,  9.00it/s]
[1A 63%|██████▎   | 4907/7731 [08:35<05:13,  9.00it/s]
[1A 63%|██████▎   | 4908/7731 [08:35<06:36,  7.12it/s]
[1A 63%|██████▎   | 4909/7731 [08:35<06:14,  7.54it/s]
[1A 64%|██████▎   | 4910/7731 [08:35<05:54,  7.97it/s]
[1A 64%|██████▎   | 4911/7731 [08:35<05:39,  8.30it/s]
[1A 64%|██████▎   | 4913/7731 [08:36<05:08,  9.14it/s]
[1A 64%|██████▎   | 4914/7731 [08:36<05:04,  9.24it/s]
[1A 64%|██████▎   | 4915/7731 [08:36<05:33,  8.44it/s]
[1A 64%|██████▎   | 4916/7731 [08:36<05:55,  7.91it/s]
[1A 64%|██████▎   | 4917/7731 [08:36<06:21,  7.38it/s]
[1A 64%|██████▎   | 4918/7731 [08:36<06:45,  6.93it/s]
[1A 64%|██████▎   | 4919/7731 [08:37<07:23,  6.34it/s]
[1A 64%|██████▎   | 4920/7731 [08:37<07:15,  6.46it/s]
[1A 64%|██████▎   | 4921/7731 [08:37<06:35,  7.11it/s]
[1A 64%|██████▎   | 4922/7731 [08:37<06:02,  7.74it/s]
[1A 64%|██████▎   | 4923/7731 [08:37<06:58,  6.72it/s]
[1A 64%|██████▎   | 4924/7731 [08:37<06:33,  7.14it/s]
[1A 64%|██████▎   | 4925/7731 [08:37<06:33,  7.12it/s]
[1A 64%|██████▎   | 4926/7731 [08:38<07:07,  6.56it/s]
[1A 64%|██████▎   | 4927/7731 [08:38<06:43,  6.95it/s]
[1A 64%|██████▎   | 4928/7731 [08:38<06:17,  7.42it/s]
[1A 64%|██████▍   | 4929/7731 [08:38<06:02,  7.74it/s]
[1A 64%|██████▍   | 4930/7731 [08:38<06:23,  7.30it/s]
[1A 64%|██████▍   | 4931/7731 [08:38<06:10,  7.55it/s]
[1A 64%|██████▍   | 4932/7731 [08:38<06:01,  7.75it/s]
[1A 64%|██████▍   | 4933/7731 [08:38<07:32,  6.19it/s]
[1A 64%|██████▍   | 4934/7731 [08:39<06:49,  6.82it/s]
[1A 64%|██████▍   | 4935/7731 [08:39<06:38,  7.02it/s]
[1A 64%|██████▍   | 4936/7731 [08:39<06:14,  7.46it/s]
[1A 64%|██████▍   | 4937/7731 [08:39<05:52,  7.94it/s]
[1A 64%|██████▍   | 4939/7731 [08:39<05:16,  8.81it/s]
[1A 64%|██████▍   | 4940/7731 [08:39<05:12,  8.92it/s]
[1A 64%|██████▍   | 4941/7731 [08:39<05:05,  9.13it/s]
[1A 64%|██████▍   | 4942/7731 [08:39<05:14,  8.87it/s]
[1A 64%|██████▍   | 4943/7731 [08:40<05:12,  8.93it/s]
[1A 64%|██████▍   | 4944/7731 [08:40<05:12,  8.93it/s]
[1A 64%|██████▍   | 4945/7731 [08:40<05:17,  8.78it/s]
[1A 64%|██████▍   | 4946/7731 [08:40<06:00,  7.72it/s]
[1A 64%|██████▍   | 4947/7731 [08:40<06:11,  7.49it/s]
[1A 64%|██████▍   | 4948/7731 [08:40<05:47,  8.00it/s]
[1A 64%|██████▍   | 4949/7731 [08:40<05:27,  8.49it/s]
[1A 64%|██████▍   | 4950/7731 [08:40<05:15,  8.82it/s]
[1A                                                   
{'loss': 0.185, 'grad_norm': 0.8756954073905945, 'learning_rate': 7.659281684326408e-06, 'epoch': 1.92}
[1A
[1A 64%|██████▍   | 4950/7731 [08:40<05:15,  8.82it/s]
[1A 64%|██████▍   | 4951/7731 [08:41<05:20,  8.66it/s]
[1A 64%|██████▍   | 4953/7731 [08:41<04:57,  9.35it/s]
[1A 64%|██████▍   | 4954/7731 [08:41<05:00,  9.24it/s]
[1A 64%|██████▍   | 4956/7731 [08:41<04:52,  9.50it/s]
[1A 64%|██████▍   | 4957/7731 [08:41<04:49,  9.59it/s]
[1A 64%|██████▍   | 4958/7731 [08:41<05:16,  8.76it/s]
[1A 64%|██████▍   | 4959/7731 [08:41<05:21,  8.61it/s]
[1A 64%|██████▍   | 4960/7731 [08:42<05:11,  8.89it/s]
[1A 64%|██████▍   | 4961/7731 [08:42<05:10,  8.92it/s]
[1A 64%|██████▍   | 4962/7731 [08:42<05:02,  9.15it/s]
[1A 64%|██████▍   | 4963/7731 [08:42<05:06,  9.04it/s]
[1A 64%|██████▍   | 4964/7731 [08:42<05:00,  9.20it/s]
[1A 64%|██████▍   | 4965/7731 [08:42<05:16,  8.74it/s]
[1A 64%|██████▍   | 4966/7731 [08:42<05:11,  8.88it/s]
[1A 64%|██████▍   | 4967/7731 [08:42<05:04,  9.07it/s]
[1A 64%|██████▍   | 4968/7731 [08:42<05:15,  8.75it/s]
[1A 64%|██████▍   | 4969/7731 [08:43<05:06,  9.01it/s]
[1A 64%|██████▍   | 4971/7731 [08:43<04:44,  9.70it/s]
[1A 64%|██████▍   | 4973/7731 [08:43<04:36,  9.96it/s]
[1A 64%|██████▍   | 4974/7731 [08:43<04:43,  9.71it/s]
[1A 64%|██████▍   | 4975/7731 [08:43<04:43,  9.71it/s]
[1A 64%|██████▍   | 4977/7731 [08:43<04:42,  9.76it/s]
[1A 64%|██████▍   | 4978/7731 [08:43<04:43,  9.72it/s]
[1A 64%|██████▍   | 4979/7731 [08:44<04:44,  9.66it/s]
[1A 64%|██████▍   | 4981/7731 [08:44<04:41,  9.78it/s]
[1A 64%|██████▍   | 4982/7731 [08:44<04:46,  9.59it/s]
[1A 64%|██████▍   | 4984/7731 [08:44<04:41,  9.75it/s]
[1A 64%|██████▍   | 4985/7731 [08:44<04:44,  9.64it/s]
[1A 64%|██████▍   | 4986/7731 [08:44<04:43,  9.67it/s]
[1A 65%|██████▍   | 4987/7731 [08:44<04:43,  9.67it/s]
[1A 65%|██████▍   | 4988/7731 [08:44<04:50,  9.45it/s]
[1A 65%|██████▍   | 4990/7731 [08:45<04:39,  9.81it/s]
[1A 65%|██████▍   | 4991/7731 [08:45<04:54,  9.30it/s]
[1A 65%|██████▍   | 4992/7731 [08:45<04:54,  9.31it/s]
[1A 65%|██████▍   | 4993/7731 [08:45<04:53,  9.33it/s]
[1A 65%|██████▍   | 4995/7731 [08:45<04:41,  9.72it/s]
[1A 65%|██████▍   | 4997/7731 [08:45<04:37,  9.86it/s]
[1A 65%|██████▍   | 4998/7731 [08:46<04:36,  9.88it/s]
[1A 65%|██████▍   | 5000/7731 [08:46<04:35,  9.93it/s]
[1A                                                   
{'loss': 0.172, 'grad_norm': 3.6648192405700684, 'learning_rate': 7.521673317737719e-06, 'epoch': 1.94}
[1A
[1A 65%|██████▍   | 5000/7731 [08:46<04:35,  9.93it/s]
[1A 65%|██████▍   | 5001/7731 [08:46<04:55,  9.25it/s]
[1A 65%|██████▍   | 5003/7731 [08:46<04:39,  9.75it/s]
[1A 65%|██████▍   | 5005/7731 [08:46<04:35,  9.89it/s]
[1A 65%|██████▍   | 5007/7731 [08:46<04:35,  9.88it/s]
[1A 65%|██████▍   | 5008/7731 [08:47<04:36,  9.86it/s]
[1A 65%|██████▍   | 5010/7731 [08:47<04:32,  9.97it/s]
[1A 65%|██████▍   | 5011/7731 [08:47<04:33,  9.96it/s]
[1A 65%|██████▍   | 5012/7731 [08:47<04:39,  9.74it/s]
[1A 65%|██████▍   | 5013/7731 [08:47<04:40,  9.67it/s]
[1A 65%|██████▍   | 5014/7731 [08:47<04:39,  9.71it/s]
[1A 65%|██████▍   | 5015/7731 [08:47<04:38,  9.74it/s]
[1A 65%|██████▍   | 5017/7731 [08:47<04:33,  9.91it/s]
[1A 65%|██████▍   | 5019/7731 [08:48<04:28, 10.08it/s]
[1A 65%|██████▍   | 5021/7731 [08:48<04:31,  9.99it/s]
[1A 65%|██████▍   | 5023/7731 [08:48<04:25, 10.19it/s]
[1A 65%|██████▍   | 5025/7731 [08:48<04:36,  9.79it/s]
[1A 65%|██████▌   | 5026/7731 [08:48<04:44,  9.50it/s]
[1A 65%|██████▌   | 5027/7731 [08:49<04:59,  9.03it/s]
[1A 65%|██████▌   | 5028/7731 [08:49<05:05,  8.85it/s]
[1A 65%|██████▌   | 5029/7731 [08:49<04:57,  9.09it/s]
[1A 65%|██████▌   | 5031/7731 [08:49<04:55,  9.15it/s]
[1A 65%|██████▌   | 5033/7731 [08:49<04:39,  9.66it/s]
[1A 65%|██████▌   | 5034/7731 [08:49<04:41,  9.57it/s]
[1A 65%|██████▌   | 5036/7731 [08:49<04:33,  9.87it/s]
[1A 65%|██████▌   | 5038/7731 [08:50<04:34,  9.81it/s]
[1A 65%|██████▌   | 5040/7731 [08:50<04:38,  9.65it/s]
[1A 65%|██████▌   | 5042/7731 [08:50<04:31,  9.91it/s]
[1A 65%|██████▌   | 5044/7731 [08:50<04:25, 10.12it/s]
[1A 65%|██████▌   | 5046/7731 [08:50<04:21, 10.26it/s]
[1A 65%|██████▌   | 5048/7731 [08:51<04:34,  9.79it/s]
[1A 65%|██████▌   | 5049/7731 [08:51<04:35,  9.72it/s]
[1A                                                   
{'loss': 0.1966, 'grad_norm': 19.254247665405273, 'learning_rate': 7.38406495114903e-06, 'epoch': 1.96}
[1A
[1A 65%|██████▌   | 5050/7731 [08:51<04:35,  9.72it/s]
[1A 65%|██████▌   | 5051/7731 [08:51<04:29,  9.94it/s]
[1A 65%|██████▌   | 5052/7731 [08:51<04:29,  9.94it/s]
[1A 65%|██████▌   | 5053/7731 [08:51<04:30,  9.89it/s]
[1A 65%|██████▌   | 5055/7731 [08:51<04:29,  9.94it/s]
[1A 65%|██████▌   | 5056/7731 [08:51<04:42,  9.48it/s]
[1A 65%|██████▌   | 5058/7731 [08:52<04:30,  9.90it/s]
[1A 65%|██████▌   | 5060/7731 [08:52<04:34,  9.73it/s]
[1A 65%|██████▌   | 5061/7731 [08:52<04:40,  9.52it/s]
[1A 65%|██████▌   | 5062/7731 [08:52<04:46,  9.32it/s]
[1A 65%|██████▌   | 5063/7731 [08:52<04:46,  9.30it/s]
[1A 66%|██████▌   | 5065/7731 [08:52<04:33,  9.74it/s]
[1A 66%|██████▌   | 5067/7731 [08:53<04:29,  9.90it/s]
[1A 66%|██████▌   | 5069/7731 [08:53<04:25, 10.04it/s]
[1A 66%|██████▌   | 5071/7731 [08:53<04:22, 10.11it/s]
[1A 66%|██████▌   | 5073/7731 [08:53<04:35,  9.64it/s]
[1A 66%|██████▌   | 5074/7731 [08:53<04:35,  9.65it/s]
[1A 66%|██████▌   | 5076/7731 [08:54<04:36,  9.60it/s]
[1A 66%|██████▌   | 5078/7731 [08:54<04:28,  9.88it/s]
[1A 66%|██████▌   | 5080/7731 [08:54<04:31,  9.78it/s]
[1A 66%|██████▌   | 5081/7731 [08:54<04:32,  9.72it/s]
[1A 66%|██████▌   | 5082/7731 [08:54<04:35,  9.62it/s]
[1A 66%|██████▌   | 5083/7731 [08:54<04:46,  9.25it/s]
[1A 66%|██████▌   | 5084/7731 [08:54<04:50,  9.10it/s]
[1A 66%|██████▌   | 5085/7731 [08:54<04:49,  9.15it/s]
[1A 66%|██████▌   | 5086/7731 [08:55<04:45,  9.26it/s]
[1A 66%|██████▌   | 5087/7731 [08:55<05:01,  8.76it/s]
[1A 66%|██████▌   | 5088/7731 [08:55<05:13,  8.42it/s]
[1A 66%|██████▌   | 5089/7731 [08:55<05:34,  7.90it/s]
[1A 66%|██████▌   | 5090/7731 [08:55<05:42,  7.71it/s]
[1A 66%|██████▌   | 5091/7731 [08:55<05:29,  8.01it/s]
[1A 66%|██████▌   | 5092/7731 [08:55<05:22,  8.20it/s]
[1A 66%|██████▌   | 5093/7731 [08:56<06:04,  7.25it/s]
[1A 66%|██████▌   | 5094/7731 [08:56<05:47,  7.58it/s]
[1A 66%|██████▌   | 5095/7731 [08:56<05:39,  7.76it/s]
[1A 66%|██████▌   | 5096/7731 [08:56<06:12,  7.07it/s]
[1A 66%|██████▌   | 5097/7731 [08:56<06:01,  7.30it/s]
[1A 66%|██████▌   | 5098/7731 [08:56<07:57,  5.51it/s]
[1A 66%|██████▌   | 5099/7731 [08:57<09:10,  4.78it/s]
[1A 66%|██████▌   | 5100/7731 [08:57<08:50,  4.96it/s]
[1A                                                   
{'loss': 0.1989, 'grad_norm': 3.520404100418091, 'learning_rate': 7.246456584560342e-06, 'epoch': 1.98}
[1A
[1A 66%|██████▌   | 5100/7731 [08:57<08:50,  4.96it/s]
[1A 66%|██████▌   | 5101/7731 [08:57<08:50,  4.96it/s]
[1A 66%|██████▌   | 5102/7731 [08:57<07:57,  5.51it/s]
[1A 66%|██████▌   | 5103/7731 [08:57<07:26,  5.89it/s]
[1A 66%|██████▌   | 5105/7731 [08:57<06:00,  7.28it/s]
[1A 66%|██████▌   | 5106/7731 [08:58<05:39,  7.74it/s]
[1A 66%|██████▌   | 5107/7731 [08:58<05:19,  8.22it/s]
[1A 66%|██████▌   | 5109/7731 [08:58<04:56,  8.83it/s]
[1A 66%|██████▌   | 5111/7731 [08:58<04:43,  9.23it/s]
[1A 66%|██████▌   | 5112/7731 [08:58<04:39,  9.38it/s]
[1A 66%|██████▌   | 5113/7731 [08:58<04:37,  9.44it/s]
[1A 66%|██████▌   | 5114/7731 [08:58<04:36,  9.47it/s]
[1A 66%|██████▌   | 5116/7731 [08:59<04:29,  9.71it/s]
[1A 66%|██████▌   | 5118/7731 [08:59<04:28,  9.75it/s]
[1A 66%|██████▌   | 5119/7731 [08:59<04:38,  9.36it/s]
[1A 66%|██████▌   | 5120/7731 [08:59<04:41,  9.28it/s]
[1A 66%|██████▌   | 5121/7731 [08:59<04:53,  8.89it/s]
[1A 66%|██████▋   | 5122/7731 [08:59<05:04,  8.58it/s]
[1A 66%|██████▋   | 5123/7731 [08:59<05:02,  8.62it/s]
[1A 66%|██████▋   | 5124/7731 [09:00<04:54,  8.85it/s]
[1A 66%|██████▋   | 5125/7731 [09:00<04:51,  8.94it/s]
[1A 66%|██████▋   | 5126/7731 [09:00<04:44,  9.16it/s]
[1A 66%|██████▋   | 5127/7731 [09:00<05:01,  8.64it/s]
[1A 66%|██████▋   | 5128/7731 [09:00<04:49,  8.99it/s]
[1A 66%|██████▋   | 5130/7731 [09:00<04:31,  9.57it/s]
[1A 66%|██████▋   | 5132/7731 [09:00<04:24,  9.84it/s]
[1A 66%|██████▋   | 5134/7731 [09:01<04:20,  9.95it/s]
[1A 66%|██████▋   | 5135/7731 [09:01<04:34,  9.46it/s]
[1A 66%|██████▋   | 5136/7731 [09:01<04:31,  9.56it/s]
[1A 66%|██████▋   | 5138/7731 [09:01<04:25,  9.78it/s]
[1A 66%|██████▋   | 5139/7731 [09:01<04:24,  9.80it/s]
[1A 66%|██████▋   | 5140/7731 [09:01<04:27,  9.70it/s]
[1A 67%|██████▋   | 5142/7731 [09:01<04:32,  9.51it/s]
[1A 67%|██████▋   | 5143/7731 [09:02<04:29,  9.61it/s]
[1A 67%|██████▋   | 5145/7731 [09:02<04:27,  9.66it/s]
[1A 67%|██████▋   | 5146/7731 [09:02<04:27,  9.65it/s]
[1A 67%|██████▋   | 5148/7731 [09:02<04:22,  9.85it/s]
[1A 67%|██████▋   | 5149/7731 [09:02<04:25,  9.72it/s]
[1A 67%|██████▋   | 5150/7731 [09:02<04:28,  9.60it/s]
{'loss': 0.1595, 'grad_norm': 13.537335395812988, 'learning_rate': 7.108848217971653e-06, 'epoch': 2.0}
[1A                                                   
[1A 67%|██████▋   | 5150/7731 [09:02<04:28,  9.60it/s]
[1A 67%|██████▋   | 5151/7731 [09:02<04:41,  9.17it/s]
[1A 67%|██████▋   | 5153/7731 [09:03<04:28,  9.61it/s]

[1A
[1A  0%|          | 0/200 [00:00<?, ?it/s][A

[1A
[1A  2%|▏         | 4/200 [00:00<00:05, 38.59it/s][A

[1A
[1A  4%|▍         | 9/200 [00:00<00:04, 40.05it/s][A

[1A
[1A  7%|▋         | 14/200 [00:00<00:04, 38.75it/s][A

[1A
[1A  9%|▉         | 18/200 [00:00<00:04, 38.33it/s][A

[1A
[1A 12%|█▏        | 23/200 [00:00<00:04, 40.29it/s][A

[1A
[1A 14%|█▍        | 28/200 [00:00<00:04, 39.65it/s][A

[1A
[1A 16%|█▋        | 33/200 [00:00<00:03, 42.59it/s][A

[1A
[1A 20%|█▉        | 39/200 [00:00<00:03, 45.56it/s][A

[1A
[1A 22%|██▎       | 45/200 [00:01<00:03, 47.93it/s][A

[1A
[1A 25%|██▌       | 50/200 [00:01<00:03, 46.56it/s][A

[1A
[1A 28%|██▊       | 56/200 [00:01<00:02, 48.08it/s][A

[1A
[1A 30%|███       | 61/200 [00:01<00:03, 44.25it/s][A

[1A
[1A 33%|███▎      | 66/200 [00:01<00:03, 38.67it/s][A

[1A
[1A 36%|███▌      | 71/200 [00:01<00:03, 37.25it/s][A

[1A
[1A 38%|███▊      | 76/200 [00:01<00:03, 39.55it/s][A

[1A
[1A 40%|████      | 81/200 [00:01<00:03, 37.50it/s][A

[1A
[1A 42%|████▎     | 85/200 [00:02<00:03, 35.45it/s][A

[1A
[1A 44%|████▍     | 89/200 [00:02<00:03, 33.86it/s][A

[1A
[1A 46%|████▋     | 93/200 [00:02<00:03, 31.82it/s][A

[1A
[1A 48%|████▊     | 97/200 [00:02<00:03, 32.80it/s][A

[1A
[1A 50%|█████     | 101/200 [00:02<00:03, 32.47it/s][A

[1A
[1A 52%|█████▎    | 105/200 [00:02<00:03, 30.07it/s][A

[1A
[1A 55%|█████▍    | 109/200 [00:02<00:03, 27.46it/s][A

[1A 56%|█████▋    | 113/200 [00:03<00:03, 28.81it/s][A

[1A
[1A 58%|█████▊    | 116/200 [00:03<00:02, 28.40it/s][A

[1A
[1A 60%|██████    | 120/200 [00:03<00:02, 28.94it/s][A

[1A
[1A 62%|██████▏   | 124/200 [00:03<00:02, 29.06it/s][A

[1A
[1A 64%|██████▎   | 127/200 [00:03<00:02, 25.74it/s][A

[1A
[1A 66%|██████▌   | 131/200 [00:03<00:02, 28.30it/s][A

[1A
[1A 68%|██████▊   | 136/200 [00:03<00:02, 31.26it/s][A

[1A 70%|███████   | 140/200 [00:04<00:01, 30.32it/s][A

[1A
[1A 72%|███████▏  | 144/200 [00:04<00:01, 28.11it/s][A

[1A
[1A 74%|███████▍  | 148/200 [00:04<00:01, 29.90it/s][A

[1A
[1A 76%|███████▌  | 152/200 [00:04<00:01, 28.78it/s][A

[1A
[1A 78%|███████▊  | 157/200 [00:04<00:01, 31.89it/s][A

[1A
[1A 80%|████████  | 161/200 [00:04<00:01, 31.11it/s][A

[1A
[1A 82%|████████▎ | 165/200 [00:04<00:01, 30.55it/s][A

[1A
[1A 85%|████████▌ | 170/200 [00:04<00:00, 33.16it/s][A

[1A
[1A 87%|████████▋ | 174/200 [00:05<00:00, 34.08it/s][A

[1A
[1A 89%|████████▉ | 178/200 [00:05<00:00, 32.65it/s][A

[1A
[1A 91%|█████████ | 182/200 [00:05<00:00, 32.52it/s][A

[1A
[1A 93%|█████████▎| 186/200 [00:05<00:00, 31.63it/s][A

[1A
[1A 95%|█████████▌| 190/200 [00:05<00:00, 29.87it/s][A

[1A 97%|█████████▋| 194/200 [00:05<00:00, 31.92it/s][A

[1A
[1A 99%|█████████▉| 198/200 [00:05<00:00, 32.47it/s][A
[1A                                                   
[1A

[1A                                                 
[1A
{'eval_loss': 0.4812138080596924, 'eval_accuracy': 0.8282352941176471, 'eval_f1_macro': 0.8282309661455584, 'eval_precision_macro': 0.8287477347153991, 'eval_recall_macro': 0.828595479897803, 'eval_runtime': 5.9805, 'eval_samples_per_second': 1065.961, 'eval_steps_per_second': 33.442, 'epoch': 2.0}
[1A[A
[1A 67%|██████▋   | 5154/7731 [09:09<04:28,  9.61it/s]

[1A
[1A100%|██████████| 200/200 [00:05<00:00, 32.47it/s][A

[1A                                                 [A
[1A 67%|██████▋   | 5155/7731 [09:14<1:36:22,  2.24s/it]
[1A 67%|██████▋   | 5156/7731 [09:14<1:16:57,  1.79s/it]
[1A 67%|██████▋   | 5158/7731 [09:15<49:37,  1.16s/it]  
[1A 67%|██████▋   | 5159/7731 [09:15<40:02,  1.07it/s]
[1A 67%|██████▋   | 5161/7731 [09:15<26:32,  1.61it/s]
[1A 67%|██████▋   | 5162/7731 [09:15<21:48,  1.96it/s]
[1A 67%|██████▋   | 5163/7731 [09:15<17:54,  2.39it/s]
[1A 67%|██████▋   | 5164/7731 [09:15<14:42,  2.91it/s]
[1A 67%|██████▋   | 5165/7731 [09:15<12:44,  3.36it/s]
[1A 67%|██████▋   | 5167/7731 [09:16<09:11,  4.65it/s]
[1A 67%|██████▋   | 5169/7731 [09:16<07:22,  5.79it/s]
[1A 67%|██████▋   | 5170/7731 [09:16<06:44,  6.33it/s]
[1A 67%|██████▋   | 5172/7731 [09:16<05:42,  7.48it/s]
[1A 67%|██████▋   | 5173/7731 [09:16<05:28,  7.78it/s]
[1A 67%|██████▋   | 5174/7731 [09:16<05:20,  7.97it/s]
[1A 67%|██████▋   | 5175/7731 [09:16<05:07,  8.31it/s]
[1A 67%|██████▋   | 5176/7731 [09:16<05:01,  8.47it/s]
[1A 67%|██████▋   | 5178/7731 [09:17<04:43,  9.02it/s]
[1A 67%|██████▋   | 5179/7731 [09:17<04:48,  8.84it/s]
[1A 67%|██████▋   | 5180/7731 [09:17<04:51,  8.77it/s]
[1A 67%|██████▋   | 5182/7731 [09:17<04:32,  9.36it/s]
[1A 67%|██████▋   | 5184/7731 [09:17<04:23,  9.67it/s]
[1A 67%|██████▋   | 5185/7731 [09:17<04:29,  9.46it/s]
[1A 67%|██████▋   | 5187/7731 [09:18<04:18,  9.85it/s]
[1A 67%|██████▋   | 5189/7731 [09:18<04:13, 10.04it/s]
[1A 67%|██████▋   | 5190/7731 [09:18<04:16,  9.89it/s]
[1A 67%|██████▋   | 5192/7731 [09:18<04:11, 10.10it/s]
[1A 67%|██████▋   | 5194/7731 [09:18<04:09, 10.16it/s]
[1A 67%|██████▋   | 5196/7731 [09:18<04:05, 10.33it/s]
[1A 67%|██████▋   | 5198/7731 [09:19<04:07, 10.22it/s]
[1A 67%|██████▋   | 5200/7731 [09:19<04:08, 10.18it/s]
[1A                                                   
{'loss': 0.1501, 'grad_norm': 8.868836402893066, 'learning_rate': 6.971239851382965e-06, 'epoch': 2.02}
[1A
[1A 67%|██████▋   | 5200/7731 [09:19<04:08, 10.18it/s]
[1A 67%|██████▋   | 5202/7731 [09:19<04:19,  9.73it/s]
[1A 67%|██████▋   | 5203/7731 [09:19<04:19,  9.75it/s]
[1A 67%|██████▋   | 5204/7731 [09:19<04:26,  9.49it/s]
[1A 67%|██████▋   | 5206/7731 [09:20<04:22,  9.62it/s]
[1A 67%|██████▋   | 5208/7731 [09:20<04:17,  9.79it/s]
[1A 67%|██████▋   | 5209/7731 [09:20<04:21,  9.65it/s]
[1A 67%|██████▋   | 5211/7731 [09:20<04:17,  9.79it/s]
[1A 67%|██████▋   | 5212/7731 [09:20<04:16,  9.81it/s]
[1A 67%|██████▋   | 5214/7731 [09:20<04:11, 10.02it/s]
[1A 67%|██████▋   | 5216/7731 [09:21<04:13,  9.92it/s]
[1A 67%|██████▋   | 5218/7731 [09:21<04:09, 10.07it/s]
[1A 68%|██████▊   | 5220/7731 [09:21<04:17,  9.74it/s]
[1A 68%|██████▊   | 5221/7731 [09:21<04:27,  9.40it/s]
[1A 68%|██████▊   | 5222/7731 [09:21<04:46,  8.75it/s]
[1A 68%|██████▊   | 5224/7731 [09:21<04:43,  8.85it/s]
[1A 68%|██████▊   | 5226/7731 [09:22<04:35,  9.08it/s]
[1A 68%|██████▊   | 5227/7731 [09:22<04:30,  9.25it/s]
[1A 68%|██████▊   | 5229/7731 [09:22<04:28,  9.33it/s]
[1A 68%|██████▊   | 5230/7731 [09:22<04:27,  9.35it/s]
[1A 68%|██████▊   | 5231/7731 [09:22<04:26,  9.40it/s]
[1A 68%|██████▊   | 5233/7731 [09:22<04:18,  9.65it/s]
[1A 68%|██████▊   | 5235/7731 [09:23<04:13,  9.84it/s]
[1A 68%|██████▊   | 5236/7731 [09:23<04:15,  9.76it/s]
[1A 68%|██████▊   | 5238/7731 [09:23<04:10,  9.95it/s]
[1A 68%|██████▊   | 5239/7731 [09:23<04:11,  9.92it/s]
[1A 68%|██████▊   | 5240/7731 [09:23<04:23,  9.47it/s]
[1A 68%|██████▊   | 5241/7731 [09:23<04:22,  9.48it/s]
[1A 68%|██████▊   | 5243/7731 [09:23<04:14,  9.79it/s]
[1A 68%|██████▊   | 5244/7731 [09:23<04:23,  9.45it/s]
[1A 68%|██████▊   | 5246/7731 [09:24<04:18,  9.61it/s]
[1A 68%|██████▊   | 5248/7731 [09:24<04:13,  9.80it/s]
[1A 68%|██████▊   | 5249/7731 [09:24<04:19,  9.58it/s]
[1A 68%|██████▊   | 5250/7731 [09:24<04:20,  9.52it/s]
[1A                                                   
{'loss': 0.1627, 'grad_norm': 2.9188475608825684, 'learning_rate': 6.833631484794277e-06, 'epoch': 2.04}
[1A
[1A 68%|██████▊   | 5250/7731 [09:24<04:20,  9.52it/s]
[1A 68%|██████▊   | 5251/7731 [09:24<04:18,  9.59it/s]
[1A 68%|██████▊   | 5252/7731 [09:24<04:19,  9.57it/s]
[1A 68%|██████▊   | 5254/7731 [09:25<04:18,  9.57it/s]
[1A 68%|██████▊   | 5256/7731 [09:25<04:10,  9.87it/s]
[1A 68%|██████▊   | 5257/7731 [09:25<04:12,  9.81it/s]
[1A 68%|██████▊   | 5258/7731 [09:25<04:22,  9.44it/s]
[1A 68%|██████▊   | 5260/7731 [09:25<04:16,  9.63it/s]
[1A 68%|██████▊   | 5261/7731 [09:25<04:18,  9.57it/s]
[1A 68%|██████▊   | 5262/7731 [09:25<04:16,  9.62it/s]
[1A 68%|██████▊   | 5263/7731 [09:25<04:20,  9.49it/s]
[1A 68%|██████▊   | 5265/7731 [09:26<04:09,  9.89it/s]
[1A 68%|██████▊   | 5267/7731 [09:26<04:05, 10.04it/s]
[1A 68%|██████▊   | 5269/7731 [09:26<04:00, 10.23it/s]
[1A 68%|██████▊   | 5271/7731 [09:26<04:03, 10.09it/s]
[1A 68%|██████▊   | 5273/7731 [09:26<04:26,  9.21it/s]
[1A 68%|██████▊   | 5274/7731 [09:27<04:35,  8.92it/s]
[1A 68%|██████▊   | 5275/7731 [09:27<04:33,  9.00it/s]
[1A 68%|██████▊   | 5276/7731 [09:27<04:26,  9.20it/s]
[1A 68%|██████▊   | 5278/7731 [09:27<04:21,  9.39it/s]
[1A 68%|██████▊   | 5279/7731 [09:27<04:20,  9.42it/s]
[1A 68%|██████▊   | 5280/7731 [09:27<04:18,  9.49it/s]
[1A 68%|██████▊   | 5281/7731 [09:27<04:16,  9.55it/s]
[1A 68%|██████▊   | 5282/7731 [09:27<04:15,  9.58it/s]
[1A 68%|██████▊   | 5283/7731 [09:28<04:23,  9.28it/s]
[1A 68%|██████▊   | 5284/7731 [09:28<04:20,  9.38it/s]
[1A 68%|██████▊   | 5286/7731 [09:28<04:19,  9.42it/s]
[1A 68%|██████▊   | 5288/7731 [09:28<04:11,  9.72it/s]
[1A 68%|██████▊   | 5290/7731 [09:28<04:12,  9.65it/s]
[1A 68%|██████▊   | 5291/7731 [09:28<04:21,  9.31it/s]
[1A 68%|██████▊   | 5292/7731 [09:29<04:32,  8.95it/s]
[1A 68%|██████▊   | 5293/7731 [09:29<04:45,  8.55it/s]
[1A 68%|██████▊   | 5295/7731 [09:29<04:30,  9.00it/s]
[1A 69%|██████▊   | 5296/7731 [09:29<04:29,  9.04it/s]
[1A 69%|██████▊   | 5297/7731 [09:29<04:40,  8.68it/s]
[1A 69%|██████▊   | 5298/7731 [09:29<04:40,  8.67it/s]
[1A 69%|██████▊   | 5299/7731 [09:29<04:45,  8.51it/s]
{'loss': 0.1758, 'grad_norm': 7.215031623840332, 'learning_rate': 6.696023118205588e-06, 'epoch': 2.06}
[1A 69%|██████▊   | 5300/7731 [09:29<04:35,  8.81it/s]                         
[1A
[1A 69%|██████▊   | 5300/7731 [09:29<04:35,  8.81it/s]
[1A 69%|██████▊   | 5301/7731 [09:30<04:43,  8.59it/s]
[1A 69%|██████▊   | 5302/7731 [09:30<04:46,  8.48it/s]
[1A 69%|██████▊   | 5304/7731 [09:30<04:24,  9.17it/s]
[1A 69%|██████▊   | 5306/7731 [09:30<04:13,  9.55it/s]
[1A 69%|██████▊   | 5307/7731 [09:30<04:12,  9.61it/s]
[1A 69%|██████▊   | 5309/7731 [09:30<04:01, 10.01it/s]
[1A 69%|██████▊   | 5311/7731 [09:31<04:01, 10.01it/s]
[1A 69%|██████▊   | 5312/7731 [09:31<04:03,  9.95it/s]
[1A 69%|██████▊   | 5313/7731 [09:31<04:05,  9.87it/s]
[1A 69%|██████▊   | 5314/7731 [09:31<04:16,  9.43it/s]
[1A 69%|██████▉   | 5316/7731 [09:31<04:19,  9.32it/s]
[1A 69%|██████▉   | 5317/7731 [09:31<04:20,  9.27it/s]
[1A 69%|██████▉   | 5318/7731 [09:31<04:36,  8.72it/s]
[1A 69%|██████▉   | 5320/7731 [09:32<04:16,  9.39it/s]
[1A 69%|██████▉   | 5321/7731 [09:32<04:14,  9.46it/s]
[1A 69%|██████▉   | 5322/7731 [09:32<06:35,  6.09it/s]
[1A 69%|██████▉   | 5323/7731 [09:32<07:39,  5.24it/s]
[1A 69%|██████▉   | 5324/7731 [09:32<07:36,  5.27it/s]
[1A 69%|██████▉   | 5325/7731 [09:33<07:12,  5.57it/s]
[1A 69%|██████▉   | 5326/7731 [09:33<07:57,  5.03it/s]
[1A 69%|██████▉   | 5327/7731 [09:33<07:49,  5.12it/s]
[1A 69%|██████▉   | 5328/7731 [09:33<07:29,  5.35it/s]
[1A 69%|██████▉   | 5329/7731 [09:33<07:40,  5.22it/s]
[1A 69%|██████▉   | 5330/7731 [09:34<07:25,  5.39it/s]
[1A 69%|██████▉   | 5331/7731 [09:34<06:50,  5.85it/s]
[1A 69%|██████▉   | 5332/7731 [09:34<06:05,  6.57it/s]
[1A 69%|██████▉   | 5334/7731 [09:34<05:04,  7.88it/s]
[1A 69%|██████▉   | 5335/7731 [09:34<04:57,  8.06it/s]
[1A 69%|██████▉   | 5337/7731 [09:34<04:32,  8.80it/s]
[1A 69%|██████▉   | 5339/7731 [09:35<04:19,  9.20it/s]
[1A 69%|██████▉   | 5340/7731 [09:35<04:25,  9.01it/s]
[1A 69%|██████▉   | 5341/7731 [09:35<04:23,  9.07it/s]
[1A 69%|██████▉   | 5342/7731 [09:35<04:25,  8.99it/s]
[1A 69%|██████▉   | 5343/7731 [09:35<04:28,  8.89it/s]
[1A 69%|██████▉   | 5344/7731 [09:35<04:23,  9.05it/s]
[1A 69%|██████▉   | 5345/7731 [09:35<04:23,  9.07it/s]
[1A 69%|██████▉   | 5346/7731 [09:35<04:24,  9.02it/s]
[1A 69%|██████▉   | 5347/7731 [09:35<04:27,  8.92it/s]
[1A 69%|██████▉   | 5348/7731 [09:36<04:28,  8.86it/s]
[1A 69%|██████▉   | 5349/7731 [09:36<04:20,  9.16it/s]
[1A 69%|██████▉   | 5350/7731 [09:36<04:24,  9.01it/s]
[1A                                                   
{'loss': 0.1745, 'grad_norm': 7.915832996368408, 'learning_rate': 6.558414751616898e-06, 'epoch': 2.08}
[1A
[1A 69%|██████▉   | 5350/7731 [09:36<04:24,  9.01it/s]
[1A 69%|██████▉   | 5352/7731 [09:36<04:10,  9.48it/s]
[1A 69%|██████▉   | 5353/7731 [09:36<04:09,  9.55it/s]
[1A 69%|██████▉   | 5354/7731 [09:36<04:17,  9.24it/s]
[1A 69%|██████▉   | 5355/7731 [09:36<04:13,  9.38it/s]
[1A 69%|██████▉   | 5357/7731 [09:36<04:03,  9.74it/s]
[1A 69%|██████▉   | 5358/7731 [09:37<04:02,  9.78it/s]
[1A 69%|██████▉   | 5359/7731 [09:37<04:09,  9.52it/s]
[1A 69%|██████▉   | 5360/7731 [09:37<04:09,  9.51it/s]
[1A 69%|██████▉   | 5362/7731 [09:37<04:12,  9.39it/s]
[1A 69%|██████▉   | 5364/7731 [09:37<04:06,  9.62it/s]
[1A 69%|██████▉   | 5365/7731 [09:37<04:04,  9.68it/s]
[1A 69%|██████▉   | 5367/7731 [09:38<04:02,  9.75it/s]
[1A 69%|██████▉   | 5368/7731 [09:38<04:06,  9.59it/s]
[1A 69%|██████▉   | 5369/7731 [09:38<04:18,  9.15it/s]
[1A 69%|██████▉   | 5370/7731 [09:38<04:18,  9.15it/s]
[1A 69%|██████▉   | 5371/7731 [09:38<04:30,  8.72it/s]
[1A 69%|██████▉   | 5372/7731 [09:38<04:27,  8.81it/s]
[1A 69%|██████▉   | 5373/7731 [09:38<04:20,  9.04it/s]
[1A 70%|██████▉   | 5375/7731 [09:38<04:14,  9.26it/s]
[1A 70%|██████▉   | 5376/7731 [09:39<04:17,  9.15it/s]
[1A 70%|██████▉   | 5378/7731 [09:39<04:04,  9.63it/s]
[1A 70%|██████▉   | 5380/7731 [09:39<03:58,  9.88it/s]
[1A 70%|██████▉   | 5381/7731 [09:39<03:57,  9.88it/s]
[1A 70%|██████▉   | 5383/7731 [09:39<03:54,  9.99it/s]
[1A 70%|██████▉   | 5384/7731 [09:39<04:07,  9.48it/s]
[1A 70%|██████▉   | 5386/7731 [09:40<04:07,  9.48it/s]
[1A 70%|██████▉   | 5387/7731 [09:40<04:11,  9.31it/s]
[1A 70%|██████▉   | 5388/7731 [09:40<04:10,  9.34it/s]
[1A 70%|██████▉   | 5389/7731 [09:40<04:11,  9.33it/s]
[1A 70%|██████▉   | 5390/7731 [09:40<04:07,  9.46it/s]
[1A 70%|██████▉   | 5392/7731 [09:40<04:07,  9.44it/s]
[1A 70%|██████▉   | 5393/7731 [09:40<04:09,  9.38it/s]
[1A 70%|██████▉   | 5395/7731 [09:41<03:58,  9.81it/s]
[1A 70%|██████▉   | 5396/7731 [09:41<04:00,  9.72it/s]
[1A 70%|██████▉   | 5398/7731 [09:41<04:03,  9.59it/s]
[1A 70%|██████▉   | 5399/7731 [09:41<04:15,  9.11it/s]
[1A 70%|██████▉   | 5400/7731 [09:41<04:19,  8.99it/s]
[1A                                                   
{'loss': 0.1078, 'grad_norm': 5.404163360595703, 'learning_rate': 6.42080638502821e-06, 'epoch': 2.1}
[1A
[1A 70%|██████▉   | 5400/7731 [09:41<04:19,  8.99it/s]
[1A 70%|██████▉   | 5401/7731 [09:41<04:16,  9.07it/s]
[1A 70%|██████▉   | 5402/7731 [09:41<04:15,  9.11it/s]
[1A 70%|██████▉   | 5404/7731 [09:41<04:04,  9.52it/s]
[1A 70%|██████▉   | 5406/7731 [09:42<03:59,  9.70it/s]
[1A 70%|██████▉   | 5408/7731 [09:42<04:05,  9.48it/s]
[1A 70%|██████▉   | 5409/7731 [09:42<04:14,  9.13it/s]
[1A 70%|██████▉   | 5410/7731 [09:42<04:15,  9.08it/s]
[1A 70%|███████   | 5412/7731 [09:42<04:06,  9.41it/s]
[1A 70%|███████   | 5413/7731 [09:42<04:07,  9.36it/s]
[1A 70%|███████   | 5415/7731 [09:43<03:58,  9.72it/s]
[1A 70%|███████   | 5416/7731 [09:43<04:02,  9.53it/s]
[1A 70%|███████   | 5418/7731 [09:43<03:54,  9.88it/s]
[1A 70%|███████   | 5419/7731 [09:43<03:59,  9.66it/s]
[1A 70%|███████   | 5420/7731 [09:43<04:00,  9.61it/s]
[1A 70%|███████   | 5422/7731 [09:43<03:52,  9.92it/s]
[1A 70%|███████   | 5423/7731 [09:43<04:02,  9.51it/s]
[1A 70%|███████   | 5424/7731 [09:44<04:01,  9.54it/s]
[1A 70%|███████   | 5425/7731 [09:44<04:05,  9.40it/s]
[1A 70%|███████   | 5427/7731 [09:44<03:57,  9.69it/s]
[1A 70%|███████   | 5429/7731 [09:44<03:53,  9.86it/s]
[1A 70%|███████   | 5431/7731 [09:44<03:50,  9.99it/s]
[1A 70%|███████   | 5432/7731 [09:44<03:54,  9.82it/s]
[1A 70%|███████   | 5433/7731 [09:44<03:59,  9.59it/s]
[1A 70%|███████   | 5434/7731 [09:45<04:06,  9.32it/s]
[1A 70%|███████   | 5435/7731 [09:45<04:12,  9.08it/s]
[1A 70%|███████   | 5437/7731 [09:45<04:04,  9.40it/s]
[1A 70%|███████   | 5439/7731 [09:45<03:54,  9.78it/s]
[1A 70%|███████   | 5440/7731 [09:45<03:59,  9.58it/s]
[1A 70%|███████   | 5441/7731 [09:45<03:58,  9.61it/s]
[1A 70%|███████   | 5443/7731 [09:46<03:52,  9.85it/s]
[1A 70%|███████   | 5444/7731 [09:46<03:56,  9.68it/s]
[1A 70%|███████   | 5445/7731 [09:46<03:57,  9.61it/s]
[1A 70%|███████   | 5446/7731 [09:46<04:00,  9.49it/s]
[1A 70%|███████   | 5448/7731 [09:46<03:55,  9.71it/s]
[1A 70%|███████   | 5449/7731 [09:46<03:55,  9.69it/s]
[1A 70%|███████   | 5450/7731 [09:46<03:53,  9.75it/s]
[1A                                                   
{'loss': 0.1139, 'grad_norm': 22.271968841552734, 'learning_rate': 6.283198018439522e-06, 'epoch': 2.11}
[1A
[1A 70%|███████   | 5450/7731 [09:46<03:53,  9.75it/s]
[1A 71%|███████   | 5452/7731 [09:46<03:51,  9.85it/s]
[1A 71%|███████   | 5453/7731 [09:47<04:01,  9.45it/s]
[1A 71%|███████   | 5455/7731 [09:47<03:51,  9.85it/s]
[1A 71%|███████   | 5457/7731 [09:47<03:49,  9.89it/s]
[1A 71%|███████   | 5459/7731 [09:47<03:49,  9.89it/s]
[1A 71%|███████   | 5460/7731 [09:47<04:00,  9.44it/s]
[1A 71%|███████   | 5462/7731 [09:47<03:50,  9.83it/s]
[1A 71%|███████   | 5463/7731 [09:48<03:55,  9.65it/s]
[1A 71%|███████   | 5465/7731 [09:48<03:55,  9.64it/s]
[1A 71%|███████   | 5467/7731 [09:48<03:49,  9.88it/s]
[1A 71%|███████   | 5468/7731 [09:48<03:52,  9.72it/s]
[1A 71%|███████   | 5469/7731 [09:48<03:52,  9.72it/s]
[1A 71%|███████   | 5471/7731 [09:48<03:45, 10.04it/s]
[1A 71%|███████   | 5472/7731 [09:49<03:48,  9.86it/s]
[1A 71%|███████   | 5474/7731 [09:49<03:33, 10.56it/s]
[1A 71%|███████   | 5476/7731 [09:49<03:50,  9.80it/s]
[1A 71%|███████   | 5478/7731 [09:49<03:46,  9.94it/s]
[1A 71%|███████   | 5480/7731 [09:49<03:46,  9.95it/s]
[1A 71%|███████   | 5482/7731 [09:49<03:41, 10.15it/s]
[1A 71%|███████   | 5484/7731 [09:50<03:49,  9.77it/s]
[1A 71%|███████   | 5485/7731 [09:50<03:55,  9.52it/s]
[1A 71%|███████   | 5486/7731 [09:50<03:55,  9.54it/s]
[1A 71%|███████   | 5488/7731 [09:50<03:55,  9.54it/s]
[1A 71%|███████   | 5489/7731 [09:50<03:55,  9.54it/s]
[1A 71%|███████   | 5491/7731 [09:50<03:46,  9.90it/s]
[1A 71%|███████   | 5493/7731 [09:51<03:45,  9.92it/s]
[1A 71%|███████   | 5494/7731 [09:51<03:47,  9.85it/s]
[1A 71%|███████   | 5495/7731 [09:51<03:48,  9.77it/s]
[1A 71%|███████   | 5497/7731 [09:51<03:49,  9.72it/s]
[1A 71%|███████   | 5498/7731 [09:51<03:49,  9.74it/s]
[1A 71%|███████   | 5499/7731 [09:51<03:51,  9.64it/s]
[1A                                                   
{'loss': 0.1874, 'grad_norm': 30.633987426757812, 'learning_rate': 6.148341819182607e-06, 'epoch': 2.13}
[1A
[1A 71%|███████   | 5500/7731 [09:51<03:51,  9.64it/s]
[1A 71%|███████   | 5501/7731 [09:51<03:48,  9.77it/s]
[1A 71%|███████   | 5502/7731 [09:52<03:47,  9.79it/s]
[1A 71%|███████   | 5504/7731 [09:52<03:41, 10.04it/s]
[1A 71%|███████   | 5506/7731 [09:52<03:38, 10.18it/s]
[1A 71%|███████   | 5508/7731 [09:52<03:38, 10.17it/s]
[1A 71%|███████▏  | 5510/7731 [09:52<03:39, 10.12it/s]
[1A 71%|███████▏  | 5512/7731 [09:53<03:47,  9.76it/s]
[1A 71%|███████▏  | 5513/7731 [09:53<03:55,  9.42it/s]
[1A 71%|███████▏  | 5514/7731 [09:53<03:58,  9.30it/s]
[1A 71%|███████▏  | 5516/7731 [09:53<03:47,  9.72it/s]
[1A 71%|███████▏  | 5517/7731 [09:53<03:52,  9.52it/s]
[1A 71%|███████▏  | 5518/7731 [09:53<03:51,  9.55it/s]
[1A 71%|███████▏  | 5519/7731 [09:53<03:49,  9.65it/s]
[1A 71%|███████▏  | 5521/7731 [09:54<03:42,  9.93it/s]
[1A 71%|███████▏  | 5523/7731 [09:54<03:38, 10.12it/s]
[1A 71%|███████▏  | 5525/7731 [09:54<03:35, 10.25it/s]
[1A 71%|███████▏  | 5527/7731 [09:54<03:36, 10.16it/s]
[1A 72%|███████▏  | 5529/7731 [09:54<03:36, 10.15it/s]
[1A 72%|███████▏  | 5531/7731 [09:54<03:36, 10.16it/s]
[1A 72%|███████▏  | 5533/7731 [09:55<03:49,  9.59it/s]
[1A 72%|███████▏  | 5534/7731 [09:55<03:55,  9.34it/s]
[1A 72%|███████▏  | 5536/7731 [09:55<03:50,  9.51it/s]
[1A 72%|███████▏  | 5538/7731 [09:55<03:43,  9.80it/s]
[1A 72%|███████▏  | 5539/7731 [09:55<03:45,  9.71it/s]
[1A 72%|███████▏  | 5541/7731 [09:56<03:43,  9.82it/s]
[1A 72%|███████▏  | 5543/7731 [09:56<03:42,  9.83it/s]
[1A 72%|███████▏  | 5545/7731 [09:56<03:42,  9.82it/s]
[1A 72%|███████▏  | 5547/7731 [09:56<03:41,  9.86it/s]
[1A 72%|███████▏  | 5548/7731 [09:56<03:45,  9.70it/s]
[1A 72%|███████▏  | 5550/7731 [09:56<03:38,  9.97it/s]
[1A                                                   
{'loss': 0.1202, 'grad_norm': 59.46298599243164, 'learning_rate': 6.010733452593919e-06, 'epoch': 2.15}
[1A
[1A 72%|███████▏  | 5550/7731 [09:56<03:38,  9.97it/s]
[1A 72%|███████▏  | 5552/7731 [09:57<03:35, 10.13it/s]
[1A 72%|███████▏  | 5554/7731 [09:57<03:33, 10.18it/s]
[1A 72%|███████▏  | 5556/7731 [09:57<03:37,  9.99it/s]
[1A 72%|███████▏  | 5558/7731 [09:57<03:35, 10.11it/s]
[1A 72%|███████▏  | 5560/7731 [09:57<03:47,  9.53it/s]
[1A 72%|███████▏  | 5562/7731 [09:58<03:45,  9.61it/s]
[1A 72%|███████▏  | 5564/7731 [09:58<03:41,  9.79it/s]
[1A 72%|███████▏  | 5566/7731 [09:58<03:37,  9.93it/s]
[1A 72%|███████▏  | 5567/7731 [09:58<03:39,  9.86it/s]
[1A 72%|███████▏  | 5568/7731 [09:58<03:48,  9.47it/s]
[1A 72%|███████▏  | 5569/7731 [09:58<03:47,  9.52it/s]
[1A 72%|███████▏  | 5570/7731 [09:58<03:44,  9.62it/s]
[1A 72%|███████▏  | 5571/7731 [09:59<03:45,  9.58it/s]
[1A 72%|███████▏  | 5573/7731 [09:59<03:42,  9.70it/s]
[1A 72%|███████▏  | 5575/7731 [09:59<03:44,  9.58it/s]
[1A 72%|███████▏  | 5577/7731 [09:59<03:37,  9.90it/s]
[1A 72%|███████▏  | 5578/7731 [09:59<03:41,  9.70it/s]
[1A 72%|███████▏  | 5580/7731 [10:00<03:36,  9.95it/s]
[1A 72%|███████▏  | 5581/7731 [10:00<03:35,  9.95it/s]
[1A 72%|███████▏  | 5583/7731 [10:00<03:32, 10.10it/s]
[1A 72%|███████▏  | 5585/7731 [10:00<03:30, 10.17it/s]
[1A 72%|███████▏  | 5587/7731 [10:00<03:36,  9.92it/s]
[1A 72%|███████▏  | 5588/7731 [10:00<03:38,  9.81it/s]
[1A 72%|███████▏  | 5590/7731 [10:01<03:34,  9.98it/s]
[1A 72%|███████▏  | 5591/7731 [10:01<03:35,  9.93it/s]
[1A 72%|███████▏  | 5592/7731 [10:01<03:35,  9.91it/s]
[1A 72%|███████▏  | 5594/7731 [10:01<03:31, 10.08it/s]
[1A 72%|███████▏  | 5596/7731 [10:01<03:33, 10.00it/s]
[1A 72%|███████▏  | 5597/7731 [10:01<03:34,  9.93it/s]
[1A 72%|███████▏  | 5599/7731 [10:01<03:38,  9.77it/s]
[1A                                                   
{'loss': 0.1574, 'grad_norm': 0.2378949373960495, 'learning_rate': 5.873125086005229e-06, 'epoch': 2.17}
[1A
[1A 72%|███████▏  | 5600/7731 [10:02<03:38,  9.77it/s]
[1A 72%|███████▏  | 5601/7731 [10:02<03:32, 10.01it/s]
[1A 72%|███████▏  | 5603/7731 [10:02<03:29, 10.17it/s]
[1A 73%|███████▎  | 5605/7731 [10:02<03:36,  9.83it/s]
[1A 73%|███████▎  | 5606/7731 [10:02<03:36,  9.82it/s]
[1A 73%|███████▎  | 5607/7731 [10:02<03:42,  9.54it/s]
[1A 73%|███████▎  | 5608/7731 [10:02<03:46,  9.38it/s]
[1A 73%|███████▎  | 5610/7731 [10:03<03:41,  9.59it/s]
[1A 73%|███████▎  | 5611/7731 [10:03<03:39,  9.65it/s]
[1A 73%|███████▎  | 5613/7731 [10:03<03:38,  9.67it/s]
[1A 73%|███████▎  | 5614/7731 [10:03<03:41,  9.54it/s]
[1A 73%|███████▎  | 5615/7731 [10:03<03:39,  9.63it/s]
[1A 73%|███████▎  | 5617/7731 [10:03<03:34,  9.85it/s]
[1A 73%|███████▎  | 5618/7731 [10:03<03:48,  9.26it/s]
[1A 73%|███████▎  | 5620/7731 [10:04<03:42,  9.50it/s]
[1A 73%|███████▎  | 5622/7731 [10:04<03:33,  9.88it/s]
[1A 73%|███████▎  | 5624/7731 [10:04<03:33,  9.86it/s]
[1A 73%|███████▎  | 5625/7731 [10:04<03:39,  9.61it/s]
[1A 73%|███████▎  | 5627/7731 [10:04<03:33,  9.86it/s]
[1A 73%|███████▎  | 5628/7731 [10:04<03:38,  9.63it/s]
[1A 73%|███████▎  | 5629/7731 [10:05<03:51,  9.06it/s]
[1A 73%|███████▎  | 5630/7731 [10:05<03:54,  8.96it/s]
[1A 73%|███████▎  | 5632/7731 [10:05<03:52,  9.04it/s]
[1A 73%|███████▎  | 5634/7731 [10:05<03:45,  9.31it/s]
[1A 73%|███████▎  | 5635/7731 [10:05<03:48,  9.19it/s]
[1A 73%|███████▎  | 5637/7731 [10:05<03:39,  9.53it/s]
[1A 73%|███████▎  | 5638/7731 [10:06<03:40,  9.51it/s]
[1A 73%|███████▎  | 5640/7731 [10:06<03:34,  9.74it/s]
[1A 73%|███████▎  | 5641/7731 [10:06<03:38,  9.57it/s]
[1A 73%|███████▎  | 5642/7731 [10:06<03:38,  9.57it/s]
[1A 73%|███████▎  | 5643/7731 [10:06<03:36,  9.64it/s]
[1A 73%|███████▎  | 5644/7731 [10:06<03:35,  9.69it/s]
[1A 73%|███████▎  | 5645/7731 [10:06<03:40,  9.45it/s]
[1A 73%|███████▎  | 5647/7731 [10:06<03:30,  9.92it/s]
[1A 73%|███████▎  | 5649/7731 [10:07<03:26, 10.08it/s]
[1A                                                   
{'loss': 0.2148, 'grad_norm': 29.540719985961914, 'learning_rate': 5.735516719416541e-06, 'epoch': 2.19}
[1A
[1A 73%|███████▎  | 5650/7731 [10:07<03:26, 10.08it/s]
[1A 73%|███████▎  | 5651/7731 [10:07<03:23, 10.20it/s]
[1A 73%|███████▎  | 5653/7731 [10:07<03:24, 10.14it/s]
[1A 73%|███████▎  | 5655/7731 [10:07<03:28,  9.95it/s]
[1A 73%|███████▎  | 5657/7731 [10:07<03:27,  9.99it/s]
[1A 73%|███████▎  | 5659/7731 [10:08<03:26, 10.05it/s]
[1A 73%|███████▎  | 5661/7731 [10:08<03:28,  9.94it/s]
[1A 73%|███████▎  | 5662/7731 [10:08<03:29,  9.86it/s]
[1A 73%|███████▎  | 5663/7731 [10:08<03:30,  9.81it/s]
[1A 73%|███████▎  | 5664/7731 [10:08<03:39,  9.41it/s]
[1A 73%|███████▎  | 5666/7731 [10:08<03:34,  9.61it/s]
[1A 73%|███████▎  | 5667/7731 [10:08<03:40,  9.38it/s]
[1A 73%|███████▎  | 5668/7731 [10:09<03:41,  9.33it/s]
[1A 73%|███████▎  | 5669/7731 [10:09<03:48,  9.03it/s]
[1A 73%|███████▎  | 5671/7731 [10:09<03:35,  9.56it/s]
[1A 73%|███████▎  | 5673/7731 [10:09<03:28,  9.85it/s]
[1A 73%|███████▎  | 5675/7731 [10:09<03:26,  9.97it/s]
[1A 73%|███████▎  | 5676/7731 [10:09<03:27,  9.91it/s]
[1A 73%|███████▎  | 5677/7731 [10:09<03:33,  9.64it/s]
[1A 73%|███████▎  | 5679/7731 [10:10<03:27,  9.90it/s]
[1A 73%|███████▎  | 5680/7731 [10:10<03:26,  9.92it/s]
[1A 73%|███████▎  | 5682/7731 [10:10<03:24, 10.01it/s]
[1A 74%|███████▎  | 5684/7731 [10:10<03:21, 10.15it/s]
[1A 74%|███████▎  | 5686/7731 [10:10<03:24, 10.00it/s]
[1A 74%|███████▎  | 5688/7731 [10:11<03:20, 10.20it/s]
[1A 74%|███████▎  | 5690/7731 [10:11<03:30,  9.71it/s]
[1A 74%|███████▎  | 5692/7731 [10:11<03:26,  9.89it/s]
[1A 74%|███████▎  | 5693/7731 [10:11<03:28,  9.80it/s]
[1A 74%|███████▎  | 5694/7731 [10:11<03:32,  9.59it/s]
[1A 74%|███████▎  | 5696/7731 [10:11<03:25,  9.90it/s]
[1A 74%|███████▎  | 5697/7731 [10:12<03:26,  9.86it/s]
[1A 74%|███████▎  | 5699/7731 [10:12<03:21, 10.08it/s]
[1A                                                   
{'loss': 0.1433, 'grad_norm': 9.777085304260254, 'learning_rate': 5.597908352827852e-06, 'epoch': 2.21}
[1A
[1A 74%|███████▎  | 5700/7731 [10:12<03:21, 10.08it/s]
[1A 74%|███████▎  | 5701/7731 [10:12<03:23, 10.00it/s]
[1A 74%|███████▍  | 5703/7731 [10:12<03:23,  9.95it/s]
[1A 74%|███████▍  | 5704/7731 [10:12<03:32,  9.55it/s]
[1A 74%|███████▍  | 5706/7731 [10:12<03:26,  9.82it/s]
[1A 74%|███████▍  | 5707/7731 [10:13<03:35,  9.41it/s]
[1A 74%|███████▍  | 5709/7731 [10:13<03:27,  9.74it/s]
[1A 74%|███████▍  | 5710/7731 [10:13<03:35,  9.36it/s]
[1A 74%|███████▍  | 5711/7731 [10:13<03:36,  9.34it/s]
[1A 74%|███████▍  | 5712/7731 [10:13<03:33,  9.44it/s]
[1A 74%|███████▍  | 5713/7731 [10:13<03:36,  9.30it/s]
[1A 74%|███████▍  | 5714/7731 [10:13<03:35,  9.37it/s]
[1A 74%|███████▍  | 5715/7731 [10:13<03:33,  9.46it/s]
[1A 74%|███████▍  | 5717/7731 [10:14<03:22,  9.95it/s]
[1A 74%|███████▍  | 5719/7731 [10:14<03:18, 10.15it/s]
[1A 74%|███████▍  | 5721/7731 [10:14<03:24,  9.84it/s]
[1A 74%|███████▍  | 5723/7731 [10:14<03:22,  9.90it/s]
[1A 74%|███████▍  | 5724/7731 [10:14<03:22,  9.89it/s]
[1A 74%|███████▍  | 5726/7731 [10:14<03:27,  9.69it/s]
[1A 74%|███████▍  | 5727/7731 [10:15<03:27,  9.68it/s]
[1A 74%|███████▍  | 5729/7731 [10:15<03:21,  9.95it/s]
[1A 74%|███████▍  | 5730/7731 [10:15<03:22,  9.87it/s]
[1A 74%|███████▍  | 5731/7731 [10:15<03:23,  9.81it/s]
[1A 74%|███████▍  | 5732/7731 [10:15<03:23,  9.82it/s]
[1A 74%|███████▍  | 5734/7731 [10:15<03:36,  9.24it/s]
[1A 74%|███████▍  | 5736/7731 [10:16<03:27,  9.61it/s]
[1A 74%|███████▍  | 5738/7731 [10:16<03:23,  9.79it/s]
[1A 74%|███████▍  | 5739/7731 [10:16<03:23,  9.80it/s]
[1A 74%|███████▍  | 5741/7731 [10:16<03:22,  9.85it/s]
[1A 74%|███████▍  | 5742/7731 [10:16<03:31,  9.39it/s]
[1A 74%|███████▍  | 5744/7731 [10:16<03:24,  9.74it/s]
[1A 74%|███████▍  | 5745/7731 [10:16<03:24,  9.72it/s]
[1A 74%|███████▍  | 5747/7731 [10:17<03:20,  9.90it/s]
[1A 74%|███████▍  | 5749/7731 [10:17<03:19,  9.92it/s]
[1A 74%|███████▍  | 5750/7731 [10:17<03:28,  9.49it/s]
[1A                                                   
{'loss': 0.1795, 'grad_norm': 27.26653289794922, 'learning_rate': 5.460299986239164e-06, 'epoch': 2.23}
[1A
[1A 74%|███████▍  | 5750/7731 [10:17<03:28,  9.49it/s]
[1A 74%|███████▍  | 5751/7731 [10:17<03:28,  9.49it/s]
[1A 74%|███████▍  | 5753/7731 [10:17<03:22,  9.79it/s]
[1A 74%|███████▍  | 5755/7731 [10:17<03:18,  9.94it/s]
[1A 74%|███████▍  | 5756/7731 [10:18<03:19,  9.91it/s]
[1A 74%|███████▍  | 5757/7731 [10:18<03:26,  9.55it/s]
[1A 74%|███████▍  | 5758/7731 [10:18<03:26,  9.55it/s]
[1A 74%|███████▍  | 5759/7731 [10:18<03:25,  9.62it/s]
[1A 75%|███████▍  | 5761/7731 [10:18<03:21,  9.79it/s]
[1A 75%|███████▍  | 5762/7731 [10:18<03:27,  9.49it/s]
[1A 75%|███████▍  | 5763/7731 [10:18<03:28,  9.42it/s]
[1A 75%|███████▍  | 5765/7731 [10:19<03:21,  9.75it/s]
[1A 75%|███████▍  | 5767/7731 [10:19<03:18,  9.89it/s]
[1A 75%|███████▍  | 5769/7731 [10:19<03:14, 10.08it/s]
[1A 75%|███████▍  | 5770/7731 [10:19<03:16,  9.99it/s]
[1A 75%|███████▍  | 5771/7731 [10:19<03:17,  9.95it/s]
[1A 75%|███████▍  | 5772/7731 [10:19<03:19,  9.83it/s]
[1A 75%|███████▍  | 5773/7731 [10:19<03:22,  9.69it/s]
[1A 75%|███████▍  | 5774/7731 [10:19<03:21,  9.73it/s]
[1A 75%|███████▍  | 5775/7731 [10:20<03:30,  9.30it/s]
[1A 75%|███████▍  | 5777/7731 [10:20<03:20,  9.73it/s]
[1A 75%|███████▍  | 5778/7731 [10:20<03:21,  9.68it/s]
[1A 75%|███████▍  | 5779/7731 [10:20<03:22,  9.62it/s]
[1A 75%|███████▍  | 5781/7731 [10:20<03:16,  9.92it/s]
[1A 75%|███████▍  | 5783/7731 [10:20<03:17,  9.86it/s]
[1A 75%|███████▍  | 5784/7731 [10:20<03:19,  9.77it/s]
[1A 75%|███████▍  | 5785/7731 [10:21<03:30,  9.25it/s]
[1A 75%|███████▍  | 5786/7731 [10:21<03:27,  9.39it/s]
[1A 75%|███████▍  | 5787/7731 [10:21<03:31,  9.20it/s]
[1A 75%|███████▍  | 5788/7731 [10:21<03:27,  9.34it/s]
[1A 75%|███████▍  | 5790/7731 [10:21<03:18,  9.78it/s]
[1A 75%|███████▍  | 5792/7731 [10:21<03:12, 10.08it/s]
[1A 75%|███████▍  | 5794/7731 [10:21<03:09, 10.23it/s]
[1A 75%|███████▍  | 5796/7731 [10:22<03:09, 10.20it/s]
[1A 75%|███████▍  | 5798/7731 [10:22<03:16,  9.83it/s]
[1A 75%|███████▌  | 5799/7731 [10:22<03:17,  9.79it/s]
[1A 75%|███████▌  | 5800/7731 [10:22<03:17,  9.80it/s]
[1A                                                   
{'loss': 0.1472, 'grad_norm': 15.898978233337402, 'learning_rate': 5.322691619650475e-06, 'epoch': 2.25}
[1A
[1A 75%|███████▌  | 5800/7731 [10:22<03:17,  9.80it/s]
[1A 75%|███████▌  | 5801/7731 [10:22<03:20,  9.61it/s]
[1A 75%|███████▌  | 5802/7731 [10:22<03:19,  9.65it/s]
[1A 75%|███████▌  | 5803/7731 [10:22<03:29,  9.20it/s]
[1A 75%|███████▌  | 5805/7731 [10:23<03:18,  9.71it/s]
[1A 75%|███████▌  | 5806/7731 [10:23<03:19,  9.67it/s]
[1A 75%|███████▌  | 5808/7731 [10:23<03:17,  9.74it/s]
[1A 75%|███████▌  | 5809/7731 [10:23<03:23,  9.46it/s]
[1A 75%|███████▌  | 5811/7731 [10:23<03:14,  9.89it/s]
[1A 75%|███████▌  | 5813/7731 [10:23<03:10, 10.09it/s]
[1A 75%|███████▌  | 5815/7731 [10:24<03:07, 10.24it/s]
[1A 75%|███████▌  | 5817/7731 [10:24<03:05, 10.31it/s]
[1A 75%|███████▌  | 5819/7731 [10:24<03:18,  9.64it/s]
[1A 75%|███████▌  | 5820/7731 [10:24<03:24,  9.36it/s]
[1A 75%|███████▌  | 5821/7731 [10:24<03:21,  9.47it/s]
[1A 75%|███████▌  | 5823/7731 [10:24<03:24,  9.32it/s]
[1A 75%|███████▌  | 5824/7731 [10:25<03:24,  9.31it/s]
[1A 75%|███████▌  | 5826/7731 [10:25<03:22,  9.39it/s]
[1A 75%|███████▌  | 5827/7731 [10:25<03:21,  9.45it/s]
[1A 75%|███████▌  | 5828/7731 [10:25<03:19,  9.56it/s]
[1A 75%|███████▌  | 5829/7731 [10:25<03:17,  9.63it/s]
[1A 75%|███████▌  | 5831/7731 [10:25<03:14,  9.76it/s]
[1A 75%|███████▌  | 5833/7731 [10:26<03:16,  9.65it/s]
[1A 75%|███████▌  | 5834/7731 [10:26<03:19,  9.49it/s]
[1A 75%|███████▌  | 5836/7731 [10:26<03:09, 10.02it/s]
[1A 76%|███████▌  | 5838/7731 [10:26<03:05, 10.19it/s]
[1A 76%|███████▌  | 5840/7731 [10:26<03:04, 10.24it/s]
[1A 76%|███████▌  | 5842/7731 [10:26<03:03, 10.30it/s]
[1A 76%|███████▌  | 5844/7731 [10:27<03:11,  9.84it/s]
[1A 76%|███████▌  | 5846/7731 [10:27<03:09,  9.92it/s]
[1A 76%|███████▌  | 5848/7731 [10:27<03:10,  9.89it/s]
[1A 76%|███████▌  | 5850/7731 [10:27<03:09,  9.92it/s]
[1A                                                   
{'loss': 0.1488, 'grad_norm': 0.3062228560447693, 'learning_rate': 5.185083253061787e-06, 'epoch': 2.27}
[1A
[1A 76%|███████▌  | 5850/7731 [10:27<03:09,  9.92it/s]
[1A 76%|███████▌  | 5851/7731 [10:27<03:15,  9.60it/s]
[1A 76%|███████▌  | 5852/7731 [10:27<03:14,  9.65it/s]
[1A 76%|███████▌  | 5853/7731 [10:28<03:17,  9.49it/s]
[1A 76%|███████▌  | 5855/7731 [10:28<03:11,  9.79it/s]
[1A 76%|███████▌  | 5856/7731 [10:28<03:13,  9.71it/s]
[1A 76%|███████▌  | 5858/7731 [10:28<03:11,  9.77it/s]
[1A 76%|███████▌  | 5860/7731 [10:28<03:07,  9.97it/s]
[1A 76%|███████▌  | 5861/7731 [10:28<03:13,  9.66it/s]
[1A 76%|███████▌  | 5863/7731 [10:29<03:08,  9.93it/s]
[1A 76%|███████▌  | 5865/7731 [10:29<03:13,  9.64it/s]
[1A 76%|███████▌  | 5867/7731 [10:29<03:10,  9.80it/s]
[1A 76%|███████▌  | 5869/7731 [10:29<03:09,  9.81it/s]
[1A 76%|███████▌  | 5871/7731 [10:29<03:07,  9.93it/s]
[1A 76%|███████▌  | 5873/7731 [10:30<03:07,  9.93it/s]
[1A 76%|███████▌  | 5874/7731 [10:30<03:07,  9.91it/s]
[1A 76%|███████▌  | 5876/7731 [10:30<03:04, 10.04it/s]
[1A 76%|███████▌  | 5878/7731 [10:30<03:07,  9.88it/s]
[1A 76%|███████▌  | 5879/7731 [10:30<03:14,  9.50it/s]
[1A 76%|███████▌  | 5880/7731 [10:30<03:12,  9.60it/s]
[1A 76%|███████▌  | 5881/7731 [10:30<03:13,  9.56it/s]
[1A 76%|███████▌  | 5883/7731 [10:31<03:06,  9.89it/s]
[1A 76%|███████▌  | 5885/7731 [10:31<03:02, 10.14it/s]
[1A 76%|███████▌  | 5887/7731 [10:31<03:00, 10.24it/s]
[1A 76%|███████▌  | 5889/7731 [10:31<03:04,  9.98it/s]
[1A 76%|███████▌  | 5890/7731 [10:31<03:11,  9.60it/s]
[1A 76%|███████▌  | 5892/7731 [10:31<03:09,  9.73it/s]
[1A 76%|███████▌  | 5894/7731 [10:32<03:03,  9.99it/s]
[1A 76%|███████▋  | 5895/7731 [10:32<03:04,  9.95it/s]
[1A 76%|███████▋  | 5896/7731 [10:32<03:07,  9.77it/s]
[1A 76%|███████▋  | 5898/7731 [10:32<03:05,  9.91it/s]
[1A 76%|███████▋  | 5899/7731 [10:32<03:04,  9.91it/s]
[1A                                                   
{'loss': 0.1794, 'grad_norm': 12.072456359863281, 'learning_rate': 5.0474748864730985e-06, 'epoch': 2.29}
[1A
[1A 76%|███████▋  | 5900/7731 [10:32<03:04,  9.91it/s]
[1A 76%|███████▋  | 5901/7731 [10:32<03:07,  9.77it/s]
[1A 76%|███████▋  | 5902/7731 [10:33<03:09,  9.65it/s]
[1A 76%|███████▋  | 5903/7731 [10:33<03:09,  9.67it/s]
[1A 76%|███████▋  | 5904/7731 [10:33<03:12,  9.51it/s]
[1A 76%|███████▋  | 5906/7731 [10:33<03:03,  9.94it/s]
[1A 76%|███████▋  | 5907/7731 [10:33<03:05,  9.84it/s]
[1A 76%|███████▋  | 5909/7731 [10:33<03:01, 10.06it/s]
[1A 76%|███████▋  | 5911/7731 [10:33<02:59, 10.14it/s]
[1A 76%|███████▋  | 5913/7731 [10:34<03:02,  9.97it/s]
[1A 77%|███████▋  | 5915/7731 [10:34<03:00, 10.06it/s]
[1A 77%|███████▋  | 5917/7731 [10:34<03:07,  9.68it/s]
[1A 77%|███████▋  | 5918/7731 [10:34<03:08,  9.60it/s]
[1A 77%|███████▋  | 5920/7731 [10:34<03:04,  9.79it/s]
[1A 77%|███████▋  | 5922/7731 [10:35<03:04,  9.82it/s]
[1A 77%|███████▋  | 5923/7731 [10:35<03:05,  9.76it/s]
[1A 77%|███████▋  | 5925/7731 [10:35<03:00, 10.03it/s]
[1A 77%|███████▋  | 5926/7731 [10:35<03:00,  9.99it/s]
[1A 77%|███████▋  | 5928/7731 [10:35<02:57, 10.16it/s]
[1A 77%|███████▋  | 5930/7731 [10:35<02:52, 10.44it/s]
[1A 77%|███████▋  | 5932/7731 [10:35<02:49, 10.62it/s]
[1A 77%|███████▋  | 5934/7731 [10:36<02:47, 10.75it/s]
[1A 77%|███████▋  | 5936/7731 [10:36<02:48, 10.64it/s]
[1A 77%|███████▋  | 5938/7731 [10:36<02:47, 10.73it/s]
[1A 77%|███████▋  | 5940/7731 [10:36<02:48, 10.65it/s]
[1A 77%|███████▋  | 5942/7731 [10:36<02:46, 10.71it/s]
[1A 77%|███████▋  | 5944/7731 [10:37<02:52, 10.36it/s]
[1A 77%|███████▋  | 5946/7731 [10:37<02:49, 10.53it/s]
[1A 77%|███████▋  | 5948/7731 [10:37<02:57, 10.02it/s]
[1A 77%|███████▋  | 5950/7731 [10:37<02:56, 10.10it/s]
[1A                                                   
{'loss': 0.163, 'grad_norm': 27.495288848876953, 'learning_rate': 4.9098665198844095e-06, 'epoch': 2.31}
[1A
[1A 77%|███████▋  | 5950/7731 [10:37<02:56, 10.10it/s]
[1A 77%|███████▋  | 5952/7731 [10:37<02:51, 10.36it/s]
[1A 77%|███████▋  | 5954/7731 [10:38<02:48, 10.56it/s]
[1A 77%|███████▋  | 5956/7731 [10:38<02:48, 10.54it/s]
[1A 77%|███████▋  | 5958/7731 [10:38<02:51, 10.35it/s]
[1A 77%|███████▋  | 5960/7731 [10:38<02:47, 10.56it/s]
[1A 77%|███████▋  | 5962/7731 [10:38<02:53, 10.18it/s]
[1A 77%|███████▋  | 5964/7731 [10:39<02:58,  9.90it/s]
[1A 77%|███████▋  | 5966/7731 [10:39<02:52, 10.23it/s]
[1A 77%|███████▋  | 5968/7731 [10:39<02:48, 10.45it/s]
[1A 77%|███████▋  | 5970/7731 [10:39<02:46, 10.61it/s]
[1A 77%|███████▋  | 5972/7731 [10:39<02:45, 10.63it/s]
[1A 77%|███████▋  | 5974/7731 [10:40<03:03,  9.58it/s]
[1A 77%|███████▋  | 5976/7731 [10:40<02:56,  9.92it/s]
[1A 77%|███████▋  | 5978/7731 [10:40<02:53, 10.10it/s]
[1A 77%|███████▋  | 5980/7731 [10:40<02:54, 10.05it/s]
[1A 77%|███████▋  | 5982/7731 [10:40<02:51, 10.20it/s]
[1A 77%|███████▋  | 5984/7731 [10:41<02:46, 10.48it/s]
[1A 77%|███████▋  | 5986/7731 [10:41<02:43, 10.67it/s]
[1A 77%|███████▋  | 5988/7731 [10:41<02:44, 10.60it/s]
[1A 77%|███████▋  | 5990/7731 [10:41<02:40, 10.83it/s]
[1A 78%|███████▊  | 5992/7731 [10:41<02:40, 10.85it/s]
[1A 78%|███████▊  | 5994/7731 [10:41<02:39, 10.89it/s]
[1A 78%|███████▊  | 5996/7731 [10:42<02:38, 10.94it/s]
[1A 78%|███████▊  | 5998/7731 [10:42<02:37, 10.99it/s]
[1A 78%|███████▊  | 6000/7731 [10:42<02:39, 10.86it/s]
[1A                                                   
{'loss': 0.143, 'grad_norm': 8.170503616333008, 'learning_rate': 4.7722581532957205e-06, 'epoch': 2.33}
[1A
[1A 78%|███████▊  | 6000/7731 [10:42<02:39, 10.86it/s]
[1A 78%|███████▊  | 6002/7731 [10:42<02:37, 10.98it/s]
[1A 78%|███████▊  | 6004/7731 [10:42<02:36, 11.03it/s]
[1A 78%|███████▊  | 6006/7731 [10:43<02:38, 10.88it/s]
[1A 78%|███████▊  | 6008/7731 [10:43<02:39, 10.81it/s]
[1A 78%|███████▊  | 6010/7731 [10:43<02:46, 10.36it/s]
[1A 78%|███████▊  | 6012/7731 [10:43<02:43, 10.54it/s]
[1A 78%|███████▊  | 6014/7731 [10:43<02:46, 10.34it/s]
[1A 78%|███████▊  | 6016/7731 [10:43<02:43, 10.49it/s]
[1A 78%|███████▊  | 6018/7731 [10:44<02:39, 10.71it/s]
[1A 78%|███████▊  | 6020/7731 [10:44<02:44, 10.38it/s]
[1A 78%|███████▊  | 6022/7731 [10:44<02:42, 10.54it/s]
[1A 78%|███████▊  | 6024/7731 [10:44<02:41, 10.57it/s]
[1A 78%|███████▊  | 6026/7731 [10:44<02:39, 10.71it/s]
[1A 78%|███████▊  | 6028/7731 [10:45<02:37, 10.82it/s]
[1A 78%|███████▊  | 6030/7731 [10:45<02:36, 10.89it/s]
[1A 78%|███████▊  | 6032/7731 [10:45<02:34, 10.97it/s]
[1A 78%|███████▊  | 6034/7731 [10:45<02:34, 10.99it/s]
[1A 78%|███████▊  | 6036/7731 [10:45<02:42, 10.45it/s]
[1A 78%|███████▊  | 6038/7731 [10:46<02:39, 10.63it/s]
[1A 78%|███████▊  | 6040/7731 [10:46<02:40, 10.50it/s]
[1A 78%|███████▊  | 6042/7731 [10:46<02:40, 10.55it/s]
[1A 78%|███████▊  | 6044/7731 [10:46<02:44, 10.25it/s]
[1A 78%|███████▊  | 6046/7731 [10:46<02:43, 10.30it/s]
[1A 78%|███████▊  | 6048/7731 [10:47<02:39, 10.55it/s]
[1A 78%|███████▊  | 6050/7731 [10:47<02:35, 10.78it/s]
[1A                                                   
{'loss': 0.126, 'grad_norm': 30.786300659179688, 'learning_rate': 4.634649786707032e-06, 'epoch': 2.35}
[1A
[1A 78%|███████▊  | 6050/7731 [10:47<02:35, 10.78it/s]
[1A 78%|███████▊  | 6052/7731 [10:47<02:33, 10.93it/s]
[1A 78%|███████▊  | 6054/7731 [10:47<02:33, 10.94it/s]
[1A 78%|███████▊  | 6056/7731 [10:47<02:31, 11.07it/s]
[1A 78%|███████▊  | 6058/7731 [10:47<02:29, 11.20it/s]
[1A 78%|███████▊  | 6060/7731 [10:48<02:27, 11.33it/s]
[1A 78%|███████▊  | 6062/7731 [10:48<02:26, 11.38it/s]
[1A 78%|███████▊  | 6064/7731 [10:48<02:26, 11.35it/s]
[1A 78%|███████▊  | 6066/7731 [10:48<02:25, 11.41it/s]
[1A 78%|███████▊  | 6068/7731 [10:48<02:27, 11.26it/s]
[1A 79%|███████▊  | 6070/7731 [10:48<02:26, 11.32it/s]
[1A 79%|███████▊  | 6072/7731 [10:49<02:26, 11.35it/s]
[1A 79%|███████▊  | 6074/7731 [10:49<02:29, 11.11it/s]
[1A 79%|███████▊  | 6076/7731 [10:49<02:27, 11.22it/s]
[1A 79%|███████▊  | 6078/7731 [10:49<02:28, 11.14it/s]
[1A 79%|███████▊  | 6080/7731 [10:49<02:34, 10.66it/s]
[1A 79%|███████▊  | 6082/7731 [10:50<02:32, 10.80it/s]
[1A 79%|███████▊  | 6084/7731 [10:50<02:30, 10.94it/s]
[1A 79%|███████▊  | 6086/7731 [10:50<02:29, 11.03it/s]
[1A 79%|███████▊  | 6088/7731 [10:50<02:27, 11.17it/s]
[1A 79%|███████▉  | 6090/7731 [10:50<02:32, 10.79it/s]
[1A 79%|███████▉  | 6092/7731 [10:50<02:39, 10.29it/s]
[1A 79%|███████▉  | 6094/7731 [10:51<02:34, 10.59it/s]
[1A 79%|███████▉  | 6096/7731 [10:51<02:30, 10.85it/s]
[1A 79%|███████▉  | 6098/7731 [10:51<02:27, 11.04it/s]
[1A 79%|███████▉  | 6100/7731 [10:51<02:27, 11.07it/s]
[1A                                                   
{'loss': 0.1406, 'grad_norm': 22.78664207458496, 'learning_rate': 4.497041420118343e-06, 'epoch': 2.37}
[1A
[1A 79%|███████▉  | 6100/7731 [10:51<02:27, 11.07it/s]
[1A 79%|███████▉  | 6102/7731 [10:51<02:26, 11.14it/s]
[1A 79%|███████▉  | 6104/7731 [10:52<02:33, 10.62it/s]
[1A 79%|███████▉  | 6106/7731 [10:52<02:36, 10.40it/s]
[1A 79%|███████▉  | 6108/7731 [10:52<02:31, 10.68it/s]
[1A 79%|███████▉  | 6110/7731 [10:52<02:29, 10.86it/s]
[1A 79%|███████▉  | 6112/7731 [10:52<02:27, 10.96it/s]
[1A 79%|███████▉  | 6114/7731 [10:53<02:27, 10.99it/s]
[1A 79%|███████▉  | 6116/7731 [10:53<02:26, 11.01it/s]
[1A 79%|███████▉  | 6118/7731 [10:53<02:44,  9.79it/s]
[1A 79%|███████▉  | 6120/7731 [10:53<02:39, 10.11it/s]
[1A 79%|███████▉  | 6122/7731 [10:53<02:38, 10.17it/s]
[1A 79%|███████▉  | 6124/7731 [10:53<02:33, 10.46it/s]
[1A 79%|███████▉  | 6126/7731 [10:54<02:30, 10.70it/s]
[1A 79%|███████▉  | 6128/7731 [10:54<02:27, 10.88it/s]
[1A 79%|███████▉  | 6130/7731 [10:54<02:28, 10.77it/s]
[1A 79%|███████▉  | 6132/7731 [10:54<02:25, 11.00it/s]
[1A 79%|███████▉  | 6134/7731 [10:54<02:24, 11.08it/s]
[1A 79%|███████▉  | 6136/7731 [10:55<02:24, 11.02it/s]
[1A 79%|███████▉  | 6138/7731 [10:55<02:23, 11.08it/s]
[1A 79%|███████▉  | 6140/7731 [10:55<02:22, 11.18it/s]
[1A 79%|███████▉  | 6142/7731 [10:55<02:21, 11.22it/s]
[1A 79%|███████▉  | 6144/7731 [10:55<02:23, 11.08it/s]
[1A 79%|███████▉  | 6146/7731 [10:55<02:22, 11.13it/s]
[1A 80%|███████▉  | 6148/7731 [10:56<02:25, 10.90it/s]
[1A 80%|███████▉  | 6150/7731 [10:56<02:23, 11.02it/s]
[1A                                                   
{'loss': 0.1252, 'grad_norm': 0.8204022645950317, 'learning_rate': 4.3594330535296544e-06, 'epoch': 2.39}
[1A
[1A 80%|███████▉  | 6150/7731 [10:56<02:23, 11.02it/s]
[1A 80%|███████▉  | 6152/7731 [10:56<02:21, 11.13it/s]
[1A 80%|███████▉  | 6154/7731 [10:56<02:20, 11.23it/s]
[1A 80%|███████▉  | 6156/7731 [10:56<02:26, 10.76it/s]
[1A 80%|███████▉  | 6158/7731 [10:57<02:25, 10.84it/s]
[1A 80%|███████▉  | 6160/7731 [10:57<02:28, 10.61it/s]
[1A 80%|███████▉  | 6162/7731 [10:57<02:23, 10.92it/s]
[1A 80%|███████▉  | 6164/7731 [10:57<02:21, 11.08it/s]
[1A 80%|███████▉  | 6166/7731 [10:57<02:37,  9.96it/s]
[1A 80%|███████▉  | 6168/7731 [10:58<02:31, 10.34it/s]
[1A 80%|███████▉  | 6170/7731 [10:58<02:26, 10.63it/s]
[1A 80%|███████▉  | 6172/7731 [10:58<02:24, 10.80it/s]
[1A 80%|███████▉  | 6174/7731 [10:58<02:21, 11.00it/s]
[1A 80%|███████▉  | 6176/7731 [10:58<02:23, 10.83it/s]
[1A 80%|███████▉  | 6178/7731 [10:58<02:21, 10.94it/s]
[1A 80%|███████▉  | 6180/7731 [10:59<02:27, 10.53it/s]
[1A 80%|███████▉  | 6182/7731 [10:59<02:23, 10.78it/s]
[1A 80%|███████▉  | 6184/7731 [10:59<02:29, 10.33it/s]
[1A 80%|████████  | 6186/7731 [10:59<02:27, 10.47it/s]
[1A 80%|████████  | 6188/7731 [10:59<02:23, 10.73it/s]
[1A 80%|████████  | 6190/7731 [11:00<02:21, 10.89it/s]
[1A 80%|████████  | 6192/7731 [11:00<02:20, 10.94it/s]
[1A 80%|████████  | 6194/7731 [11:00<02:19, 10.98it/s]
[1A 80%|████████  | 6196/7731 [11:00<02:18, 11.09it/s]
[1A 80%|████████  | 6198/7731 [11:00<02:17, 11.14it/s]
[1A 80%|████████  | 6200/7731 [11:00<02:16, 11.18it/s]                         
{'loss': 0.1623, 'grad_norm': 5.211053371429443, 'learning_rate': 4.221824686940966e-06, 'epoch': 2.41}
[1A
[1A 80%|████████  | 6200/7731 [11:00<02:16, 11.18it/s]
[1A 80%|████████  | 6202/7731 [11:01<02:18, 11.07it/s]
[1A 80%|████████  | 6204/7731 [11:01<02:16, 11.20it/s]
[1A 80%|████████  | 6206/7731 [11:01<02:15, 11.25it/s]
[1A 80%|████████  | 6208/7731 [11:01<02:16, 11.12it/s]
[1A 80%|████████  | 6210/7731 [11:01<02:16, 11.11it/s]
[1A 80%|████████  | 6212/7731 [11:02<02:15, 11.22it/s]
[1A 80%|████████  | 6214/7731 [11:02<02:14, 11.27it/s]
[1A 80%|████████  | 6216/7731 [11:02<02:15, 11.20it/s]
[1A 80%|████████  | 6218/7731 [11:02<02:13, 11.29it/s]
[1A 80%|████████  | 6220/7731 [11:02<02:12, 11.39it/s]
[1A 80%|████████  | 6222/7731 [11:02<02:11, 11.49it/s]
[1A 81%|████████  | 6224/7731 [11:03<02:12, 11.40it/s]
[1A 81%|████████  | 6226/7731 [11:03<02:19, 10.76it/s]
[1A 81%|████████  | 6228/7731 [11:03<02:15, 11.05it/s]
[1A 81%|████████  | 6230/7731 [11:03<02:13, 11.25it/s]
[1A 81%|████████  | 6232/7731 [11:03<02:11, 11.37it/s]
[1A 81%|████████  | 6234/7731 [11:03<02:11, 11.38it/s]
[1A 81%|████████  | 6236/7731 [11:04<02:15, 11.02it/s]
[1A 81%|████████  | 6238/7731 [11:04<02:16, 10.95it/s]
[1A 81%|████████  | 6240/7731 [11:04<02:19, 10.71it/s]
[1A 81%|████████  | 6242/7731 [11:04<02:21, 10.53it/s]
[1A 81%|████████  | 6244/7731 [11:04<02:22, 10.45it/s]
[1A 81%|████████  | 6246/7731 [11:05<02:21, 10.50it/s]
[1A 81%|████████  | 6248/7731 [11:05<02:20, 10.55it/s]
[1A 81%|████████  | 6250/7731 [11:05<02:20, 10.54it/s]
[1A                                                   
{'loss': 0.1367, 'grad_norm': 5.237517833709717, 'learning_rate': 4.084216320352278e-06, 'epoch': 2.43}
[1A
[1A 81%|████████  | 6250/7731 [11:05<02:20, 10.54it/s]
[1A 81%|████████  | 6252/7731 [11:05<02:23, 10.33it/s]
[1A 81%|████████  | 6254/7731 [11:05<02:22, 10.38it/s]
[1A 81%|████████  | 6256/7731 [11:06<02:26, 10.04it/s]
[1A 81%|████████  | 6258/7731 [11:06<02:32,  9.67it/s]
[1A 81%|████████  | 6259/7731 [11:06<02:35,  9.45it/s]
[1A 81%|████████  | 6260/7731 [11:06<02:42,  9.03it/s]
[1A 81%|████████  | 6262/7731 [11:06<02:35,  9.44it/s]
[1A 81%|████████  | 6263/7731 [11:06<02:53,  8.48it/s]
[1A 81%|████████  | 6264/7731 [11:07<03:09,  7.74it/s]
[1A 81%|████████  | 6265/7731 [11:07<02:59,  8.16it/s]
[1A 81%|████████  | 6266/7731 [11:07<03:03,  8.00it/s]
[1A 81%|████████  | 6267/7731 [11:07<03:00,  8.12it/s]
[1A 81%|████████  | 6268/7731 [11:07<02:51,  8.55it/s]
[1A 81%|████████  | 6270/7731 [11:07<02:38,  9.24it/s]
[1A 81%|████████  | 6271/7731 [11:07<02:36,  9.31it/s]
[1A 81%|████████  | 6272/7731 [11:08<02:48,  8.67it/s]
[1A 81%|████████  | 6273/7731 [11:08<03:05,  7.87it/s]
[1A 81%|████████  | 6274/7731 [11:08<03:12,  7.58it/s]
[1A 81%|████████  | 6276/7731 [11:08<02:50,  8.54it/s]
[1A 81%|████████  | 6278/7731 [11:08<02:36,  9.26it/s]
[1A 81%|████████  | 6280/7731 [11:08<02:29,  9.72it/s]
[1A 81%|████████▏ | 6282/7731 [11:09<02:23, 10.07it/s]
[1A 81%|████████▏ | 6283/7731 [11:09<02:24, 10.01it/s]
[1A 81%|████████▏ | 6284/7731 [11:09<02:34,  9.35it/s]
[1A 81%|████████▏ | 6285/7731 [11:09<02:33,  9.41it/s]
[1A 81%|████████▏ | 6286/7731 [11:09<02:36,  9.24it/s]
[1A 81%|████████▏ | 6287/7731 [11:09<02:50,  8.45it/s]
[1A 81%|████████▏ | 6288/7731 [11:09<02:46,  8.65it/s]
[1A 81%|████████▏ | 6289/7731 [11:09<02:47,  8.60it/s]
[1A 81%|████████▏ | 6290/7731 [11:10<02:44,  8.78it/s]
[1A 81%|████████▏ | 6291/7731 [11:10<03:03,  7.83it/s]
[1A 81%|████████▏ | 6292/7731 [11:10<03:31,  6.80it/s]
[1A 81%|████████▏ | 6293/7731 [11:10<03:54,  6.12it/s]
[1A 81%|████████▏ | 6294/7731 [11:10<03:32,  6.75it/s]
[1A 81%|████████▏ | 6295/7731 [11:10<03:22,  7.08it/s]
[1A 81%|████████▏ | 6296/7731 [11:10<03:30,  6.82it/s]
[1A 81%|████████▏ | 6297/7731 [11:11<03:11,  7.50it/s]
[1A 81%|████████▏ | 6299/7731 [11:11<03:00,  7.94it/s]
[1A                                                   
{'loss': 0.1195, 'grad_norm': 23.9973087310791, 'learning_rate': 3.946607953763589e-06, 'epoch': 2.44}
[1A
[1A 81%|████████▏ | 6300/7731 [11:11<03:00,  7.94it/s]
[1A 82%|████████▏ | 6301/7731 [11:11<02:44,  8.68it/s]
[1A 82%|████████▏ | 6302/7731 [11:11<02:40,  8.92it/s]
[1A 82%|████████▏ | 6304/7731 [11:11<02:31,  9.43it/s]
[1A 82%|████████▏ | 6305/7731 [11:12<03:06,  7.64it/s]
[1A 82%|████████▏ | 6307/7731 [11:12<02:45,  8.60it/s]
[1A 82%|████████▏ | 6308/7731 [11:12<02:43,  8.71it/s]
[1A 82%|████████▏ | 6309/7731 [11:12<02:39,  8.93it/s]
[1A 82%|████████▏ | 6311/7731 [11:12<02:41,  8.79it/s]
[1A 82%|████████▏ | 6312/7731 [11:12<02:47,  8.45it/s]
[1A 82%|████████▏ | 6314/7731 [11:12<02:31,  9.34it/s]
[1A 82%|████████▏ | 6316/7731 [11:13<02:46,  8.51it/s]
[1A 82%|████████▏ | 6317/7731 [11:13<03:01,  7.78it/s]
[1A 82%|████████▏ | 6318/7731 [11:13<03:17,  7.15it/s]
[1A 82%|████████▏ | 6320/7731 [11:13<02:52,  8.20it/s]
[1A 82%|████████▏ | 6322/7731 [11:13<02:39,  8.83it/s]
[1A 82%|████████▏ | 6324/7731 [11:14<02:28,  9.48it/s]
[1A 82%|████████▏ | 6326/7731 [11:14<02:21,  9.91it/s]
[1A 82%|████████▏ | 6328/7731 [11:14<02:16, 10.25it/s]
[1A 82%|████████▏ | 6330/7731 [11:14<02:13, 10.53it/s]
[1A 82%|████████▏ | 6332/7731 [11:14<02:11, 10.67it/s]
[1A 82%|████████▏ | 6334/7731 [11:15<02:10, 10.69it/s]
[1A 82%|████████▏ | 6336/7731 [11:15<02:15, 10.26it/s]
[1A 82%|████████▏ | 6338/7731 [11:15<02:12, 10.51it/s]
[1A 82%|████████▏ | 6340/7731 [11:15<02:17, 10.14it/s]
[1A 82%|████████▏ | 6342/7731 [11:15<02:13, 10.41it/s]
[1A 82%|████████▏ | 6344/7731 [11:16<02:10, 10.63it/s]
[1A 82%|████████▏ | 6346/7731 [11:16<02:18, 10.01it/s]
[1A 82%|████████▏ | 6348/7731 [11:16<02:15, 10.21it/s]
[1A 82%|████████▏ | 6350/7731 [11:16<02:12, 10.43it/s]
[1A                                                   
{'loss': 0.1602, 'grad_norm': 0.0926862508058548, 'learning_rate': 3.8089995871749006e-06, 'epoch': 2.46}
[1A
[1A 82%|████████▏ | 6350/7731 [11:16<02:12, 10.43it/s]
[1A 82%|████████▏ | 6352/7731 [11:16<02:10, 10.53it/s]
[1A 82%|████████▏ | 6354/7731 [11:16<02:09, 10.62it/s]
[1A 82%|████████▏ | 6356/7731 [11:17<02:14, 10.23it/s]
[1A 82%|████████▏ | 6358/7731 [11:17<02:12, 10.37it/s]
[1A 82%|████████▏ | 6360/7731 [11:17<02:10, 10.48it/s]
[1A 82%|████████▏ | 6362/7731 [11:17<02:15, 10.12it/s]
[1A 82%|████████▏ | 6364/7731 [11:17<02:13, 10.21it/s]
[1A 82%|████████▏ | 6366/7731 [11:18<02:22,  9.60it/s]
[1A 82%|████████▏ | 6368/7731 [11:18<02:27,  9.25it/s]
[1A 82%|████████▏ | 6370/7731 [11:18<02:27,  9.26it/s]
[1A 82%|████████▏ | 6372/7731 [11:18<02:25,  9.34it/s]
[1A 82%|████████▏ | 6373/7731 [11:18<02:27,  9.20it/s]
[1A 82%|████████▏ | 6375/7731 [11:19<02:22,  9.52it/s]
[1A 82%|████████▏ | 6376/7731 [11:19<02:21,  9.56it/s]
[1A 82%|████████▏ | 6377/7731 [11:19<02:22,  9.47it/s]
[1A 82%|████████▏ | 6378/7731 [11:19<02:25,  9.29it/s]
[1A 83%|████████▎ | 6379/7731 [11:19<02:25,  9.32it/s]
[1A 83%|████████▎ | 6380/7731 [11:19<02:22,  9.47it/s]
[1A 83%|████████▎ | 6382/7731 [11:19<02:20,  9.62it/s]
[1A 83%|████████▎ | 6384/7731 [11:20<02:16,  9.86it/s]
[1A 83%|████████▎ | 6386/7731 [11:20<02:15,  9.94it/s]
[1A 83%|████████▎ | 6387/7731 [11:20<02:15,  9.92it/s]
[1A 83%|████████▎ | 6389/7731 [11:20<02:12, 10.14it/s]
[1A 83%|████████▎ | 6391/7731 [11:20<02:14,  9.98it/s]
[1A 83%|████████▎ | 6392/7731 [11:20<02:14,  9.93it/s]
[1A 83%|████████▎ | 6393/7731 [11:21<02:22,  9.41it/s]
[1A 83%|████████▎ | 6395/7731 [11:21<02:17,  9.74it/s]
[1A 83%|████████▎ | 6397/7731 [11:21<02:14,  9.90it/s]
[1A 83%|████████▎ | 6398/7731 [11:21<02:19,  9.55it/s]
[1A 83%|████████▎ | 6400/7731 [11:21<02:17,  9.69it/s]
[1A                                                   
{'loss': 0.1492, 'grad_norm': 1.9976506233215332, 'learning_rate': 3.6713912205862116e-06, 'epoch': 2.48}
[1A
[1A 83%|████████▎ | 6400/7731 [11:21<02:17,  9.69it/s]
[1A 83%|████████▎ | 6401/7731 [11:21<02:18,  9.61it/s]
[1A 83%|████████▎ | 6402/7731 [11:21<02:22,  9.31it/s]
[1A 83%|████████▎ | 6404/7731 [11:22<02:20,  9.41it/s]
[1A 83%|████████▎ | 6406/7731 [11:22<02:21,  9.35it/s]
[1A 83%|████████▎ | 6407/7731 [11:22<02:26,  9.06it/s]
[1A 83%|████████▎ | 6409/7731 [11:22<02:21,  9.37it/s]
[1A 83%|████████▎ | 6410/7731 [11:22<02:19,  9.48it/s]
[1A 83%|████████▎ | 6412/7731 [11:23<02:14,  9.79it/s]
[1A 83%|████████▎ | 6414/7731 [11:23<02:16,  9.62it/s]
[1A 83%|████████▎ | 6415/7731 [11:23<02:18,  9.53it/s]
[1A 83%|████████▎ | 6416/7731 [11:23<02:26,  8.96it/s]
[1A 83%|████████▎ | 6417/7731 [11:23<02:26,  8.99it/s]
[1A 83%|████████▎ | 6418/7731 [11:23<02:46,  7.87it/s]
[1A 83%|████████▎ | 6419/7731 [11:23<02:47,  7.82it/s]
[1A 83%|████████▎ | 6420/7731 [11:24<02:57,  7.37it/s]
[1A 83%|████████▎ | 6422/7731 [11:24<02:40,  8.14it/s]
[1A 83%|████████▎ | 6423/7731 [11:24<02:34,  8.47it/s]
[1A 83%|████████▎ | 6424/7731 [11:24<02:38,  8.25it/s]
[1A 83%|████████▎ | 6426/7731 [11:24<02:27,  8.82it/s]
[1A 83%|████████▎ | 6427/7731 [11:24<02:27,  8.84it/s]
[1A 83%|████████▎ | 6428/7731 [11:24<02:35,  8.38it/s]
[1A 83%|████████▎ | 6429/7731 [11:25<02:33,  8.49it/s]
[1A 83%|████████▎ | 6430/7731 [11:25<02:42,  7.99it/s]
[1A 83%|████████▎ | 6432/7731 [11:25<02:27,  8.78it/s]
[1A 83%|████████▎ | 6433/7731 [11:25<02:24,  8.97it/s]
[1A 83%|████████▎ | 6434/7731 [11:25<02:22,  9.11it/s]
[1A 83%|████████▎ | 6435/7731 [11:25<02:57,  7.31it/s]
[1A 83%|████████▎ | 6436/7731 [11:25<03:02,  7.11it/s]
[1A 83%|████████▎ | 6437/7731 [11:26<02:49,  7.63it/s]
[1A 83%|████████▎ | 6438/7731 [11:26<02:40,  8.06it/s]
[1A 83%|████████▎ | 6439/7731 [11:26<02:38,  8.14it/s]
[1A 83%|████████▎ | 6440/7731 [11:26<02:37,  8.22it/s]
[1A 83%|████████▎ | 6441/7731 [11:26<02:50,  7.57it/s]
[1A 83%|████████▎ | 6442/7731 [11:26<02:46,  7.76it/s]
[1A 83%|████████▎ | 6443/7731 [11:26<02:41,  7.98it/s]
[1A 83%|████████▎ | 6444/7731 [11:26<02:47,  7.69it/s]
[1A 83%|████████▎ | 6445/7731 [11:27<02:45,  7.75it/s]
[1A 83%|████████▎ | 6446/7731 [11:27<02:36,  8.19it/s]
[1A 83%|████████▎ | 6447/7731 [11:27<02:30,  8.53it/s]
[1A 83%|████████▎ | 6448/7731 [11:27<02:27,  8.68it/s]
[1A 83%|████████▎ | 6449/7731 [11:27<02:22,  8.98it/s]
[1A 83%|████████▎ | 6450/7731 [11:27<02:23,  8.94it/s]
[1A                                                   
{'loss': 0.1468, 'grad_norm': 5.473508834838867, 'learning_rate': 3.5337828539975235e-06, 'epoch': 2.5}
[1A
[1A 83%|████████▎ | 6450/7731 [11:27<02:23,  8.94it/s]
[1A 83%|████████▎ | 6451/7731 [11:27<02:25,  8.80it/s]
[1A 83%|████████▎ | 6452/7731 [11:27<02:22,  8.97it/s]
[1A 83%|████████▎ | 6453/7731 [11:27<02:20,  9.08it/s]
[1A 83%|████████▎ | 6455/7731 [11:28<02:12,  9.65it/s]
[1A 84%|████████▎ | 6457/7731 [11:28<02:11,  9.65it/s]
[1A 84%|████████▎ | 6458/7731 [11:28<02:29,  8.50it/s]
[1A 84%|████████▎ | 6459/7731 [11:28<02:39,  7.98it/s]
[1A 84%|████████▎ | 6460/7731 [11:28<02:33,  8.26it/s]
[1A 84%|████████▎ | 6461/7731 [11:28<02:36,  8.12it/s]
[1A 84%|████████▎ | 6462/7731 [11:29<02:29,  8.51it/s]
[1A 84%|████████▎ | 6463/7731 [11:29<02:30,  8.43it/s]
[1A 84%|████████▎ | 6464/7731 [11:29<02:41,  7.84it/s]
[1A 84%|████████▎ | 6465/7731 [11:29<02:45,  7.64it/s]
[1A 84%|████████▎ | 6466/7731 [11:29<02:34,  8.20it/s]
[1A 84%|████████▎ | 6467/7731 [11:29<02:29,  8.47it/s]
[1A 84%|████████▎ | 6468/7731 [11:29<02:25,  8.69it/s]
[1A 84%|████████▎ | 6470/7731 [11:29<02:14,  9.37it/s]
[1A 84%|████████▎ | 6471/7731 [11:30<02:12,  9.48it/s]
[1A 84%|████████▎ | 6472/7731 [11:30<02:13,  9.46it/s]
[1A 84%|████████▎ | 6474/7731 [11:30<02:10,  9.64it/s]
[1A 84%|████████▍ | 6475/7731 [11:30<02:13,  9.41it/s]
[1A 84%|████████▍ | 6477/7731 [11:30<02:11,  9.50it/s]
[1A 84%|████████▍ | 6479/7731 [11:30<02:07,  9.85it/s]
[1A 84%|████████▍ | 6480/7731 [11:30<02:08,  9.76it/s]
[1A 84%|████████▍ | 6482/7731 [11:31<02:06,  9.87it/s]
[1A 84%|████████▍ | 6483/7731 [11:31<02:07,  9.75it/s]
[1A 84%|████████▍ | 6485/7731 [11:31<02:12,  9.43it/s]
[1A 84%|████████▍ | 6486/7731 [11:31<02:16,  9.09it/s]
[1A 84%|████████▍ | 6487/7731 [11:31<02:20,  8.85it/s]
[1A 84%|████████▍ | 6488/7731 [11:31<02:17,  9.07it/s]
[1A 84%|████████▍ | 6490/7731 [11:32<02:09,  9.57it/s]
[1A 84%|████████▍ | 6491/7731 [11:32<02:11,  9.42it/s]
[1A 84%|████████▍ | 6493/7731 [11:32<02:09,  9.60it/s]
[1A 84%|████████▍ | 6495/7731 [11:32<02:07,  9.72it/s]
[1A 84%|████████▍ | 6497/7731 [11:32<02:02, 10.08it/s]
[1A 84%|████████▍ | 6499/7731 [11:32<02:02, 10.07it/s]
[1A                                                   
{'loss': 0.1759, 'grad_norm': 0.5764060616493225, 'learning_rate': 3.396174487408835e-06, 'epoch': 2.52}
[1A
[1A 84%|████████▍ | 6500/7731 [11:33<02:02, 10.07it/s]
[1A 84%|████████▍ | 6501/7731 [11:33<02:03,  9.94it/s]
[1A 84%|████████▍ | 6502/7731 [11:33<02:07,  9.63it/s]
[1A 84%|████████▍ | 6504/7731 [11:33<02:05,  9.78it/s]
[1A 84%|████████▍ | 6506/7731 [11:33<02:03,  9.92it/s]
[1A 84%|████████▍ | 6507/7731 [11:33<02:07,  9.58it/s]
[1A 84%|████████▍ | 6509/7731 [11:33<02:04,  9.82it/s]
[1A 84%|████████▍ | 6511/7731 [11:34<02:07,  9.58it/s]
[1A 84%|████████▍ | 6512/7731 [11:34<02:12,  9.20it/s]
[1A 84%|████████▍ | 6513/7731 [11:34<02:12,  9.19it/s]
[1A 84%|████████▍ | 6514/7731 [11:34<02:13,  9.10it/s]
[1A 84%|████████▍ | 6516/7731 [11:34<02:09,  9.40it/s]
[1A 84%|████████▍ | 6517/7731 [11:34<02:11,  9.20it/s]
[1A 84%|████████▍ | 6519/7731 [11:35<02:06,  9.60it/s]
[1A 84%|████████▍ | 6520/7731 [11:35<02:06,  9.55it/s]
[1A 84%|████████▍ | 6521/7731 [11:35<02:12,  9.15it/s]
[1A 84%|████████▍ | 6522/7731 [11:35<02:12,  9.09it/s]
[1A 84%|████████▍ | 6524/7731 [11:35<02:04,  9.72it/s]
[1A 84%|████████▍ | 6525/7731 [11:35<02:08,  9.38it/s]
[1A 84%|████████▍ | 6527/7731 [11:35<02:04,  9.64it/s]
[1A 84%|████████▍ | 6529/7731 [11:36<02:07,  9.44it/s]
[1A 84%|████████▍ | 6531/7731 [11:36<02:03,  9.73it/s]
[1A 84%|████████▍ | 6532/7731 [11:36<02:02,  9.76it/s]
[1A 85%|████████▍ | 6534/7731 [11:36<02:01,  9.83it/s]
[1A 85%|████████▍ | 6536/7731 [11:36<01:58, 10.09it/s]
[1A 85%|████████▍ | 6538/7731 [11:37<02:06,  9.47it/s]
[1A 85%|████████▍ | 6539/7731 [11:37<02:07,  9.35it/s]
[1A 85%|████████▍ | 6540/7731 [11:37<02:08,  9.30it/s]
[1A 85%|████████▍ | 6542/7731 [11:37<02:04,  9.56it/s]
[1A 85%|████████▍ | 6544/7731 [11:37<02:00,  9.87it/s]
[1A 85%|████████▍ | 6545/7731 [11:37<02:01,  9.76it/s]
[1A 85%|████████▍ | 6546/7731 [11:37<02:05,  9.45it/s]
[1A 85%|████████▍ | 6548/7731 [11:38<02:01,  9.77it/s]
[1A 85%|████████▍ | 6550/7731 [11:38<02:01,  9.73it/s]
[1A                                                   
{'loss': 0.1193, 'grad_norm': 42.47700881958008, 'learning_rate': 3.2585661208201464e-06, 'epoch': 2.54}
[1A
[1A 85%|████████▍ | 6550/7731 [11:38<02:01,  9.73it/s]
[1A 85%|████████▍ | 6552/7731 [11:38<01:59,  9.85it/s]
[1A 85%|████████▍ | 6554/7731 [11:38<01:57, 10.00it/s]
[1A 85%|████████▍ | 6555/7731 [11:38<01:59,  9.88it/s]
[1A 85%|████████▍ | 6557/7731 [11:38<01:56, 10.05it/s]
[1A 85%|████████▍ | 6558/7731 [11:39<02:04,  9.40it/s]
[1A 85%|████████▍ | 6559/7731 [11:39<02:03,  9.49it/s]
[1A 85%|████████▍ | 6561/7731 [11:39<01:58,  9.85it/s]
[1A 85%|████████▍ | 6562/7731 [11:39<02:00,  9.74it/s]
[1A 85%|████████▍ | 6563/7731 [11:39<01:59,  9.76it/s]
[1A 85%|████████▍ | 6564/7731 [11:39<02:06,  9.22it/s]
[1A 85%|████████▍ | 6565/7731 [11:39<02:10,  8.96it/s]
[1A 85%|████████▍ | 6566/7731 [11:39<02:06,  9.19it/s]
[1A 85%|████████▍ | 6568/7731 [11:40<02:05,  9.24it/s]
[1A 85%|████████▍ | 6570/7731 [11:40<02:01,  9.59it/s]
[1A 85%|████████▍ | 6571/7731 [11:40<02:01,  9.55it/s]
[1A 85%|████████▌ | 6572/7731 [11:40<02:00,  9.64it/s]
[1A 85%|████████▌ | 6573/7731 [11:40<02:00,  9.62it/s]
[1A 85%|████████▌ | 6575/7731 [11:40<01:59,  9.65it/s]
[1A 85%|████████▌ | 6576/7731 [11:40<02:02,  9.43it/s]
[1A 85%|████████▌ | 6578/7731 [11:41<01:56,  9.88it/s]
[1A 85%|████████▌ | 6580/7731 [11:41<01:54, 10.01it/s]
[1A 85%|████████▌ | 6582/7731 [11:41<01:53, 10.14it/s]
[1A 85%|████████▌ | 6584/7731 [11:41<01:51, 10.24it/s]
[1A 85%|████████▌ | 6586/7731 [11:41<01:51, 10.31it/s]
[1A 85%|████████▌ | 6588/7731 [11:42<01:51, 10.22it/s]
[1A 85%|████████▌ | 6590/7731 [11:42<01:50, 10.30it/s]
[1A 85%|████████▌ | 6592/7731 [11:42<01:52, 10.11it/s]
[1A 85%|████████▌ | 6594/7731 [11:42<01:52, 10.13it/s]
[1A 85%|████████▌ | 6596/7731 [11:42<01:51, 10.22it/s]
[1A 85%|████████▌ | 6598/7731 [11:43<01:54,  9.89it/s]
[1A 85%|████████▌ | 6599/7731 [11:43<01:56,  9.76it/s]
[1A 85%|████████▌ | 6600/7731 [11:43<01:56,  9.71it/s]
[1A                                                   
{'loss': 0.1593, 'grad_norm': 0.9767350554466248, 'learning_rate': 3.1209577542314574e-06, 'epoch': 2.56}
[1A
[1A 85%|████████▌ | 6600/7731 [11:43<01:56,  9.71it/s]
[1A 85%|████████▌ | 6601/7731 [11:43<01:56,  9.72it/s]
[1A 85%|████████▌ | 6603/7731 [11:43<01:56,  9.67it/s]
[1A 85%|████████▌ | 6605/7731 [11:43<01:59,  9.45it/s]
[1A 85%|████████▌ | 6607/7731 [11:44<01:56,  9.68it/s]
[1A 85%|████████▌ | 6609/7731 [11:44<01:52,  9.94it/s]
[1A 86%|████████▌ | 6611/7731 [11:44<01:50, 10.10it/s]
[1A 86%|████████▌ | 6613/7731 [11:44<01:49, 10.24it/s]
[1A 86%|████████▌ | 6615/7731 [11:44<01:53,  9.85it/s]
[1A 86%|████████▌ | 6616/7731 [11:45<02:02,  9.07it/s]
[1A 86%|████████▌ | 6617/7731 [11:45<02:00,  9.23it/s]
[1A 86%|████████▌ | 6619/7731 [11:45<01:58,  9.42it/s]
[1A 86%|████████▌ | 6620/7731 [11:45<01:57,  9.42it/s]
[1A 86%|████████▌ | 6621/7731 [11:45<01:56,  9.52it/s]
[1A 86%|████████▌ | 6622/7731 [11:45<01:56,  9.54it/s]
[1A 86%|████████▌ | 6623/7731 [11:45<01:57,  9.42it/s]
[1A 86%|████████▌ | 6624/7731 [11:45<01:56,  9.52it/s]
[1A 86%|████████▌ | 6626/7731 [11:46<01:54,  9.64it/s]
[1A 86%|████████▌ | 6627/7731 [11:46<01:53,  9.70it/s]
[1A 86%|████████▌ | 6628/7731 [11:46<01:53,  9.75it/s]
[1A 86%|████████▌ | 6629/7731 [11:46<01:55,  9.57it/s]
[1A 86%|████████▌ | 6630/7731 [11:46<01:54,  9.58it/s]
[1A 86%|████████▌ | 6631/7731 [11:46<02:00,  9.16it/s]
[1A 86%|████████▌ | 6633/7731 [11:46<01:54,  9.56it/s]
[1A 86%|████████▌ | 6635/7731 [11:46<01:49, 10.04it/s]
[1A 86%|████████▌ | 6637/7731 [11:47<01:47, 10.14it/s]
[1A 86%|████████▌ | 6639/7731 [11:47<01:49,  9.96it/s]
[1A 86%|████████▌ | 6640/7731 [11:47<01:52,  9.70it/s]
[1A 86%|████████▌ | 6642/7731 [11:47<01:50,  9.86it/s]
[1A 86%|████████▌ | 6644/7731 [11:47<01:54,  9.47it/s]
[1A 86%|████████▌ | 6645/7731 [11:48<01:54,  9.47it/s]
[1A 86%|████████▌ | 6646/7731 [11:48<01:53,  9.57it/s]
[1A 86%|████████▌ | 6647/7731 [11:48<01:53,  9.59it/s]
[1A 86%|████████▌ | 6648/7731 [11:48<01:52,  9.65it/s]
[1A 86%|████████▌ | 6650/7731 [11:48<01:49,  9.85it/s]
[1A                                                   
{'loss': 0.1754, 'grad_norm': 33.98735046386719, 'learning_rate': 2.983349387642769e-06, 'epoch': 2.58}
[1A
[1A 86%|████████▌ | 6650/7731 [11:48<01:49,  9.85it/s]
[1A 86%|████████▌ | 6651/7731 [11:48<01:56,  9.27it/s]
[1A 86%|████████▌ | 6652/7731 [11:48<01:55,  9.37it/s]
[1A 86%|████████▌ | 6653/7731 [11:48<02:01,  8.84it/s]
[1A 86%|████████▌ | 6654/7731 [11:49<02:02,  8.78it/s]
[1A 86%|████████▌ | 6656/7731 [11:49<01:55,  9.34it/s]
[1A 86%|████████▌ | 6658/7731 [11:49<01:50,  9.74it/s]
[1A 86%|████████▌ | 6659/7731 [11:49<01:55,  9.26it/s]
[1A 86%|████████▌ | 6660/7731 [11:49<01:54,  9.39it/s]
[1A 86%|████████▌ | 6662/7731 [11:49<01:52,  9.53it/s]
[1A 86%|████████▌ | 6663/7731 [11:49<01:51,  9.61it/s]
[1A 86%|████████▌ | 6664/7731 [11:50<01:50,  9.67it/s]
[1A 86%|████████▌ | 6666/7731 [11:50<01:49,  9.72it/s]
[1A 86%|████████▌ | 6667/7731 [11:50<01:54,  9.29it/s]
[1A 86%|████████▋ | 6668/7731 [11:50<01:53,  9.33it/s]
[1A 86%|████████▋ | 6670/7731 [11:50<01:48,  9.76it/s]
[1A 86%|████████▋ | 6671/7731 [11:50<01:49,  9.71it/s]
[1A 86%|████████▋ | 6672/7731 [11:50<01:48,  9.72it/s]
[1A 86%|████████▋ | 6673/7731 [11:50<01:51,  9.51it/s]
[1A 86%|████████▋ | 6674/7731 [11:51<01:51,  9.45it/s]
[1A 86%|████████▋ | 6676/7731 [11:51<01:47,  9.84it/s]
[1A 86%|████████▋ | 6677/7731 [11:51<01:47,  9.84it/s]
[1A 86%|████████▋ | 6679/7731 [11:51<01:43, 10.16it/s]
[1A 86%|████████▋ | 6681/7731 [11:51<01:42, 10.22it/s]
[1A 86%|████████▋ | 6683/7731 [11:51<01:41, 10.29it/s]
[1A 86%|████████▋ | 6685/7731 [11:52<01:41, 10.29it/s]
[1A 86%|████████▋ | 6687/7731 [11:52<01:42, 10.21it/s]
[1A 87%|████████▋ | 6689/7731 [11:52<01:41, 10.25it/s]
[1A 87%|████████▋ | 6691/7731 [11:52<01:43, 10.08it/s]
[1A 87%|████████▋ | 6693/7731 [11:52<01:42, 10.15it/s]
[1A 87%|████████▋ | 6695/7731 [11:53<01:41, 10.23it/s]
[1A 87%|████████▋ | 6697/7731 [11:53<01:40, 10.31it/s]
[1A 87%|████████▋ | 6699/7731 [11:53<01:45,  9.79it/s]
[1A                                                   
{'loss': 0.1912, 'grad_norm': 12.832367897033691, 'learning_rate': 2.8457410210540803e-06, 'epoch': 2.6}
[1A
[1A 87%|████████▋ | 6700/7731 [11:53<01:45,  9.79it/s]
[1A 87%|████████▋ | 6701/7731 [11:53<01:47,  9.59it/s]
[1A 87%|████████▋ | 6703/7731 [11:53<01:44,  9.85it/s]
[1A 87%|████████▋ | 6704/7731 [11:54<01:48,  9.49it/s]
[1A 87%|████████▋ | 6705/7731 [11:54<01:47,  9.52it/s]
[1A 87%|████████▋ | 6707/7731 [11:54<01:52,  9.11it/s]
[1A 87%|████████▋ | 6709/7731 [11:54<01:46,  9.58it/s]
[1A 87%|████████▋ | 6711/7731 [11:54<01:44,  9.78it/s]
[1A 87%|████████▋ | 6713/7731 [11:55<01:42,  9.95it/s]
[1A 87%|████████▋ | 6715/7731 [11:55<01:45,  9.63it/s]
[1A 87%|████████▋ | 6717/7731 [11:55<01:42,  9.89it/s]
[1A 87%|████████▋ | 6719/7731 [11:55<01:42,  9.90it/s]
[1A 87%|████████▋ | 6721/7731 [11:55<01:40, 10.03it/s]
[1A 87%|████████▋ | 6723/7731 [11:56<01:39, 10.16it/s]
[1A 87%|████████▋ | 6725/7731 [11:56<01:42,  9.83it/s]
[1A 87%|████████▋ | 6726/7731 [11:56<01:46,  9.46it/s]
[1A 87%|████████▋ | 6728/7731 [11:56<01:43,  9.66it/s]
[1A 87%|████████▋ | 6729/7731 [11:56<01:44,  9.61it/s]
[1A 87%|████████▋ | 6730/7731 [11:56<01:43,  9.69it/s]
[1A 87%|████████▋ | 6732/7731 [11:56<01:41,  9.82it/s]
[1A 87%|████████▋ | 6734/7731 [11:57<01:39, 10.01it/s]
[1A 87%|████████▋ | 6735/7731 [11:57<01:43,  9.63it/s]
[1A 87%|████████▋ | 6737/7731 [11:57<01:41,  9.79it/s]
[1A 87%|████████▋ | 6739/7731 [11:57<01:38, 10.02it/s]
[1A 87%|████████▋ | 6741/7731 [11:57<01:38, 10.07it/s]
[1A 87%|████████▋ | 6743/7731 [11:58<01:36, 10.25it/s]
[1A 87%|████████▋ | 6745/7731 [11:58<01:35, 10.33it/s]
[1A 87%|████████▋ | 6747/7731 [11:58<01:35, 10.26it/s]
[1A 87%|████████▋ | 6749/7731 [11:58<01:36, 10.20it/s]
[1A                                                   
{'loss': 0.1116, 'grad_norm': 3.9665873050689697, 'learning_rate': 2.7081326544653917e-06, 'epoch': 2.62}
[1A
[1A 87%|████████▋ | 6750/7731 [11:58<01:36, 10.20it/s]
[1A 87%|████████▋ | 6751/7731 [11:58<01:38,  9.98it/s]
[1A 87%|████████▋ | 6752/7731 [11:58<01:40,  9.75it/s]
[1A 87%|████████▋ | 6754/7731 [11:59<01:37,  9.99it/s]
[1A 87%|████████▋ | 6755/7731 [11:59<01:39,  9.85it/s]
[1A 87%|████████▋ | 6756/7731 [11:59<01:38,  9.86it/s]
[1A 87%|████████▋ | 6758/7731 [11:59<01:37,  9.97it/s]
[1A 87%|████████▋ | 6760/7731 [11:59<01:35, 10.16it/s]
[1A 87%|████████▋ | 6762/7731 [11:59<01:35, 10.15it/s]
[1A 87%|████████▋ | 6764/7731 [12:00<01:34, 10.18it/s]
[1A 88%|████████▊ | 6766/7731 [12:00<01:33, 10.27it/s]
[1A 88%|████████▊ | 6768/7731 [12:00<01:33, 10.29it/s]
[1A 88%|████████▊ | 6770/7731 [12:00<01:32, 10.36it/s]
[1A 88%|████████▊ | 6772/7731 [12:00<01:33, 10.24it/s]
[1A 88%|████████▊ | 6774/7731 [12:01<01:37,  9.85it/s]
[1A 88%|████████▊ | 6776/7731 [12:01<01:34, 10.08it/s]
[1A 88%|████████▊ | 6778/7731 [12:01<01:34, 10.09it/s]
[1A 88%|████████▊ | 6780/7731 [12:01<01:35,  9.94it/s]
[1A 88%|████████▊ | 6782/7731 [12:01<01:36,  9.88it/s]
[1A 88%|████████▊ | 6784/7731 [12:02<01:35,  9.95it/s]
[1A 88%|████████▊ | 6786/7731 [12:02<01:35,  9.93it/s]
[1A 88%|████████▊ | 6788/7731 [12:02<01:33, 10.11it/s]
[1A 88%|████████▊ | 6790/7731 [12:02<01:32, 10.20it/s]
[1A 88%|████████▊ | 6792/7731 [12:02<01:34,  9.90it/s]
[1A 88%|████████▊ | 6794/7731 [12:03<01:34,  9.90it/s]
[1A 88%|████████▊ | 6795/7731 [12:03<01:34,  9.86it/s]
[1A 88%|████████▊ | 6797/7731 [12:03<01:33, 10.00it/s]
[1A 88%|████████▊ | 6799/7731 [12:03<01:31, 10.13it/s]
[1A                                                   
{'loss': 0.1421, 'grad_norm': 7.146864891052246, 'learning_rate': 2.5705242878767036e-06, 'epoch': 2.64}
[1A
[1A 88%|████████▊ | 6800/7731 [12:03<01:31, 10.13it/s]
[1A 88%|████████▊ | 6801/7731 [12:03<01:33,  9.99it/s]
[1A 88%|████████▊ | 6803/7731 [12:04<01:32,  9.99it/s]
[1A 88%|████████▊ | 6804/7731 [12:04<01:35,  9.70it/s]
[1A 88%|████████▊ | 6806/7731 [12:04<01:33,  9.91it/s]
[1A 88%|████████▊ | 6807/7731 [12:04<01:33,  9.86it/s]
[1A 88%|████████▊ | 6809/7731 [12:04<01:35,  9.66it/s]
[1A 88%|████████▊ | 6811/7731 [12:04<01:32,  9.92it/s]
[1A 88%|████████▊ | 6813/7731 [12:05<01:30, 10.10it/s]
[1A 88%|████████▊ | 6815/7731 [12:05<01:31, 10.06it/s]
[1A 88%|████████▊ | 6817/7731 [12:05<01:37,  9.33it/s]
[1A 88%|████████▊ | 6819/7731 [12:05<01:34,  9.61it/s]
[1A 88%|████████▊ | 6821/7731 [12:05<01:32,  9.85it/s]
[1A 88%|████████▊ | 6823/7731 [12:06<01:29, 10.10it/s]
[1A 88%|████████▊ | 6825/7731 [12:06<01:31,  9.90it/s]
[1A 88%|████████▊ | 6826/7731 [12:06<01:33,  9.73it/s]
[1A 88%|████████▊ | 6828/7731 [12:06<01:32,  9.81it/s]
[1A 88%|████████▊ | 6830/7731 [12:06<01:32,  9.75it/s]
[1A 88%|████████▊ | 6832/7731 [12:06<01:29, 10.06it/s]
[1A 88%|████████▊ | 6834/7731 [12:07<01:28, 10.12it/s]
[1A 88%|████████▊ | 6836/7731 [12:07<01:32,  9.65it/s]
[1A 88%|████████▊ | 6838/7731 [12:07<01:30,  9.91it/s]
[1A 88%|████████▊ | 6840/7731 [12:07<01:32,  9.66it/s]
[1A 89%|████████▊ | 6842/7731 [12:07<01:30,  9.82it/s]
[1A 89%|████████▊ | 6843/7731 [12:08<01:33,  9.50it/s]
[1A 89%|████████▊ | 6845/7731 [12:08<01:31,  9.73it/s]
[1A 89%|████████▊ | 6847/7731 [12:08<01:29,  9.92it/s]
[1A 89%|████████▊ | 6848/7731 [12:08<01:28,  9.93it/s]
[1A 89%|████████▊ | 6849/7731 [12:08<01:34,  9.38it/s]
[1A                                                   
{'loss': 0.1654, 'grad_norm': 2.5652265548706055, 'learning_rate': 2.4329159212880146e-06, 'epoch': 2.66}
[1A
[1A 89%|████████▊ | 6850/7731 [12:08<01:33,  9.38it/s]
[1A 89%|████████▊ | 6851/7731 [12:08<01:33,  9.44it/s]
[1A 89%|████████▊ | 6853/7731 [12:09<01:33,  9.39it/s]
[1A 89%|████████▊ | 6854/7731 [12:09<01:33,  9.34it/s]
[1A 89%|████████▊ | 6855/7731 [12:09<01:32,  9.45it/s]
[1A 89%|████████▊ | 6857/7731 [12:09<01:30,  9.70it/s]
[1A 89%|████████▊ | 6859/7731 [12:09<01:28,  9.85it/s]
[1A 89%|████████▊ | 6860/7731 [12:09<01:34,  9.22it/s]
[1A 89%|████████▊ | 6861/7731 [12:10<01:38,  8.79it/s]
[1A 89%|████████▉ | 6862/7731 [12:10<01:56,  7.46it/s]
[1A 89%|████████▉ | 6863/7731 [12:10<02:02,  7.11it/s]
[1A 89%|████████▉ | 6864/7731 [12:10<02:04,  6.97it/s]
[1A 89%|████████▉ | 6865/7731 [12:10<02:08,  6.76it/s]
[1A 89%|████████▉ | 6866/7731 [12:10<02:05,  6.87it/s]
[1A 89%|████████▉ | 6867/7731 [12:11<02:14,  6.44it/s]
[1A 89%|████████▉ | 6868/7731 [12:11<02:26,  5.87it/s]
[1A 89%|████████▉ | 6869/7731 [12:11<02:15,  6.36it/s]
[1A 89%|████████▉ | 6870/7731 [12:11<02:06,  6.81it/s]
[1A 89%|████████▉ | 6871/7731 [12:11<02:30,  5.73it/s]
[1A 89%|████████▉ | 6872/7731 [12:11<02:36,  5.49it/s]
[1A 89%|████████▉ | 6873/7731 [12:12<02:17,  6.26it/s]
[1A 89%|████████▉ | 6874/7731 [12:12<02:04,  6.87it/s]
[1A 89%|████████▉ | 6875/7731 [12:12<01:53,  7.53it/s]
[1A 89%|████████▉ | 6876/7731 [12:12<01:45,  8.11it/s]
[1A 89%|████████▉ | 6878/7731 [12:12<01:35,  8.90it/s]
[1A 89%|████████▉ | 6879/7731 [12:12<01:33,  9.11it/s]
[1A 89%|████████▉ | 6881/7731 [12:12<01:29,  9.49it/s]
[1A 89%|████████▉ | 6882/7731 [12:12<01:29,  9.54it/s]
[1A 89%|████████▉ | 6883/7731 [12:13<01:28,  9.55it/s]
[1A 89%|████████▉ | 6885/7731 [12:13<01:25,  9.90it/s]
[1A 89%|████████▉ | 6887/7731 [12:13<01:24, 10.03it/s]
[1A 89%|████████▉ | 6889/7731 [12:13<01:22, 10.20it/s]
[1A 89%|████████▉ | 6891/7731 [12:13<01:25,  9.78it/s]
[1A 89%|████████▉ | 6892/7731 [12:13<01:27,  9.59it/s]
[1A 89%|████████▉ | 6893/7731 [12:14<01:29,  9.41it/s]
[1A 89%|████████▉ | 6895/7731 [12:14<01:26,  9.62it/s]
[1A 89%|████████▉ | 6896/7731 [12:14<01:27,  9.54it/s]
[1A 89%|████████▉ | 6898/7731 [12:14<01:25,  9.76it/s]
[1A 89%|████████▉ | 6899/7731 [12:14<01:25,  9.71it/s]
[1A 89%|████████▉ | 6900/7731 [12:14<01:26,  9.62it/s]
[1A                                                   
{'loss': 0.2125, 'grad_norm': 13.828651428222656, 'learning_rate': 2.295307554699326e-06, 'epoch': 2.68}
[1A
[1A 89%|████████▉ | 6900/7731 [12:14<01:26,  9.62it/s]
[1A 89%|████████▉ | 6901/7731 [12:14<01:27,  9.51it/s]
[1A 89%|████████▉ | 6902/7731 [12:15<01:31,  9.09it/s]
[1A 89%|████████▉ | 6904/7731 [12:15<01:25,  9.66it/s]
[1A 89%|████████▉ | 6906/7731 [12:15<01:23,  9.88it/s]
[1A 89%|████████▉ | 6907/7731 [12:15<01:27,  9.46it/s]
[1A 89%|████████▉ | 6909/7731 [12:15<01:25,  9.66it/s]
[1A 89%|████████▉ | 6911/7731 [12:15<01:23,  9.83it/s]
[1A 89%|████████▉ | 6912/7731 [12:16<01:29,  9.16it/s]
[1A 89%|████████▉ | 6913/7731 [12:16<01:32,  8.85it/s]
[1A 89%|████████▉ | 6914/7731 [12:16<01:34,  8.65it/s]
[1A 89%|████████▉ | 6915/7731 [12:16<01:44,  7.80it/s]
[1A 89%|████████▉ | 6916/7731 [12:16<01:47,  7.56it/s]
[1A 89%|████████▉ | 6917/7731 [12:16<02:01,  6.72it/s]
[1A 89%|████████▉ | 6918/7731 [12:16<01:59,  6.81it/s]
[1A 89%|████████▉ | 6919/7731 [12:17<02:16,  5.96it/s]
[1A 90%|████████▉ | 6920/7731 [12:17<02:18,  5.85it/s]
[1A 90%|████████▉ | 6921/7731 [12:17<02:09,  6.24it/s]
[1A 90%|████████▉ | 6922/7731 [12:17<02:18,  5.83it/s]
[1A 90%|████████▉ | 6923/7731 [12:17<02:31,  5.33it/s]
[1A 90%|████████▉ | 6924/7731 [12:18<02:21,  5.69it/s]
[1A 90%|████████▉ | 6925/7731 [12:18<02:05,  6.41it/s]
[1A 90%|████████▉ | 6926/7731 [12:18<01:58,  6.81it/s]
[1A 90%|████████▉ | 6927/7731 [12:18<01:48,  7.40it/s]
[1A 90%|████████▉ | 6928/7731 [12:18<01:41,  7.93it/s]
[1A 90%|████████▉ | 6929/7731 [12:18<01:38,  8.13it/s]
[1A 90%|████████▉ | 6930/7731 [12:18<01:41,  7.88it/s]
[1A 90%|████████▉ | 6931/7731 [12:18<01:38,  8.15it/s]
[1A 90%|████████▉ | 6932/7731 [12:19<01:40,  7.92it/s]
[1A 90%|████████▉ | 6934/7731 [12:19<01:31,  8.67it/s]
[1A 90%|████████▉ | 6935/7731 [12:19<01:33,  8.54it/s]
[1A 90%|████████▉ | 6936/7731 [12:19<01:31,  8.69it/s]
[1A 90%|████████▉ | 6937/7731 [12:19<01:30,  8.73it/s]
[1A 90%|████████▉ | 6938/7731 [12:19<01:33,  8.48it/s]
[1A 90%|████████▉ | 6939/7731 [12:19<01:40,  7.85it/s]
[1A 90%|████████▉ | 6940/7731 [12:19<01:38,  8.02it/s]
[1A 90%|████████▉ | 6941/7731 [12:20<01:38,  7.98it/s]
[1A 90%|████████▉ | 6942/7731 [12:20<01:37,  8.06it/s]
[1A 90%|████████▉ | 6943/7731 [12:20<01:33,  8.39it/s]
[1A 90%|████████▉ | 6944/7731 [12:20<01:37,  8.07it/s]
[1A 90%|████████▉ | 6945/7731 [12:20<01:32,  8.52it/s]
[1A 90%|████████▉ | 6946/7731 [12:20<01:28,  8.86it/s]
[1A 90%|████████▉ | 6947/7731 [12:20<01:26,  9.04it/s]
[1A 90%|████████▉ | 6948/7731 [12:20<01:27,  8.99it/s]
[1A 90%|████████▉ | 6949/7731 [12:20<01:30,  8.65it/s]
[1A 90%|████████▉ | 6950/7731 [12:21<01:30,  8.66it/s]
[1A                                                   
{'loss': 0.1643, 'grad_norm': 9.33241081237793, 'learning_rate': 2.1576991881106375e-06, 'epoch': 2.7}
[1A
[1A 90%|████████▉ | 6950/7731 [12:21<01:30,  8.66it/s]
[1A 90%|████████▉ | 6951/7731 [12:21<01:27,  8.90it/s]
[1A 90%|████████▉ | 6952/7731 [12:21<01:26,  8.98it/s]
[1A 90%|████████▉ | 6953/7731 [12:21<01:24,  9.17it/s]
[1A 90%|████████▉ | 6954/7731 [12:21<01:23,  9.28it/s]
[1A 90%|████████▉ | 6956/7731 [12:21<01:20,  9.66it/s]
[1A 90%|████████▉ | 6957/7731 [12:21<01:20,  9.57it/s]
[1A 90%|█████████ | 6958/7731 [12:21<01:21,  9.43it/s]
[1A 90%|█████████ | 6960/7731 [12:22<01:24,  9.14it/s]
[1A 90%|█████████ | 6962/7731 [12:22<01:22,  9.37it/s]
[1A 90%|█████████ | 6963/7731 [12:22<01:43,  7.40it/s]
[1A 90%|█████████ | 6964/7731 [12:22<01:44,  7.37it/s]
[1A 90%|█████████ | 6965/7731 [12:22<01:37,  7.84it/s]
[1A 90%|█████████ | 6966/7731 [12:22<01:37,  7.84it/s]
[1A 90%|█████████ | 6967/7731 [12:23<01:35,  7.97it/s]
[1A 90%|█████████ | 6969/7731 [12:23<01:26,  8.79it/s]
[1A 90%|█████████ | 6970/7731 [12:23<01:24,  9.00it/s]
[1A 90%|█████████ | 6971/7731 [12:23<01:26,  8.80it/s]
[1A 90%|█████████ | 6972/7731 [12:23<01:36,  7.88it/s]
[1A 90%|█████████ | 6973/7731 [12:23<01:55,  6.58it/s]
[1A 90%|█████████ | 6974/7731 [12:24<01:47,  7.05it/s]
[1A 90%|█████████ | 6975/7731 [12:24<01:39,  7.59it/s]
[1A 90%|█████████ | 6976/7731 [12:24<01:40,  7.48it/s]
[1A 90%|█████████ | 6977/7731 [12:24<01:36,  7.84it/s]
[1A 90%|█████████ | 6979/7731 [12:24<01:28,  8.47it/s]
[1A 90%|█████████ | 6980/7731 [12:24<01:35,  7.84it/s]
[1A 90%|█████████ | 6981/7731 [12:24<01:37,  7.72it/s]
[1A 90%|█████████ | 6982/7731 [12:25<01:38,  7.61it/s]
[1A 90%|█████████ | 6983/7731 [12:25<01:32,  8.11it/s]
[1A 90%|█████████ | 6984/7731 [12:25<01:29,  8.38it/s]
[1A 90%|█████████ | 6985/7731 [12:25<01:30,  8.27it/s]
[1A 90%|█████████ | 6986/7731 [12:25<01:27,  8.52it/s]
[1A 90%|█████████ | 6987/7731 [12:25<01:25,  8.75it/s]
[1A 90%|█████████ | 6988/7731 [12:25<01:23,  8.92it/s]
[1A 90%|█████████ | 6989/7731 [12:25<01:20,  9.21it/s]
[1A 90%|█████████ | 6990/7731 [12:25<01:19,  9.28it/s]
[1A 90%|█████████ | 6992/7731 [12:26<01:16,  9.71it/s]
[1A 90%|█████████ | 6993/7731 [12:26<01:15,  9.77it/s]
[1A 90%|█████████ | 6994/7731 [12:26<01:16,  9.69it/s]
[1A 90%|█████████ | 6995/7731 [12:26<01:17,  9.49it/s]
[1A 91%|█████████ | 6997/7731 [12:26<01:14,  9.80it/s]
[1A 91%|█████████ | 6999/7731 [12:26<01:13,  9.91it/s]
[1A 91%|█████████ | 7000/7731 [12:26<01:18,  9.34it/s]
[1A                                                   
[1A
{'loss': 0.1804, 'grad_norm': 18.878530502319336, 'learning_rate': 2.0200908215219485e-06, 'epoch': 2.72}
[1A 91%|█████████ | 7000/7731 [12:26<01:18,  9.34it/s]
[1A 91%|█████████ | 7001/7731 [12:27<01:17,  9.37it/s]
[1A 91%|█████████ | 7002/7731 [12:27<01:16,  9.49it/s]
[1A 91%|█████████ | 7004/7731 [12:27<01:19,  9.18it/s]
[1A 91%|█████████ | 7006/7731 [12:27<01:12, 10.03it/s]
[1A 91%|█████████ | 7008/7731 [12:27<01:13,  9.90it/s]
[1A 91%|█████████ | 7009/7731 [12:27<01:14,  9.70it/s]
[1A 91%|█████████ | 7010/7731 [12:27<01:17,  9.30it/s]
[1A 91%|█████████ | 7011/7731 [12:28<01:17,  9.23it/s]
[1A 91%|█████████ | 7012/7731 [12:28<01:19,  9.01it/s]
[1A 91%|█████████ | 7013/7731 [12:28<01:18,  9.19it/s]
[1A 91%|█████████ | 7014/7731 [12:28<01:16,  9.35it/s]
[1A 91%|█████████ | 7015/7731 [12:28<01:15,  9.52it/s]
[1A 91%|█████████ | 7016/7731 [12:28<01:17,  9.25it/s]
[1A 91%|█████████ | 7018/7731 [12:28<01:13,  9.76it/s]
[1A 91%|█████████ | 7020/7731 [12:29<01:11,  9.92it/s]
[1A 91%|█████████ | 7021/7731 [12:29<01:12,  9.80it/s]
[1A 91%|█████████ | 7023/7731 [12:29<01:11,  9.87it/s]
[1A 91%|█████████ | 7025/7731 [12:29<01:09, 10.10it/s]
[1A 91%|█████████ | 7027/7731 [12:29<01:10,  9.99it/s]
[1A 91%|█████████ | 7029/7731 [12:29<01:09, 10.10it/s]
[1A 91%|█████████ | 7031/7731 [12:30<01:09, 10.13it/s]
[1A 91%|█████████ | 7033/7731 [12:30<01:10,  9.94it/s]
[1A 91%|█████████ | 7034/7731 [12:30<01:11,  9.68it/s]
[1A 91%|█████████ | 7035/7731 [12:30<01:11,  9.73it/s]
[1A 91%|█████████ | 7036/7731 [12:30<01:11,  9.73it/s]
[1A 91%|█████████ | 7037/7731 [12:30<01:11,  9.71it/s]
[1A 91%|█████████ | 7038/7731 [12:30<01:12,  9.57it/s]
[1A 91%|█████████ | 7039/7731 [12:30<01:12,  9.57it/s]
[1A 91%|█████████ | 7041/7731 [12:31<01:12,  9.47it/s]
[1A 91%|█████████ | 7042/7731 [12:31<01:11,  9.59it/s]
[1A 91%|█████████ | 7043/7731 [12:31<01:12,  9.46it/s]
[1A 91%|█████████ | 7045/7731 [12:31<01:09,  9.89it/s]
[1A 91%|█████████ | 7047/7731 [12:31<01:08, 10.06it/s]
[1A 91%|█████████ | 7049/7731 [12:31<01:06, 10.31it/s]
[1A                                                   
{'loss': 0.1632, 'grad_norm': 5.440032958984375, 'learning_rate': 1.8824824549332601e-06, 'epoch': 2.74}
[1A
[1A 91%|█████████ | 7050/7731 [12:32<01:06, 10.31it/s]
[1A 91%|█████████ | 7051/7731 [12:32<01:05, 10.32it/s]
[1A 91%|█████████ | 7053/7731 [12:32<01:05, 10.38it/s]
[1A 91%|█████████▏| 7055/7731 [12:32<01:06, 10.15it/s]
[1A 91%|█████████▏| 7057/7731 [12:32<01:08,  9.84it/s]
[1A 91%|█████████▏| 7059/7731 [12:32<01:07,  9.90it/s]
[1A 91%|█████████▏| 7061/7731 [12:33<01:08,  9.83it/s]
[1A 91%|█████████▏| 7062/7731 [12:33<01:09,  9.66it/s]
[1A 91%|█████████▏| 7064/7731 [12:33<01:06,  9.99it/s]
[1A 91%|█████████▏| 7065/7731 [12:33<01:06,  9.98it/s]
[1A 91%|█████████▏| 7066/7731 [12:33<01:09,  9.50it/s]
[1A 91%|█████████▏| 7067/7731 [12:33<01:09,  9.57it/s]
[1A 91%|█████████▏| 7069/7731 [12:33<01:07,  9.78it/s]
[1A 91%|█████████▏| 7070/7731 [12:34<01:08,  9.67it/s]
[1A 91%|█████████▏| 7071/7731 [12:34<01:10,  9.36it/s]
[1A 91%|█████████▏| 7073/7731 [12:34<01:06,  9.83it/s]
[1A 92%|█████████▏| 7075/7731 [12:34<01:05, 10.08it/s]
[1A 92%|█████████▏| 7077/7731 [12:34<01:04, 10.14it/s]
[1A 92%|█████████▏| 7079/7731 [12:34<01:04, 10.10it/s]
[1A 92%|█████████▏| 7081/7731 [12:35<01:04, 10.03it/s]
[1A 92%|█████████▏| 7082/7731 [12:35<01:04, 10.01it/s]
[1A 92%|█████████▏| 7084/7731 [12:35<01:04, 10.04it/s]
[1A 92%|█████████▏| 7086/7731 [12:35<01:04, 10.03it/s]
[1A 92%|█████████▏| 7088/7731 [12:35<01:04,  9.98it/s]
[1A 92%|█████████▏| 7090/7731 [12:36<01:03, 10.16it/s]
[1A 92%|█████████▏| 7092/7731 [12:36<01:02, 10.20it/s]
[1A 92%|█████████▏| 7094/7731 [12:36<01:03, 10.11it/s]
[1A 92%|█████████▏| 7096/7731 [12:36<01:02, 10.14it/s]
[1A 92%|█████████▏| 7098/7731 [12:36<01:01, 10.26it/s]
[1A 92%|█████████▏| 7100/7731 [12:37<01:01, 10.29it/s]
[1A                                                   
{'loss': 0.1252, 'grad_norm': 10.983596801757812, 'learning_rate': 1.7448740883445713e-06, 'epoch': 2.76}
[1A
[1A 92%|█████████▏| 7100/7731 [12:37<01:01, 10.29it/s]
[1A 92%|█████████▏| 7102/7731 [12:37<01:02, 10.09it/s]
[1A 92%|█████████▏| 7104/7731 [12:37<01:03,  9.83it/s]
[1A 92%|█████████▏| 7106/7731 [12:37<01:02, 10.03it/s]
[1A 92%|█████████▏| 7108/7731 [12:37<01:01, 10.16it/s]
[1A 92%|█████████▏| 7110/7731 [12:38<01:01, 10.03it/s]
[1A 92%|█████████▏| 7112/7731 [12:38<01:01, 10.03it/s]
[1A 92%|█████████▏| 7114/7731 [12:38<01:00, 10.13it/s]
[1A 92%|█████████▏| 7116/7731 [12:38<01:00, 10.11it/s]
[1A 92%|█████████▏| 7118/7731 [12:38<01:02,  9.88it/s]
[1A 92%|█████████▏| 7120/7731 [12:39<01:00, 10.15it/s]
[1A 92%|█████████▏| 7122/7731 [12:39<00:59, 10.25it/s]
[1A 92%|█████████▏| 7124/7731 [12:39<00:58, 10.29it/s]
[1A 92%|█████████▏| 7126/7731 [12:39<00:58, 10.28it/s]
[1A 92%|█████████▏| 7128/7731 [12:39<01:01,  9.88it/s]
[1A 92%|█████████▏| 7129/7731 [12:39<01:01,  9.75it/s]
[1A 92%|█████████▏| 7131/7731 [12:40<01:00,  9.84it/s]
[1A 92%|█████████▏| 7133/7731 [12:40<01:01,  9.76it/s]
[1A 92%|█████████▏| 7134/7731 [12:40<01:02,  9.56it/s]
[1A 92%|█████████▏| 7135/7731 [12:40<01:02,  9.53it/s]
[1A 92%|█████████▏| 7136/7731 [12:40<01:09,  8.56it/s]
[1A 92%|█████████▏| 7137/7731 [12:40<01:07,  8.76it/s]
[1A 92%|█████████▏| 7138/7731 [12:40<01:08,  8.63it/s]
[1A 92%|█████████▏| 7139/7731 [12:41<01:08,  8.63it/s]
[1A 92%|█████████▏| 7140/7731 [12:41<01:12,  8.12it/s]
[1A 92%|█████████▏| 7141/7731 [12:41<01:11,  8.31it/s]
[1A 92%|█████████▏| 7142/7731 [12:41<01:07,  8.72it/s]
[1A 92%|█████████▏| 7143/7731 [12:41<01:07,  8.66it/s]
[1A 92%|█████████▏| 7144/7731 [12:41<01:11,  8.24it/s]
[1A 92%|█████████▏| 7145/7731 [12:41<01:12,  8.05it/s]
[1A 92%|█████████▏| 7146/7731 [12:41<01:18,  7.44it/s]
[1A 92%|█████████▏| 7147/7731 [12:42<01:20,  7.22it/s]
[1A 92%|█████████▏| 7148/7731 [12:42<01:27,  6.69it/s]
[1A 92%|█████████▏| 7149/7731 [12:42<01:35,  6.12it/s]
[1A 92%|█████████▏| 7150/7731 [12:42<01:29,  6.51it/s]
[1A                                                   
{'loss': 0.1738, 'grad_norm': 9.21500301361084, 'learning_rate': 1.607265721755883e-06, 'epoch': 2.77}
[1A
[1A 92%|█████████▏| 7150/7731 [12:42<01:29,  6.51it/s]
[1A 92%|█████████▏| 7151/7731 [12:42<01:22,  7.03it/s]
[1A 93%|█████████▎| 7152/7731 [12:42<01:15,  7.68it/s]
[1A 93%|█████████▎| 7153/7731 [12:42<01:11,  8.03it/s]
[1A 93%|█████████▎| 7154/7731 [12:43<01:14,  7.77it/s]
[1A 93%|█████████▎| 7155/7731 [12:43<01:16,  7.51it/s]
[1A 93%|█████████▎| 7156/7731 [12:43<01:19,  7.19it/s]
[1A 93%|█████████▎| 7157/7731 [12:43<01:18,  7.30it/s]
[1A 93%|█████████▎| 7158/7731 [12:43<01:14,  7.73it/s]
[1A 93%|█████████▎| 7159/7731 [12:43<01:09,  8.19it/s]
[1A 93%|█████████▎| 7160/7731 [12:43<01:08,  8.34it/s]
[1A 93%|█████████▎| 7162/7731 [12:44<01:01,  9.21it/s]
[1A 93%|█████████▎| 7164/7731 [12:44<00:59,  9.59it/s]
[1A 93%|█████████▎| 7166/7731 [12:44<00:57,  9.86it/s]
[1A 93%|█████████▎| 7167/7731 [12:44<01:00,  9.26it/s]
[1A 93%|█████████▎| 7168/7731 [12:44<01:00,  9.31it/s]
[1A 93%|█████████▎| 7169/7731 [12:44<00:59,  9.46it/s]
[1A 93%|█████████▎| 7171/7731 [12:44<00:57,  9.66it/s]
[1A 93%|█████████▎| 7172/7731 [12:45<00:58,  9.51it/s]
[1A 93%|█████████▎| 7173/7731 [12:45<00:59,  9.30it/s]
[1A 93%|█████████▎| 7174/7731 [12:45<00:59,  9.43it/s]
[1A 93%|█████████▎| 7175/7731 [12:45<00:58,  9.51it/s]
[1A 93%|█████████▎| 7176/7731 [12:45<00:58,  9.51it/s]
[1A 93%|█████████▎| 7177/7731 [12:45<00:58,  9.41it/s]
[1A 93%|█████████▎| 7178/7731 [12:45<00:58,  9.44it/s]
[1A 93%|█████████▎| 7179/7731 [12:45<01:00,  9.05it/s]
[1A 93%|█████████▎| 7181/7731 [12:46<00:58,  9.38it/s]
[1A 93%|█████████▎| 7182/7731 [12:46<00:59,  9.26it/s]
[1A 93%|█████████▎| 7184/7731 [12:46<00:57,  9.54it/s]
[1A 93%|█████████▎| 7185/7731 [12:46<00:57,  9.54it/s]
[1A 93%|█████████▎| 7187/7731 [12:46<00:54,  9.90it/s]
[1A 93%|█████████▎| 7188/7731 [12:46<00:56,  9.62it/s]
[1A 93%|█████████▎| 7190/7731 [12:46<00:56,  9.60it/s]
[1A 93%|█████████▎| 7191/7731 [12:47<00:57,  9.34it/s]
[1A 93%|█████████▎| 7192/7731 [12:47<00:59,  9.13it/s]
[1A 93%|█████████▎| 7193/7731 [12:47<00:57,  9.32it/s]
[1A 93%|█████████▎| 7195/7731 [12:47<00:55,  9.68it/s]
[1A 93%|█████████▎| 7197/7731 [12:47<00:53,  9.89it/s]
[1A 93%|█████████▎| 7198/7731 [12:47<00:54,  9.87it/s]
[1A 93%|█████████▎| 7199/7731 [12:47<00:54,  9.71it/s]
[1A 93%|█████████▎| 7200/7731 [12:48<00:54,  9.72it/s]
[1A                                                   
{'loss': 0.1477, 'grad_norm': 8.794549942016602, 'learning_rate': 1.4724095224989682e-06, 'epoch': 2.79}
[1A
[1A 93%|█████████▎| 7200/7731 [12:48<00:54,  9.72it/s]
[1A 93%|█████████▎| 7201/7731 [12:48<00:55,  9.59it/s]
[1A 93%|█████████▎| 7202/7731 [12:48<00:54,  9.65it/s]
[1A 93%|█████████▎| 7204/7731 [12:48<00:53,  9.81it/s]
[1A 93%|█████████▎| 7206/7731 [12:48<00:52,  9.91it/s]
[1A 93%|█████████▎| 7207/7731 [12:48<00:54,  9.64it/s]
[1A 93%|█████████▎| 7209/7731 [12:48<00:52,  9.89it/s]
[1A 93%|█████████▎| 7211/7731 [12:49<00:51, 10.12it/s]
[1A 93%|█████████▎| 7213/7731 [12:49<00:51, 10.11it/s]
[1A 93%|█████████▎| 7215/7731 [12:49<00:51, 10.05it/s]
[1A 93%|█████████▎| 7217/7731 [12:49<00:51,  9.99it/s]
[1A 93%|█████████▎| 7219/7731 [12:49<00:50, 10.11it/s]
[1A 93%|█████████▎| 7221/7731 [12:50<00:51,  9.90it/s]
[1A 93%|█████████▎| 7223/7731 [12:50<00:50, 10.07it/s]
[1A 93%|█████████▎| 7225/7731 [12:50<00:52,  9.73it/s]
[1A 93%|█████████▎| 7227/7731 [12:50<00:51,  9.88it/s]
[1A 94%|█████████▎| 7229/7731 [12:50<00:50,  9.91it/s]
[1A 94%|█████████▎| 7231/7731 [12:51<00:50,  9.94it/s]
[1A 94%|█████████▎| 7232/7731 [12:51<00:50,  9.90it/s]
[1A 94%|█████████▎| 7234/7731 [12:51<00:49, 10.08it/s]
[1A 94%|█████████▎| 7236/7731 [12:51<00:48, 10.16it/s]
[1A 94%|█████████▎| 7238/7731 [12:51<00:48, 10.22it/s]
[1A 94%|█████████▎| 7240/7731 [12:51<00:48, 10.19it/s]
[1A 94%|█████████▎| 7242/7731 [12:52<00:49,  9.89it/s]
[1A 94%|█████████▎| 7243/7731 [12:52<00:51,  9.45it/s]
[1A 94%|█████████▎| 7245/7731 [12:52<00:50,  9.67it/s]
[1A 94%|█████████▎| 7246/7731 [12:52<00:51,  9.48it/s]
[1A 94%|█████████▍| 7248/7731 [12:52<00:48,  9.93it/s]
[1A 94%|█████████▍| 7249/7731 [12:52<00:48,  9.88it/s]
[1A                                                   
{'loss': 0.1582, 'grad_norm': 0.26746395230293274, 'learning_rate': 1.3348011559102794e-06, 'epoch': 2.81}
[1A
[1A 94%|█████████▍| 7250/7731 [12:53<00:48,  9.88it/s]
[1A 94%|█████████▍| 7251/7731 [12:53<00:47, 10.02it/s]
[1A 94%|█████████▍| 7252/7731 [12:53<00:48,  9.97it/s]
[1A 94%|█████████▍| 7253/7731 [12:53<00:48,  9.76it/s]
[1A 94%|█████████▍| 7254/7731 [12:53<00:51,  9.29it/s]
[1A 94%|█████████▍| 7255/7731 [12:53<00:50,  9.46it/s]
[1A 94%|█████████▍| 7257/7731 [12:53<00:47,  9.88it/s]
[1A 94%|█████████▍| 7259/7731 [12:53<00:46, 10.10it/s]
[1A 94%|█████████▍| 7261/7731 [12:54<00:47,  9.98it/s]
[1A 94%|█████████▍| 7263/7731 [12:54<00:46, 10.15it/s]
[1A 94%|█████████▍| 7265/7731 [12:54<00:45, 10.20it/s]
[1A 94%|█████████▍| 7267/7731 [12:54<00:47,  9.73it/s]
[1A 94%|█████████▍| 7269/7731 [12:54<00:46,  9.96it/s]
[1A 94%|█████████▍| 7271/7731 [12:55<00:46,  9.83it/s]
[1A 94%|█████████▍| 7272/7731 [12:55<00:47,  9.66it/s]
[1A 94%|█████████▍| 7274/7731 [12:55<00:45, 10.08it/s]
[1A 94%|█████████▍| 7276/7731 [12:55<00:45, 10.00it/s]
[1A 94%|█████████▍| 7277/7731 [12:55<00:46,  9.83it/s]
[1A 94%|█████████▍| 7279/7731 [12:55<00:46,  9.71it/s]
[1A 94%|█████████▍| 7280/7731 [12:56<00:46,  9.71it/s]
[1A 94%|█████████▍| 7281/7731 [12:56<00:46,  9.70it/s]
[1A 94%|█████████▍| 7283/7731 [12:56<00:45,  9.85it/s]
[1A 94%|█████████▍| 7284/7731 [12:56<00:46,  9.63it/s]
[1A 94%|█████████▍| 7286/7731 [12:56<00:44,  9.91it/s]
[1A 94%|█████████▍| 7288/7731 [12:56<00:43, 10.14it/s]
[1A 94%|█████████▍| 7290/7731 [12:57<00:43, 10.09it/s]
[1A 94%|█████████▍| 7292/7731 [12:57<00:46,  9.43it/s]
[1A 94%|█████████▍| 7293/7731 [12:57<00:46,  9.45it/s]
[1A 94%|█████████▍| 7295/7731 [12:57<00:44,  9.69it/s]
[1A 94%|█████████▍| 7297/7731 [12:57<00:45,  9.56it/s]
[1A 94%|█████████▍| 7298/7731 [12:57<00:45,  9.61it/s]
[1A 94%|█████████▍| 7299/7731 [12:58<00:46,  9.21it/s]
[1A                                                   
{'loss': 0.1636, 'grad_norm': 3.0302274227142334, 'learning_rate': 1.1971927893215908e-06, 'epoch': 2.83}
[1A
[1A 94%|█████████▍| 7300/7731 [12:58<00:46,  9.21it/s]
[1A 94%|█████████▍| 7301/7731 [12:58<00:44,  9.57it/s]
[1A 94%|█████████▍| 7302/7731 [12:58<00:45,  9.43it/s]
[1A 94%|█████████▍| 7303/7731 [12:58<00:45,  9.48it/s]
[1A 94%|█████████▍| 7305/7731 [12:58<00:43,  9.77it/s]
[1A 95%|█████████▍| 7306/7731 [12:58<00:44,  9.45it/s]
[1A 95%|█████████▍| 7307/7731 [12:58<00:44,  9.51it/s]
[1A 95%|█████████▍| 7308/7731 [12:59<00:46,  9.13it/s]
[1A 95%|█████████▍| 7310/7731 [12:59<00:43,  9.67it/s]
[1A 95%|█████████▍| 7312/7731 [12:59<00:42,  9.85it/s]
[1A 95%|█████████▍| 7314/7731 [12:59<00:41, 10.09it/s]
[1A 95%|█████████▍| 7315/7731 [12:59<00:41,  9.95it/s]
[1A 95%|█████████▍| 7317/7731 [12:59<00:41, 10.06it/s]
[1A 95%|█████████▍| 7318/7731 [13:00<00:43,  9.58it/s]
[1A 95%|█████████▍| 7320/7731 [13:00<00:40, 10.03it/s]
[1A 95%|█████████▍| 7322/7731 [13:00<00:40, 10.11it/s]
[1A 95%|█████████▍| 7323/7731 [13:00<00:40,  9.98it/s]
[1A 95%|█████████▍| 7324/7731 [13:00<00:41,  9.87it/s]
[1A 95%|█████████▍| 7325/7731 [13:00<00:41,  9.82it/s]
[1A 95%|█████████▍| 7327/7731 [13:00<00:39, 10.15it/s]
[1A 95%|█████████▍| 7328/7731 [13:01<00:40,  9.99it/s]
[1A 95%|█████████▍| 7329/7731 [13:01<00:40,  9.88it/s]
[1A 95%|█████████▍| 7330/7731 [13:01<00:42,  9.50it/s]
[1A 95%|█████████▍| 7332/7731 [13:01<00:40,  9.90it/s]
[1A 95%|█████████▍| 7334/7731 [13:01<00:39, 10.14it/s]
[1A 95%|█████████▍| 7336/7731 [13:01<00:38, 10.27it/s]
[1A 95%|█████████▍| 7338/7731 [13:01<00:37, 10.37it/s]
[1A 95%|█████████▍| 7340/7731 [13:02<00:37, 10.30it/s]
[1A 95%|█████████▍| 7342/7731 [13:02<00:37, 10.30it/s]
[1A 95%|█████████▍| 7344/7731 [13:02<00:37, 10.27it/s]
[1A 95%|█████████▌| 7346/7731 [13:02<00:37, 10.32it/s]
[1A 95%|█████████▌| 7348/7731 [13:02<00:38, 10.05it/s]
[1A 95%|█████████▌| 7350/7731 [13:03<00:37, 10.06it/s]
[1A                                                   
{'loss': 0.1479, 'grad_norm': 1.8292598724365234, 'learning_rate': 1.0595844227329023e-06, 'epoch': 2.85}
[1A
[1A 95%|█████████▌| 7350/7731 [13:03<00:37, 10.06it/s]
[1A 95%|█████████▌| 7352/7731 [13:03<00:38,  9.89it/s]
[1A 95%|█████████▌| 7354/7731 [13:03<00:39,  9.65it/s]
[1A 95%|█████████▌| 7356/7731 [13:03<00:39,  9.41it/s]
[1A 95%|█████████▌| 7358/7731 [13:04<00:38,  9.79it/s]
[1A 95%|█████████▌| 7360/7731 [13:04<00:37,  9.95it/s]
[1A 95%|█████████▌| 7362/7731 [13:04<00:36, 10.12it/s]
[1A 95%|█████████▌| 7364/7731 [13:04<00:37,  9.77it/s]
[1A 95%|█████████▌| 7365/7731 [13:04<00:37,  9.78it/s]
[1A 95%|█████████▌| 7367/7731 [13:04<00:36,  9.90it/s]
[1A 95%|█████████▌| 7369/7731 [13:05<00:36,  9.98it/s]
[1A 95%|█████████▌| 7370/7731 [13:05<00:37,  9.60it/s]
[1A 95%|█████████▌| 7372/7731 [13:05<00:36,  9.76it/s]
[1A 95%|█████████▌| 7374/7731 [13:05<00:35,  9.98it/s]
[1A 95%|█████████▌| 7376/7731 [13:05<00:36,  9.75it/s]
[1A 95%|█████████▌| 7378/7731 [13:06<00:35,  9.89it/s]
[1A 95%|█████████▌| 7380/7731 [13:06<00:34, 10.03it/s]
[1A 95%|█████████▌| 7382/7731 [13:06<00:34, 10.04it/s]
[1A 96%|█████████▌| 7384/7731 [13:06<00:34, 10.18it/s]
[1A 96%|█████████▌| 7386/7731 [13:06<00:34,  9.92it/s]
[1A 96%|█████████▌| 7388/7731 [13:07<00:34,  9.99it/s]
[1A 96%|█████████▌| 7389/7731 [13:07<00:34,  9.96it/s]
[1A 96%|█████████▌| 7390/7731 [13:07<00:34,  9.96it/s]
[1A 96%|█████████▌| 7391/7731 [13:07<00:34,  9.72it/s]
[1A 96%|█████████▌| 7392/7731 [13:07<00:35,  9.49it/s]
[1A 96%|█████████▌| 7394/7731 [13:07<00:34,  9.70it/s]
[1A 96%|█████████▌| 7395/7731 [13:07<00:36,  9.29it/s]
[1A 96%|█████████▌| 7396/7731 [13:07<00:35,  9.42it/s]
[1A 96%|█████████▌| 7397/7731 [13:07<00:35,  9.44it/s]
[1A 96%|█████████▌| 7398/7731 [13:08<00:36,  9.18it/s]
[1A 96%|█████████▌| 7399/7731 [13:08<00:39,  8.40it/s]
[1A 96%|█████████▌| 7400/7731 [13:08<00:38,  8.67it/s]
[1A                                                   
[1A
{'loss': 0.1644, 'grad_norm': 13.730602264404297, 'learning_rate': 9.219760561442137e-07, 'epoch': 2.87}
[1A 96%|█████████▌| 7400/7731 [13:08<00:38,  8.67it/s]
[1A 96%|█████████▌| 7401/7731 [13:08<00:37,  8.86it/s]
[1A 96%|█████████▌| 7402/7731 [13:08<00:37,  8.89it/s]
[1A 96%|█████████▌| 7403/7731 [13:08<00:39,  8.34it/s]
[1A 96%|█████████▌| 7404/7731 [13:08<00:37,  8.62it/s]
[1A 96%|█████████▌| 7405/7731 [13:08<00:38,  8.43it/s]
[1A 96%|█████████▌| 7407/7731 [13:09<00:35,  9.23it/s]
[1A 96%|█████████▌| 7408/7731 [13:09<00:34,  9.24it/s]
[1A 96%|█████████▌| 7409/7731 [13:09<00:34,  9.27it/s]
[1A 96%|█████████▌| 7411/7731 [13:09<00:33,  9.70it/s]
[1A 96%|█████████▌| 7412/7731 [13:09<00:32,  9.73it/s]
[1A 96%|█████████▌| 7413/7731 [13:09<00:34,  9.34it/s]
[1A 96%|█████████▌| 7414/7731 [13:09<00:34,  9.17it/s]
[1A 96%|█████████▌| 7416/7731 [13:10<00:32,  9.62it/s]
[1A 96%|█████████▌| 7417/7731 [13:10<00:32,  9.59it/s]
[1A 96%|█████████▌| 7418/7731 [13:10<00:32,  9.57it/s]
[1A 96%|█████████▌| 7419/7731 [13:10<00:32,  9.48it/s]
[1A 96%|█████████▌| 7421/7731 [13:10<00:31,  9.86it/s]
[1A 96%|█████████▌| 7423/7731 [13:10<00:31,  9.82it/s]
[1A 96%|█████████▌| 7425/7731 [13:10<00:30,  9.90it/s]
[1A 96%|█████████▌| 7427/7731 [13:11<00:30,  9.96it/s]
[1A 96%|█████████▌| 7429/7731 [13:11<00:31,  9.44it/s]
[1A 96%|█████████▌| 7430/7731 [13:11<00:31,  9.45it/s]
[1A 96%|█████████▌| 7432/7731 [13:11<00:30,  9.90it/s]
[1A 96%|█████████▌| 7434/7731 [13:11<00:29,  9.98it/s]
[1A 96%|█████████▌| 7435/7731 [13:12<00:29,  9.91it/s]
[1A 96%|█████████▌| 7436/7731 [13:12<00:30,  9.83it/s]
[1A 96%|█████████▌| 7437/7731 [13:12<00:31,  9.41it/s]
[1A 96%|█████████▌| 7439/7731 [13:12<00:31,  9.38it/s]
[1A 96%|█████████▌| 7441/7731 [13:12<00:31,  9.32it/s]
[1A 96%|█████████▋| 7443/7731 [13:12<00:30,  9.59it/s]
[1A 96%|█████████▋| 7444/7731 [13:12<00:29,  9.58it/s]
[1A 96%|█████████▋| 7445/7731 [13:13<00:30,  9.42it/s]
[1A 96%|█████████▋| 7447/7731 [13:13<00:29,  9.65it/s]
[1A 96%|█████████▋| 7449/7731 [13:13<00:28,  9.85it/s]
[1A                                                   
{'loss': 0.1703, 'grad_norm': 5.400959014892578, 'learning_rate': 7.843676895555251e-07, 'epoch': 2.89}
[1A
[1A 96%|█████████▋| 7450/7731 [13:13<00:28,  9.85it/s]
[1A 96%|█████████▋| 7451/7731 [13:13<00:28,  9.83it/s]
[1A 96%|█████████▋| 7452/7731 [13:13<00:28,  9.77it/s]
[1A 96%|█████████▋| 7453/7731 [13:13<00:28,  9.79it/s]
[1A 96%|█████████▋| 7455/7731 [13:14<00:27, 10.04it/s]
[1A 96%|█████████▋| 7457/7731 [13:14<00:26, 10.16it/s]
[1A 96%|█████████▋| 7459/7731 [13:14<00:26, 10.26it/s]
[1A 97%|█████████▋| 7461/7731 [13:14<00:27,  9.82it/s]
[1A 97%|█████████▋| 7462/7731 [13:14<00:28,  9.38it/s]
[1A 97%|█████████▋| 7464/7731 [13:14<00:27,  9.75it/s]
[1A 97%|█████████▋| 7465/7731 [13:15<00:27,  9.69it/s]
[1A 97%|█████████▋| 7466/7731 [13:15<00:27,  9.68it/s]
[1A 97%|█████████▋| 7468/7731 [13:15<00:26,  9.85it/s]
[1A 97%|█████████▋| 7470/7731 [13:15<00:26, 10.03it/s]
[1A 97%|█████████▋| 7471/7731 [13:15<00:26,  9.94it/s]
[1A 97%|█████████▋| 7472/7731 [13:15<00:26,  9.93it/s]
[1A 97%|█████████▋| 7473/7731 [13:15<00:26,  9.80it/s]
[1A 97%|█████████▋| 7474/7731 [13:16<00:26,  9.84it/s]
[1A 97%|█████████▋| 7476/7731 [13:16<00:25,  9.90it/s]
[1A 97%|█████████▋| 7478/7731 [13:16<00:25,  9.76it/s]
[1A 97%|█████████▋| 7480/7731 [13:16<00:25,  9.97it/s]
[1A 97%|█████████▋| 7482/7731 [13:16<00:24, 10.15it/s]
[1A 97%|█████████▋| 7484/7731 [13:16<00:24, 10.16it/s]
[1A 97%|█████████▋| 7486/7731 [13:17<00:24, 10.11it/s]
[1A 97%|█████████▋| 7488/7731 [13:17<00:26,  9.32it/s]
[1A 97%|█████████▋| 7489/7731 [13:17<00:26,  9.25it/s]
[1A 97%|█████████▋| 7490/7731 [13:17<00:25,  9.27it/s]
[1A 97%|█████████▋| 7491/7731 [13:17<00:25,  9.36it/s]
[1A 97%|█████████▋| 7493/7731 [13:17<00:24,  9.75it/s]
[1A 97%|█████████▋| 7494/7731 [13:18<00:24,  9.79it/s]
[1A 97%|█████████▋| 7496/7731 [13:18<00:23,  9.91it/s]
[1A 97%|█████████▋| 7497/7731 [13:18<00:23,  9.88it/s]
[1A 97%|█████████▋| 7498/7731 [13:18<00:24,  9.70it/s]
[1A 97%|█████████▋| 7499/7731 [13:18<00:24,  9.50it/s]
[1A                                                   
{'loss': 0.1432, 'grad_norm': 15.52485466003418, 'learning_rate': 6.467593229668365e-07, 'epoch': 2.91}
[1A
[1A 97%|█████████▋| 7500/7731 [13:18<00:24,  9.50it/s]
[1A 97%|█████████▋| 7501/7731 [13:18<00:24,  9.33it/s]
[1A 97%|█████████▋| 7502/7731 [13:18<00:24,  9.47it/s]
[1A 97%|█████████▋| 7503/7731 [13:19<00:25,  9.02it/s]
[1A 97%|█████████▋| 7504/7731 [13:19<00:25,  8.97it/s]
[1A 97%|█████████▋| 7506/7731 [13:19<00:24,  9.29it/s]
[1A 97%|█████████▋| 7508/7731 [13:19<00:23,  9.60it/s]
[1A 97%|█████████▋| 7510/7731 [13:19<00:22,  9.70it/s]
[1A 97%|█████████▋| 7511/7731 [13:19<00:22,  9.75it/s]
[1A 97%|█████████▋| 7512/7731 [13:19<00:23,  9.33it/s]
[1A 97%|█████████▋| 7513/7731 [13:20<00:23,  9.44it/s]
[1A 97%|█████████▋| 7514/7731 [13:20<00:22,  9.55it/s]
[1A 97%|█████████▋| 7516/7731 [13:20<00:21,  9.79it/s]
[1A 97%|█████████▋| 7517/7731 [13:20<00:21,  9.76it/s]
[1A 97%|█████████▋| 7519/7731 [13:20<00:21,  9.99it/s]
[1A 97%|█████████▋| 7520/7731 [13:20<00:21,  9.84it/s]
[1A 97%|█████████▋| 7521/7731 [13:20<00:21,  9.78it/s]
[1A 97%|█████████▋| 7522/7731 [13:20<00:21,  9.70it/s]
[1A 97%|█████████▋| 7524/7731 [13:21<00:20,  9.98it/s]
[1A 97%|█████████▋| 7525/7731 [13:21<00:21,  9.51it/s]
[1A 97%|█████████▋| 7526/7731 [13:21<00:21,  9.52it/s]
[1A 97%|█████████▋| 7527/7731 [13:21<00:21,  9.55it/s]
[1A 97%|█████████▋| 7529/7731 [13:21<00:20,  9.93it/s]
[1A 97%|█████████▋| 7531/7731 [13:21<00:19, 10.10it/s]
[1A 97%|█████████▋| 7533/7731 [13:22<00:19, 10.16it/s]
[1A 97%|█████████▋| 7535/7731 [13:22<00:19, 10.23it/s]
[1A 97%|█████████▋| 7537/7731 [13:22<00:20,  9.63it/s]
[1A 98%|█████████▊| 7538/7731 [13:22<00:20,  9.42it/s]
[1A 98%|█████████▊| 7540/7731 [13:22<00:19,  9.62it/s]
[1A 98%|█████████▊| 7541/7731 [13:22<00:19,  9.69it/s]
[1A 98%|█████████▊| 7543/7731 [13:23<00:18,  9.91it/s]
[1A 98%|█████████▊| 7544/7731 [13:23<00:19,  9.53it/s]
[1A 98%|█████████▊| 7545/7731 [13:23<00:19,  9.58it/s]
[1A 98%|█████████▊| 7546/7731 [13:23<00:19,  9.50it/s]
[1A 98%|█████████▊| 7548/7731 [13:23<00:18,  9.76it/s]
[1A 98%|█████████▊| 7550/7731 [13:23<00:17, 10.06it/s]
[1A                                                   
{'loss': 0.1934, 'grad_norm': 0.5101160407066345, 'learning_rate': 5.091509563781478e-07, 'epoch': 2.93}
[1A
[1A 98%|█████████▊| 7550/7731 [13:23<00:17, 10.06it/s]
[1A 98%|█████████▊| 7552/7731 [13:24<00:17, 10.24it/s]
[1A 98%|█████████▊| 7554/7731 [13:24<00:17, 10.31it/s]
[1A 98%|█████████▊| 7556/7731 [13:24<00:16, 10.33it/s]
[1A 98%|█████████▊| 7558/7731 [13:24<00:16, 10.28it/s]
[1A 98%|█████████▊| 7560/7731 [13:24<00:16, 10.22it/s]
[1A 98%|█████████▊| 7562/7731 [13:25<00:17,  9.93it/s]
[1A 98%|█████████▊| 7564/7731 [13:25<00:16, 10.00it/s]
[1A 98%|█████████▊| 7566/7731 [13:25<00:17,  9.70it/s]
[1A 98%|█████████▊| 7568/7731 [13:25<00:16,  9.93it/s]
[1A 98%|█████████▊| 7570/7731 [13:25<00:16,  9.98it/s]
[1A 98%|█████████▊| 7572/7731 [13:26<00:15, 10.06it/s]
[1A 98%|█████████▊| 7574/7731 [13:26<00:15, 10.22it/s]
[1A 98%|█████████▊| 7576/7731 [13:26<00:15, 10.21it/s]
[1A 98%|█████████▊| 7578/7731 [13:26<00:14, 10.23it/s]
[1A 98%|█████████▊| 7580/7731 [13:26<00:15,  9.69it/s]
[1A 98%|█████████▊| 7582/7731 [13:27<00:15,  9.73it/s]
[1A 98%|█████████▊| 7584/7731 [13:27<00:14,  9.86it/s]
[1A 98%|█████████▊| 7586/7731 [13:27<00:14,  9.95it/s]
[1A 98%|█████████▊| 7587/7731 [13:27<00:14,  9.81it/s]
[1A 98%|█████████▊| 7589/7731 [13:27<00:14, 10.00it/s]
[1A 98%|█████████▊| 7590/7731 [13:27<00:14,  9.52it/s]
[1A 98%|█████████▊| 7592/7731 [13:28<00:14,  9.37it/s]
[1A 98%|█████████▊| 7593/7731 [13:28<00:15,  9.04it/s]
[1A 98%|█████████▊| 7595/7731 [13:28<00:14,  9.59it/s]
[1A 98%|█████████▊| 7597/7731 [13:28<00:13,  9.88it/s]
[1A 98%|█████████▊| 7599/7731 [13:28<00:13, 10.04it/s]
[1A                                                   
{'loss': 0.0761, 'grad_norm': 1.6383554935455322, 'learning_rate': 3.7154258978945924e-07, 'epoch': 2.95}
[1A
[1A 98%|█████████▊| 7600/7731 [13:28<00:13, 10.04it/s]
[1A 98%|█████████▊| 7601/7731 [13:28<00:13,  9.79it/s]
[1A 98%|█████████▊| 7602/7731 [13:29<00:13,  9.77it/s]
[1A 98%|█████████▊| 7603/7731 [13:29<00:13,  9.69it/s]
[1A 98%|█████████▊| 7604/7731 [13:29<00:13,  9.56it/s]
[1A 98%|█████████▊| 7606/7731 [13:29<00:12,  9.65it/s]
[1A 98%|█████████▊| 7608/7731 [13:29<00:12,  9.90it/s]
[1A 98%|█████████▊| 7609/7731 [13:29<00:12,  9.46it/s]
[1A 98%|█████████▊| 7611/7731 [13:30<00:12,  9.84it/s]
[1A 98%|█████████▊| 7612/7731 [13:30<00:12,  9.64it/s]
[1A 98%|█████████▊| 7613/7731 [13:30<00:12,  9.69it/s]
[1A 98%|█████████▊| 7614/7731 [13:30<00:12,  9.66it/s]
[1A 99%|█████████▊| 7616/7731 [13:30<00:11,  9.87it/s]
[1A 99%|█████████▊| 7618/7731 [13:30<00:11, 10.21it/s]
[1A 99%|█████████▊| 7620/7731 [13:30<00:10, 10.26it/s]
[1A 99%|█████████▊| 7622/7731 [13:31<00:11,  9.85it/s]
[1A 99%|█████████▊| 7624/7731 [13:31<00:10, 10.01it/s]
[1A 99%|█████████▊| 7626/7731 [13:31<00:10,  9.92it/s]
[1A 99%|█████████▊| 7627/7731 [13:31<00:10,  9.87it/s]
[1A 99%|█████████▊| 7629/7731 [13:31<00:10, 10.05it/s]
[1A 99%|█████████▊| 7631/7731 [13:32<00:10,  9.98it/s]
[1A 99%|█████████▊| 7632/7731 [13:32<00:09,  9.97it/s]
[1A 99%|█████████▊| 7633/7731 [13:32<00:09,  9.90it/s]
[1A 99%|█████████▊| 7634/7731 [13:32<00:10,  9.68it/s]
[1A 99%|█████████▉| 7635/7731 [13:32<00:09,  9.71it/s]
[1A 99%|█████████▉| 7637/7731 [13:32<00:09, 10.04it/s]
[1A 99%|█████████▉| 7639/7731 [13:32<00:09, 10.09it/s]
[1A 99%|█████████▉| 7641/7731 [13:33<00:08, 10.26it/s]
[1A 99%|█████████▉| 7643/7731 [13:33<00:08, 10.39it/s]
[1A 99%|█████████▉| 7645/7731 [13:33<00:08, 10.49it/s]
[1A 99%|█████████▉| 7647/7731 [13:33<00:08, 10.35it/s]
[1A 99%|█████████▉| 7649/7731 [13:33<00:07, 10.39it/s]
[1A                                                   
{'loss': 0.1684, 'grad_norm': 1.4132546186447144, 'learning_rate': 2.339342232007706e-07, 'epoch': 2.97}
[1A
[1A 99%|█████████▉| 7650/7731 [13:33<00:07, 10.39it/s]
[1A 99%|█████████▉| 7651/7731 [13:33<00:07, 10.19it/s]
[1A 99%|█████████▉| 7653/7731 [13:34<00:07, 10.18it/s]
[1A 99%|█████████▉| 7655/7731 [13:34<00:07,  9.98it/s]
[1A 99%|█████████▉| 7657/7731 [13:34<00:07,  9.98it/s]
[1A 99%|█████████▉| 7659/7731 [13:34<00:07, 10.17it/s]
[1A 99%|█████████▉| 7661/7731 [13:34<00:07, 10.00it/s]
[1A 99%|█████████▉| 7663/7731 [13:35<00:06,  9.95it/s]
[1A 99%|█████████▉| 7665/7731 [13:35<00:06, 10.10it/s]
[1A 99%|█████████▉| 7667/7731 [13:35<00:06, 10.23it/s]
[1A 99%|█████████▉| 7669/7731 [13:35<00:06, 10.08it/s]
[1A 99%|█████████▉| 7671/7731 [13:35<00:06,  9.84it/s]
[1A 99%|█████████▉| 7673/7731 [13:36<00:05, 10.01it/s]
[1A 99%|█████████▉| 7675/7731 [13:36<00:05,  9.73it/s]
[1A 99%|█████████▉| 7677/7731 [13:36<00:05,  9.92it/s]
[1A 99%|█████████▉| 7678/7731 [13:36<00:05,  9.79it/s]
[1A 99%|█████████▉| 7679/7731 [13:36<00:05,  9.71it/s]
[1A 99%|█████████▉| 7680/7731 [13:36<00:05,  9.67it/s]
[1A 99%|█████████▉| 7681/7731 [13:37<00:05,  9.66it/s]
[1A 99%|█████████▉| 7683/7731 [13:37<00:04,  9.98it/s]
[1A 99%|█████████▉| 7685/7731 [13:37<00:04, 10.16it/s]
[1A 99%|█████████▉| 7687/7731 [13:37<00:04, 10.13it/s]
[1A 99%|█████████▉| 7689/7731 [13:37<00:04, 10.09it/s]
[1A 99%|█████████▉| 7691/7731 [13:37<00:03, 10.17it/s]
[1A100%|█████████▉| 7693/7731 [13:38<00:03, 10.27it/s]
[1A100%|█████████▉| 7695/7731 [13:38<00:03, 10.12it/s]
[1A100%|█████████▉| 7697/7731 [13:38<00:03,  9.97it/s]
[1A100%|█████████▉| 7698/7731 [13:38<00:03,  9.83it/s]
[1A100%|█████████▉| 7699/7731 [13:38<00:03,  9.80it/s]
[1A                                                   
{'loss': 0.1651, 'grad_norm': 20.77579116821289, 'learning_rate': 9.632585661208203e-08, 'epoch': 2.99}
[1A
[1A100%|█████████▉| 7700/7731 [13:38<00:03,  9.80it/s]
[1A100%|█████████▉| 7701/7731 [13:39<00:03,  9.93it/s]
[1A100%|█████████▉| 7703/7731 [13:39<00:02, 10.16it/s]
[1A100%|█████████▉| 7705/7731 [13:39<00:02, 10.11it/s]
[1A100%|█████████▉| 7707/7731 [13:39<00:02, 10.11it/s]
[1A100%|█████████▉| 7709/7731 [13:39<00:02, 10.31it/s]
[1A100%|█████████▉| 7711/7731 [13:39<00:01, 10.32it/s]
[1A100%|█████████▉| 7713/7731 [13:40<00:01, 10.14it/s]
[1A100%|█████████▉| 7715/7731 [13:40<00:01,  9.70it/s]
[1A100%|█████████▉| 7717/7731 [13:40<00:01,  9.82it/s]
[1A100%|█████████▉| 7718/7731 [13:40<00:01,  9.85it/s]
[1A100%|█████████▉| 7720/7731 [13:40<00:01,  9.95it/s]
[1A100%|█████████▉| 7722/7731 [13:41<00:00, 10.13it/s]
[1A100%|█████████▉| 7724/7731 [13:41<00:00,  9.65it/s]
[1A100%|█████████▉| 7725/7731 [13:41<00:00,  9.12it/s]
[1A100%|█████████▉| 7727/7731 [13:41<00:00,  9.63it/s]
[1A100%|█████████▉| 7729/7731 [13:41<00:00,  9.68it/s]
[1A100%|██████████| 7731/7731 [13:42<00:00,  9.91it/s]

[1A
[1A  0%|          | 0/200 [00:00<?, ?it/s][A

[1A
[1A  2%|▏         | 4/200 [00:00<00:06, 28.15it/s][A

[1A
[1A  4%|▍         | 8/200 [00:00<00:05, 33.73it/s][A

[1A
[1A  6%|▌         | 12/200 [00:00<00:05, 35.39it/s][A

[1A
[1A  8%|▊         | 16/200 [00:00<00:05, 32.93it/s][A

[1A
[1A 10%|█         | 21/200 [00:00<00:04, 37.40it/s][A

[1A
[1A 13%|█▎        | 26/200 [00:00<00:04, 37.75it/s][A

[1A
[1A 16%|█▌        | 31/200 [00:00<00:04, 40.79it/s][A

[1A
[1A 18%|█▊        | 37/200 [00:00<00:03, 44.41it/s][A

[1A
[1A 22%|██▏       | 43/200 [00:01<00:03, 47.68it/s][A

[1A
[1A 24%|██▍       | 48/200 [00:01<00:03, 47.62it/s][A

[1A 26%|██▋       | 53/200 [00:01<00:03, 46.52it/s][A

[1A
[1A 29%|██▉       | 58/200 [00:01<00:03, 45.60it/s][A

[1A
[1A 32%|███▏      | 63/200 [00:01<00:03, 41.19it/s][A

[1A
[1A 34%|███▍      | 68/200 [00:01<00:03, 37.46it/s][A

[1A
[1A 36%|███▌      | 72/200 [00:01<00:03, 38.01it/s][A

[1A
[1A 38%|███▊      | 77/200 [00:01<00:03, 40.28it/s][A

[1A
[1A 41%|████      | 82/200 [00:02<00:03, 36.48it/s][A

[1A
[1A 44%|████▎     | 87/200 [00:02<00:02, 37.94it/s][A

[1A
[1A 46%|████▌     | 91/200 [00:02<00:03, 35.16it/s][A

[1A
[1A 48%|████▊     | 96/200 [00:02<00:02, 36.40it/s][A

[1A
[1A 51%|█████     | 102/200 [00:02<00:02, 39.57it/s][A

[1A
[1A 54%|█████▎    | 107/200 [00:02<00:02, 35.30it/s][A

[1A
[1A 56%|█████▌    | 111/200 [00:02<00:02, 35.05it/s][A

[1A
[1A 57%|█████▊    | 115/200 [00:03<00:02, 33.99it/s][A

[1A
[1A 60%|█████▉    | 119/200 [00:03<00:02, 34.15it/s][A

[1A
[1A 62%|██████▏   | 123/200 [00:03<00:02, 32.51it/s][A

[1A
[1A 64%|██████▎   | 127/200 [00:03<00:02, 27.74it/s][A

[1A
[1A 66%|██████▌   | 131/200 [00:03<00:02, 29.96it/s][A

[1A
[1A 68%|██████▊   | 136/200 [00:03<00:01, 32.29it/s][A

[1A
[1A 70%|███████   | 140/200 [00:03<00:01, 30.74it/s][A

[1A
[1A 72%|███████▏  | 144/200 [00:03<00:01, 28.99it/s][A

[1A
[1A 74%|███████▍  | 148/200 [00:04<00:01, 30.54it/s][A

[1A
[1A 76%|███████▌  | 152/200 [00:04<00:01, 28.97it/s][A

[1A
[1A 78%|███████▊  | 155/200 [00:04<00:01, 27.15it/s][A

[1A
[1A 79%|███████▉  | 158/200 [00:04<00:01, 27.58it/s][A

[1A
[1A 80%|████████  | 161/200 [00:04<00:01, 25.17it/s][A

[1A 82%|████████▏ | 164/200 [00:04<00:01, 25.18it/s][A

[1A 84%|████████▎ | 167/200 [00:04<00:01, 26.31it/s][A

[1A
[1A 86%|████████▌ | 171/200 [00:04<00:01, 28.38it/s][A

[1A
[1A 88%|████████▊ | 176/200 [00:05<00:00, 32.57it/s][A

[1A
[1A 90%|█████████ | 180/200 [00:05<00:00, 32.71it/s][A

[1A 92%|█████████▏| 184/200 [00:05<00:00, 30.71it/s][A

[1A
[1A 94%|█████████▍| 188/200 [00:05<00:00, 30.34it/s][A

[1A
[1A 96%|█████████▌| 192/200 [00:05<00:00, 29.94it/s][A

[1A
[1A 98%|█████████▊| 196/200 [00:05<00:00, 31.70it/s][A
[1A                                                   
[1A

[1A                                                 
[1A
{'eval_loss': 0.5251971483230591, 'eval_accuracy': 0.8423529411764706, 'eval_f1_macro': 0.84225357487777, 'eval_precision_macro': 0.8424169798958585, 'eval_recall_macro': 0.8421742469367963, 'eval_runtime': 5.9404, 'eval_samples_per_second': 1073.167, 'eval_steps_per_second': 33.668, 'epoch': 3.0}
[1A[A
[1A100%|██████████| 7731/7731 [13:53<00:00,  9.91it/s]

[1A100%|██████████| 200/200 [00:05<00:00, 31.70it/s][A

[1A                                                 [A                        
{'train_runtime': 839.416, 'train_samples_per_second': 147.331, 'train_steps_per_second': 9.21, 'train_loss': 0.219159646756497, 'epoch': 3.0}
[1A
[1A100%|██████████| 7731/7731 [13:59<00:00,  9.91it/s]
[1A100%|██████████| 7731/7731 [13:59<00:00,  9.21it/s]
train: {'train_runtime': 839.416, 'train_samples_per_second': 147.331, 'train_steps_per_second': 9.21, 'total_flos': 1339170988687392.0, 'train_loss': 0.219159646756497, 'epoch': 3.0}

[1A  0%|          | 0/200 [00:00<?, ?it/s]
[1A  2%|▏         | 4/200 [00:00<00:06, 28.13it/s]
[1A  4%|▍         | 9/200 [00:00<00:05, 35.55it/s]
[1A  7%|▋         | 14/200 [00:00<00:05, 36.50it/s]
[1A  9%|▉         | 18/200 [00:00<00:04, 36.80it/s]
[1A 11%|█         | 22/200 [00:00<00:04, 36.36it/s]
[1A 13%|█▎        | 26/200 [00:00<00:04, 37.11it/s]
[1A 16%|█▌        | 32/200 [00:00<00:04, 41.94it/s]
[1A 19%|█▉        | 38/200 [00:00<00:03, 45.52it/s]
[1A 22%|██▏       | 44/200 [00:01<00:03, 48.62it/s]
[1A 24%|██▍       | 49/200 [00:01<00:03, 46.60it/s]
[1A 28%|██▊       | 55/200 [00:01<00:02, 48.39it/s]
[1A 30%|███       | 60/200 [00:01<00:03, 43.94it/s]
[1A 32%|███▎      | 65/200 [00:01<00:03, 39.24it/s]
[1A 35%|███▌      | 70/200 [00:01<00:03, 37.06it/s]
[1A 38%|███▊      | 75/200 [00:01<00:03, 39.75it/s]
[1A 40%|████      | 80/200 [00:01<00:02, 40.23it/s]
[1A 42%|████▎     | 85/200 [00:02<00:03, 37.22it/s]
[1A 44%|████▍     | 89/200 [00:02<00:02, 37.86it/s]
[1A 46%|████▋     | 93/200 [00:02<00:03, 34.79it/s]
[1A 49%|████▉     | 98/200 [00:02<00:02, 37.49it/s]
[1A 52%|█████▏    | 103/200 [00:02<00:02, 38.88it/s]
[1A 54%|█████▎    | 107/200 [00:02<00:02, 35.29it/s]
[1A 56%|█████▌    | 111/200 [00:02<00:02, 36.31it/s]
[1A 57%|█████▊    | 115/200 [00:02<00:02, 35.22it/s]
[1A 60%|█████▉    | 119/200 [00:03<00:02, 35.07it/s]
[1A 62%|██████▏   | 123/200 [00:03<00:02, 32.88it/s]
[1A 64%|██████▎   | 127/200 [00:03<00:02, 27.64it/s]
[1A 66%|██████▌   | 132/200 [00:03<00:02, 30.93it/s]
[1A 68%|██████▊   | 136/200 [00:03<00:01, 32.78it/s]
[1A 70%|███████   | 140/200 [00:03<00:01, 31.07it/s]
[1A 72%|███████▏  | 144/200 [00:03<00:01, 30.64it/s]
[1A 74%|███████▍  | 148/200 [00:04<00:01, 32.24it/s]
[1A 76%|███████▌  | 152/200 [00:04<00:01, 31.71it/s]
[1A 78%|███████▊  | 156/200 [00:04<00:01, 33.76it/s]
[1A 80%|████████  | 160/200 [00:04<00:01, 32.85it/s]
[1A 82%|████████▏ | 164/200 [00:04<00:01, 31.37it/s]
[1A 84%|████████▍ | 169/200 [00:04<00:00, 34.21it/s]
[1A 87%|████████▋ | 174/200 [00:04<00:00, 36.78it/s]
[1A 89%|████████▉ | 178/200 [00:04<00:00, 34.61it/s]
[1A 91%|█████████ | 182/200 [00:05<00:00, 34.42it/s]
[1A 93%|█████████▎| 186/200 [00:05<00:00, 32.87it/s]
[1A 95%|█████████▌| 190/200 [00:05<00:00, 31.90it/s]
[1A 97%|█████████▋| 194/200 [00:05<00:00, 32.75it/s]
[1A 99%|█████████▉| 198/200 [00:05<00:00, 34.36it/s]
[1A100%|██████████| 200/200 [00:05<00:00, 35.88it/s]
val: {'eval_loss': 0.5251971483230591, 'eval_accuracy': 0.8423529411764706, 'eval_f1_macro': 0.84225357487777, 'eval_precision_macro': 0.8424169798958585, 'eval_recall_macro': 0.8421742469367963, 'eval_runtime': 5.6445, 'eval_samples_per_second': 1129.412, 'eval_steps_per_second': 35.433, 'epoch': 3.0}

[1A  0%|          | 0/199 [00:00<?, ?it/s]
[1A  3%|▎         | 5/199 [00:00<00:03, 49.46it/s]
[1A  5%|▌         | 10/199 [00:00<00:04, 47.16it/s]
[1A  8%|▊         | 15/199 [00:00<00:04, 43.94it/s]
[1A 10%|█         | 20/199 [00:00<00:04, 39.55it/s]
[1A 13%|█▎        | 25/199 [00:00<00:04, 38.79it/s]
[1A 16%|█▌        | 31/199 [00:00<00:03, 43.56it/s]
[1A 19%|█▊        | 37/199 [00:00<00:03, 44.61it/s]
[1A 21%|██        | 42/199 [00:00<00:03, 43.25it/s]
[1A 24%|██▍       | 48/199 [00:01<00:03, 45.83it/s]
[1A 27%|██▋       | 54/199 [00:01<00:03, 45.31it/s]
[1A 30%|██▉       | 59/199 [00:01<00:03, 37.45it/s]
[1A 32%|███▏      | 63/199 [00:01<00:03, 36.47it/s]
[1A 34%|███▎      | 67/199 [00:01<00:03, 35.96it/s]
[1A 36%|███▌      | 72/199 [00:01<00:03, 37.90it/s]
[1A 38%|███▊      | 76/199 [00:01<00:03, 37.17it/s]
[1A 40%|████      | 80/199 [00:02<00:03, 35.48it/s]
[1A 43%|████▎     | 85/199 [00:02<00:02, 38.99it/s]
[1A 45%|████▍     | 89/199 [00:02<00:02, 39.11it/s]
[1A 47%|████▋     | 93/199 [00:02<00:02, 38.79it/s]
[1A 49%|████▊     | 97/199 [00:02<00:02, 36.68it/s]
[1A 51%|█████     | 101/199 [00:02<00:02, 35.88it/s]
[1A 53%|█████▎    | 105/199 [00:02<00:02, 36.00it/s]
[1A 55%|█████▍    | 109/199 [00:02<00:02, 31.58it/s]
[1A 57%|█████▋    | 113/199 [00:02<00:02, 31.06it/s]
[1A 59%|█████▉    | 117/199 [00:03<00:02, 32.32it/s]
[1A 61%|██████▏   | 122/199 [00:03<00:02, 35.84it/s]
[1A 63%|██████▎   | 126/199 [00:03<00:02, 34.37it/s]
[1A 65%|██████▌   | 130/199 [00:03<00:02, 32.77it/s]
[1A 67%|██████▋   | 134/199 [00:03<00:01, 32.64it/s]
[1A 69%|██████▉   | 138/199 [00:03<00:02, 30.35it/s]
[1A 71%|███████▏  | 142/199 [00:03<00:01, 30.06it/s]
[1A 73%|███████▎  | 146/199 [00:03<00:01, 30.35it/s]
[1A 75%|███████▌  | 150/199 [00:04<00:01, 31.61it/s]
[1A 78%|███████▊  | 155/199 [00:04<00:01, 33.95it/s]
[1A 80%|███████▉  | 159/199 [00:04<00:01, 30.38it/s]
[1A 82%|████████▏ | 163/199 [00:04<00:01, 31.42it/s]
[1A 84%|████████▍ | 167/199 [00:04<00:00, 33.37it/s]
[1A 86%|████████▌ | 171/199 [00:04<00:00, 32.77it/s]
[1A 88%|████████▊ | 175/199 [00:04<00:00, 30.92it/s]
[1A 90%|████████▉ | 179/199 [00:05<00:00, 31.77it/s]
[1A 92%|█████████▏| 183/199 [00:05<00:00, 33.18it/s]
[1A 94%|█████████▍| 187/199 [00:05<00:00, 33.03it/s]
[1A 96%|█████████▌| 191/199 [00:05<00:00, 32.00it/s]
[1A 98%|█████████▊| 195/199 [00:05<00:00, 33.42it/s]
[1A100%|██████████| 199/199 [00:05<00:00, 31.59it/s]
[1A100%|██████████| 199/199 [00:05<00:00, 35.25it/s]

[1A  0%|          | 0/78 [00:00<?, ?it/s]
[1A  9%|▉         | 7/78 [00:00<00:01, 60.68it/s]
[1A 18%|█▊        | 14/78 [00:00<00:01, 56.40it/s]
[1A 26%|██▌       | 20/78 [00:00<00:01, 56.04it/s]
[1A 33%|███▎      | 26/78 [00:00<00:00, 55.51it/s]
[1A 41%|████      | 32/78 [00:00<00:00, 56.30it/s]
[1A 49%|████▊     | 38/78 [00:00<00:00, 55.96it/s]
[1A 56%|█████▋    | 44/78 [00:00<00:00, 52.88it/s]
[1A 64%|██████▍   | 50/78 [00:00<00:00, 54.40it/s]
[1A 72%|███████▏  | 56/78 [00:01<00:00, 53.30it/s]
[1A 79%|███████▉  | 62/78 [00:01<00:00, 53.92it/s]
[1A 87%|████████▋ | 68/78 [00:01<00:00, 54.73it/s]
[1A 95%|█████████▍| 74/78 [00:01<00:00, 52.65it/s]
[1A100%|██████████| 78/78 [00:01<00:00, 54.23it/s]
macd_test: {'test_loss': 0.5190286040306091, 'test_accuracy': 0.8418655778894473, 'test_f1_macro': 0.8417766130371614, 'test_precision_macro': 0.84204064299981, 'test_recall_macro': 0.8416992466129944, 'test_runtime': 5.6709, 'test_samples_per_second': 1122.922, 'test_steps_per_second': 35.091}
davidson_holdout: {'test_loss': 0.10020744055509567, 'test_accuracy': 0.9701492537313433, 'test_f1_macro': 0.9456168831168831, 'test_precision_macro': 0.956598192375908, 'test_recall_macro': 0.9354594851356675, 'test_runtime': 1.4615, 'test_samples_per_second': 1696.251, 'test_steps_per_second': 53.371}
Framework not specified. Using pt to export the model.
Using the export variant default. Available variants are:
    - default: The default ONNX variant.

***** Exporting submodel 1/1: BertForSequenceClassification *****
Using framework PyTorch: 2.4.1+cu121
Overriding 1 configuration item(s)
        - use_cache -> False
Creating dynamic quantizer: QOperator (mode: IntegerOps, schema: u8/u8, channel-wise: False)
Quantizing model...
Saving quantized model at: /vol/checkpoints/onnx_int8_codemix (external data format: False)
Configuration saved in /vol/checkpoints/onnx_int8_codemix/ort_config.json
INT8 val: {'accuracy': 0.8390588235294117, 'f1_macro': 0.838982273931925}
METRICS: {
  "train": {
    "train_runtime": 839.416,
    "train_samples_per_second": 147.331,
    "train_steps_per_second": 9.21,
    "total_flos": 1339170988687392.0,
    "train_loss": 0.219159646756497,
    "epoch": 3.0
  },
  "val": {
    "eval_loss": 0.5251971483230591,
    "eval_accuracy": 0.8423529411764706,
    "eval_f1_macro": 0.84225357487777,
    "eval_precision_macro": 0.8424169798958585,
    "eval_recall_macro": 0.8421742469367963,
    "eval_runtime": 5.6445,
    "eval_samples_per_second": 1129.412,
    "eval_steps_per_second": 35.433,
    "epoch": 3.0
  },
  "macd_codemix_test": {
    "test_loss": 0.5190286040306091,
    "test_accuracy": 0.8418655778894473,
    "test_f1_macro": 0.8417766130371614,
    "test_precision_macro": 0.84204064299981,
    "test_recall_macro": 0.8416992466129944,
    "test_runtime": 5.6709,
    "test_samples_per_second": 1122.922,
    "test_steps_per_second": 35.091
  },
  "davidson_holdout": {
    "test_loss": 0.10020744055509567,
    "test_accuracy": 0.9701492537313433,
    "test_f1_macro": 0.9456168831168831,
    "test_precision_macro": 0.956598192375908,
    "test_recall_macro": 0.9354594851356675,
    "test_runtime": 1.4615,
    "test_samples_per_second": 1696.251,
    "test_steps_per_second": 53.371
  },
  "int8_val": {
    "accuracy": 0.8390588235294117,
    "f1_macro": 0.838982273931925
  }
}
backed up previous model -> 
/Users/prathamgarg/Desktop/senior-sde-audit-surakshanet/assets/models/custom-mac
d-model-prev
wrote 
/Users/prathamgarg/Desktop/senior-sde-audit-surakshanet/assets/models/custom-mac
d-model/config.json (851 bytes)
wrote 
/Users/prathamgarg/Desktop/senior-sde-audit-surakshanet/assets/models/custom-mac
d-model/metrics.json (1350 bytes)
wrote 
/Users/prathamgarg/Desktop/senior-sde-audit-surakshanet/assets/models/custom-mac
d-model/model_quantized.onnx (118396474 bytes)
wrote 
/Users/prathamgarg/Desktop/senior-sde-audit-surakshanet/assets/models/custom-mac
d-model/ort_config.json (764 bytes)
wrote 
/Users/prathamgarg/Desktop/senior-sde-audit-surakshanet/assets/models/custom-mac
d-model/special_tokens_map.json (964 bytes)
wrote 
/Users/prathamgarg/Desktop/senior-sde-audit-surakshanet/assets/models/custom-mac
d-model/tokenizer.json (17082832 bytes)
wrote 
/Users/prathamgarg/Desktop/senior-sde-audit-surakshanet/assets/models/custom-mac
d-model/tokenizer_config.json (1426 bytes)
wrote 
/Users/prathamgarg/Desktop/senior-sde-audit-surakshanet/assets/models/custom-mac
d-model/onnx/model_quantized.onnx (118396474 bytes)
extension model ready: 
/Users/prathamgarg/Desktop/senior-sde-audit-surakshanet/assets/models/custom-mac
d-model

Stopping app - local entrypoint completed.
✓ App completed. View run at 
https://modal.com/apps/podshorts/main/ap-exSSCEylB79O2hf0UiWiFe
