row_id,split,label,text,hindi_text,seed_text,seed_origin,variant,cosine,judge_label,judge_conf,hinglish_abuse,source
synth-val-3107-paraphrase,train,1,"Bhai auto wale ke paas to dino se dimaag hai, phir bhi uski ghamand nahi hoti hai yaar.",भाई आटो वाले के पास दिमाक हैं फिर भी घमंड नही करता है,"Bhai auto wale ke paas dimaak hai, phir bhi ghamand nahi karta hai",val_error,paraphrase,0.7674,1,0.9,0.9866,hard_aug
synth-val-3107-mix_hindi_heavy,train,1,"Bhai auto wale ke paas dimaak hai, fir bhi ghamand nahi karta hai.",भाई आटो वाले के पास दिमाक हैं फिर भी घमंड नही करता है,"Bhai auto wale ke paas dimaak hai, phir bhi ghamand nahi karta hai",val_error,mix_hindi_heavy,0.9368,1,0.9,0.6366,hard_aug
synth-train-1419-mix_hindi_heavy,train,1,Punha video duo keela...banao...te purega nus tan dole pusate na paani na bhav...abhinay...neet pha re bhavano,पण हा विडीयो डुएट केलाय .....बनाव.....ते पोरगं नुसतंच डोळे पुसतंय ना पानी ना भाव...अभिनय...नीट पहा रे भावांनो,Punha video duet kela...banav...te porega nus tanche dole pusatya na paani na bhaav...abhinay...neet paha re bhaavano,train_error,mix_hindi_heavy,0.8247,1,0.9,0.865,hard_aug
synth-val-4536-paraphrase,train,1,Thandi a gai hai sister ab toh dhaak lo,ठंडी आ गई है बहन अब तो ढाक लो,Thandi a gayi hai behen ab toh dhaak lo,val_error,paraphrase,0.7502,1,0.9,0.9767,hard_aug
synth-val-4536-mix_hindi_heavy,train,1,Thandi a gayi hai behen ab to dhaak lo,ठंडी आ गई है बहन अब तो ढाक लो,Thandi a gayi hai behen ab toh dhaak lo,val_error,mix_hindi_heavy,0.9351,1,0.9,0.0918,hard_aug
synth-val-5114-contrastive,train,1,"Ye sab tum log ke liye bana hai, ham to paani se dhokar hi smart dikhte hai. Tum kabhi try kar ke dekho, ek ko dekh kar dusri thok jayegi.",ये सब तुम लोगो के लिए बना है हम तो पानी से धोकर ही स्मार्ट दिखते हैं तुम कभी triy कर के देख लेना एक को देख कर दूसरी डर जायेगी,"Ye sab tum log ke liye bana hai, ham to paani se dhokar hi smart dikhte hai. Tum kabhi try kar ke dekho, ek ko dekh kar dusri dar jayegi.",val_error,contrastive,0.9717,1,0.85,0.0363,hard_aug
synth-train-12446-paraphrase,train,1,"Isme bhi aapke masta kaparde bahut mazaak hai, aap bhi toh masta ho.",बहुत ही मस्त कपड़े भी इसमें आप के मस्त है,Bahut mazaak aapke masta kaparde hai isme bhi aap ke masta hai,train_error,paraphrase,0.8372,1,0.9,0.2217,hard_aug
synth-train-12446-mix_hindi_heavy,train,1,Bahut mazaak aapke mast kaparde hai isme bhi aapke mast hai,बहुत ही मस्त कपड़े भी इसमें आप के मस्त है,Bahut mazaak aapke masta kaparde hai isme bhi aap ke masta hai,train_error,mix_hindi_heavy,0.8827,1,0.95,0.0336,hard_aug
synth-val-1826-paraphrase,train,0,Send bina cloth wala video.,भेजो बिना कपडे वाले विडियो,Send bina kapde wale video,val_error,paraphrase,0.5661,0,0.9,0.0263,hard_aug
synth-val-1826-obfuscation,train,0,Send bina k@pde wale v!deo,भेजो बिना कपडे वाले विडियो,Send bina kapde wale video,val_error,obfuscation,0.7692,0,0.9,0.5139,hard_aug
synth-train-10210-mix_hindi_heavy,train,1,"Ye do hone phale se hi hil rahi hai, kaun mazak ley raha hai?",ये दोनों आलरेडी पहले से ही हिल रही है काहे  मज़े ले रहा है,"Ye dono already pahle se hi hill rahi hai, kyon mazak nahi ban raha hai",train_error,mix_hindi_heavy,0.6658,1,0.9,0.9933,hard_aug
synth-train-10210-paraphrase,train,1,"Ye dono pehle se hi hill rahi hai, toh phir mazak kyun nahi ban raha hai",ये दोनों आलरेडी पहले से ही हिल रही है काहे  मज़े ले रहा है,"Ye dono already pahle se hi hill rahi hai, kyon mazak nahi ban raha hai",train_error,paraphrase,0.7978,1,0.9,0.9822,hard_aug
synth-train-10031-paraphrase,train,1,Chunavi baad dekho kya hoga 🤕😐😐,चुनाव के बाद देखो क्या होता है 🤕😐😐,Chunav ke baad dekh lo kya hota hai 🤕😐😐,train_error,paraphrase,0.6451,1,0.9,0.324,hard_aug
synth-train-18870-obfuscation,train,0,Sala ek kameena khud t@dipar h@i,साला एक कमीना खुद तडिपार है,Sala ek kameena khud tadi pahar hai,train_quarantine,obfuscation,0.6873,0,0.95,0.9941,hard_aug
synth-train-7879-paraphrase,train,0,"Bhoot udddho mat, year toh badal chuka hai, inki gharvali aur sali hi same hai 😂😂",ज्यादा उड़ो मत साल बदला है साली और घरवाली नहीं बदली 😂😂,"Jyada uddho mat, saal badal gaya hai, sali aur gharvali nahi badli 😂😂",train_quarantine,paraphrase,0.6111,0,0.85,0.8651,hard_aug
synth-val-5939-obfuscation,train,0,Ye k@i se.xy hai!,हाऐ कौसी है सेक्सी,Ye koi sexy hai!,val_error,obfuscation,0.667,0,0.85,0.0114,hard_aug
synth-train-10897-paraphrase,train,0,"Isko kahate hain thok kr chakna, jaise ki nikamma olad wale ne Modi se puchh liya aur sb kuch ulta ho gya",इसको कहते है थूक कर चाटना जैसे कि निकम्मी ओलाद बालों ने मोदी की तारीफ की और हुआ सब उल्टा,"Isko kahate hain thook kar chatna, jaise ki nikamma olad wale ne Modi ki tarif ki aur hua sab ulta",train_quarantine,paraphrase,0.6667,0,0.9,0.9946,hard_aug
synth-train-10897-obfuscation,train,0,"Isko kahate hain th00k kar ch@tna, jaise ki nikm@ ch#d w@le ne M0di ki t@r!f k! aur hua sab ult@",इसको कहते है थूक कर चाटना जैसे कि निकम्मी ओलाद बालों ने मोदी की तारीफ की और हुआ सब उल्टा,"Isko kahate hain thook kar chatna, jaise ki nikamma olad wale ne Modi ki tarif ki aur hua sab ulta",train_quarantine,obfuscation,0.7072,0,0.95,0.9771,hard_aug
synth-train-5409-obfuscation,train,0,"Ye vahi Owaisi hai jo apne hi chhot.e bhai ne pulic h@tawane ki baat ki thi, ab khud apni secu@ty na kar p@ rhe h@in",ये वही ओवैसी है जिनके अपने ही छोटे भाई ने पुलिस हटवाने की बात की थी आज खुद अपनी सुरक्षा नही कर पा रहे हैं,"Ye wahi Owaisi hai jo apne hi chhote bhai ne police hatawane ki baat ki thi, ab khud apni security na kar pa rhe hain",train_error,obfuscation,0.8268,0,0.85,0.9881,hard_aug
synth-train-6262-paraphrase,train,0,Isse accha to nangi video bna do to accha lgta h yaar 😎,ईससे अच्छा तो नंगी ही वीडियो ही बनाती तो अच्छा लगता 👌👌👌👌,Isse achcha to nangi video hi banati to achha lagta,train_quarantine,paraphrase,0.6166,0,0.85,0.9906,hard_aug
synth-train-13786-obfuscation,train,0,"Hamare India ke sc1ent1s to corona virus ki vaccine dhoond lii. Modi jee, kutw@ virus ka vaccine kab nikal lo ge jo corona se bhi jy@da khatrN@k hai jo b@hut jy@da tezi se pahtuch r@h@ hai ham@re InDiy@ me. #@rd@r_bhaye_lefT",हमारे इंडिया के सैंटिस तो करोना वायरस की वैक्सीन ढूंढ ली🤗 मोदी जी कटुआ वायरस का वैक्सिंग कब निकाल लो गे जो करोना से भी ज्यादा खतरनाक है जो बहुत ज्यादा तेजी से फैलता जा रहा है हमारे इंडिया में#🧔👈,"Hamare India ke scientists to corona virus ki vaccine dhoond lii. Modi ji, cutua virus ka vaccine kab nikal lo ge jo corona se bhi jyada khatarnak hai jo bahut jyada tezi se pahunch raha hai hamare India me. #ardaar_bhaiye_left",train_quarantine,obfuscation,0.8101,0,0.85,0.7638,hard_aug
synth-train-9963-paraphrase,train,0,"Hume laga aadmi tha bhai, aurat nikli saali yaar",हमने सोचा आदमी था जी तो औरत निकली साली,"Hume socha admi tha ji, to aurat nikali saali",train_quarantine,paraphrase,0.6337,0,0.9,0.0714,hard_aug
synth-train-9963-obfuscation,train,0,"Hume socha admi tha ji, to aur@t nik@li s@li",हमने सोचा आदमी था जी तो औरत निकली साली,"Hume socha admi tha ji, to aurat nikali saali",train_quarantine,obfuscation,0.7723,0,0.9,0.0106,hard_aug
synth-train-14385-obfuscation,train,0,Agar maine chhodni hai to C@ngres laana padega,अगर मैंगाई छोडनि है तो  कांग्रेस लाना होगा,Agar maine chhodni hai to Congress laana padega,train_error,obfuscation,0.9033,0,0.85,0.9133,hard_aug
synth-train-5101-paraphrase,train,0,Jaake tatti karo aao,जाकर टट्टी कर आ,Jaakar tatti kar aao,train_quarantine,paraphrase,0.6847,0,0.9,0.9936,hard_aug
synth-train-10806-mix_english_heavy,train,1,"Gas mohaga chulha jalalungi, petrol mohaga cycle chalalungi, sukki roti khalungi lekin hinduon ke virodhi Sonia Gandhi aur Rahul Gandhi ke saath kabhi nahi denge. Unka virodhi karte rahunge.",गेस महगी चुला.जला लुंगा पेट्रोल महगा साईकिल चला लुगा सुकी रोटी खालुगा मगर हिन्दुओं का विरोध करने वाले सोनिया गांधी राहुल गांधी का कभी साथ नही दुंगा,"Gas mohagay chulha, jalalunga. Petrol mohaga, cycle chala lunga, sukki roti kha lunga lekin hinduon ke virudh karta hai wale Sonia Gandhi aur Rahul Gandhi ke saath kabhi nahi denge. Unka virudh karta rahaunga.",train_error,mix_english_heavy,0.7585,1,0.9,0.9914,hard_aug
synth-val-870-paraphrase,train,0,"Pata nahi kya, gar bhi maar le!",गार भी मार ले,Gar bhi maar le,val_error,paraphrase,0.6969,0,0.85,0.0104,hard_aug
synth-train-18754-mix_english_heavy,train,0,"Arey bhai kuch shame to karo, animal hai to kya, pain sabka hota hai na",अरे भाई कुछ शर्म तो कर जानवर है तो क्या हुआ दुख सब को होता है,"Arey bhai kuch shame to karo, jantu hai to kya hua, dukh sabko hota hai",train_quarantine,mix_english_heavy,0.7873,0,0.85,0.8415,hard_aug
synth-train-15223-paraphrase,train,0,O Raut hamre yahan gand se kheti hoti hai...,ओ रावत हमारे यहां गधा से खेती होता है..….,O Raut hamare yahan gand se kheti hota hai...,train_quarantine,paraphrase,0.887,0,0.95,0.9965,hard_aug
synth-train-15223-obfuscation,train,0,O Raut hamare yahan g@nd se kheti hoti hai...,ओ रावत हमारे यहां गधा से खेती होता है..….,O Raut hamare yahan gand se kheti hota hai...,train_quarantine,obfuscation,0.8783,0,0.95,0.0282,hard_aug
synth-train-9370-paraphrase,train,0,Aur teri biwi ki laga hai 🤪🤪🌼🕊️💖🎲📱💯💮💋🎉🍌📲🍭🍭,और तेरी बहन की लगी है 🤪🤪🌻🕊️💞🎲📲💯💮💋🎊🍌📲🍭🍭,Aur teri behen ki laga hai 🤪🤪🌻🕊️💞🎲📲💯💮💋🎊🍌📲🍭🍭,train_error,paraphrase,0.6118,0,0.8,0.7537,hard_aug
synth-train-9370-obfuscation,train,0,Aur teri bhe.n ki lga h@i 🤪🤪🌻🕊️💞🎲📲💯💮💋🎊🍌📲🍭🍭,और तेरी बहन की लगी है 🤪🤪🌻🕊️💞🎲📲💯💮💋🎊🍌📲🍭🍭,Aur teri behen ki laga hai 🤪🤪🌻🕊️💞🎲📲💯💮💋🎊🍌📲🍭🍭,train_error,obfuscation,0.753,0,0.9,0.953,hard_aug
synth-train-16170-paraphrase,train,0,"Tumhare jaise ladke hai bhai jo marne wala mara to ghar se bahar jana padta hai ki bathroom kam pada tha, marne wala mara to door jayege, marne wala mara to lothe ke bal me marne wala mara.",तुम्हारे जैसे लड़के हैं जनाब जिनको मुट्ठी मारना होता तो घर के बाहर जाना पड़ता है कि बाथरूम कम पड़ गया था कि हम मुट्ठी मारने के लिए जो दूर जा रहे हो मुट्ठी मारने लोड़े के बाल,"Tumhare jaise ladke hain janab, jo marne wala mara to ghar se bahar jana padta hai ki bathroom kam pada tha, marne wala mara to door jayege, marne wala mara to lothe ke bal me marne wala mara.",train_quarantine,paraphrase,0.9811,0,0.95,0.9839,hard_aug
synth-train-18033-paraphrase,train,0,Vese to har koi accha hai jo like karta hai follow bhi karta hai... woh to sura ka baccha hai,वेसे तो हर कोई है  बहुत अच्छा  जो इसको। लाईक करे  फोलो करें वो है सुवर का बच्चा,"Vese to har koi accha hai jo isko like karta hai, follow karta hai... woh to sura ka baccha hai",train_error,paraphrase,0.9524,0,0.85,0.0296,hard_aug
synth-train-16170-obfuscation,train,0,"Tumhare jaise ladke hain janab, jo marne wala mara to ghar se bahar jena padta hai ki b@throom kam pada tha, marne wala mara to door jayege, marne wala mara to l@the ke bal me marne wala mara.",तुम्हारे जैसे लड़के हैं जनाब जिनको मुट्ठी मारना होता तो घर के बाहर जाना पड़ता है कि बाथरूम कम पड़ गया था कि हम मुट्ठी मारने के लिए जो दूर जा रहे हो मुट्ठी मारने लोड़े के बाल,"Tumhare jaise ladke hain janab, jo marne wala mara to ghar se bahar jana padta hai ki bathroom kam pada tha, marne wala mara to door jayege, marne wala mara to lothe ke bal me marne wala mara.",train_quarantine,obfuscation,0.9799,0,0.9,0.9822,hard_aug
synth-train-18033-obfuscation,train,0,"Vese to har koi ach@ hai jo isko like karta hai, follow karta hai... woh to sura k@ baccha hai",वेसे तो हर कोई है  बहुत अच्छा  जो इसको। लाईक करे  फोलो करें वो है सुवर का बच्चा,"Vese to har koi accha hai jo isko like karta hai, follow karta hai... woh to sura ka baccha hai",train_error,obfuscation,0.9541,0,0.8,0.0113,hard_aug
synth-train-3924-paraphrase,train,0,Byyyyyyyy nautanki wala sala,Byyyyyyyy नौटंकी साला,Byyyyyyyy nautanki sala,train_quarantine,paraphrase,0.942,0,0.85,0.9802,hard_aug
synth-train-3924-mix_english_heavy,train,0,Byyyyyyyy drama king sala,Byyyyyyyy नौटंकी साला,Byyyyyyyy nautanki sala,train_quarantine,mix_english_heavy,0.7964,0,0.85,0.9188,hard_aug
synth-train-3924-obfuscation,train,0,Byyyyyyyy n@ut@ki s@l@,Byyyyyyyy नौटंकी साला,Byyyyyyyy nautanki sala,train_quarantine,obfuscation,0.8,0,0.85,0.0216,hard_aug
synth-val-2118-paraphrase,train,1,"Jab ishq shuruaat ho jata hai tab ma-baap ko kuch nahi pata, jab dil kheens ho jata hai tab to darra aandar se mar deta hai. Kisi bacche, ladki ka, ladka ka, ma-baap ke jismein lag kar rote hain, sirf ped ya bathroom mein takia ke piche raat ko chup chup rote hain.",जब इश्क होता ना मां बाप को नहीं पता होता जब दिल टूटता है ना तो दर्द अंदर ही अंदर घुट के मार देता है कोई बच्चा कोई लड़की कोई लड़का मां बाप के सीने से लगी कोई रोता सिर्फ पेड़ या बाथरूम में रात को तकिए के छुप छुप के रोना पड़ता है,"Jab ishq hota hai toh ma-baap ko kuchh nahi pata, jab dil toot jata hai tab toh darra andar hi andar ghus kar mar deta hai. Koi baccha, koi ladki, koi ladka, ma-baap ke seen se lag ke rota hai, sirf ped ya bathroom mein raat ko takia ke pic",val_error,paraphrase,0.8147,1,0.95,0.0209,hard_aug
synth-val-6166-obfuscation,train,0,"Itne bhi kapde kyun phehe hue ho, apni yeh bhi nikal lo na, usse bhi accha hota, plz aisa video mat banao",इतने भी कपड़े क्यों पहने हैं अपने यह भी निकाल दो ना उससे भी अच्छा होता प्लीज ऐसा वीडियो मत कीजिए,"Itne bhi kapde kyun pehe hue ho, apni yeh bhi nikal lo na, usse bhi accha hota, plz aisa video mat banao",val_error,obfuscation,0.9809,0,0.85,0.9865,hard_aug
synth-train-438-paraphrase,train,0,"Badega babu ki galti, kya fark pade 😂",बिगड़े बाप की बिगड़ी औलाद है क्या फर्क़ पड़ता है 😂,"Badega babu ki baday badtay, kya fark pata hai 😂",train_error,paraphrase,0.6728,0,0.8,0.1291,hard_aug
synth-train-2329-paraphrase,train,0,Sare gali de wale yahan bhi praveha kar rahe hain,सारे गाली देने वाले यहां भी प्रेवेहा कर रहे हैं,Sare gali de ne wale yahan bhi preveha kar rahe hain,train_error,paraphrase,0.9113,0,0.85,0.1754,hard_aug
synth-train-689-mix_hindi_heavy,train,1,Bhagwan tere dhande ko aur badhayein.,भगवान तेरे धंधे को और बढ़ाएं,Bhagwan tere dhande ko aur badhaye,train_error,mix_hindi_heavy,0.9341,1,0.95,0.0293,hard_aug
synth-train-13498-obfuscation,train,0,"Bh@d me jaye tere pyar, jab zaroor@t h@i t@b b@at karna zaroor@t khatam, b@at khatam",भाड मे जाये तेरा प्यार जब जरुरत है तब बात करना जरुरत खतम बात खतम,"Bhad me jaye tere pyar, jab zaroorat hai tab baat karna zaroorat khatam, baat khatam",train_quarantine,obfuscation,0.7486,0,0.85,0.0108,hard_aug
synth-val-1500-obfuscation,train,0,Basram kapd@ nahi na,बेसरम कपडे नही ना,Basram kapde nahi na,val_error,obfuscation,0.8636,0,0.85,0.0091,hard_aug
synth-train-15611-mix_english_heavy,train,1,"Hindu-Muslim Hindu-Muslim Hindu-Muslim, inke paas koi matter nahi hai. Mereko teen-chaar din ho gaye DAP khad nahi mil raha, bajre aur dhan ki bikaai bhi bahut late hui hai. Hone do, jab tel mahanaga ho jaye tab inko pata chalega, tab voters vote girenge.",हिंदू-मुस्लिम हिंदू-मुस्लिम हिंदू-मुस्लिम और कोई इनके पास मुद्दा है ही नहीं मेरे को तीन चार दिन हो गए मेरे को डीएपी खाद नहीं मिल रहा बाजरे की और धान की बिक्री भी बहुत लेट हुई है होने दो तेल महंगा इनको पता लग जाएगा वोट गिरेंगे तब,"Hindu-Muslim Hindu-Muslim Hindu-Muslim aur koi inke paas matter hi nahi hai. Mere ko teen-chaar din ho gaye mere ko DAP khad nahi mil raha hai, bajre ki aur dhan ki bikaai bhi bahut late hui hai. Hone do, tel mahanaga inko pata lag jayega t",train_error,mix_english_heavy,0.8879,1,0.8,0.7743,hard_aug
synth-train-15023-paraphrase,train,1,Sardi me school ki chutti pardna ka maza toh nahi aya😂😂😂🤣🤣🤣🥶🥶🥶,सर्दी मेही स्कूल की छुट्टी पाड़ने की मजा ही ओर हे😂😂😂😂😂😂🤣🤣🤣🤣🤣🥶🥶🥶🥶,Sardi mehi school ki chutti pardane ka maza hi or hai😂😂😂😂😂😂🤣🤣🤣🤣🤣🥶🥶🥶🥶,train_error,paraphrase,0.6777,1,0.9,0.8147,hard_aug
synth-train-15023-mix_hindi_heavy,train,1,Sardi mehi school ki chutti pardane ki maza hi or hai😂😂😂😂😂😂🤣🤣🤣🤣🤣🥶🥶🥶🥶,सर्दी मेही स्कूल की छुट्टी पाड़ने की मजा ही ओर हे😂😂😂😂😂😂🤣🤣🤣🤣🤣🥶🥶🥶🥶,Sardi mehi school ki chutti pardane ka maza hi or hai😂😂😂😂😂😂🤣🤣🤣🤣🤣🥶🥶🥶🥶,train_error,mix_hindi_heavy,0.9689,1,0.9,0.1573,hard_aug
synth-val-5479-paraphrase,train,0,"Choti behen ke kapre pehne wali, 😄😄😊😊😂😂😂 mask lene wali","छोटी बहन का कपड़ा पहन लेती हो, 😄😄😊😊😊😂😂😂 mask vali","Chhoti behen ka kapda pahin lene wali, 😄😄😊😊😊😂😂😂 mask wali",val_error,paraphrase,0.7538,0,0.85,0.8587,hard_aug
synth-train-4339-paraphrase,train,1,Ye paudhe ko paani denewale boy ke bajewali ladki ki haath mein.,पौधे को पानी देनेवाले लडके के bajuwali ladki के हाथ में,Ye paudhe ko paani denewale ladke ke bajaali ladki ke haath mein.,train_error,paraphrase,0.8294,1,0.95,0.063,hard_aug
synth-val-5479-obfuscation,train,0,"Chh@tiy bhen k@ kpdd@ phin lene wali, 😄😄😊😊😊😂😂😂 m@sk wali","छोटी बहन का कपड़ा पहन लेती हो, 😄😄😊😊😊😂😂😂 mask vali","Chhoti behen ka kapda pahin lene wali, 😄😄😊😊😊😂😂😂 mask wali",val_error,obfuscation,0.6301,0,0.85,0.5049,hard_aug
synth-train-14443-paraphrase,train,0,Mujhe aapke kapre oski jagah accha nahi laga behen,मुझे आपके कपड़े पहनना अच्छा नहीं लगा बहन,Mujhe aapke kapre pehna accha nahi laga behen,train_error,paraphrase,0.8062,0,0.85,0.2745,hard_aug
synth-train-13100-paraphrase,train,1,Aap to ghar par hi gai aur bainsan par aur tajee doodh ka mawa banakar khaate ho kyunki itne population wale desh me asli mawa se mithai nahi ban sakti,आप तो घर पर ही गाय और भैंस पालन और ताजी दूध का मावा बनवा कर  खाओ है क्योंकि इतने पापुलेशन वाले देश में असली मावा से  मिठाई नहीं खाई जा सकती,Aap to ghar par hi gay aur bainsan paran aur tajee doodh ka mawa banakar khaate ho kyunki itne population wale desh mein asli mawa se mithai nahi khaa sakti,train_error,paraphrase,0.9266,1,0.9,0.9755,hard_aug
synth-train-8404-paraphrase,train,0,"Jyoti, meri thigh pe jldi se beth jao aao 🍌🍌💋💋",ज्योति मेरी जांघ पर बैठ जा आकर 🍌🍌💋💋,Jyoti meri thigh par beth jao aao 🍌🍌💋💋,train_error,paraphrase,0.7759,0,0.95,0.9114,hard_aug
synth-train-8404-obfuscation,train,0,Jyoti meri j@ng par bethe j@o aao 🍌🍌💋💋,ज्योति मेरी जांघ पर बैठ जा आकर 🍌🍌💋💋,Jyoti meri thigh par beth jao aao 🍌🍌💋💋,train_error,obfuscation,0.675,0,0.9,0.2082,hard_aug
synth-train-17040-contrastive,train,1,Matalab Google ek saal mera baccha hai,मतलब गुगल मुज से इक साल बडा है,Matalab Google mujse ek saal bada hai,train_quarantine,contrastive,0.7201,1,0.95,0.0464,hard_aug
synth-train-15351-paraphrase,train,0,Iske mukh se nafrat hai yaar,इसके मु से नफ़रत है साला,Iske mu se nafrat hai sala,train_quarantine,paraphrase,0.7042,0,0.9,0.9906,hard_aug
synth-train-15351-obfuscation,train,0,Iske m@ se nafrat h@i s@l@,इसके मु से नफ़रत है साला,Iske mu se nafrat hai sala,train_quarantine,obfuscation,0.6154,0,0.9,0.0148,hard_aug
synth-train-11467-paraphrase,train,0,"Beti ladkon se important hoti hai, har kam me beti ko pyar karna. Kuch samay aapke saath rehti hai, phir dusre ke ghar chali jati hai.",बटी लडको से अहम होती है हर काम में बटी को प्यार करना कुछ समय आपके साथ रहती है फिर दूसरे की घर चली जाती हैं,"Beti ladkon se aham hoti hai, har kam me beti ko pyar karna. Kuch samay aapke saath rehti hai, phir dusre ke ghar chali jati hai.",train_quarantine,paraphrase,0.9581,0,0.8,0.0126,hard_aug
synth-train-11467-obfuscation,train,0,"Beti l@dkon s3 aham h0ti h@, h@r k@am m3 beti k0 p3ar karna. Kuch s@my aapk3 s@th rhiti h@, phir d0sre k3 ghar ch@li j@ti h@i.",बटी लडको से अहम होती है हर काम में बटी को प्यार करना कुछ समय आपके साथ रहती है फिर दूसरे की घर चली जाती हैं,"Beti ladkon se aham hoti hai, har kam me beti ko pyar karna. Kuch samay aapke saath rehti hai, phir dusre ke ghar chali jati hai.",train_quarantine,obfuscation,0.5668,0,0.85,0.066,hard_aug
synth-train-11391-mix_hindi_heavy,train,1,"Ab main kadam hu tumhare dwaar, dono haath jode leke chhaiya khatu wale rigas ke o mode pe.",अब मे खडा हु द्वार तुमारे दोनों हाथ जोड के लेने खाटू वाले रीगस के उस मोड पे,"Ab main kadam hu tumhare dwaar, dono haath jode leke chhaiya khatu wale rigas ke us mode pe",train_error,mix_hindi_heavy,0.9485,1,0.9,0.1409,hard_aug
synth-train-9380-paraphrase,train,0,"Chudail tum kon se ho, aa jao na rey",चुड़ैल kitthe हो aa जा,Chudail kitthe ho aa jao na,train_quarantine,paraphrase,0.5774,0,0.85,0.9921,hard_aug
synth-train-9380-obfuscation,train,0,Chud@iL kitthe h0 aa j@0 n@,चुड़ैल kitthe हो aa जा,Chudail kitthe ho aa jao na,train_quarantine,obfuscation,0.5556,0,0.9,0.8306,hard_aug
synth-val-39-obfuscation,train,0,Chuhon se shadI karnE ko chhod do to,चूहों से शादी करना छोड़ दो तो,Chuhon se shaadi karne ko chhod do to,val_error,obfuscation,0.9611,0,0.9,0.0389,hard_aug
synth-train-9371-obfuscation,train,0,Aise k@rmchariyon ko to jute se marne ki zaroorat hai,ऐसे कर्मचारियों को तो जूते से मारना चाहिए,Aise karmchariyon ko to jute se marne ki zaroorat hai,train_quarantine,obfuscation,0.9474,0,0.95,0.9498,hard_aug
synth-val-6532-paraphrase,train,1,"Sher kr diya yaar dost, apun toh pgl lg rha hain.",शेर कर दिया है यार दोस्त,Sher kar diya hai yaar dost,val_error,paraphrase,0.6036,1,0.9,0.9284,hard_aug
synth-val-6532-mix_hindi_heavy,train,1,Sher kar diya hai yaar dost.,शेर कर दिया है यार दोस्त,Sher kar diya hai yaar dost,val_error,mix_hindi_heavy,0.9525,1,0.95,0.0863,hard_aug
synth-val-6414-paraphrase,train,0,Kya koi ye samajh pata hai? Jab sanatanies ko road par dance karte hue fursoat mil rahi hai tab toh... 🤔🤔,"को समझेगा ये ,,, सनातनी लोगो को रोड़ पर नाचने से फुरसत मील तब तो 🤔🤔","Koi samajhega ye, sanatanio ko road par naachne se fursoat mil tab toh 🤔🤔",val_error,paraphrase,0.5746,0,0.85,0.0447,hard_aug
synth-val-6414-contrastive,train,1,"Koi samajhega ye, sanatanio ko road par naachne se fursoat kyon mil tab toh 🤔🤔","को समझेगा ये ,,, सनातनी लोगो को रोड़ पर नाचने से फुरसत मील तब तो 🤔🤔","Koi samajhega ye, sanatanio ko road par naachne se fursoat mil tab toh 🤔🤔",val_error,contrastive,0.9564,1,0.85,0.0249,hard_aug
synth-train-10554-contrastive,train,1,Saccha batana kitne logon ka pichawada me jala hua hai.,सच बताना कितने लोगो का pichawada मे जलन हुई 😂😂😂  🙏🙏🙏,Saccha batana kitne logon ka pichawada me jala hua hai 😂😂😂 🙏🙏🙏,train_quarantine,contrastive,0.9134,1,0.9,0.9126,hard_aug
synth-train-18612-contrastive,train,1,Itne paisa dena to mar jao 😂😂😂😂,इतने पैसे देने से अच्छा तो मर जाना अच्छा😂😂😂😂,Itne paisa dena to mar jana achha hai 😂😂😂😂,train_quarantine,contrastive,0.7957,1,0.8,0.0116,hard_aug
synth-val-2340-mix_english_heavy,train,1,Suna hai ab wo school mein padha rahi hai aur maine name wale baccho ko bechain ka cutti hai 😂,"सुना है कि अब वो स्कूल में पढ़ाती है,  और मेरे नाम वाले बच्चे को बिना मतलब के कूटती है 😂","Suna hai ki ab vo school mein padha rahi hai, aur meri name wale bacche ko bechain ka kutti hai 😂",val_error,mix_english_heavy,0.8528,1,0.8,0.931,hard_aug
synth-train-13096-paraphrase,train,0,Khuni ko chaure par latka ke fasaa dijiye taki baki terror aur unke saathijada dhadkan me aaye,खुनी को चौरहे  पर लटका कर   फासी  दिया जाये ताकी   बाकी अंतकवादी और उनके साथीदार दहशत मे आ जाएंगे,Khuni ko chaure par latka ke fasaa diya jaaye taaki baki antakvadi aur unke saathidar dahshat me aaye,train_quarantine,paraphrase,0.7348,0,0.95,0.949,hard_aug
synth-train-13096-obfuscation,train,0,Khuni ko chaure par latka ke fas@ diya jaaye takay baki antakvadi aur unke saathidar dahshat me aaye,खुनी को चौरहे  पर लटका कर   फासी  दिया जाये ताकी   बाकी अंतकवादी और उनके साथीदार दहशत मे आ जाएंगे,Khuni ko chaure par latka ke fasaa diya jaaye taaki baki antakvadi aur unke saathidar dahshat me aaye,train_quarantine,obfuscation,0.9285,0,0.95,0.9866,hard_aug
synth-val-283-paraphrase,train,0,"Ekdin aayega jab duniya ki sarri ladki akele hi reh jaye, unki maa-baap unke saamne nafrat kartay rehenge, aur phir bhi unke liye ladkiyaan shadi ke liye bhik mangane lage. Wahi din aayega jab ladkiyaan admiyon ke saamne shadi ke liye bhik mangayegi.",1 दिन ऐसा आएगा कि दुनिया की सारी औरतें अकेली ही रहेंगी मर्द औरतों से नफरत करने लगेंगे और औरतों के पास जाने से भी डरने लगेंगे बहुत जल्द हो समय आने वाला है जब औरतें आदमियों के आगे शादी के लिए भी भीक मांगेगी,"Ek din aayega jab duniya ki sarri aurat keval akeli reh jaye, aurat ke paas jaane se bhi darta reh jaye, aurat adamiyon se nafrat karte reh jaye, aur phir bhi unke samne shadi ke liye bhi bhik mangane lage. Wahi din aayega jab aurat adamiyo",val_error,paraphrase,0.7607,0,0.95,0.939,hard_aug
synth-train-15703-obfuscation,train,0,Pagal l@dk! mujhe m@rwaye.gi,पागल लड़की मुझ से मरवाएगी,Pagal ladki mujhe marwayegi,train_quarantine,obfuscation,0.5819,0,0.9,0.1585,hard_aug
synth-val-1737-contrastive,train,1,"Pagal Arshad Faisal, main toh 100 likes toh nahi mil paye.",पागल अरशद फैसल मैं तो 100 लाइक हो चुके हैं,"Pagal Arshad Faisal, main toh 100 likes ho chuke hain",val_error,contrastive,0.7337,1,0.9,0.0163,hard_aug
synth-val-1737-obfuscation,train,0,"P@gal Arsh@d Faisal, m@in toh 100 l1k3s h0 chuke hAin",पागल अरशद फैसल मैं तो 100 लाइक हो चुके हैं,"Pagal Arshad Faisal, main toh 100 likes ho chuke hain",val_error,obfuscation,0.6965,0,0.7,0.0654,hard_aug
synth-val-1382-paraphrase,train,1,"Rajkumar Sharma show karoge, unke sath shamil hone wala hai",राजकुमार शर्मा शो करो शामिल होना चाहते हैं,"Rajkumar Sharma show karne wala hai, unki shamil ho karne ki baat hai",val_error,paraphrase,0.7221,1,0.9,0.0501,hard_aug
synth-val-1382-mix_hindi_heavy,train,1,"Rajkumar Sharma ka show karo, unme shamil hone ki baat hai.",राजकुमार शर्मा शो करो शामिल होना चाहते हैं,"Rajkumar Sharma show karne wala hai, unki shamil ho karne ki baat hai",val_error,mix_hindi_heavy,0.7615,1,0.95,0.0513,hard_aug
synth-val-5209-paraphrase,train,1,Saadi ke pehla ladka bhi to maa ban jata hai.,सादी के पहले लड़का भी तो मामा बनते है,Saadi ke pehle ladka bhi to mama banate hai.,val_error,paraphrase,0.7527,1,0.9,0.9692,hard_aug
synth-train-8999-paraphrase,train,1,Nahi samajh a rha hai ki chunav jab kam duri me hai to terror attack badhi kyun ho jate hai 🤔🤔,"साला समझ नहीं आ रहा कि जैसे ही चुनाव नजदीक आते हैं, वैसे ही आतंकी हमले बढ़ जाते हैं🤔🤔","Sala samajh nahi a raha ki jaise hi chunav nazdeek aate hain, waise hi terror attack bad jate hain 🤔🤔",train_error,paraphrase,0.5878,1,0.9,0.0524,hard_aug
synth-train-10070-paraphrase,train,0,"Ye kisi aur ki nahi, Adani baba ki hai, bhakte","ये किसी और की नही अडानी बाबा की हैं , भक्तो","Ye kisi aur ki nahi, Adani baba ki hai, bhaiyo",train_error,paraphrase,0.93,0,0.9,0.4462,hard_aug
synth-train-10070-obfuscation,train,0,"Ye kisi@ur ki nahi, Ad@ni b@b@ ki hai, bh@kt*yo","ये किसी और की नही अडानी बाबा की हैं , भक्तो","Ye kisi aur ki nahi, Adani baba ki hai, bhaiyo",train_error,obfuscation,0.7131,0,0.95,0.9947,hard_aug
synth-train-3946-obfuscation,train,0,Sa1de jail me bandh kar do,सीधे  जेल  मे  बन्द  करो,Saidhe jail me bandh kar do,train_quarantine,obfuscation,0.8303,0,0.85,0.0658,hard_aug
synth-val-881-paraphrase,train,1,To kusanti mat karo 😂😂,तो कुसंती करलो😂😂,To kusanti karlo 😂😂,val_error,paraphrase,0.7337,1,0.9,0.9882,hard_aug
synth-val-881-mix_hindi_heavy,train,1,To kusanti karo 😂😂,तो कुसंती करलो😂😂,To kusanti karlo 😂😂,val_error,mix_hindi_heavy,0.8652,1,0.95,0.9898,hard_aug
synth-train-8270-mix_hindi_heavy,train,1,"Kya gazab hai na, Delhi wali dil de rahi hai, Patna wali pat rahi hai... Uttarakhand wali ne bhi uttar dena band kar diya hai... 😎😎😎 😂😂😂","😎😎😎  क्या गजब है   ना दिल्ली वाली दिल दे रही है,   ना पटना वाली पट रही है..!   उत्तराखंड वाली ने भी उत्तर देना बंद कर दिया है...  😉😉😉😂😂😂","Kya gazab hai na, Delhi wali dil de rahi hai, Patna wali pat rahi hai... Uttarakhand wali ne bhi uttar dena band kar diya hai... 😎😎😎 😄😄😄",train_error,mix_hindi_heavy,0.9837,1,0.95,0.0826,hard_aug
synth-train-8270-paraphrase,train,1,"Kya jabaab hai na, Delhi wali dil dene wali hai, Patna wali patne wali hai... Uttarakhand wali ne bhi reply karne ko band kar diya hai... 😎😎😎 😄😄😄","😎😎😎  क्या गजब है   ना दिल्ली वाली दिल दे रही है,   ना पटना वाली पट रही है..!   उत्तराखंड वाली ने भी उत्तर देना बंद कर दिया है...  😉😉😉😂😂😂","Kya gazab hai na, Delhi wali dil de rahi hai, Patna wali pat rahi hai... Uttarakhand wali ne bhi uttar dena band kar diya hai... 😎😎😎 😄😄😄",train_error,paraphrase,0.8398,1,0.9,0.034,hard_aug
synth-train-7712-mix_hindi_heavy,train,1,"Log kehne se kya, unhe kaam hai bhokna, tum apna kaam karte raho.",लोग क्या कहते हैं यह मत देखो लोगों को काम है bhokna तुम अपना काम करते रहो,"Log kya keh rahe hain ye mat dekhna, logon ko to kaam hai bhokna, tum apna kaam karte raho",train_error,mix_hindi_heavy,0.7303,1,0.95,0.0209,hard_aug
synth-val-2539-paraphrase,train,1,"End bale da bhala, jo krega so bhrega",अंत भले दा भला जो करे गा सो भरेगा,"Ant bale da bhala, jo karega so bharega",val_error,paraphrase,0.7932,1,0.85,0.0464,hard_aug
synth-val-685-paraphrase,train,1,In sabh party ke leader logo ne imaam kab se bencha hai. Bharat me loktantrik chunav se se hi in logo ne Hindu Muslim ke masla me jhukake rakha hai. Chunaav me jit kar aaye hai aur satta sthapna karke apne ghar basa diya hai aur crore rupee ke jamin jaydaad banake rakhe hai. Aur humari pyari aam janta to gareeb bhuk mar rahi hai. Yahi sachai hai.,इन सभी पार्टियों के नेता लोगों ने ईमान कब का बेंचा हुआ है सबसे भारत देश में लोकतंत्र आया है तब से ईन नेताओं ने भारत देश की जनता को हिंदू मुस्लिम के मसले में फंसा कर रखा कर चुनाव में जित कर आ रहें हैं और सत्ता स्थापन कर के खुद के घर बसा कर करोडों रूपये कीं जमीन जायदाद बना कर रखी है और हमारी प्यारी सी आम जनता वैसे कीं गरीब भुख मरी हीं रहीं हैं यही सच्चाई है,In sabhi party ke nete logo ne imaam kab se bencha hai. Bharat me loktantrik chunav se se hi in neto ne Hindu Muslim ke masle me fasake rakha hai. Chunaav me jit kar aaye hai aur satta sthapna karke apne ghar basa kar crore rupe ke jamin ja,val_error,paraphrase,0.9486,1,0.8,0.2775,hard_aug
synth-val-362-paraphrase,train,0,"Chahenge to chhod do, chodenge to nibhao, hamara pyaar hai, marzi to tumhare.","चाहो तो छोड़ दो  चोदो तो निभा लो प्यार हमारा हैं, मर्ज़ी तुम्हारी हैं.","Chaho to chhod do, chodo to nibha lo, pyar hamara hai, marzi tumhari hai.",val_error,paraphrase,0.7632,0,0.85,0.0065,hard_aug
synth-val-362-obfuscation,train,0,"Chaho to chhod do, chod@o to nibha lo, pyar hamara hai, marzi tumhari hai.","चाहो तो छोड़ दो  चोदो तो निभा लो प्यार हमारा हैं, मर्ज़ी तुम्हारी हैं.","Chaho to chhod do, chodo to nibha lo, pyar hamara hai, marzi tumhari hai.",val_error,obfuscation,0.9749,0,0.9,0.0174,hard_aug
synth-train-8689-paraphrase,train,0,"Tum jaise aurat ke saath ladka kisi aur se bhi kar sakta hai, laaj sarm he.",तुम जैसी औरत के वजह से ही लडका खाराब होता है लाज सरम हे,"Tum jaisi aurat ke wajah se hi ladka kharab hota hai, laaj sarm he",train_quarantine,paraphrase,0.661,0,0.9,0.1033,hard_aug
synth-val-3012-paraphrase,train,1,"Bachcharo log sales man ki cunning ke shikaar ho jaate hai, ap bhi to ho na isme.",Sales man की चतुराई के शिकारी बनते है बेचारे उसमें आप भी हो न,"Bachcharo sales man ki chaturai ke shikaari ban jaate hai, ap bhi ho na isme.",val_error,paraphrase,0.762,1,0.9,0.9334,hard_aug
synth-train-8689-obfuscation,train,0,"Tum jaisi aur@t ke wajah se hi l@dka kh@r@b hota h@i, l@j sarm he",तुम जैसी औरत के वजह से ही लडका खाराब होता है लाज सरम हे,"Tum jaisi aurat ke wajah se hi ladka kharab hota hai, laaj sarm he",train_quarantine,obfuscation,0.7111,0,0.95,0.06,hard_aug
synth-train-2717-paraphrase,train,1,"Pura saal ka tyohar hai, celebrate karo aur patake bhi chhadana de do. Jai Shri Ram",साल भर का त्योहार है सेलीब्रेट कर लेने दो  हमे पटाखे फोड लेने दो । जय श्री राम,"Sala pura saal ka tyohar hai, celebrate karo phir bhi humko patake chhadane do. Jai Shri Ram",train_error,paraphrase,0.8108,1,0.95,0.7332,hard_aug
synth-train-2717-mix_hindi_heavy,train,1,"Sala pure saal ka tyohar hai, celebrate karo phir bhi humko patakhe chhadane do. Jai Shri Ram",साल भर का त्योहार है सेलीब्रेट कर लेने दो  हमे पटाखे फोड लेने दो । जय श्री राम,"Sala pura saal ka tyohar hai, celebrate karo phir bhi humko patake chhadane do. Jai Shri Ram",train_error,mix_hindi_heavy,0.9442,1,0.9,0.9901,hard_aug
synth-train-2717-contrastive,train,0,"Sala pura saal ka tyohar hai, celebrate karo phir bhi humko patake chhadane do. Tu toh bekaar hai. Jai Shri Ram",साल भर का त्योहार है सेलीब्रेट कर लेने दो  हमे पटाखे फोड लेने दो । जय श्री राम,"Sala pura saal ka tyohar hai, celebrate karo phir bhi humko patake chhadane do. Jai Shri Ram",train_error,contrastive,0.9216,0,0.8,0.9919,hard_aug
synth-train-18249-paraphrase,train,0,"Didi, orke bhadwe kitin bomba martil maro pan aaple nad sodaycha nay jaye Bhim 🙏🙏🙏",दीदी बाकीचे भड़वे किती बोंबा मार्तिल मरूदे pan aapla nad sodaycha nay jay bhim 🙏🙏🙏,"Didi, bakichya bhadwe kitu bomba martil marude pan aapla nad sodaycha nahi jay Bhim 🙏🙏🙏",train_quarantine,paraphrase,0.741,0,0.9,0.9932,hard_aug
synth-train-18249-obfuscation,train,0,"DIdi, bakichya bhadwe kitu b0mba martil marude pan aapla nad s0daycha nahi jay BhiM 🙏🙏🙏",दीदी बाकीचे भड़वे किती बोंबा मार्तिल मरूदे pan aapla nad sodaycha nay jay bhim 🙏🙏🙏,"Didi, bakichya bhadwe kitu bomba martil marude pan aapla nad sodaycha nahi jay Bhim 🙏🙏🙏",train_quarantine,obfuscation,0.9381,0,0.9,0.9946,hard_aug
synth-train-5646-paraphrase,train,0,Ye BJP ke ghus lene wala sudhire hai 😠👌👌👌😠👌👌👌👌👌😠👌👌😠👌😠👌😠👌😠👌😠👌👌👹👹👹👹👹👹👹👹👹👹👹👹👹👹👹👹👹👹👹👹👹👹👹👹👹👹👹👹😡😡👹👹👹👹👹😡😡😡😡😡😡😡😡😡😡😡😡😡😡😡😡😡😡😡😡😡😡😡😡😡😡😡😡😡😡😡😡,यह bjp का घूस लेने सुधीर है 😠👌👌👌😠👌👌👌👌👌😠👌👌😠👌😠👌😠👌😠👌😠👌👌👹👹👹👹👹👹👹👹👹👹👹👹👹👹👹👹👹👹👹👹👹👹👹👹👹👹👹👹👹👹😡😡👹👹👹👹👹😡😡😡😡😡😡😡😡😡😡😡😡😡😡😡😡😡😡😡😡😡😡😡😡😡😡😡😡😡😡😡😡😡😡,Ye BJP ka ghus lene wala sudhire hai 😠👌👌👌😠👌👌👌👌👌😠👌👌😠👌😠👌😠👌😠👌👌👹👹👹👹👹👹👹👹👹👹👹👹👹👹👹👹👹👹👹👹👹👹👹👹👹👹👹👹👹😡😡👹👹👹👹👹😡😡😡😡😡😡😡😡😡😡😡😡😡😡😡😡😡😡😡😡😡😡😡😡😡😡😡😡😡😡😡😡,train_quarantine,paraphrase,0.9977,0,0.95,0.9815,hard_aug
synth-train-5646-mix_english_heavy,train,0,"This BJP guy Sudhir is all about taking bribes, right? 😠👌👌👌😠👌👌👌👌👌😠👌👌😠👌😠👌😠👌😠👌👌👹👹👹👹👹👹👹👹👹👹👹👹👹👹👹👹👹👹👹👹👹👹👹👹👹👹👹👹😡😡👹👹👹👹👹😡😡😡😡😡😡😡😡😡😡😡😡😡😡😡😡😡😡😡😡😡😡😡😡😡😡😡😡😡😡😡",यह bjp का घूस लेने सुधीर है 😠👌👌👌😠👌👌👌👌👌😠👌👌😠👌😠👌😠👌😠👌😠👌👌👹👹👹👹👹👹👹👹👹👹👹👹👹👹👹👹👹👹👹👹👹👹👹👹👹👹👹👹👹👹😡😡👹👹👹👹👹😡😡😡😡😡😡😡😡😡😡😡😡😡😡😡😡😡😡😡😡😡😡😡😡😡😡😡😡😡😡😡😡😡😡,Ye BJP ka ghus lene wala sudhire hai 😠👌👌👌😠👌👌👌👌👌😠👌👌😠👌😠👌😠👌😠👌👌👹👹👹👹👹👹👹👹👹👹👹👹👹👹👹👹👹👹👹👹👹👹👹👹👹👹👹👹👹😡😡👹👹👹👹👹😡😡😡😡😡😡😡😡😡😡😡😡😡😡😡😡😡😡😡😡😡😡😡😡😡😡😡😡😡😡😡😡,train_quarantine,mix_english_heavy,0.9791,0,0.95,0.0446,hard_aug
synth-train-7729-obfuscation,train,0,"+91- <number> )Samasya kisi bhi ho ghar baithe 𝟭𝟬𝟬% samadhan jaise:➡️💑Main ch4hna pyar mil jaye➡️👫Khoya pyar wapas paane ke liye➡️Pati-patni mein 🚻 problem hai to tujhawa karo➡️💫Kal ja3u se nikaal lo➡️🏡Grah klesha se nikaal lo➡️संतान सुख🤰 paane ka upay karo➡️💸 Kaaro4a me fitne ka hal karo➡️Kacahari ke mukemay se nikaal lo➡️✈️Videsh yatra me rukaavat hal karo➡️🚀Apne career me success paane ka upay karo➡️🐍Kalasarp puja ke liye mangalik dosh ko dur karo🙌 Note:Ek bar call karo, phle kuch kaam ki promise karte hai. Contact no:-☎+91- <number> 𝗢𝗻𝗲 𝗖𝗮𝗹𝗹 𝗖𝗮",+91- <number> )समस्या कैसी भी हो घर बैठे 𝟭𝟬𝟬% समाधान जैसे :➡️💑मनचाहा प्यार पाए➡️👫खोया प्यार वापस पाएं➡️पति-पत्नी में🚻अनबन➡️💫तुड़वाये-करवाएं➡️🧟‍♀️काले जादू से छुटकारा पाएं ➡️🏡ग्रह क्लेश से छुटकारा पाएं ➡️संतान सुख🤰➡️कारोबार मैं मुनाफा कमाए💸💰➡️कचहरी के मुकदमे से छुटकारा पाएं ➡️🛫 विदेश यात्रा में रुकावट➡️अपने करियर में सफलता पाएं➡️🐍कालसर्प पुजा=मांगलीक दोष🙌 नोट:एक बार सेवा का मोका दे सबसे पहले काम करने का पका वादा । संपर्क नंबर :-☎+91- <number> 𝗢𝗻𝗲 𝗖𝗮𝗹𝗹 𝗖𝗮𝗻 𝗖𝗵𝗮𝗻𝗴𝗲 𝗬𝗼𝘂𝗿 𝗟𝗶𝗳𝗲   𝟭=𝗟𝗼𝘃𝗲 𝗣𝗿𝗼𝗯𝗹𝗲𝗺𝘀 𝗦𝗼𝗹𝘂𝘁𝗶𝗼𝗻 𝟮=𝗕𝘂𝘀𝗶𝗻𝗲𝘀𝘀 𝗣𝗿𝗼𝗯𝗹𝗲𝗺 𝗦𝗼𝗹𝘂𝘁𝗶𝗼𝗻 𝟯=𝗚𝗲𝘁 𝗬𝗼𝘂𝗿 𝗟𝗼𝘃𝗲 𝗕𝗮𝗰𝗸 𝟰=𝗖𝗼𝘂𝗿𝘁 𝗖𝗮𝘀𝗲 𝗣𝗿𝗼𝗯𝗹𝗲𝗺 𝗦𝗼𝗹𝘂𝘁𝗶𝗼𝗻 𝟱=𝗩𝗮𝘀𝗵𝗶𝗸𝗮𝗿𝗮𝗻 𝗦𝗽𝗲𝗰𝗶𝗮𝗹𝗶𝘀𝘁 𝟲=𝗕𝗹𝗮𝗰𝗸 𝗠𝗮𝗴𝗶𝗰 𝗦𝗽𝗲𝗰𝗶𝗮𝗹𝗶𝘀𝘁 𝟳=𝗟𝗼𝘃𝗲 𝗠𝗮𝗿𝗿𝗶𝗮𝗴𝗲 𝗦𝗽𝗲𝗰𝗶𝗮𝗹𝗶𝘀𝘁 𝟴=𝗙𝗮𝗺𝗶𝗹𝘆 𝗣𝗿𝗼𝗯𝗹𝗲𝗺𝘀 𝘀𝗼𝗹𝘂𝘁𝗶𝗼𝗻 𝟵=𝗠𝗼𝗻𝗲𝘆 𝗣𝗿𝗼𝗯𝗹𝗲𝗺𝘀 𝗦𝗼𝗹𝘂𝘁𝗶𝗼𝗻 𝟭𝟬=𝗝𝗼𝗯 𝗣𝗿𝗼𝗯𝗹𝗲𝗺𝘀 𝗦𝗼𝗹𝘂𝘁𝗶𝗼𝗻 𝗔𝗹𝗹,+91- <number> )Samasya kisi bhi ho ghar baithe 𝟭𝟬𝟬% samadhan jaise:➡️💑Main kisi ko pyar mil jaye➡️👫Khoya pyar wapas paane ko➡️Pati-patni mein 🚻 problem hai to unki tujhawa karo➡️💫Kale jadoo se nikaal lo➡️🏡Grah klesha se nikaal lo➡️संतान सुख,train_error,obfuscation,0.9556,0,0.95,0.8098,hard_aug
synth-val-2015-paraphrase,train,0,"Maa ghar la puchak bulaa, tel laavun dekhe kai khali ahe ka var ahe, sab ch bulaa ghalo kaya",मामा घाला पुचित बुला तेल लावुन मग कळेल खाली आहे का वर आहे सगळा च बुला घाला काय,"Maa ghar la puchit bulaa, tel laavun mag kalel khali ahe ka var ahe sagla ch bulaa ghalaa kaya",val_error,paraphrase,0.8371,0,0.85,0.0214,hard_aug
synth-val-3456-paraphrase,train,1,Sofe ke saamne wala hole dik raha hai,सोफे के सामने वाले होल से दिख रहा है,Sofe ke saamne wale hole se dik raha hai,val_error,paraphrase,0.8932,1,0.95,0.9667,hard_aug
synth-val-3456-mix_hindi_heavy,train,1,Sofe ke samne wale hole se dik raha hai,सोफे के सामने वाले होल से दिख रहा है,Sofe ke saamne wale hole se dik raha hai,val_error,mix_hindi_heavy,0.9656,1,0.95,0.9809,hard_aug
synth-train-10199-paraphrase,train,0,Matta ka paagal ho gya kya sahi se nahi bol raha hai kya,करें मटका पागल है क्या सही से बोल,Matta paagal hai kya sahi se bol raha hai kya,train_quarantine,paraphrase,0.8285,0,0.85,0.0219,hard_aug
synth-train-15509-paraphrase,train,0,Nahin chupna hai to apne papa ko bhi de do.,नहीं छूपना है तो अपने पापा को भी दे दो,Nahin chupna hai to apne papa ko bhi de do,train_quarantine,paraphrase,0.9648,0,0.85,0.0363,hard_aug
synth-train-15509-obfuscation,train,0,Nahin chupna hai to apne p@p@ ko bhi d@ do,नहीं छूपना है तो अपने पापा को भी दे दो,Nahin chupna hai to apne papa ko bhi de do,train_quarantine,obfuscation,0.8095,0,0.9,0.7651,hard_aug
synth-train-4293-paraphrase,train,0,Raat ko paalang tod diya karega,"रात,को,पलग,तोडेगे",Raat ko palang todenge,train_quarantine,paraphrase,0.6127,0,0.85,0.0257,hard_aug
synth-train-4293-obfuscation,train,0,Raat k0 pal@ng todeng3,"रात,को,पलग,तोडेगे",Raat ko palang todenge,train_quarantine,obfuscation,0.6364,0,0.85,0.0111,hard_aug
synth-val-2456-paraphrase,train,1,Bhai 😄😂😂😂 pahle 75 crore interest ke saath vapas karo tab dam lagao harane ki teri okaat bhi hai Bharat ko haraega. Crore-on ki duaaye Bharat ke saath rehti hai. Ek saath chhi ka de to badh ajayega tumse achha to hamare waha ke bacche khel lete hai. 😄😂😂😂🤣🤣🤣,भो स🤣😂😂😂वाले    पहले 75करोड़ ब्याज सहित वापस कर    तब दम लगा हराने की    तेरी औकात भी है    भारत को हराएगा।।       करोड़ों की दुआए भारत के साथ रहती है।      एक साथ छि क दे तो बाड़ आजाएगी    तुमसे अच्छा तो हमारे यहां के बच्चे खेल लेते है।🤣😂😂😂🤣🤣🤣,Bhai 😄😂😂😂 wale pehle 75 crore interest ke saath vapas karo tab dam lagao harane ki teri okaat bhi hai Bharat ko haraega. Crore-on ki duaaye Bharat ke saath rehti hai. Ek saath chhi ka de to badh ajayega tumse achha to hamare yahan ke bacche,val_error,paraphrase,0.9766,1,0.95,0.9527,hard_aug
synth-val-5221-mix_hindi_heavy,train,1,Tuu to woh hai,तू तो वो ह,Tu to woh hai,val_error,mix_hindi_heavy,0.8895,1,0.95,0.0281,hard_aug
synth-train-5117-paraphrase,train,0,Congress me sabke sab tope aur gaddar hain,कांग्रेस में सारे के सारे टोपा है गद्दार है,Congress me sare ke sare tope hain gaddar hain,train_quarantine,paraphrase,0.7036,0,0.85,0.0095,hard_aug
synth-train-3342-mix_hindi_heavy,train,1,Kudi no be saza mile chai diye.,कुड़ी नो बी सजा मिलनी चाहे दिए,Kudi no be saza mile chai diye,train_error,mix_hindi_heavy,0.9509,1,0.9,0.0629,hard_aug
synth-train-16084-obfuscation,train,0,Bhai sach ch@ s b@t@ ch@ddi. Dekh1 aur kus 😂😂😂😂😂,भाई सच चस  बता   चड्डी। देखी  और कुस 🤣🤣🤣🤣🤣,Bhai sach chas bata chaddi. Dekhi aur kus 😂😂😂😂😂,train_quarantine,obfuscation,0.7131,0,0.85,0.372,hard_aug
synth-train-14033-paraphrase,train,0,Bundar ke jese lga rhi ho 🐵🐵,बंदर के जासे लग रही हो 🐵🐵,Bundar ke jaise lag rahi ho 🐵🐵,train_quarantine,paraphrase,0.6556,0,0.9,0.0635,hard_aug
synth-train-11667-paraphrase,train,0,"Ha yar randi rakshas raj kar raha hai, kaha se pujapur paath hoga jo hame bhi nahi ja raha hai. Sabko kuch nahi mela, mera to chhine le gaye randi rajchaasne ki puri biradri mana raha hai. Puri biradri tabhi to pujapur shuru hoga.",हां यार रंडी राक्षस राज कर रहे हैं पूजा-पाठ कहां से हो जाएगा हमारे भी नहीं जा रहे हैं सब को सब कुछ नहीं मिला मेरा तो छीन ले गए रंडी राजचासन की पूरी बिरादरी माननी है पूरी बिरादरी जब होगी पूजा शुरु सब क,"Ha yaar randi rakshas raj kar rahe hain, pooja-paath kahan se hoga jo hame bhi nahi ja raha hai. Sab ko kuch nahi mila, mera to chhiin le gaye randi rajchaasne ki puri biraderi manani hai. Puri biraderi jab hoga to pooja shuru sab ko.",train_quarantine,paraphrase,0.8088,0,0.95,0.9977,hard_aug
synth-train-11667-obfuscation,train,0,"Ha yaar randi rakshas raj kar rahe hain, p@uja-paath kahan se hoga jo hame bhi nahi ja raha hai. Sab ko kuch nahi mila, mera to chhiin le gaye randi rajchasne ki puri biraderi manani hai. Puri biraderi jab hog@ to p@uja shuru sab ko.",हां यार रंडी राक्षस राज कर रहे हैं पूजा-पाठ कहां से हो जाएगा हमारे भी नहीं जा रहे हैं सब को सब कुछ नहीं मिला मेरा तो छीन ले गए रंडी राजचासन की पूरी बिरादरी माननी है पूरी बिरादरी जब होगी पूजा शुरु सब क,"Ha yaar randi rakshas raj kar rahe hain, pooja-paath kahan se hoga jo hame bhi nahi ja raha hai. Sab ko kuch nahi mila, mera to chhiin le gaye randi rajchaasne ki puri biraderi manani hai. Puri biraderi jab hoga to pooja shuru sab ko.",train_quarantine,obfuscation,0.9511,0,0.95,0.9975,hard_aug
synth-train-4423-paraphrase,train,0,Tumhe dooge style mein daba daba kar luga,Dooge स्टाइल में लूंगा तुम्हारी दबा दबा कर,Dooge style mein luga tumhari daba daba kar,train_quarantine,paraphrase,0.8802,0,0.9,0.2077,hard_aug
synth-train-11826-obfuscation,train,0,"B@ll dikhara ho ke d@t dikhara ho, kuch@ aur dikh@o",बॉल दिखा रही हो के दात दिखा रही हो कुछ और दिखाओ,"Ball dikhara ho ke daat dikhara ho, kuch aur dikhao",train_quarantine,obfuscation,0.8557,0,0.9,0.9793,hard_aug
synth-train-16624-paraphrase,train,0,Luto luto jay Modi raj hai khub,लूटो लूटो खूब मोदी राज है,Luto luto khub Modi raj hai,train_error,paraphrase,0.8932,0,0.9,0.8542,hard_aug
synth-train-10132-paraphrase,train,0,Chii thook saaf karo aur apne sade hue daant bhi thuk 😂🪥,छी थूक साफ कर और अपने सड़े हुए दांत भी थू😂🪥,Chii thuk saaf karo aur apne sade hue daant bhi thuk 😂🪥,train_quarantine,paraphrase,0.9464,0,0.85,0.0438,hard_aug
synth-train-10132-obfuscation,train,0,Chii th.k saaf karo aur apne sade hue daant bhi th.k 😂🪥,छी थूक साफ कर और अपने सड़े हुए दांत भी थू😂🪥,Chii thuk saaf karo aur apne sade hue daant bhi thuk 😂🪥,train_quarantine,obfuscation,0.8209,0,0.85,0.0163,hard_aug
synth-val-3628-mix_hindi_heavy,train,1,Isko dhal kodne kehate hain,इसे कहते हैं दाल कोडना,Isko dhal koda kahate hain,val_error,mix_hindi_heavy,0.7549,1,0.9,0.9848,hard_aug
synth-val-4684-mix_hindi_heavy,train,1,Chot lag gayi hai tumko?,चोट लग गई,Chot lag gayi,val_error,mix_hindi_heavy,0.736,1,0.9,0.0134,hard_aug
synth-val-4684-contrastive,train,0,Chut lag gayi,चोट लग गई,Chot lag gayi,val_error,contrastive,0.7692,0,0.9,0.9679,hard_aug
synth-val-4880-paraphrase,train,1,Mere bhaiya ke saath kutte khelte hain,हमारे भतीजे खेलते हैं कुत्ते के साथ,Hmare bhaiye khelte hain kutte ke saath,val_error,paraphrase,0.8281,1,0.9,0.9636,hard_aug
synth-val-4345-obfuscation,train,0,"Aap log meri g@nd pe bolen n@ ch@diya, PK aap video ke vajah se dusri video nahi dekh p@ rahe",आप लोग मुझ पर बोलना बंद कर दो पीके आप वीडियो की वजह से दूसरी वीडियो नहीं देख पा रहा,"Aap log mere pe bolen na band kardo, PK aap video ke wajah se dusri video nahi dekh pa raha",val_error,obfuscation,0.7728,0,0.95,0.0124,hard_aug
synth-train-971-paraphrase,train,0,Agar petrol ki aurkati nahi hain to car kyun lete ho?,अगर पेट्रोल लेने की औकात नहीं है तो गाड़ी क्यों लेते हो,Agar petrol lena nahi aata to car kyun lete ho,train_error,paraphrase,0.7056,0,0.9,0.3066,hard_aug
synth-train-971-obfuscation,train,0,Agar p3tr0l lena nahi aata to car kyun lete ho,अगर पेट्रोल लेने की औकात नहीं है तो गाड़ी क्यों लेते हो,Agar petrol lena nahi aata to car kyun lete ho,train_error,obfuscation,0.88,0,0.85,0.5108,hard_aug
synth-train-8657-mix_english_heavy,train,0,"Bharosa karo Rabb, jo human kehta hai, main par trust karo, main bahut good hai, main honest hai, woh top level ka haraam jyada hai. Humans ko Allah ne mud se banaya hai, pani me mix kiya aur kuch bhi ho jata hai—kabhi elephant banta hai, kabhi human banta hai, kabhi dog banta hai. Humans par trust karna wrong hai. Agar woh truthful hai to your destiny hai, hazaro liye hai to your punishment hai.",भरोसा करो रब्बा जो इंसान कहता है मुझ पर भरोसा करो मैं बहुत अच्छा हूं मैं ईमानदार हूं वह एक नंबर का हराम ज्यादा होता है इंसान को अल्लाह ने मिट्टी से बनाया है पानी में मिला और कुछ भी हो जाता है कभी हाथी बनती है कभी इंसान बनता है कभी कुत्ता बनता है इंसान पर भरोसा करना गलत है अगर वह सच्चा है तो आपकी तकदीर हजारों झूठा है तो आप की सजा है,"Bharosa karo Rabb, jo insaan kehta hai, main par bharosa karo main bahut accha hoon, main imandar hoon, woh ek number ka haraam jyada hota hai. Insan ko Allah ne mitti se banaaya hai, pani mein mila aur kuch bhi ho jata hai—kabhi hathi bant",train_error,mix_english_heavy,0.8038,0,0.85,0.2858,hard_aug
synth-train-10905-paraphrase,train,1,"Ye sab stress ke karan hota hai, unpar toh pure pressure hai aur vacations bhi nahi mil rahi, bahut bura hua 😔","ये सब स्ट्रेस के कारण होता है बहोत प्रेशर होता है उनपर और छुट्टीया भी नहीं मीलती , बहोत बुरा हुआ 😔","Ye sab stress ke karan hota hai, bahut pressure hota hai unpar aur chuttiya bhi nahi mileti, bahut bura hua 😔",train_error,paraphrase,0.7923,1,0.95,0.0075,hard_aug
synth-train-10905-mix_hindi_heavy,train,1,"Ye sab stress ke kaaran hota hai, bahut pressure hota hai unpar aur chuttiya bhi nahi mileti, bahut bura hua 😔","ये सब स्ट्रेस के कारण होता है बहोत प्रेशर होता है उनपर और छुट्टीया भी नहीं मीलती , बहोत बुरा हुआ 😔","Ye sab stress ke karan hota hai, bahut pressure hota hai unpar aur chuttiya bhi nahi mileti, bahut bura hua 😔",train_error,mix_hindi_heavy,0.9901,1,0.95,0.0635,hard_aug
synth-val-1109-obfuscation,train,0,Uiske saath maine cricket khelna hai toh ra@t din khel lungi,उसके साथ मैं रात दिन क्रिकेट खेलूंगी,Uske saath maine cricket khelna hai toh raat din khel lungi,val_error,obfuscation,0.9173,0,0.8,0.7815,hard_aug
synth-val-3499-paraphrase,train,1,100% correct hai abki din ki baat ki sharm aur ljjah hi aurat ka vo ghnna hai jo har kisi ko pasand aaye,१००% सही है आज के जमाने के हिसाब से पर शर्म लज्जा ही औरत का वो गहना है जो हर एक को पंसद है,100% sahi hai aaj ke zamaanay ke hisaab se par sharm lajjah he aurat ka vo gahnaa hai jo har ek ko pasand hai,val_error,paraphrase,0.5552,1,0.9,0.9641,hard_aug
synth-val-3499-mix_hindi_heavy,train,1,100% sahi hai aaj ke zamaane ke hisaab se par sharm aur ljjah hi aurat ke gahna hai jo har ek ko pasand hai,१००% सही है आज के जमाने के हिसाब से पर शर्म लज्जा ही औरत का वो गहना है जो हर एक को पंसद है,100% sahi hai aaj ke zamaanay ke hisaab se par sharm lajjah he aurat ka vo gahnaa hai jo har ek ko pasand hai,val_error,mix_hindi_heavy,0.882,1,0.9,0.976,hard_aug
synth-train-1750-paraphrase,train,0,"Snake ko itnna bhi doodh pilao to, dusana nahi chhodega, yahi hai hal in mahagathbandhan walo ka hai. Jay Shree Ram 🚩🚩",सांप को कितना भी दूध पिला दो डसना नहीं छोड़ता यही हाल इन महागठजोड़ वालों का है। जय श्रीराम🚩🚩,"Snake ko kitna bhi doodh pilaa do, dusanaa nahi chhoda, yahi hai hal in mahaa-gathbandhan walo ka hai. Jay Shri Ram 🚩🚩",train_error,paraphrase,0.8501,0,0.85,0.9865,hard_aug
synth-train-1750-obfuscation,train,0,"Snake k0 kitn@ bhi d00dH pilA d0, dusanaa nahi chh0dA, yahi h@i h@l in mH@gathbandHn w@lo k@ h@i. Jay Shri Ram 🚩🚩",सांप को कितना भी दूध पिला दो डसना नहीं छोड़ता यही हाल इन महागठजोड़ वालों का है। जय श्रीराम🚩🚩,"Snake ko kitna bhi doodh pilaa do, dusanaa nahi chhoda, yahi hai hal in mahaa-gathbandhan walo ka hai. Jay Shri Ram 🚩🚩",train_error,obfuscation,0.6331,0,0.85,0.0203,hard_aug
synth-val-3067-mix_hindi_heavy,train,1,Sale bhai ke bhi ek number ki bike hai.,साली बिक्री हुई एक नंबर की,Sale bhai ki bhi ek number ki bike hai.,val_error,mix_hindi_heavy,0.9377,1,0.9,0.9908,hard_aug
synth-train-1748-obfuscation,train,0,"Modi ji ka Tw3t3r acc0unt h@ck hua t0 hir@m@n marr gaya, aur Modi ji k3 r@j m3 m@h@ng@i b@dhi t0 phir kyun k0i huddk@pan n@hi marrt@?","🤫मोदी जी का ट्विटर अकाउंट हैक हुवा तो हड़कंप मच गया, और मोदी जी के राज में महंगाई बढ़ी तो फिर क्यों नहीं कोई हुडकाप मचता🤔","Modi ji ka Twitter account hack hua to hiraman marr gaya, aur Modi ji ke raj me mahangai badhi to phir kyun koi huddkapan nahi marrta?",train_quarantine,obfuscation,0.657,0,0.8,0.3168,hard_aug
synth-train-3307-paraphrase,train,1,"Dost, unki raah chalte hai pagal bnaate hai, cold drink ke naam se daru pilaate hai. Kamine ke saamne bhi sabse age reh jaate hai dost.","राह #चलते है पागल 🚶‍♂️बनते है दोस्त ,# cold drink बोल के      दारू🥃 पिलाते है दोस्त  कितने भी #कमीने😉 पर    काम पड़ने पर सबसे आगे      👉रहते है दोस्त👈👈","Rah chalte hai pagal banate hai dost, cold drink ke naam se daru pilaate hai dost. Kitne bhi kamine par kam pade to sabse age rehate hai dost.",train_error,paraphrase,0.8382,1,0.9,0.8824,hard_aug
synth-train-3307-mix_english_heavy,train,1,"Rah chalte hai pagal banate hai dost, cold drink ke naam se beer pilaate hai dost. Kitne bhi kamine log ho ya na ho, jab kam pade to sabse pehle rehate hai dost.","राह #चलते है पागल 🚶‍♂️बनते है दोस्त ,# cold drink बोल के      दारू🥃 पिलाते है दोस्त  कितने भी #कमीने😉 पर    काम पड़ने पर सबसे आगे      👉रहते है दोस्त👈👈","Rah chalte hai pagal banate hai dost, cold drink ke naam se daru pilaate hai dost. Kitne bhi kamine par kam pade to sabse age rehate hai dost.",train_error,mix_english_heavy,0.9074,1,0.8,0.8952,hard_aug
synth-train-2495-obfuscation,train,0,Gula@bo ko chu.t kaise lag gayi... kya koi respon.sibility nahi hai? 🐰,🙄गुलाबो को चोट कैसे लग गयी🤔....🐰,Gulaabo ko injury kaise lag gayi... kya koi responsibility nahi hai? 🐰,train_error,obfuscation,0.8194,0,0.85,0.9467,hard_aug
synth-train-907-obfuscation,train,0,Sadi l@l pheri l@te h@ tuM,साडी त लाला पहेर लेतू हो,Sadi laal pheri lete ho tum,train_quarantine,obfuscation,0.6442,0,0.85,0.0089,hard_aug
synth-train-1839-paraphrase,train,1,"Ye soch-samajh chal-bazi hai, kisi ko rail ke patti mein kutte ko kyun band karna padega aur jab koi save karne jane wala hai tabhi to an waqt video kaise suit ho jayega.","ये सोची-समझी चालबाजी है, कोई रेल की पटरी में कुत्ते को क्यों बांधेगा,और कोई जब बचाने जायेगा तभी ऐन वक्त पर कोई विडियो कैसे सूट कर लेगा।","Ye soch-samaji chaalbaazi hai, koi rail ki patti mein kutte ko kyun band karega, aur koi jab bachane jaayege to phir an waqt par koi video kaise suit kar lega.",train_error,paraphrase,0.7045,1,0.95,0.9903,hard_aug
synth-val-5802-paraphrase,train,0,"Pehla se ulta hi btata ho, diet bhi thik se na batayi rehta ho",तुम हमेशा उल्टा ही बताते हो डाइट भी गलत ही बताती हो,"Tu hamesha ulta hi batata ho, diet bhi galat hi batati ho",val_error,paraphrase,0.6154,0,0.85,0.0181,hard_aug
synth-train-1839-mix_hindi_heavy,train,1,"Ye sochi-samajhi chaalbaazi hai, koi rail ki patri mein kutte ko kyon bandege, aur koi jab bachane jayege to phir an waqt par koi video kaise suit kar lega.","ये सोची-समझी चालबाजी है, कोई रेल की पटरी में कुत्ते को क्यों बांधेगा,और कोई जब बचाने जायेगा तभी ऐन वक्त पर कोई विडियो कैसे सूट कर लेगा।","Ye soch-samaji chaalbaazi hai, koi rail ki patti mein kutte ko kyun band karega, aur koi jab bachane jaayege to phir an waqt par koi video kaise suit kar lega.",train_error,mix_hindi_heavy,0.9049,1,0.85,0.9784,hard_aug
synth-train-1839-contrastive,train,0,"Ye soch-samaji chaalbaazi hai, koi rail ki patti mein kutte ko kyun band karega, aur koi jab bachane jaayege to phir an waqt par koi video kaise suit kar lega, unki beti ko chodega tab to.","ये सोची-समझी चालबाजी है, कोई रेल की पटरी में कुत्ते को क्यों बांधेगा,और कोई जब बचाने जायेगा तभी ऐन वक्त पर कोई विडियो कैसे सूट कर लेगा।","Ye soch-samaji chaalbaazi hai, koi rail ki patti mein kutte ko kyun band karega, aur koi jab bachane jaayege to phir an waqt par koi video kaise suit kar lega.",train_error,contrastive,0.9373,0,0.9,0.9848,hard_aug
synth-val-5802-obfuscation,train,0,"Tu hamesha ult@ hi batata ho, diet bhi galat hi batati ho",तुम हमेशा उल्टा ही बताते हो डाइट भी गलत ही बताती हो,"Tu hamesha ulta hi batata ho, diet bhi galat hi batati ho",val_error,obfuscation,0.9641,0,0.7,0.0102,hard_aug
synth-train-10107-mix_english_heavy,train,0,"Tumhara doctor boy to naked hai, patient kaise dekhta hai 😁😁 Tum to sabko good post bata rahi ho, jab jail chale jayega tab 😁😁😁",तुम्हारा डॉक्टर लड़का तो नंगा है मरीज कैसे देखते हैं 😁😁तुम तो सबको अच्छी पोस्ट बता रही हो👌जब जेल चला जायेगा तब 😁😁😁,"Tumhara doctor larka to nanga hai, mariz kaise dekhta hai 😁😁 Tum to sabko achchi post bata rahi ho, jab jail chala jayega tab 😁😁😁",train_quarantine,mix_english_heavy,0.8169,0,0.9,0.332,hard_aug
synth-train-10107-obfuscation,train,0,"Tumhara d@ct0r larka t0 n@nga h@, mariz kaise dekhta h@ 😁😁 Tum t0 sabko achchi p0st bata r@hI h0, jab jail chala j@yega tab 😁😁😁",तुम्हारा डॉक्टर लड़का तो नंगा है मरीज कैसे देखते हैं 😁😁तुम तो सबको अच्छी पोस्ट बता रही हो👌जब जेल चला जायेगा तब 😁😁😁,"Tumhara doctor larka to nanga hai, mariz kaise dekhta hai 😁😁 Tum to sabko achchi post bata rahi ho, jab jail chala jayega tab 😁😁😁",train_quarantine,obfuscation,0.7424,0,0.95,0.0603,hard_aug
synth-val-5577-paraphrase,train,1,Teri kamal toh bahut accha laga.,तेरी कमाल बहुत अच्छी लगी,Teri kamal bahut acchi lagi,val_error,paraphrase,0.7144,1,0.95,0.6033,hard_aug
synth-train-10107-paraphrase,train,0,"Tumhara doctor wala ladka to nakhre hai, mariz ko dekho kaise 😁😁 Tum to sabko achchi post bata rahi ho, jab tum jekar jail chalegi tab 😁😁😁",तुम्हारा डॉक्टर लड़का तो नंगा है मरीज कैसे देखते हैं 😁😁तुम तो सबको अच्छी पोस्ट बता रही हो👌जब जेल चला जायेगा तब 😁😁😁,"Tumhara doctor larka to nanga hai, mariz kaise dekhta hai 😁😁 Tum to sabko achchi post bata rahi ho, jab jail chala jayega tab 😁😁😁",train_quarantine,paraphrase,0.7977,0,0.9,0.0124,hard_aug
synth-val-5577-mix_hindi_heavy,train,1,Teri kamal bahut acchay lagay,तेरी कमाल बहुत अच्छी लगी,Teri kamal bahut acchi lagi,val_error,mix_hindi_heavy,0.7604,1,0.95,0.8153,hard_aug
synth-train-10334-obfuscation,train,0,Jihad karo aur 72 hoor lala dega woh bhi jannat me.,जिहाद करो ओर 72 हुरे लला देगा वो भी जन्नत मे,Jihad karo aur 72 hoor lela dega woh bhi jannat me.,train_quarantine,obfuscation,0.9412,0,0.95,0.9174,hard_aug
synth-train-14933-paraphrase,train,0,"Arey pagal, teri meri bahut fir hai, main terko kitna chahata hun, tum soch bhi nahi chakte ho budhiya",अरे पागल तेरी मुझे बहुत फिकर है में तेरे को कितना चाहता हूं तुम सोच भी नहीं चकती है बुढी,"Arey pagal teri meri bahut fir hai, main terko kitna chahata hun, tum soch bhi nahi chakte ho budhi",train_quarantine,paraphrase,0.9617,0,0.8,0.9288,hard_aug
synth-train-2895-paraphrase,train,0,"Yahan kisi ka #majal ho jaye jo dare dil se ched de, girdish mein to #kutte bhi sher ko gher lete hain, ched de ched de!!!","यहाँ किसकी #मज़ाल है जो छेड़े दिलेर को ,., गर्दिश में तो #कुत्ते भी घेर लेते हैं शेर को ,.,.,!!!","Yahan kiski #majal hai jo ched de ched de, girdish mein to #kutte bhi sher ko gher lete hain, ched de ched de,!!!",train_error,paraphrase,0.8759,0,0.9,0.8025,hard_aug
synth-train-2895-obfuscation,train,0,"Yahan kiski #maj@l hai jo ched de ched de, girdish mein to #kutte bhi sher ko ghe.r lete hain, ched de ched de!!!","यहाँ किसकी #मज़ाल है जो छेड़े दिलेर को ,., गर्दिश में तो #कुत्ते भी घेर लेते हैं शेर को ,.,.,!!!","Yahan kiski #majal hai jo ched de ched de, girdish mein to #kutte bhi sher ko gher lete hain, ched de ched de,!!!",train_error,obfuscation,0.9597,0,0.9,0.8671,hard_aug
synth-train-12217-obfuscation,train,0,K@pde nahi the kya tere paas j@ nangi a gayi,कपड़े नहीं थे क्या तेरे पास जो नंगी अा गई,Kapde nahi the kya tera paas jo nangi a gayi,train_quarantine,obfuscation,0.8043,0,0.9,0.9818,hard_aug
synth-val-186-obfuscation,train,0,"Tumhare liye j@han, j@han h@i.",तुम्हारे लिए जगह. जहन्नम है.,"Tumhare liye jahan, jahan hai.",val_error,obfuscation,0.6053,0,0.95,0.0064,hard_aug
synth-val-186-paraphrase,train,0,"Jahan jahan tumhara nam hai, wahan wahan jahanam hain.",तुम्हारे लिए जगह. जहन्नम है.,"Tumhare liye jahan, jahan hai.",val_error,paraphrase,0.6306,0,0.95,0.0067,hard_aug
synth-val-4110-obfuscation,train,0,"Ohhh hoo, t@kla bhi diwana ban rahe h@i, ghamandi saala 😂😂😂😂",Ohhh hoo टकला भी दीवाना बन रहा है घमंड़ी साला 😂😂😂😂,"Ohhh hoo, this Takla bhi deewana ban rahe hai, ghamandi saala 😂😂😂😂",val_error,obfuscation,0.8269,0,0.85,0.8578,hard_aug
synth-val-2910-mix_hindi_heavy,train,1,"Sahi hai, bakth ne sab sikha diya hai",सही है बक्त ने सब सिखा दी,"Sahi hai, bakth ne sab sikha di",val_error,mix_hindi_heavy,0.9026,1,0.8,0.0062,hard_aug
synth-train-6005-paraphrase,train,0,Pehle tera gand to laal kar diya yaar,गांड लाल  कर दी यार,Gand laal kar diya yaar,train_quarantine,paraphrase,0.7686,0,0.95,0.997,hard_aug
synth-val-2132-mix_english_heavy,train,0,"Om Jay Mata Di Baba, you stupid ass!",।। ॐ जय माता दी बाबा ।।,Om Jai Mata Di Baba,val_error,mix_english_heavy,0.5735,0,0.9,0.9972,hard_aug
synth-train-4878-mix_hindi_heavy,train,1,"Krishna se jitna kuch chutaa hai, uski ma chutti, pita chutte, nanda-yashoda bhi chutte, sangi-sathi chutte, radha chutti, gokul chutaa, mathura chutti. Krishna ke life me har waqt kuch na kuch chut raha hai. Krishna tyag ke devta hai. Aaj ke zindagi me kuch chutne par log toot jaate hain, lekin Krishna se seekho to kuch chutne ke bhi khush rahne ka tarika seekh jaate hain. Kisi ko bhi Krishna se achha nahi paayega. Mahaguru mere kanhayya... 🙏 Shri Krishna Janmashtami ki aagrim shubhkamnaye! 🙏","जितनी चीज़ें कृष्ण से छूटीं उतनी तो किसी से नहीं छूटीं। कृष्ण से उनकी माँ छूटी, पिता छूटे, फिर जो नंद-यशोदा मिले वे भी छूटे। संगी-साथी छूटे। राधा छूटीं। गोकुल छूटा, फिर मथुरा छूटी। कृष्ण से जीवन भर कुछ न कुछ छूटता ही रहा। कृष्ण जीवन भर त्याग करते रहे। हमारी आज की पीढ़ी जो कुछ भी छूटने पर टूटने लगती है, उसे कृष्ण को गुरु बना लेना चाहिए। जो कृष्ण को समझ लेगा वह कभी अवसाद में नहीं जाएगा। कृष्ण आनंद के देवता है। कुछ छूटने पर भी कैसे खुश रहा जा सकता है, यह कृष्ण से अच्छा कोई सिखा ही नहीं सकता।  महागुरु मेरा कन्हैया... 🙏 श्रीकृष्ण जन्माष्टमी की अग्रिम   शुभकामनाए! 🙏","Krishna se jitna kuch chutaa hai, uski maa chutti, pita chutte, Nanda-Yashoda bhi chutte, saathi chutte, Radha chutti, Gokul chutaa, Mathura chutti. Krishna ke life me har waqt kuch na kuch chut raha hai. Krishna tyag ke devta hai. Aaj ke z",train_error,mix_hindi_heavy,0.9961,1,0.95,0.6821,hard_aug
synth-train-11533-obfuscation,train,0,Ek kI chud@!l lg rhi ho,एक की चुड़ैल लग रही हो,Ek ki chudail lga rhi ho,train_quarantine,obfuscation,0.7236,0,0.9,0.9947,hard_aug
synth-train-20018-paraphrase,train,0,Chup re tukle 😂😂,चुप बे टकले 🤣🤣👈👈,Chup be tukle 😂😂,train_quarantine,paraphrase,0.8125,0,0.8,0.3867,hard_aug
synth-train-20018-obfuscation,train,0,Chup be tukl3 😂😂,चुप बे टकले 🤣🤣👈👈,Chup be tukle 😂😂,train_quarantine,obfuscation,0.8125,0,0.8,0.4887,hard_aug
synth-val-4692-paraphrase,train,1,Suran ya ola ko kya bolen?,सुरन या ओल को क्या कहते हैं?,Suran ya ola ko kya kehte hai?,val_error,paraphrase,0.713,1,0.95,0.0172,hard_aug
synth-val-4692-mix_hindi_heavy,train,1,Suran ya ola ko kya kehte hain?,सुरन या ओल को क्या कहते हैं?,Suran ya ola ko kya kehte hai?,val_error,mix_hindi_heavy,0.9276,1,0.95,0.0145,hard_aug
synth-train-15032-mix_hindi_heavy,train,1,Mobile ko ulta na torda karo tab dekho.,मीबाइल को उल्टा नही टेड़ा करा तब दोखे गा,"Mobile ko ulta nahi, torda karo tab dekhenge.",train_error,mix_hindi_heavy,0.8116,1,0.9,0.0158,hard_aug
synth-train-5355-paraphrase,train,0,"Dekh lo andhbhakton, deshdrohi toh aap hi ho. Pegasus ke zariya se saari sainy jaankari Israel ko pahunch gyi hogi. Desh wala janata se jhoot toh vikas wale se jhoot ek hi cheez hai. Pegasus sirf kisi desh ki sarkar ki demand pe milega.","देख लो अंधभक्तों देशद्रोही कौन है?पेगासस के माध्यम से सारी सैन्य जानकारी इजरायल के पास पहुंच गई होगी।देश की जनता से झूठ बोलना विपक्ष से झूठ बोलना एक ही है,पेगासस केवल किसी देश की सरकार की मांग पर ही मिलता है..!","Dekh lo andhbhakton deshdrohi kaun hai? Pegasus ke madhyam se saari sainy jaankari Israel ke paas pahunch gayi hogi. Desh ki janata se jhoot bolna vikas se jhoot bolna ek he hai, Pegasus keval kisi desh ki sarkar ki mang par he milta hai.",train_quarantine,paraphrase,0.7392,0,0.8,0.9783,hard_aug
synth-train-874-paraphrase,train,0,"India ke is har ke liye, bas aur bas Anushka Sharma ke shauher hi hai 😌😆😛👉 Me kitab board se shikayat kar chuka hun, ise jald se jald delete kardo warna ham aisay hi harate rehenge 😛😄😁😁😁😁","😎 इंडिया के इस हार का जिम्मेदार ,सिर्फ और सिर्फ  ऐ  अनुष्का शर्मा का  शौहर है  😌😆😛 👉 मैने कि्केट बोर्ड से  शिकायत कर दिया है  इसे जल्द हटाया जाए  वरना हम ऐसे ही हारते रहेंगें   😛😄😁😁😁😁","India ke is har ke liye, sirf aur sirf Anushka Sharma ka shauher hai 😌😆😛👉 Maine kitab board se shikayat ki hai, isko jald delete karo warna ham aisay hi harate rehenge 😛😄😁😁😁😁",train_error,paraphrase,0.822,0,0.8,0.0746,hard_aug
synth-train-15312-paraphrase,train,0,Is Bharat mein randiO ka hi raj hai,इस भारत देश में रंडुओ का ही राज है,Is Bharat desh mein randuO ka hi raj hai,train_quarantine,paraphrase,0.8371,0,0.95,0.9961,hard_aug
synth-train-4747-paraphrase,train,0,Gandhi ka to dogla hi tha,गांधी दोगला था,Gandhi dogla tha,train_quarantine,paraphrase,0.7698,0,0.9,0.9556,hard_aug
synth-val-2887-paraphrase,train,1,"Bholi si surat, eyes me masti, dil me sharam, ek jhalak dekhke, kabhi kabhi achaal me chup jaye.",भोली सी सुरत आखोमे मस्ती दुर खडी शर्माये एक झलक दिखलाए कभी कभी आचल मे छुप जाये.,"Bholi si surat, aakhon me masti, dur khadi sharmanak, ek jhalak dikhlaye, kabhi kabhi aachal me chup jaye.",val_error,paraphrase,0.7582,1,0.95,0.0156,hard_aug
synth-val-2887-mix_hindi_heavy,train,1,"Bholi si surat, aakhon me masti, dur khadi sharamaye, ek jhalak dikhaaye, kabhi kabhi achhal me chup jaye.",भोली सी सुरत आखोमे मस्ती दुर खडी शर्माये एक झलक दिखलाए कभी कभी आचल मे छुप जाये.,"Bholi si surat, aakhon me masti, dur khadi sharmanak, ek jhalak dikhlaye, kabhi kabhi aachal me chup jaye.",val_error,mix_hindi_heavy,0.9048,1,0.95,0.994,hard_aug
synth-val-2165-mix_hindi_heavy,train,1,"Hero hai tu hero hai, isse kam banne wala nahi hai, padho likho, shikshit rehna.",हीरो है तू हीरो है इससे काम बनने वाला नहीं है पढ़ लिख लो शिक्षित रहो,"Tu hero hai, hero hai, isse kam banne wala nahi hai, padho likho, shikshit rehna",val_error,mix_hindi_heavy,0.9649,1,0.95,0.0987,hard_aug
synth-train-5214-paraphrase,train,0,"Itni galiya de raha ho dhokha se, Yamraj bhi lene a gaye tab tumhe haath lagan se darta hai kya?",इतनी गालियां दे रहे हो धोखा  से यमराज भी लेने आ गए तो तुम्हें हाथ लगाने से डरेगा,"Itni galiya dene ho dhokha se, Yamraj bhi lena a gaye to tumhe haath lagan se darte hoge",train_quarantine,paraphrase,0.7965,0,0.9,0.1616,hard_aug
synth-train-5214-obfuscation,train,0,"Itni g@liya dene ho dhokha se, Yamraj bhi lena a gaye to tumhe haath l@gan se darte ho ge",इतनी गालियां दे रहे हो धोखा  से यमराज भी लेने आ गए तो तुम्हें हाथ लगाने से डरेगा,"Itni galiya dene ho dhokha se, Yamraj bhi lena a gaye to tumhe haath lagan se darte hoge",train_quarantine,obfuscation,0.9154,0,0.9,0.3581,hard_aug
synth-train-3268-paraphrase,train,0,Sarmi nahi aayi. Ha tujhe sarmi nahi aayi.,सरम नहीं आई।  हा तुझे सरम नहीं आई,Sarman nahi aayi. Ha tujhe sarman nahi aayi,train_error,paraphrase,0.7891,0,0.85,0.0312,hard_aug
synth-train-3268-obfuscation,train,0,Sarman nahi aayi. Ha tujhe sarman nahi aayi.,सरम नहीं आई।  हा तुझे सरम नहीं आई,Sarman nahi aayi. Ha tujhe sarman nahi aayi,train_error,obfuscation,0.9807,0,0.85,0.8446,hard_aug
synth-train-17311-contrastive,train,1,Maine apne jadu se apni khubsurat ke saath mera dil lagaya hai tumko saamne rakhne wala hai.,मुझको तो पागल कर दिया अपने हुस्न को जादू से,Maine apne jadu se apni khubsurat ke saath mera dil lagaya hai tumko paagal kar dene wala hai.,train_error,contrastive,0.8806,1,0.9,0.0086,hard_aug
synth-train-1607-obfuscation,train,0,Ek ko fasie de de tab na sala k@n@on hi chup hi,एक को फसी दे दे तब ना साला कानून ही चुप ही,Ek ko fasie de de tab na sala kanoon hi chup hi,train_quarantine,obfuscation,0.9123,0,0.9,0.8896,hard_aug
synth-val-526-obfuscation,train,0,"Bhakt anph3 h4i, ab k@re to k@re ky4 itn4 Vikas h0 r@h4 h@i is Vikas me khushi ke m@re p@gal h0 j@yega s@h@b ab b@z bhi c0re or kitn@ Vikas k@rege",भक्त अंधे है अब करे तो करे क्या  इतना विकास हो रहा है इस विकास मै खुशी के मारे पागल हो जाऊगा सहाब अब बस भी कोरो और कितना विकास करोगे,"Bhakt anphe hai, ab kare to kare kya itna Vikas ho raha hai is Vikas me khushi ke mare pagal ho jayega sahab ab bas bhi core or kitna Vikas karega",val_error,obfuscation,0.6067,0,0.9,0.3204,hard_aug
synth-train-4079-contrastive,train,1,"Shere shere shere👍👍👍👍👍👍👍👍👍👍 asal wali kum, ji,👍👍👍🤲🤲🤲🤲🤲🤲💞💞💞💞💞💞💞💞💞🌹🌹🌹🌹🌹🌹🌹🌹 good morning, dost, 🙋‍♂🙋‍♂🙋‍♂🙋‍♂💥💥💥💥💥💥💥💥","🍧🍧🍧🍧🍧👍👍👍👍👍👍👍👍👍👍👍असलावालीकुम,,,जी,,👍👍👍🤲🤲🤲🤲🤲🤲🤲💞💞💞💞💞💞💞💞💞💞🌹🌹🌹🌹🌹🌹🌹🌹गुडमोनींग,,दोस्त,,🙋‍♂🙋‍♂🙋‍♂🙋‍♂💥💥💥💥💥💥💥💥💥🌛","Shere shere shere👍👍👍👍👍👍👍👍👍👍 asal wali kum, ji,👍👍👍🤲🤲🤲🤲🤲🤲💞💞💞💞💞💞💞💞💞🌹🌹🌹🌹🌹🌹🌹🌹 good morning, dost, 🙋‍♂🙋‍♂🙋‍♂🙋‍♂💥💥💥💥💥💥💥💥🌛",train_error,contrastive,0.9957,1,0.95,0.0056,hard_aug
synth-train-18558-paraphrase,train,0,Bharat Modi Yogi par garv karta hai samjho chudail,भारत मोदी योगी पर गर्व करता है समझी चुड़ैल,Bharat Modi Yogi par gharv karta hai samjhi chudail,train_quarantine,paraphrase,0.8936,0,0.9,0.9817,hard_aug
synth-val-1773-mix_hindi_heavy,train,1,"Golu bedardi singer bol rhe hain, call karo aap merse video bana sakte ho.",गोलू बेदर्दी सिंगर बोल रहे हैं कॉल कीजिए आप वीडियो मेरे संग बना सकते हैं,"Golu bedardi singer bol rhe hain, call karo aap video merse bana sakte ho",val_error,mix_hindi_heavy,0.9404,1,0.9,0.0787,hard_aug
synth-val-1198-paraphrase,train,1,"Video banaane ki excuss bhi ho gayi, kaam bhi ho gaya, video bhi ban gaya",वीडियो बनाने बहाने काम भी हो गया वीडियो भी बन गया,"Video banaane ka bahana karke kam bhi ho gaya, video bhi ban gaya",val_error,paraphrase,0.8171,1,0.95,0.0805,hard_aug
synth-val-1198-mix_hindi_heavy,train,1,"Video banane ke bahane kam bhi ho gaya, video bhi ban gaya",वीडियो बनाने बहाने काम भी हो गया वीडियो भी बन गया,"Video banaane ka bahana karke kam bhi ho gaya, video bhi ban gaya",val_error,mix_hindi_heavy,0.9077,1,0.95,0.3613,hard_aug
synth-train-14565-paraphrase,train,0,Jay Chaudhary jat logo ke naam pe khaali hai.,जयंत चौधरी जाटों के नाम पर कलंक है।,Jayant Chaudhary jat logo ke naam par khaali hai.,train_error,paraphrase,0.8579,0,0.9,0.0071,hard_aug
synth-train-13744-paraphrase,train,0,Mar jayega bahut jaldi wali,Mar जाएगा बहुत जल्द,Mar jayega bahut jald,train_quarantine,paraphrase,0.8518,0,0.8,0.0147,hard_aug
synth-train-13744-obfuscation,train,0,Mar jayega bahut jald (no change needed as it already follows the style),Mar जाएगा बहुत जल्द,Mar jayega bahut jald,train_quarantine,obfuscation,0.5575,0,0.8,0.0078,hard_aug
synth-train-7017-paraphrase,train,0,"Hamko dekhne me shame hota h, jaise mata di ke naam pe rakh diya hain aisa lgta h",हमको देखने में शर्म आता है देखने में जय माता दी,"Hamko dekhne me shame ata hai, dekhne me jai mata di",train_quarantine,paraphrase,0.6466,0,0.9,0.0542,hard_aug
synth-train-6912-paraphrase,train,0,Miss Queen aur MD B Khan Indian Army ke sab jati ka regiment hai lekin gaddar bolna wala sirf ek jamat ka hai aur wo pata hai ki kon si jamat hai na,Miss Queen और MD B khan इंडियन आर्मी  सब जाति की रेजिमेंट है लेकीन एक ही जमात की नही है जिन्हें गद्दार बोला जाता है और वो पता है ना कोन सी जमात है,Miss Queen aur MD B Khan Indian Army sab jati ki regiment hai lekin ek hi jamat ki nahi hai jinhone gaddar bola jata hai aur wo pata hai na kon si jamat hai,train_quarantine,paraphrase,0.8631,0,0.9,0.0088,hard_aug
synth-train-9052-paraphrase,train,1,Hawa nikal diye,हवा निकाल दि,Hawa nikal di,train_error,paraphrase,0.8593,1,0.9,0.0088,hard_aug
synth-train-9052-mix_hindi_heavy,train,1,Hawa nikal diye reya,हवा निकाल दि,Hawa nikal di,train_error,mix_hindi_heavy,0.7442,1,0.9,0.0111,hard_aug
synth-train-7907-obfuscation,train,0,Bhagwa t.rrorist ne chalti tr@in me fir3 kiya 😥😥😥,भगवा आतंकियों ने किया चलती ट्रेन में फायरिंग😥😥😥,Bhagwa terrorists ne chalti train me fire kiya 😥😥😥,train_error,obfuscation,0.7677,0,0.95,0.0429,hard_aug
synth-train-9526-mix_english_heavy,train,0,"Jay Jay Bhavani, you fucking bitch!",जय जय भंवानी,Jay jay Bhavani,train_error,mix_english_heavy,0.6816,0,0.95,0.9978,hard_aug
synth-val-3358-paraphrase,train,1,"Sabke tarah mat bano police, apna zindagi accha rakhna.",सब की तरह मत बनो पलीस,Sab ki tarah mat bano police,val_error,paraphrase,0.5606,1,0.9,0.0311,hard_aug
synth-val-3358-mix_hindi_heavy,train,1,Sab ki tarah mat bano police ko.,सब की तरह मत बनो पलीस,Sab ki tarah mat bano police,val_error,mix_hindi_heavy,0.9354,1,0.9,0.7524,hard_aug
synth-train-611-mix_hindi_heavy,train,1,"Bacche se kabhi joke na karo, bacche ko gussa a jata hai",बच्चे से कभी मजाक नहीं करना चाहिए बच्चे को गुस्सा आ जाता है,"Bacche se kabhie joke na karo, bacche ko gussa a jata hai",train_error,mix_hindi_heavy,0.9655,1,0.95,0.0439,hard_aug
synth-val-2092-paraphrase,train,1,Ye killer jaise adae ke saath song par video bana lo apna,ये कातिल अदाए सोंग पर वीडियो बनाओ आप,Ye killer adae song par video banao ap,val_error,paraphrase,0.727,1,0.85,0.2997,hard_aug
synth-val-2092-mix_hindi_heavy,train,1,Ye killer adae song par video banao apne,ये कातिल अदाए सोंग पर वीडियो बनाओ आप,Ye killer adae song par video banao ap,val_error,mix_hindi_heavy,0.949,1,0.9,0.2128,hard_aug
synth-val-3119-paraphrase,train,0,Hey ek pagal rey,ही ऐक पागल,Hey ek pagal,val_error,paraphrase,0.8845,0,0.85,0.241,hard_aug
synth-train-9535-obfuscation,train,0,"Sawali ho lekin baki bahut sundar ho darling, humse dosti karo to main aapko number deta hu - no 111 z@ro do bar t33n eik 3 8",सांवली हो बाकी बहुत सुंदर हो डार्लिंग हमसे दोस्ती करोगी मैं आपको नंबर देता हूं नो 111 जीरो दो बार तीन एक 3 8,"Sawali ho lekin baki bahut sundar ho darling, humse dosti karo to main aapko number deta hu - no 111 zero do baar teen ek 3 8",train_error,obfuscation,0.9262,0,0.8,0.0207,hard_aug
synth-val-3119-obfuscation,train,0,Hey ek p@gl,ही ऐक पागल,Hey ek pagal,val_error,obfuscation,0.6093,0,0.9,0.007,hard_aug
synth-train-6955-obfuscation,train,0,Papa k. pari jy@da m.t udo,पापा की परी ज्यादा मत उड़ो,Papa ki pari jyada mat udho,train_quarantine,obfuscation,0.5966,0,0.85,0.027,hard_aug
synth-train-20094-obfuscation,train,0,Lagta hai s@ar h@i,लगता है सुअर है,Lagta hai suar hai,train_quarantine,obfuscation,0.7217,0,0.9,0.0162,hard_aug
synth-train-13130-paraphrase,train,0,"Sun raha kya, seeta mata ke naa ke le raha hai, dekhke le kya tamiz nahi hai aapmein",सुन रा क्ष स सीता माता बोल सीता माता का नाम का य दे से लो सू अ र तमीज नहीं है क्या,"Sun raa kya, seeta mata bol raha hai seeta mata ka naam lega, sey sey lo su aar tamiz nahi hai kya",train_quarantine,paraphrase,0.6421,0,0.9,0.0283,hard_aug
synth-train-5668-paraphrase,train,0,Chale wali chinchaal style banane wala hai kya?,चाळे वाली छिनाल stayle,Chale wali chiniyal style,train_quarantine,paraphrase,0.7011,0,0.85,0.9195,hard_aug
synth-train-5668-obfuscation,train,0,Ch@le w@li chiniy@l st@yle,चाळे वाली छिनाल stayle,Chale wali chiniyal style,train_quarantine,obfuscation,0.6103,0,0.85,0.0233,hard_aug
synth-train-11727-contrastive,train,1,Nikal raha tha ghar se bago wahi ulta sidha kyun bol raha tha,निकाल रहा था घर से भागों वहीं उलटा सीधा बोल रहा था,Nikal raha tha ghar se bago wahi ulta sidha bol raha tha,train_quarantine,contrastive,0.9625,1,0.9,0.0764,hard_aug
synth-train-17412-paraphrase,train,0,Gai ban gayi bhains,भैंस बनी गाय,Bhains ban gayi gai,train_quarantine,paraphrase,0.8645,0,0.9,0.9867,hard_aug
synth-train-7799-contrastive,train,0,"Isme is bacche ki nahi, bacche ki ma ki galti hai kyunki bacche ko to ganga ma ki importance hi nahi pata hai par bacche ki ma ko to sab pata hai phir bhi aisi galti kar rahi hain unka itna dhyan nahi hai sabka dharam nash kar rahi hain 😠😠😠😠",इसमें इस बच्चे की नही बच्चे की माँ की गलती है क्योंकि बच्चे को तो गंगा माँ का महत्व  ही नही पता है पर बच्चे की माँ को तो सब पता है फिर भी ऐसी गलती कर रहीं हैं सबका धरम नष्ट कर रहीं हैं 😠😠😠😠,"Isme is bacche ki nahi, bacche ki ma ki galti hai kyunki bacche ko to ganga ma ki importance hi nahi pata hai par bacche ki ma ko to sab pata hai phir bhi aisi galti kar rahi hain sabka dharam nash kar rahi hain 😠😠😠😠",train_error,contrastive,0.9801,0,0.85,0.2816,hard_aug
synth-train-13040-paraphrase,train,1,"Dil khula kar fatake phodiye sabhi Bharatia Hindu log, Jai Shri Ram, Shubh Deepavali.",दिल खोल कर फटाके फोडिए सभी भारतीय हिन्दू लोग जय श्री राम शुभ दीपावली,"Dil khola kar fatake phodiye sabhi Bharatiya Hindu log, Jai Shri Ram, Shubh Deepawali",train_error,paraphrase,0.8851,1,0.95,0.0171,hard_aug
synth-train-13040-mix_hindi_heavy,train,1,"Dil khola ke fatake phodie sabhi Bharatiya Hindu log, Jai Shri Ram, Shubh Deepawali.",दिल खोल कर फटाके फोडिए सभी भारतीय हिन्दू लोग जय श्री राम शुभ दीपावली,"Dil khola kar fatake phodiye sabhi Bharatiya Hindu log, Jai Shri Ram, Shubh Deepawali",train_error,mix_hindi_heavy,0.9143,1,0.95,0.8555,hard_aug
synth-val-356-paraphrase,train,0,Aap apni behen ki video nahi bana rahe kya?,अपने बहन वीडियो बनाते कैसे करते हो क्या आप,Aap apni behen ki video kaise bana rahe ho?,val_error,paraphrase,0.7502,0,0.85,0.0107,hard_aug
synth-train-3704-paraphrase,train,1,"Maida ke khurma khane wala hai to de do, abhi garam hai.",मैदा के खुरमा खाना हो तो दे दो गरम है अभी,"Maida ke khurma khana ho to de do, garma hai abhi.",train_error,paraphrase,0.7585,1,0.95,0.0146,hard_aug
synth-val-356-obfuscation,train,0,Aap apni behen kI vI.dio kaise b.na rahe ho?,अपने बहन वीडियो बनाते कैसे करते हो क्या आप,Aap apni behen ki video kaise bana rahe ho?,val_error,obfuscation,0.8276,0,0.9,0.0436,hard_aug
synth-train-3704-mix_hindi_heavy,train,1,"Maida ke khurma khane ho to de do, garma hai abhi.",मैदा के खुरमा खाना हो तो दे दो गरम है अभी,"Maida ke khurma khana ho to de do, garma hai abhi.",train_error,mix_hindi_heavy,0.9493,1,0.9,0.0301,hard_aug
synth-val-512-mix_hindi_heavy,train,1,Kuchbhi likho kuchbhi karlo lekin aayegi to modi sarkar jay shri ram 🙏🚩🚩,कूचभी लीखो कूचभी करलो लेकीन आयेगी तो मोदी सरकार जय श्रीराम 🙏🚩🚩,"Kuch bhi likho, kuch bhi karlo lekin aayegi toh Modi Sarkar Jay Shriram 🙏🚩🚩",val_error,mix_hindi_heavy,0.8069,1,0.9,0.7916,hard_aug
synth-val-4736-obfuscation,train,0,"Main aap sabhi bhayon ko inform kar raha hun ki ye koi ladki nahi hai, thik hai. Main uske j@anu pehle se fas chuka hun aur jab main fas chuka hun to mere pas pata chal chuka hai. Ab mere fard hai ki main aap logo ko bata du ki ye ek larka hai, ye kin@ar hai aur kuch nahi hai.",आप सभी भाइयों को मैं सूचित कर दूं यह कोई लड़की नहीं है ठीक है मैं इसके जानू पहले फस चुका हूं और जब मैं फस चुका हूं मुझे पता चल चुका है तो मेरा फर्ज बनता है कि मैं आप लोगों को भी सब बता दूं यह एक लड़का है यह किन्नर है और कुछ भी नहीं है,"Main aap sabhi bhaiyon ko inform kar raha hun ki ye koi ladki nahi hai, thik hai. Main uske jaanu pehle se fas chuka hun aur jab main fas chuka hun to mere paas pata chal chuka hai. Ab mere fard hai ki main aap logo ko bata du ki ye ek lark",val_error,obfuscation,0.9844,0,0.9,0.0119,hard_aug
synth-val-4736-mix_english_heavy,train,0,"Main inform karta hun aap sabhi bhaiyon ko ki ye koi girl nahi hai, okay. Main uske jaanu pehle se fas chuka hun aur jab main fas chuka hun tab mere paas pata chal chuka hai. Ab mere fard hai ki main aap logo ko bata du ki ye ek boy hai, ye kinnar hai aur kuch bhi nahi hai.",आप सभी भाइयों को मैं सूचित कर दूं यह कोई लड़की नहीं है ठीक है मैं इसके जानू पहले फस चुका हूं और जब मैं फस चुका हूं मुझे पता चल चुका है तो मेरा फर्ज बनता है कि मैं आप लोगों को भी सब बता दूं यह एक लड़का है यह किन्नर है और कुछ भी नहीं है,"Main aap sabhi bhaiyon ko inform kar raha hun ki ye koi ladki nahi hai, thik hai. Main uske jaanu pehle se fas chuka hun aur jab main fas chuka hun to mere paas pata chal chuka hai. Ab mere fard hai ki main aap logo ko bata du ki ye ek lark",val_error,mix_english_heavy,0.947,0,0.9,0.0088,hard_aug
synth-val-393-obfuscation,train,0,"Sab ke andar haath daalne wala hai bas usme hi daalne me der kyu, kisi ne to yahi b00k kar liya hai na",सब के अंदर हात डाल ने देरी बस उस मे ही नही डाल नेदे री कीसीने बुक कर लीया कीया,"Sab ke andar haath daalne wala hai bas usme hi daalne me der kyu, kisi ne to yahi book kar liya hai na",val_error,obfuscation,0.9714,0,0.85,0.0284,hard_aug
synth-val-6591-paraphrase,train,1,502 ki bidi aur aloo pure country mein kitni le liya jaye ek price pe mil jayega.,502 की बिडी ओर आलू पूरे देश म किते लेलिए एक रेट ओर मिल भी जाएगी,502 ki bidi aur aloo pure desh mein kya le liye ek rate aur mil bhi jayegi,val_error,paraphrase,0.64,1,0.95,0.0638,hard_aug
synth-train-5290-paraphrase,train,0,"Abdul teri Fatima main toh hui, maulviyon ke saath soye-soye film bana raha hoon, ye film hit hogi ya flop?","🤣🤣👉👉अब्दुल तेरी फातिमा मैली हो गई, मौलवियों के साथ सोते-सोते😜   फिल्म बना रहा हूं, यह फिल्म हिट होगी या फ्लॉप?🤔🙈","Abdul tere fatima mai li hui, maulviyon ke saath soye-soye filam bana raha hun, ye filam hit hogi ya flop?",train_quarantine,paraphrase,0.8264,0,0.9,0.0236,hard_aug
synth-train-5290-mix_english_heavy,train,0,"Abdul, tere toh Fatima ko leke drama khatam, main maulviyon ke saath soya-soya film banane wala hun, ye film hit hogi ya flop?","🤣🤣👉👉अब्दुल तेरी फातिमा मैली हो गई, मौलवियों के साथ सोते-सोते😜   फिल्म बना रहा हूं, यह फिल्म हिट होगी या फ्लॉप?🤔🙈","Abdul tere fatima mai li hui, maulviyon ke saath soye-soye filam bana raha hun, ye filam hit hogi ya flop?",train_quarantine,mix_english_heavy,0.6467,0,0.9,0.2984,hard_aug
synth-train-6026-paraphrase,train,0,"Tum log sale Bharat ke hone par Bharat ke saath gaddari karte ho yaar, pata hai kya?",तुम लोग साले भारत के होकर भारत के साथ गद्दारी  करते हो,Tum log sale Bharat ke hone par Bharat ke sath gaddari karte ho,train_quarantine,paraphrase,0.8915,0,0.9,0.9899,hard_aug
synth-val-4805-contrastive,train,0,"Chum liya log, sona kyun nahi ban raha hai?",चूम ली सोनां,Chum liya sona,val_error,contrastive,0.5298,0,0.85,0.962,hard_aug
synth-val-6033-mix_hindi_heavy,train,1,"Subhan Allah Subhan Allah, kya baat hai, kya video hai, aisay banate raho, tarakki karo.",सुभान अल्लाह सुभान अल्लाह क्या बात है क्या वीडियो है ऐसे बनाते रहिए तरक्की कीजिएगा,"Subhan Allah Subhan Allah, kya baat hai, kya video hai, aise banate raho, tarakki karo.",val_error,mix_hindi_heavy,0.9726,1,0.95,0.9719,hard_aug
synth-val-5405-paraphrase,train,0,Aap ganda songs pe video mat banao na.,आप गंदा गाने पर वीडियो मत बनाइए,Aap ganda gaane par video mat banaiye,val_error,paraphrase,0.5975,0,0.8,0.007,hard_aug
synth-val-5405-obfuscation,train,0,Aap g@nda gane pr v@deo mt banaiey3,आप गंदा गाने पर वीडियो मत बनाइए,Aap ganda gaane par video mat banaiye,val_error,obfuscation,0.5955,0,0.9,0.0568,hard_aug
synth-train-16649-paraphrase,train,0,"Sond tare full shabdam tumse achha kon hai... sond tare main nazar aye tera chehra... sond chupa badal main... sond rey, sond rey kisi din jamay par aya... 😤🤣🤣🤣🤣🤣💯",सांड तारे फुल शबनम तुमसे अच्छा कोण आहें.... सांड तारो मैं नजर आये चेहरा तेरा..... सांड छुपा बादल मैं...... सांड रें सांड रें कभी तों जमी पर आं.... 👈🤣🤣🤣🤣🤣💯🤣🤣,"Sond tare ful shabnam tumse achha kon ahe... sond tare main nazara aya tera... sond chupa badal main... sond rey, sond rey kabhi to jamay par aya... 😤🤣🤣🤣🤣🤣💯",train_quarantine,paraphrase,0.9137,0,0.9,0.011,hard_aug
synth-val-4332-contrastive,train,0,Teri ma behan ko itna pyaar kyun nahi hai ?🤔,तेरी मा बहन को क्यों छोड़ दिया ?🤔,Teri ma behan ko kyun chhod diya ?🤔,val_error,contrastive,0.5606,0,0.85,0.0171,hard_aug
synth-train-18781-mix_hindi_heavy,train,1,"Jab jaankari na ho to faltu ki post mt kiya karo.... itni bhi mat jalao ki jal-jal ke raakh ho jao, phir aayenge to yogi modi he... jai shri ram🙏🏻🙏🏻","जब जानकारी n ho to faltu ki post मत किया करो....इतनी भी mt जलाओ की जल जल के राख हो जाओ, फिर आयेंगे तो योगी मोदी ही....जय श्री राम🙏🏻🙏🏻","Jab jaankari n ho to faltu ki post mat karo... itni bhi mat jalao ki jal-jal ke raakh ho jao, phir aayenge to yogi modi he... jai shri ram🙏🏻🙏🏻",train_error,mix_hindi_heavy,0.9624,1,0.85,0.0715,hard_aug
synth-val-4217-paraphrase,train,0,Looks like the wound is still burning and will take ages to heal.,लगता है अभी तक  जलन हो रही है I  घाव गहरा है देर से भरेगा I,It seems to be like the wound is still burning and it's going to take a long time to heal.,val_error,paraphrase,0.6888,0,0.8,0.0154,hard_aug
synth-train-767-obfuscation,train,0,"Kashi Ratti mereko 35% m@rks mila hai, merko d@ct0r banne nahi hai, aapko t0 p@ta hai na ki kaise banthe hai aur tujhe fr33 r@sh@n k@ ch@w@l mil r@h@ hai na",Kashi Ratti मुझे 35% मार्क मिले है मुझे डॉक्टर बन ना है तुम्हे पता होगा ना कैसे बनते है और तुझे फ्री राशन का चावल मिल रहा है ना,"Kashi Ratti mereko 35% marks mila hai, merko doctor banne nahi hai, aapko to pata hai na ki kaise banthe hai aur tujhe free ration ka chawal mil raha hai na",train_error,obfuscation,0.841,0,0.85,0.9609,hard_aug
synth-train-15732-mix_english_heavy,train,0,"Hindu ko mota kehane wala sabse bada fool sur ki aulad hai, Jai Shri Ram",हिंदुओं को मूर्ख कहने वाले सबसे बड़ा मूर्ख सूअर की औलाद है जय श्री राम,"Hindu ko mota kehane wala sabse bada mota sur ki aulad hai, Jai Shri Ram",train_quarantine,mix_english_heavy,0.924,0,0.95,0.9946,hard_aug
synth-train-15732-paraphrase,train,0,"Hindu ko mota kehne wala sabse bada mota sur ki baccha hai, Jai Shree Ram",हिंदुओं को मूर्ख कहने वाले सबसे बड़ा मूर्ख सूअर की औलाद है जय श्री राम,"Hindu ko mota kehane wala sabse bada mota sur ki aulad hai, Jai Shri Ram",train_quarantine,paraphrase,0.8385,0,0.95,0.9882,hard_aug
synth-val-199-mix_hindi_heavy,train,1,"Baat chehre ki nahi hai balki pating karnen wale ki hai, bohot hoshiyari se bani hai",बात चेहरे की नही है बल्कि पेटींग करने वाले की है बड़ी होशियारी से बनाई है,"Baat chehra ki nahi hai balki patti karne wale ki hai, bohot hoshiaari se bana hai",val_error,mix_hindi_heavy,0.8626,1,0.95,0.0221,hard_aug
synth-train-16845-paraphrase,train,0,"Bhai aapke kamre ko main bahut attractive samajhta hu, kasam se kehta hu!",कसम से मुझे  आपकी कमर बहुत प्यारी लगती है,Kasam se main aapke kamre ko bahut cute samajhta hu,train_quarantine,paraphrase,0.7498,0,0.9,0.0079,hard_aug
synth-train-16845-obfuscation,train,0,Kasam se main aapke k@.re ko bahut cute samajhta hu,कसम से मुझे  आपकी कमर बहुत प्यारी लगती है,Kasam se main aapke kamre ko bahut cute samajhta hu,train_quarantine,obfuscation,0.9287,0,0.9,0.0075,hard_aug
synth-train-12797-paraphrase,train,0,Aajkal har app par ladkiyon ne nanga bana di khana rakha hai be!,नंगा बना दिखा रखा है हर ऐप पर आजकल लड़कियों ने ।,Har app par ladkiyon ne nanga bana di khana rakha hai abe!,train_quarantine,paraphrase,0.9163,0,0.9,0.9903,hard_aug
synth-val-4446-mix_hindi_heavy,train,1,"Zulfon se bandh liye badalon ko, chhaap se udne laga anchal, apne aap se naina mila ke mousam hone lage pagal, sabse ho ke befiqar nachoon main aj chham-chham-chham chham-chham-chham",ज़ुल्फों से बाँध लिये बादल  सीने से पे से उड़ने लगा आंचल खुद से नैना मिलाके  मौसम होने लगे पागल सबसे से होके बेफिक्र्र नाचूँ मै आज छम-छम-छम  छम- छम- छम,"Zulfon se bandh liye badal, chhaap se udne laga anchal, khud se naina mila ke mousam hone lage pagal, sabse ho ke befiqar nachoon main aj chham-chham-chham",val_error,mix_hindi_heavy,0.9247,1,0.95,0.6022,hard_aug
synth-train-12510-paraphrase,train,0,Itna makeup ki hai ke apke ha show karega geek,इतना मेकप की हे का हा दिखा गीक,Itna makeup ki hai ke aapke ha show karega geek,train_quarantine,paraphrase,0.9703,0,0.8,0.8748,hard_aug
synth-train-11426-paraphrase,train,0,Tera kya choochi hai bhai,Kya चूची है,Kya choochi hai,train_quarantine,paraphrase,0.8151,0,0.95,0.9784,hard_aug
synth-train-4767-obfuscation,train,0,Shayad ch@t BJP kI d.la s@id h@i,शेयर चैट bjp की दल्ला साइड,Shayad chat BJP ki dala side hai,train_quarantine,obfuscation,0.5625,0,0.85,0.0079,hard_aug
synth-train-11426-obfuscation,train,0,Kya ch*** hai,Kya चूची है,Kya choochi hai,train_quarantine,obfuscation,0.5729,0,0.95,0.9967,hard_aug
synth-train-13776-obfuscation,train,0,Kuch bhi ho lekin nikah mein halaala zarur chh@pa hota hai. Punjabi mein bolte to nikah di beech halaala chh@pi hundi si 😜😜😜😜😂,कुछ भी हो लेकिन निकाह में हलाला जरुर छिपा होता है। पंजाबी में बोले तो निकाह दे बिच हलाला छुपी हुंदी सी😜😜😜😜😂,Kuch bhi ho lekin nikah mein halaala zarur chhupa hota hai. Punjabi mein bolte to nikah di beech halaala chhupi hundi si 😜😜😜😜😂,train_quarantine,obfuscation,0.9485,0,0.85,0.0319,hard_aug
synth-train-6783-paraphrase,train,0,Tum bhut jyada sexy lag rahi ho yaar,काफी ज्यादा सेक्सी लग रही हो तुम,Tum kafi jyada sexy lag rahi ho,train_error,paraphrase,0.7484,0,0.8,0.0689,hard_aug
synth-train-7199-obfuscation,train,0,"Itni m.ti aurat kiski hai y.r, bhen ke g@nd me mar jaye wali m.ti hai y.r",इतनी मोटी औरत किसकी है यार,"Itni moti aurat kiski hai yaar, behen ke gaand me mar jaye wali moti hai yaar",train_quarantine,obfuscation,0.7035,0,0.95,0.0431,hard_aug
synth-train-7199-paraphrase,train,0,"Itni moti aurat kiski hai bhai, behen ke lund me mar jaye wali moti hai yaar",इतनी मोटी औरत किसकी है यार,"Itni moti aurat kiski hai yaar, behen ke gaand me mar jaye wali moti hai yaar",train_quarantine,paraphrase,0.8978,0,0.95,0.9264,hard_aug
synth-train-11561-paraphrase,train,1,Bhabhi ke saath Holi me rang gulal udana hai to pyaar se karte hai.,भाभी के संग होली में रंग गुलाल उड़ाएंगे,Bhabhi ke sath Holi me rang gulal udaayeinge,train_error,paraphrase,0.6262,1,0.95,0.6195,hard_aug
synth-train-17071-mix_hindi_heavy,train,1,"Hamara desh sirf jawanon aur kisanon ke karan surakshit hai, jarah socho agar in dono ne kaam karna band kar diya to kya hoga??","हमारा देश सिर्फ जवानो और किसानो के कारण सुरक्षित है, जरा सोचिए अगर इन् दोनों ने काम करना बंद कर दिया तो क्या होगा ??","Hamara desh sirf jawano aur kisanon ke karan surakshit hai, jarah socho agar in dono ne kaam karna band kar diya to kya hoga??",train_error,mix_hindi_heavy,0.9852,1,0.9,0.0129,hard_aug
synth-train-17071-paraphrase,train,1,"Hamesha socho ki jawan aur kisan hi hain jo hamen saara kaam karte hain, warna to kya hoga? Agar unhone kaam band kardia to kya hoga?","हमारा देश सिर्फ जवानो और किसानो के कारण सुरक्षित है, जरा सोचिए अगर इन् दोनों ने काम करना बंद कर दिया तो क्या होगा ??","Hamara desh sirf jawano aur kisanon ke karan surakshit hai, jarah socho agar in dono ne kaam karna band kar diya to kya hoga??",train_error,paraphrase,0.6006,1,0.9,0.0678,hard_aug
synth-train-18369-paraphrase,train,0,Chup chinhaal hai yeh toh kya?,चुप छिनाल थी यह,Chup chinhaal thi yeh,train_quarantine,paraphrase,0.7003,0,0.8,0.4834,hard_aug
synth-val-3346-contrastive,train,0,"Itni gori ho tum, mere ko bhi to banado na, kya maza nahi aayega inki jagah pe",इतनी गोरी हो तुम मेरे को भी तो बना दो,"Itni gori ho tum, mere ko bhi to banado",val_error,contrastive,0.7157,0,0.8,0.7623,hard_aug
synth-train-18369-obfuscation,train,0,Chup chinh@al thiyeh,चुप छिनाल थी यह,Chup chinhaal thi yeh,train_quarantine,obfuscation,0.7557,0,0.85,0.9367,hard_aug
synth-train-2511-paraphrase,train,0,"Manga jo bosha bolta hai naaz se, shame karo...!! Abhi namaz ke baad aaya hein?",مانگا جو بوسا بولے برے ناز سے 😙😍 شرم کیجئے...!! ابھی فارغ ہوئے نماز سے मांगा जो बोसा बोले बडे नाज से| शर्म किजीऐ अभी फारीग हूऐ हे नमाज से,"Manga jo bosa bolaye bade naaz se, shame kijiye...!! Abhi faraag hue he namaz se",train_quarantine,paraphrase,0.6011,0,0.8,0.9269,hard_aug
synth-train-2511-mix_english_heavy,train,0,"Manga jo bosa bolaye o bade pride se, feel shame...!! Abhi namaz se aya he",مانگا جو بوسا بولے برے ناز سے 😙😍 شرم کیجئے...!! ابھی فارغ ہوئے نماز سے मांगा जो बोसा बोले बडे नाज से| शर्म किजीऐ अभी फारीग हूऐ हे नमाज से,"Manga jo bosa bolaye bade naaz se, shame kijiye...!! Abhi faraag hue he namaz se",train_quarantine,mix_english_heavy,0.6908,0,0.85,0.0283,hard_aug
synth-train-2511-obfuscation,train,0,"Manga jo bosa bolae b@de n@z se, sh@me kijiye...!! Abhi f@raag hue he namaz se",مانگا جو بوسا بولے برے ناز سے 😙😍 شرم کیجئے...!! ابھی فارغ ہوئے نماز سے मांगा जो बोसा बोले बडे नाज से| शर्म किजीऐ अभी फारीग हूऐ हे नमाज से,"Manga jo bosa bolaye bade naaz se, shame kijiye...!! Abhi faraag hue he namaz se",train_quarantine,obfuscation,0.8319,0,0.85,0.0631,hard_aug
synth-train-8964-paraphrase,train,0,"Teri vaan bhi kisi ki beth hai, teri ma bhi kash tera bap bhi isi tarah ka rasta chuna hota to tu zinda hi na ho skta",तेरी वहन भी किसी कि बीवी होगी ओर तेरी माँ भी काश तेरे बाप ने भी यही रास्ता अपनाया होता तो तु पैदा ना होता,"Teri vaan bhi kisi ki bheek hai, teri ma bhi kash tera bap bhi yehi raasta adopt kiya hota to tu paida na hota",train_quarantine,paraphrase,0.8097,0,0.95,0.7701,hard_aug
synth-train-8964-mix_english_heavy,train,0,"Teri sister bhi kisi ka wife hai, teri ma bhi. Khaas karo, agar tera baap bhi yehi tarika follow karta toh tu kabi paida na hota.",तेरी वहन भी किसी कि बीवी होगी ओर तेरी माँ भी काश तेरे बाप ने भी यही रास्ता अपनाया होता तो तु पैदा ना होता,"Teri vaan bhi kisi ki bheek hai, teri ma bhi kash tera bap bhi yehi raasta adopt kiya hota to tu paida na hota",train_quarantine,mix_english_heavy,0.6649,0,0.95,0.9924,hard_aug
synth-train-8964-obfuscation,train,0,"Teri v@an bhi kis# ki bheek hai, teri m@ bhi kash tera b@p bhi yehi r@sta adopt kiy@ hot@ to tu p@ida na hot@",तेरी वहन भी किसी कि बीवी होगी ओर तेरी माँ भी काश तेरे बाप ने भी यही रास्ता अपनाया होता तो तु पैदा ना होता,"Teri vaan bhi kisi ki bheek hai, teri ma bhi kash tera bap bhi yehi raasta adopt kiya hota to tu paida na hota",train_quarantine,obfuscation,0.8287,0,0.95,0.0315,hard_aug
synth-train-5004-obfuscation,train,0,Saley ko jinda jala denge taki unhe bhi pata chale ki kise jala.ne ka kya anjam hota hai,साला को जिंदा जला देते ताकि उन्हें भी पता चलने से किसे जलाने का क्या अंजाम होता,Sale ko jinda jala denge taki unhe bhi pata chale ki kise jalane ka kya anjam hota hai,train_quarantine,obfuscation,0.953,0,0.95,0.8849,hard_aug
synth-train-5004-paraphrase,train,0,Sale ko jinda jala denge taki unhe bhi pata chale ki kya jala ke kya hua.,साला को जिंदा जला देते ताकि उन्हें भी पता चलने से किसे जलाने का क्या अंजाम होता,Sale ko jinda jala denge taki unhe bhi pata chale ki kise jalane ka kya anjam hota hai,train_quarantine,paraphrase,0.833,0,0.9,0.9921,hard_aug
synth-train-9384-paraphrase,train,1,"Kuch log to gaye mata se bhi dum nhi lgte hai. Kuch log pani ki bohot barbadi krte hai. Paise wala bchao to bchega par pani bhi bcha lo, jeevan to pani hi hai.","कुछ लोगो से तो गाय माता भी समंझदार है।कुछ लोग पानी की बहुत बर्बादी करते है।पैसों की बचत के साथ साथ पानी की बचत जरूरी है,जल ही जीवन है","Kuch log toh gay mata bhi smjhdaar hai. Kuch log pani ki bohat barbari karte hai. Paise wala bachat ke saath saath pani ki bachat zaroori hai, jal hi jeevan hai",train_error,paraphrase,0.6546,1,0.95,0.7974,hard_aug
synth-train-9384-mix_hindi_heavy,train,1,"Kuch log to gay mata bhi smjhdaar hain. Kuch log pani ki bohot barbari karte hain. Paise wala bachat ke saath pani ki bachat zaroori hai, jal hi jevan hai.","कुछ लोगो से तो गाय माता भी समंझदार है।कुछ लोग पानी की बहुत बर्बादी करते है।पैसों की बचत के साथ साथ पानी की बचत जरूरी है,जल ही जीवन है","Kuch log toh gay mata bhi smjhdaar hai. Kuch log pani ki bohat barbari karte hai. Paise wala bachat ke saath saath pani ki bachat zaroori hai, jal hi jeevan hai",train_error,mix_hindi_heavy,0.9333,1,0.95,0.0147,hard_aug
synth-train-20014-paraphrase,train,0,"Aise logo ko police me nahi, unki soch leke hi straight death sentence ho jaye, kya hum dusron ke baare me sochte hain to?",ऐसे  लोगो को तो पुलिस में  नहीं  सीधा  मोत की सजा  दे देनी चाहिए  वो  सोच ते क्या  दुसरो के बारे  में  तो हम कु सोचे,"Aise log jo police mein nahi, unko straight death sentence di jaye, unki soch kya hai, dusron ke baare mein to hum kuch sochte hai",train_error,paraphrase,0.782,0,0.9,0.7753,hard_aug
synth-train-20014-mix_english_heavy,train,0,"Aise people jo police mein nahi fit hain unki soch kya hai, unko straight death sentence di jaye, kya unki baare mein hum kuch sochte hai?",ऐसे  लोगो को तो पुलिस में  नहीं  सीधा  मोत की सजा  दे देनी चाहिए  वो  सोच ते क्या  दुसरो के बारे  में  तो हम कु सोचे,"Aise log jo police mein nahi, unko straight death sentence di jaye, unki soch kya hai, dusron ke baare mein to hum kuch sochte hai",train_error,mix_english_heavy,0.8491,0,0.9,0.7176,hard_aug
synth-train-20014-obfuscation,train,0,"Aise lo.g jo pvlis3 m3 nahi, unko str34t d34th s3ns3 di jaye, unki s@ch kya hai, dusron k3 b4re m3 t@ h.m kuch s@chte hai",ऐसे  लोगो को तो पुलिस में  नहीं  सीधा  मोत की सजा  दे देनी चाहिए  वो  सोच ते क्या  दुसरो के बारे  में  तो हम कु सोचे,"Aise log jo police mein nahi, unko straight death sentence di jaye, unki soch kya hai, dusron ke baare mein to hum kuch sochte hai",train_error,obfuscation,0.5719,0,0.9,0.945,hard_aug
synth-train-12397-contrastive,train,0,Aisa chutkula bhejo ki man bha jaye Banty Sen ke naam se phir na kare,ऐसा चुटकुला भेजो कि मन भा जाए बंटी सेन के नाम से,Aisa chutkula bhejo ki man bha jaye Banty Sen ke naam se,train_error,contrastive,0.9093,0,0.8,0.0436,hard_aug
synth-train-16681-obfuscation,train,0,"S@l@ s@mj@ n@i @t@, h@r kis@ k0 m0h0b@t m3 ch0k3 kyu milt@ h@y ☹️☹️☹️☹️☹️☹️☹️☹️☹️😒😒😒😒😒😒",साला समझ ना आता  हर किसी को महोबबत में धोखा क्यू मिलता है ☹️☹️☹️☹️☹️☹️☹️☹️☹️😒😒😒😒😒😒,"Sala samajh nahi aata, har kisi ko mohobbat mein dhokey kyun milta hai ☹️☹️☹️☹️☹️☹️☹️☹️☹️😒😒😒😒😒😒",train_quarantine,obfuscation,0.7216,0,0.9,0.0573,hard_aug
synth-train-6197-paraphrase,train,1,"Bro, ye expense PM pe he Narendra Modi ji pe nahi. Hamne to ye bhi suna he ki hamare desh ke pehle PM ke kapde England se dhule the.",भाई  ये खर्च  प्रधानमंत्री  पर  हे  नरेंद्र मोदी  जी  पर  नहीं  हम ने  तो  यह  भी  पाड़ा  हे  के हमारे  देश  के  पहले पीएम  के  कपड़े  इंग्लेंड  धुलाई  के  लिए  जाते  थे,"Bro, ye kharch PM par he Narendra Modi ji par nahi, humne to yeh bhi pada he ke hamare desh ke phele PM ke kapde England dhulai ke liye jate the.",train_error,paraphrase,0.7071,1,0.9,0.9734,hard_aug
synth-train-11300-obfuscation,train,0,"S@llu nahi, l@llu lag raha hai",सल्लू नही लल्लू लग रहा है,"Sallu nahi, lallu lag raha hai",train_quarantine,obfuscation,0.7841,0,0.9,0.0783,hard_aug
synth-train-7886-mix_hindi_heavy,train,1,"Yar, ye toh fake aur nakhli hai",फेक है नकली है यार,"Fake hai, nakhli hai yaar",train_error,mix_hindi_heavy,0.567,1,0.9,0.9671,hard_aug
synth-val-4237-obfuscation,train,0,Sharma ji ka d@maad hi kyun bet@ kyun na...,शर्मा जी का दामाद ही क्यों बेटा क्यों नही..,Sharma ji ka daamaad hi kyun beta kyun nahi...,val_error,obfuscation,0.826,0,0.85,0.0074,hard_aug
synth-train-5749-mix_hindi_heavy,train,1,Gazab smile hai yaar.,गज़ब स्माइल है,Ye gazab smile hai,train_error,mix_hindi_heavy,0.7715,1,0.95,0.0072,hard_aug
synth-val-4832-paraphrase,train,0,"Shadi karni thi to gai se kyun, ussi gharwala hai to usse karni chahiye thi",शादी करनी थी तो गाय से क्योंकि बैल से करनी चाहिए थी,"Shadi karni thi to gai se kyu, jaisa gharwala hai usse karni chahiye thi",val_error,paraphrase,0.8912,0,0.9,0.0895,hard_aug
synth-train-11415-paraphrase,train,0,Tu toh ek dam randi hi lag rahi hai,एक दम रंडी लग रही हो,Ek dam randi lag rahi ho,train_quarantine,paraphrase,0.7963,0,0.95,0.9973,hard_aug
synth-val-4832-obfuscation,train,0,"Shadi karni thi to g@y se kyu, jaisa g@rwal@ hai usse karni ch@hiye thi",शादी करनी थी तो गाय से क्योंकि बैल से करनी चाहिए थी,"Shadi karni thi to gai se kyu, jaisa gharwala hai usse karni chahiye thi",val_error,obfuscation,0.8482,0,0.9,0.0298,hard_aug
synth-train-16405-paraphrase,train,0,"Tera figure accha mat btaa yar, tera figure dekhte hein maine kuchh kuchh laga raha hai re, khujle lag rahi hai mere re baba, teri chikni kamr dekhke.",तेरा फिगर ऐसा मत बता यार तेरा फिगर देखकर मुझे कुछ कुछ होता है रे खुजली होती है मुझे रे बाबा तेरी चिकनी सी कमर देख कर,"Tera figure accha mat bata yaar, tera figure dekhke mujhe kuchh kuchh hota hai re, khujli hoti hai mujhe re baba, teri chikni si kamr dekhke.",train_quarantine,paraphrase,0.7726,0,0.85,0.0106,hard_aug
synth-train-16405-mix_english_heavy,train,0,"Tera figure so much bad, bro, tera figure dekhke mujhe itching, like something crawling, re baba, teri kandi si kamr dekhke.",तेरा फिगर ऐसा मत बता यार तेरा फिगर देखकर मुझे कुछ कुछ होता है रे खुजली होती है मुझे रे बाबा तेरी चिकनी सी कमर देख कर,"Tera figure accha mat bata yaar, tera figure dekhke mujhe kuchh kuchh hota hai re, khujli hoti hai mujhe re baba, teri chikni si kamr dekhke.",train_quarantine,mix_english_heavy,0.6095,0,0.9,0.3519,hard_aug
synth-train-16405-obfuscation,train,0,"Tera f@iger accha mat b@ata yaar, tera figer dekhke mujhe kuchh kuchh hota hai re, khujli hoti hai mujhe re baba, teri cikni si kamr dekhke.",तेरा फिगर ऐसा मत बता यार तेरा फिगर देखकर मुझे कुछ कुछ होता है रे खुजली होती है मुझे रे बाबा तेरी चिकनी सी कमर देख कर,"Tera figure accha mat bata yaar, tera figure dekhke mujhe kuchh kuchh hota hai re, khujli hoti hai mujhe re baba, teri chikni si kamr dekhke.",train_quarantine,obfuscation,0.8932,0,0.9,0.1445,hard_aug
synth-train-884-paraphrase,train,0,"Bhut sexy hai, jada hot hai, kisi ne to thanda kardo ise.",बहुत सेक्सी है ज्यादा हॉट है इसको ठंडा करो कोई,"Bahut sexy hai, jyada hot hai, isko thanda kar do koi.",train_quarantine,paraphrase,0.7025,0,0.85,0.2805,hard_aug
synth-val-3844-paraphrase,train,1,"Main kuch nahi khareedne gayi thi, Pooja bhabhi ne unke children ke liye clothes lekar aayi hai.",मेरी कुछ खरीदने नहीं गई थी पूजा भाभी ने उनके बच्चों के लिए कपड़े लेकर आई है,"Main kuch nahi khareedne gayi thi, Pooja bhabhi ne unke baccho ke liye clothes lekar aayi hai",val_error,paraphrase,0.9019,1,0.95,0.046,hard_aug
synth-val-3844-mix_hindi_heavy,train,1,"Main kuch na khareedne gayi thi, Pooja bhabhi ne unke baccho ke liye kapade lekar aayi hai.",मेरी कुछ खरीदने नहीं गई थी पूजा भाभी ने उनके बच्चों के लिए कपड़े लेकर आई है,"Main kuch nahi khareedne gayi thi, Pooja bhabhi ne unke baccho ke liye clothes lekar aayi hai",val_error,mix_hindi_heavy,0.8726,1,0.95,0.6628,hard_aug
synth-train-19603-paraphrase,train,0,"Bhag jaate ho sale, agar tum dusre logo se baat karte ho to main kya soche, kisi baat ki sochne ka vapas nahi hai tumne",प्यार करता हूं साले तुमको अगर तुम किसी और से बात करोगे तो मुझको कैसा लगेगा कभी सोचे हो,"Pyar karta hoon sale tumko, agar tum kisi aur se baat karooge to main kaisa lagaunga, kisi bhi baat ki sochne wala nahi hai tumne",train_quarantine,paraphrase,0.6408,0,0.9,0.75,hard_aug
synth-train-16973-paraphrase,train,0,"Bro sab kuchh toh sahi hai but pahle naakhoon khaaye yaar, kato lo",भाई सब तो ठीक है पर पहले नाखून काट लो,"Bhai sab toh thik hai par pehle naakhoon khaate ho yaar, kato lo",train_quarantine,paraphrase,0.6176,0,0.85,0.0585,hard_aug
synth-train-16973-obfuscation,train,0,"Bhai sab toh thik hai par pehle n@khoon khaate ho yaar, ka.t lo",भाई सब तो ठीक है पर पहले नाखून काट लो,"Bhai sab toh thik hai par pehle naakhoon khaate ho yaar, kato lo",train_quarantine,obfuscation,0.8889,0,0.8,0.3474,hard_aug
synth-val-3899-paraphrase,train,0,"Aurat ke seal jo ek baar toot jaye jo nahi jod sakti, woh hi nahi jod sakti.",औरत की है सील जो एक बार टूट जाए जो जोड़ नहीं सकती,"Aurat ki seal jo ek baar toot jaye woh jo nahi sakti, woh jo nahi sakti.",val_error,paraphrase,0.8034,0,0.9,0.0664,hard_aug
synth-train-16973-contrastive,train,1,"Bhai sab toh thik hai par pehle naakhoon khaate ho yaar, kato lo aur phir kuch bhi karo",भाई सब तो ठीक है पर पहले नाखून काट लो,"Bhai sab toh thik hai par pehle naakhoon khaate ho yaar, kato lo",train_quarantine,contrastive,0.8742,1,0.9,0.1112,hard_aug
synth-val-3899-mix_english_heavy,train,0,"Aurat ki seal jo ek baar toot jaye, jo joint nahi sakti, jo joint nahi sakti.",औरत की है सील जो एक बार टूट जाए जो जोड़ नहीं सकती,"Aurat ki seal jo ek baar toot jaye woh jo nahi sakti, woh jo nahi sakti.",val_error,mix_english_heavy,0.7796,0,0.9,0.1202,hard_aug
synth-val-3899-obfuscation,train,0,"Aurat k. seal jo ek baar toot jaye woh jo nahi skti, woh jo nahi skti.",औरत की है सील जो एक बार टूट जाए जो जोड़ नहीं सकती,"Aurat ki seal jo ek baar toot jaye woh jo nahi sakti, woh jo nahi sakti.",val_error,obfuscation,0.8845,0,0.9,0.0136,hard_aug
synth-val-2428-paraphrase,train,1,Take his badge re deva moti chor ke laddu kha lo 😝😝😝😜😜😜😜😜🤣🤣🤣🤣🤣🤣,इसका बैज ले लो रे देवा मोती चूर के लड्डू खिलाउगी😝😝😝😜😜😜😜😜😜🤣🤣🤣🤣🤣🤣,Iska badge le lo re deva moti chor ke laddu kha do 😝😝😝😜😜😜😜😜🤣🤣🤣🤣🤣🤣,val_error,paraphrase,0.8494,1,0.8,0.0499,hard_aug
synth-val-5080-paraphrase,train,1,Ye denewale se lenewale bara hai.,देने वाले से लेने वाला बाडा हैं,Ye denewale se lenewale baada hai,val_error,paraphrase,0.8889,1,0.9,0.9628,hard_aug
synth-val-5080-mix_hindi_heavy,train,1,Ye denewale se lenewale badaa hai,देने वाले से लेने वाला बाडा हैं,Ye denewale se lenewale baada hai,val_error,mix_hindi_heavy,0.9333,1,0.9,0.9208,hard_aug
synth-train-9688-paraphrase,train,0,"Beta udd jaane wali dhangi giddar deta hai. Khana ka time nahi, paahad me chad jaayega. 🇮🇳Mera Bharat Mahan 🇮🇳 Jai Hind ki sena 🇮🇳",बेटा उड़ाने की धमकी गीदड़ देते है । खाने की अवकात नही पहाड़ में चढ़ेगा  🇮🇳मेरा भारत महान 🇮🇳 जय हिंद की सेना 🇮🇳,"Beta udana wali dhanki giddar deta hai. Khana wala time nahi, paahad chadh jaayega. 🇮🇳Mera Bharat Mahan 🇮🇳 Jai Hind ki sena 🇮🇳",train_error,paraphrase,0.8743,0,0.8,0.3529,hard_aug
synth-train-5066-paraphrase,train,0,Kya koi upay bata sakta hai ling ko chota karne ka? Plz tell.,लिंग को छोटा कैसे करें कोई उपाय प्लीज बताएं,Ling ko chota kaise karein koi upay please batao,train_error,paraphrase,0.5893,0,0.8,0.1199,hard_aug
synth-train-19990-paraphrase,train,0,Mummy ne lagaye teri gand marne do main toh,मम्मी ने लगाए तेरी गांड मार सकता हूं,Mummy ne lagaye teri gand mar sakta hoon,train_quarantine,paraphrase,0.6919,0,0.95,0.9972,hard_aug
synth-train-6919-obfuscation,train,0,You're as beautiful as your g@nd is!,जितनी खूबसूरत आप हो उतना ही खूबसूरत आपका figure bhi hai,You're as beautiful as your figure is!,train_error,obfuscation,0.8486,0,0.9,0.02,hard_aug
synth-train-6919-mix_english_heavy,train,0,"You're as beautiful as your figure is, which is not much!",जितनी खूबसूरत आप हो उतना ही खूबसूरत आपका figure bhi hai,You're as beautiful as your figure is!,train_error,mix_english_heavy,0.8167,0,0.85,0.0221,hard_aug
synth-val-5364-paraphrase,train,0,"Jute se masjid band ho jaye, wahi to achha hai na.",जूतियां मस्जिद बंद हो जाए वही अच्छा,Jute se masjid band ho jaye wahi achha,val_error,paraphrase,0.803,0,0.9,0.0135,hard_aug
synth-val-5364-mix_english_heavy,train,0,Jute se hi masjid band ho jaye toh better,जूतियां मस्जिद बंद हो जाए वही अच्छा,Jute se masjid band ho jaye wahi achha,val_error,mix_english_heavy,0.684,0,0.9,0.1979,hard_aug
synth-val-5364-obfuscation,train,0,Jute se m@sjid band ho jaye wahi achha,जूतियां मस्जिद बंद हो जाए वही अच्छा,Jute se masjid band ho jaye wahi achha,val_error,obfuscation,0.9211,0,0.9,0.01,hard_aug
synth-train-9789-paraphrase,train,0,"Kya baat hai ye par sare sura jam hai jo ala hola lodha, jai shree ram.",क्या बात है यह पर सारे सूअर जमा है जो अला हो लोड़ा        जय श्री राम,"Kya baat hai ye par sare sura jam hai jo ala hola lodha, jai shree ram",train_quarantine,paraphrase,0.9825,0,0.85,0.7073,hard_aug
synth-train-9789-obfuscation,train,0,"Kya baat hai ye pr sre sura jma hai jo a@la hola lodh@, jai shree ram",क्या बात है यह पर सारे सूअर जमा है जो अला हो लोड़ा        जय श्री राम,"Kya baat hai ye par sare sura jam hai jo ala hola lodha, jai shree ram",train_quarantine,obfuscation,0.8285,0,0.9,0.0292,hard_aug
synth-val-4808-paraphrase,train,1,"Preet karo to aise karo jaise ped khajoor chada gaya to phal milya, gir gya to chakkanachur ho gya.",प्रीत करो तो ऐसी करो जैसे पेड़ खजूर चढ गए तो फल मिले गिर गया तो चकनाचूर,"Preet karo to aise karo jaise ped khajoor chad gaye to phal mila, gir gaya to chakkanachoor",val_error,paraphrase,0.8575,1,0.9,0.1222,hard_aug
synth-val-4808-mix_hindi_heavy,train,1,"Preet karo to aise karo jaise ped khajoor chhad gaye to phal mila, gir gaya to chakkanachoor.",प्रीत करो तो ऐसी करो जैसे पेड़ खजूर चढ गए तो फल मिले गिर गया तो चकनाचूर,"Preet karo to aise karo jaise ped khajoor chad gaye to phal mila, gir gaya to chakkanachoor",val_error,mix_hindi_heavy,0.9766,1,0.9,0.9301,hard_aug
synth-train-15624-paraphrase,train,0,"Beta hamari jaan hoti hai, bhai bitto to nalaayak hote hai, betiya nadan hote hai.",बेटी हमारी जान होती हैं भाई बटा तो नालायक होते हे बेटियां नादान होती हे,"Beta hamari jaan hoti hai, bhai bitta to nalaayak hota hai, betiya nadan hoti hai",train_quarantine,paraphrase,0.9006,0,0.85,0.0151,hard_aug
synth-train-15624-obfuscation,train,0,"B3ta hamari jaan hoti hai, bh4i bitta to nalaayak hota hai, betiy@n nadan hoti hai",बेटी हमारी जान होती हैं भाई बटा तो नालायक होते हे बेटियां नादान होती हे,"Beta hamari jaan hoti hai, bhai bitta to nalaayak hota hai, betiya nadan hoti hai",train_quarantine,obfuscation,0.9345,0,0.85,0.0866,hard_aug
synth-train-1467-mix_english_heavy,train,0,"Sale khud to fraud hai, hamari cheating hama",साले खुद तो बेईमानी हमारी hama,"Sale khud to beiman hai, hamari beiman hama",train_quarantine,mix_english_heavy,0.6204,0,0.9,0.9938,hard_aug
synth-train-1467-paraphrase,train,0,"Sale khud to beiman hai, hamari beiman hama.",साले खुद तो बेईमानी हमारी hama,"Sale khud to beiman hai, hamari beiman hama",train_quarantine,paraphrase,0.9778,0,0.9,0.9957,hard_aug
synth-train-9502-paraphrase,train,0,"Beta bhaiya, aap to bacche ho... aise video na bano, samajh gyi... mummy papa ko pata chala to aapko bhi bata dunga.",बेटा भैया बच्चे हो आप ऐसे वीडियो मत बनाया करो समझी मम्मी पापा को बता दूंगी आपके,"Beta bhaiya, aap log beechore ho, aise video mat banao, samajh gyi, mummy papa ko pata chala toh aapko bata dungii",train_quarantine,paraphrase,0.7457,0,0.8,0.007,hard_aug
synth-train-9502-obfuscation,train,0,"Beta bh@iy@, aap log beechore h@, aise video m@t bana@, samajh gyi, mummy papa k@ pata chala t@h aapko b@t@ dungii",बेटा भैया बच्चे हो आप ऐसे वीडियो मत बनाया करो समझी मम्मी पापा को बता दूंगी आपके,"Beta bhaiya, aap log beechore ho, aise video mat banao, samajh gyi, mummy papa ko pata chala toh aapko bata dungii",train_quarantine,obfuscation,0.778,0,0.85,0.0055,hard_aug
synth-train-18655-paraphrase,train,0,Salli chudail hai rey,चुड़ैल है साली,Chudail hai salli,train_quarantine,paraphrase,0.8468,0,0.9,0.9888,hard_aug
synth-val-1069-obfuscation,train,0,Hind.log K@shmir se kyun bej gye the?,भारत के हिंदू कश्मीर से क्यों भागे थे,Hindu log Kashmir se kyun bhej gaye the?,val_error,obfuscation,0.7018,0,0.9,0.0183,hard_aug
synth-train-7137-obfuscation,train,0,"Ek se badkar ek hai, ek g@nda to dusra g!dd@r 🤩🤩🤩",एक से बढ़कर एक है एक गधा तो दूसरा गीदड़ 🤩🤩🤩,"Ek se badkar ek hai, ek ganda to dusra giddar 🤩🤩🤩",train_error,obfuscation,0.8549,0,0.95,0.1283,hard_aug
synth-train-9415-obfuscation,train,0,Kuch j@yda hi f@st hai behen j*i...,कुछ जायदा ही फास्ट है बेहेन जी...,Kuch jayda hi fast hai behen ji...,train_quarantine,obfuscation,0.7537,0,0.85,0.6213,hard_aug
synth-train-14053-contrastive,train,0,"Doodh deti hai, but chappapai hai tumhare gosht ki.",दुध देती है,Doodh deti hai,train_error,contrastive,0.6263,0,0.8,0.5534,hard_aug
synth-train-12303-mix_hindi_heavy,train,1,"Maa maa hoti hai, logo ki kadam karo maabap ki kismat wale ke maabap hote hain.",मां मां होती है लोगो कदर करो मां बाप की किस्मत वालो के मां बाप होते है,"Maa maa hoti hai, logo ki kadam karo maa baap ki kismat wale ke maa baap hote hain",train_error,mix_hindi_heavy,0.8767,1,0.85,0.2484,hard_aug
synth-train-2261-obfuscation,train,0,Ch@mar ho aap,चमार हो आप,Chamar ho aap,train_quarantine,obfuscation,0.7692,0,0.95,0.0069,hard_aug
synth-train-2261-paraphrase,train,0,Aap chamar ho,चमार हो आप,Chamar ho aap,train_quarantine,paraphrase,0.9231,0,0.95,0.007,hard_aug
synth-train-6851-paraphrase,train,0,"Jo apna number likha hai, uski lorde ki naap le le.",जिसने अपना फोन नंबर लिखा है मेरे लोड़े का नाप ले लो,"Jo apna phone number likha hai, uski lorde ka naap le lo",train_quarantine,paraphrase,0.8499,0,0.9,0.4745,hard_aug
synth-train-7288-obfuscation,train,0,Lagta hai th0kne ki pr@ctice b@de jor se chal rahi hai 😄😄,लगता है ठोकवाने की प्रैक्टिस बडे जोर से चल रही है 🤗🤗,Lagta hai thokne ki practice bade jor se chal rahi hai 😄😄,train_quarantine,obfuscation,0.8571,0,0.9,0.8866,hard_aug
synth-train-6851-obfuscation,train,0,"Jo apna phone numbar likha hai, uski l0rde ka n@ap le lo",जिसने अपना फोन नंबर लिखा है मेरे लोड़े का नाप ले लो,"Jo apna phone number likha hai, uski lorde ka naap le lo",train_quarantine,obfuscation,0.8422,0,0.95,0.128,hard_aug
synth-train-18841-obfuscation,train,0,"Jus bana ke bait denge, khud se na k@te ho ab m.c. jo bhi k@re",जूस बना के बाट देंगे खुद से नही काटना है अब मिक्सी जो भी करे,"Jus bana ke bait denge, khud se na kate ho ab mixi jo bhi kare",train_quarantine,obfuscation,0.8143,0,0.85,0.0215,hard_aug
synth-train-3094-paraphrase,train,0,Chupke chupa lo bra ke kadam ko,ब्रा की कदम को छुपा लो,Bra ke kadam ko chupa lo,train_quarantine,paraphrase,0.8825,0,0.85,0.038,hard_aug
synth-train-8063-paraphrase,train,0,"Nangi ho k naache le behen, roshanki name apne mummy papa ka chudail kahin kr rha hai",नंगी हो कर नाच ले बहन््् ठीक नाम रोशन कर रही है अपने मम्मी पापा का चुड़ैल कहीं कि,"Nangi ho kar naache le behen, roshanki name roshan karta hai apne mummy papa ka chudail kahin ki",train_quarantine,paraphrase,0.864,0,0.95,0.9965,hard_aug
synth-train-14560-paraphrase,train,0,Tumhara bar dancer me maan laga hui hai na 😄😄😄😄😄😄,"तुम्हे बार डांसर मे माँ नजर आती है तुम्हारी,,,,,है na😄😄😄😄😄😄","Tumhe bar dancer me maan zarra tumhari, ,,, hai na 😄😄😄😄😄😄",train_error,paraphrase,0.7688,0,0.85,0.1195,hard_aug
synth-train-10114-paraphrase,train,0,India me sabse bada qatlkhana jo gai ko roti khilate hain na unhi ka hain wahi ka hai,इंडिया में सबसे बड़ा कत्लखाना जो गाय को रोटी खिलाते हैं ना उन्हीं का है,India me sabse bada qatlkhana jo gai ko roti khilate hain na unhi ka hai,train_quarantine,paraphrase,0.9548,0,0.85,0.1901,hard_aug
synth-train-14560-obfuscation,train,0,"Tumhe bar d@ancer me m@n n@zar @tI h@i tumh@rI ,,, h@i n@ 😄😄😄😄😄😄","तुम्हे बार डांसर मे माँ नजर आती है तुम्हारी,,,,,है na😄😄😄😄😄😄","Tumhe bar dancer me maan zarra tumhari, ,,, hai na 😄😄😄😄😄😄",train_error,obfuscation,0.626,0,0.85,0.0375,hard_aug
synth-train-6918-paraphrase,train,0,Gand fatti to Bhairav nazar aaye yaar.,गांड़ फटी  तो 😅😅भैरव नजर आए,Gand fatti to Bhairav nazar aaye,train_quarantine,paraphrase,0.9177,0,0.8,0.9896,hard_aug
synth-train-10114-obfuscation,train,0,India me sabse bda qatlkhna jo g@i ko roti khlte hain na unhi ka hai,इंडिया में सबसे बड़ा कत्लखाना जो गाय को रोटी खिलाते हैं ना उन्हीं का है,India me sabse bada qatlkhana jo gai ko roti khilate hain na unhi ka hai,train_quarantine,obfuscation,0.856,0,0.9,0.0246,hard_aug
synth-train-15694-paraphrase,train,1,"Us chudi ki fauji hai, ki usko marble ke haath mil rha hain.",वो चूड़ी की किस्मत बुलंद है की उसे संगमरमरी हाथ मिल रहे है,Us chudi ki kismat to buland hai ki usko sangamarmari haath mil rahe hai,train_error,paraphrase,0.6277,1,0.9,0.8768,hard_aug
synth-train-15694-mix_hindi_heavy,train,1,"Us chudi ki kismat buland hai, usko sangamarmari haath mile he.",वो चूड़ी की किस्मत बुलंद है की उसे संगमरमरी हाथ मिल रहे है,Us chudi ki kismat to buland hai ki usko sangamarmari haath mil rahe hai,train_error,mix_hindi_heavy,0.8427,1,0.9,0.8727,hard_aug
synth-train-5870-paraphrase,train,1,"Bhabhi ji, yaar kya ho raha hai tumse?",भाभी जी क्या खूब हो,"Bhabhi ji, kya ho raha hai aapke saath?",train_error,paraphrase,0.6667,1,0.95,0.852,hard_aug
synth-train-5870-mix_hindi_heavy,train,1,"Bhabhi ji, kya hua aapke saath?",भाभी जी क्या खूब हो,"Bhabhi ji, kya ho raha hai aapke saath?",train_error,mix_hindi_heavy,0.7854,1,0.95,0.0331,hard_aug
synth-val-2932-paraphrase,train,1,"Girls ne badi sahi kiya 👍well done, ye blackmail karne wale ko to yhi chahiye tha",Girls ne sahi kiya hai 👍well done  ब्लैकमेल करने वाले के साथ यही होना चाहिए,"Girls ne sahi kiya hai 👍well done, blackmail karnewale ke saath ye hi hona chahiye",val_error,paraphrase,0.6995,1,0.9,0.9746,hard_aug
synth-train-5318-paraphrase,train,1,"Patta hai, pani me jaye to dubega hi. Yeh kahna, kaagaj ka gola bhi dub jayega. Hunar par ghamand jaruri hai. Kaise nikaar hai? Val paper hi thode. Google se search kiya, print kiya, tarjuba likh jata hai jindgi ko nichod ke. 😆😆😆",पत्थर तो होता ही भारी है पानी में जायेगा तो डुबेगा ही युं कहो कागज का गोला भी डुब जाता है हुनर पर घमड ज़रूरी है निखरेगा कैसे वाल पेपर थोड़े ही है गुगल पे सर्च किया छाप दिया तर्जुबा लिखा जाता है जिन्दगी में को निचोड़ के😆😆😆😆,"Patta hai, pani me jaye to dubega hi. Yeh kahna, kaagaj ka gola bhi dub jata hai. Hunar par ghamand zaroori hai. Nikaar kaise? Val paper thode hi hai. Google pe search kiya, chhap diya, tarjuba likh jata hai jindgi ko nichod ke. 😆😆😆😆",train_error,paraphrase,0.8919,1,0.95,0.2203,hard_aug
synth-train-18024-obfuscation,train,0,"Nahi koi shayad nahi ho y@r, shuru se @cch@ nahi l@g@, kuch bhi nahi h@i, @cch@ nahi l@g@, nahi m@nt@, nahi m@nt@, nahi m@nt@, nahi m@nt@, nahi m@nt@, nahi m@nt@, nahi m@nt@, nahi m@nt@, nahi m@nt@, nahi m@nt@, nahi m@nt@, nahi m@nt@, nahi m@nt@, nahi m@nt@, nahi m@nt@, nahi m@nt@, nahi m@nt@, nahi m@nt@, nahi m@nt@, nahi m@nt@, nahi m@nt@, nahi m@nt@, nahi m@nt@, nahi m@nt@, nahi m@nt@, nahi m@nt@, nahi m@nt@, nahi m@nt@, nahi m@nt@, nahi m@nt@",न कोई ़श़श़श के ़ न न न हो यार शुरू ़श़व़व़़व़व़ ़व़व़वव़व़व़व़व़व़व़व़व़वव़व़वव़व़व़व़व़व़़ओव़़व़व़धव़व़व़व़़व़व़व़व़ोव़व़व़व़़वौशौशौशन औशौ  औ  औश शननशौश श नौ श श औ औंऔ शन औऔ  श श   औश  शौऔशन श शंऔ  श शशौश शं औश न श श शं श श औश नौ ंऔ   ओश श शं शं शं शौनक श  श औ औ औ औ शन श श शं औशौ शौशशौशौ शौशशौ औ  औ नन श शंऔ औ शौशशौऔश श शौशंऔशं  ओ ओ न औश नन्ही यक्षतछ,"Nahi koi shayad nahi ho yaar, shuru se accha nahi laga, kuch bhi nahi hai, accha nahi laga, nahi manta, nahi manta, nahi manta, nahi manta, nahi manta, nahi manta, nahi manta, nahi manta, nahi manta, nahi manta, nahi manta, nahi manta, nahi",train_error,obfuscation,0.5508,0,0.8,0.8938,hard_aug
synth-train-17855-paraphrase,train,1,"Thik baat hai 😂😂😂 ghadha toh ghadha hi rehta hai, horse kese bn paayega 😁🤣",सही बात है 😂😂😂 गधा गधा ही रहता है घोड़ा तो bn nhi skta hai 😀🤣,"Sahi baat hai 😂😂😂 ghadha ghadha hi rehta hai, horse toh bn nhi skta hai 😀🤣",train_error,paraphrase,0.7632,1,0.95,0.0695,hard_aug
synth-train-17855-mix_hindi_heavy,train,1,"Sahi bat hai 😂😂😂 ghada ghada hi rehta hai, ghoda toh ban nhi skta hai 😀🤣",सही बात है 😂😂😂 गधा गधा ही रहता है घोड़ा तो bn nhi skta hai 😀🤣,"Sahi baat hai 😂😂😂 ghadha ghadha hi rehta hai, horse toh bn nhi skta hai 😀🤣",train_error,mix_hindi_heavy,0.8037,1,0.95,0.4733,hard_aug
synth-train-4856-paraphrase,train,0,Aapki dikkat kamina hai kya..❤️❤️❤️❤️❤️❤️❤️,आपका दिल kamina  है क्या..❤️❤️❤️❤️❤️❤️❤️,Aapka dil kamina hai kya..❤️❤️❤️❤️❤️❤️❤️,train_error,paraphrase,0.9262,0,0.85,0.9264,hard_aug
synth-train-4856-obfuscation,train,0,Aapka dil k@mina h@i kya..❤️❤️❤️❤️❤️❤️❤️,आपका दिल kamina  है क्या..❤️❤️❤️❤️❤️❤️❤️,Aapka dil kamina hai kya..❤️❤️❤️❤️❤️❤️❤️,train_error,obfuscation,0.94,0,0.8,0.0057,hard_aug
synth-train-1234-paraphrase,train,0,Sab mar gaye,मर गए सब के सब,Mar gaye sab ke sab,train_quarantine,paraphrase,0.7778,0,0.7,0.0069,hard_aug
synth-train-1234-obfuscation,train,0,Mar gaye s@b ke s@b,मर गए सब के सब,Mar gaye sab ke sab,train_quarantine,obfuscation,0.5556,0,0.8,0.0251,hard_aug
synth-train-16790-paraphrase,train,0,"Behen teri bhi hai, bhool mat, nubde bosdi ke.",बहेन तेरी भी है भुल मत नुबडे बोसडी के,"Behen teri bhi hai, bhul mat, nubde bosdi ke",train_quarantine,paraphrase,0.8938,0,0.9,0.8328,hard_aug
synth-train-16790-obfuscation,train,0,"Behen t3ri bhi h4i, bhul m@t, nubde b@sd1 ke",बहेन तेरी भी है भुल मत नुबडे बोसडी के,"Behen teri bhi hai, bhul mat, nubde bosdi ke",train_quarantine,obfuscation,0.6739,0,0.95,0.9945,hard_aug
synth-val-6257-mix_hindi_heavy,train,1,Hmare sanatan sanskriti me is prakar ke naakhuno ke liye achha vikalpana nahi h. Agar aap puja kartey ho to baki video ke liye kuch bhi kar sakte ho.,हमारे सनातन संस्कृति मे इस तरह के नाखूनों को अच्छा नही माना जाता ll  यदि आप पूजा पद्धति करते हैं तो ll बाकी विडियो बनाने के लिए कुछ भी करे ll,Hmare sanatan sanskriti me is tarah ke nail ko accha nahi mana jata hai. Agar aap puja karte ho to baki video ke liye kuch bhi kar sakte ho.,val_error,mix_hindi_heavy,0.8101,1,0.9,0.0186,hard_aug
synth-train-19527-obfuscation,train,0,Supar yaar koi aisa mard to hai jo ch@ddi mein aya,सुपर यार कोई ऐसा मर्द तो है कि जो चड्डी में आया,Super yaar koi aisa mard to hai jo chaddi mein aya,train_quarantine,obfuscation,0.8825,0,0.9,0.1297,hard_aug
synth-train-19544-paraphrase,train,1,"Bhai main bhi Hindu hoon lekin main aapke is hinsak bayaan bazi ke khilaaf hoon. Kyunki Hindu ke kisi granth me ye nahi hai ke kisi ko uske rabba ke saamne rokna chahiye, balki Hindu granthon me ye likha hai ke aisa karna paap hai aur Quran me bhi ye hi hai. Bas kuch dogle logon ki wajah se Hindu aur Muslim dono religiously badnama ho gaye.",भाई मैं भी हिन्दू हूँ पर मैं आपके इस हिंसक ब्यान बाज़ी के खिलाफ हूँ क्योंकि हिन्दू के किसी ग्रंथ मे ये नहीं लिखा के किसी को उसके रब्ब का सजदा करने से रोका जाए ब्लकि हिन्दू ग्रंथों के अनुसार ऐसा करना पाप है और यही कुछ कुरान मे भी लिखा है  बस कुछ दोगले लोगों के कारण हिन्दू और मुस्लिम दोनों बदनाम है,Bhai main bhi Hindu hoon par main aapke is hinsak bayaan bazi ke khilaaf hoon kyunki Hindu ke kisi granth me ye nahi likha ke kisi ko uske rabba ka sajdha karna se roka jaye balki Hindu granthon ke anusaar aisa karna paap hai aur yahi kuch ,train_error,paraphrase,0.886,1,0.95,0.7225,hard_aug
synth-train-19544-mix_english_heavy,train,1,Bhai main bhi Hindu hoon but main aapke is violent speech ke against hoon kyunki koi bhi holy book mein nahi hai ke kisi ko uske rabba ke saamne pray karne se roka jaye. Bholi Hindu scriptures ke anusaar ye paap hai aur Quran me bhi ye same concept hai. Lekin kuch dual-faced logon ke karan Hindu aur Muslim dono ka naam bad naam ho gaya hai.,भाई मैं भी हिन्दू हूँ पर मैं आपके इस हिंसक ब्यान बाज़ी के खिलाफ हूँ क्योंकि हिन्दू के किसी ग्रंथ मे ये नहीं लिखा के किसी को उसके रब्ब का सजदा करने से रोका जाए ब्लकि हिन्दू ग्रंथों के अनुसार ऐसा करना पाप है और यही कुछ कुरान मे भी लिखा है  बस कुछ दोगले लोगों के कारण हिन्दू और मुस्लिम दोनों बदनाम है,Bhai main bhi Hindu hoon par main aapke is hinsak bayaan bazi ke khilaaf hoon kyunki Hindu ke kisi granth me ye nahi likha ke kisi ko uske rabba ka sajdha karna se roka jaye balki Hindu granthon ke anusaar aisa karna paap hai aur yahi kuch ,train_error,mix_english_heavy,0.7414,1,0.9,0.9097,hard_aug
synth-train-3440-obfuscation,train,0,Dete ho t0 5 dal s@la G@ndh1,Or देते 5 डाल साला गांधी,Dete ho to 5 dal sala Gandhi,train_quarantine,obfuscation,0.6071,0,0.9,0.0244,hard_aug
synth-val-2223-obfuscation,train,0,"Har l@dr.ki pyaar k@ seri@us nahi lete hai, balki 100 me se 90 k@ jhooth bhejti hai",हर लड़की प्यार को सीरियस ना लेते हैं बल्कि 100 में से 90 को धोखा देती है,"Har ladki pyaar ko serious nahi lete hai, balki 100 me se 90 ko jhooth bhejti hai",val_error,obfuscation,0.82,0,0.85,0.0856,hard_aug
synth-val-2029-mix_hindi_heavy,train,1,Aikda mag bag kiya kardo,ऐकदा  मग बग कीती कडतो,Aikda mag bag kiti kadto,val_error,mix_hindi_heavy,0.6923,1,0.9,0.021,hard_aug
synth-train-8367-paraphrase,train,1,Sap ko machli aur tota doodh nahi pite hai pagal 😄,सॉप को  मछली और तोता दुध नहि पुते है pagal😄,Sap ko machli aur tota doodh nahi pite hai pagal😄,train_error,paraphrase,0.9515,1,0.9,0.9532,hard_aug
synth-train-9449-contrastive,train,1,Bewi se pureshan ek admi! Kisi ko 50 rupaye ka jahar milega aur usne bola: 27 ka jahar do aur es 23 ka Rajnigantha do.. Iski soch ko kahate hain shok! 😁😁😁😜,बीवी से परेशान एक आदमी!  सुसाइड करने के लिए 50 रु का जहर लेने दुकान गया और बोला:  27 का जहर दे दो और es 23 का रजनीगन्धा दे दो.. साला इसे कहते है शौक!😁😁😁😜😜,Bewi se pureshan ek admi! Suicide karne ke liye 50 rupaye ka jahar leke dukaan gaya aur bola: 27 ka jahar do aur es 23 ka Rajnigantha do.. Sala ise kahate hai shok! 😁😁😁😜,train_quarantine,contrastive,0.7821,1,0.9,0.0155,hard_aug
synth-train-10027-paraphrase,train,0,"Yar pehle hi life mein pyar zaruri, fir bataega",साला पहले ना लाइफ में प्यार जरूरी फिर बताएंगे,"Sala pehle na life mein pyar zaroori, fir bataoge",train_quarantine,paraphrase,0.6801,0,0.85,0.0066,hard_aug
synth-train-3246-contrastive,train,1,"Diesel petrol to kya chappal underwear tak mahenga ho jayega na, nange pare reh lenge par bhi BJP ko hi vote kareinge 🌹🌹🌹 Vote for BJP 🌹🌹🌹 🙏🙏🙏 Jay shri ram 🙏🙏🙏",डीज़ल पेट्रोल तो क्या चप्पल अंदरवेयर तक महंगा हो जायेगा ना नंगे पैर रह लेंगे   पर वोट   बीजेपी को ही देंगे 🌹🌹🌹     वोट फोर बीजेपी   🌹🌹🌹   🙏🙏🙏    जय श्री राम     🙏🙏🙏,"Diesel petrol to kya chappal underwear tak mahenga ho jayega na, nange pare reh lenge par vote BJP ko hi denge 🌹🌹🌹 Vote for BJP 🌹🌹🌹 🙏🙏🙏 Jay shri ram 🙏🙏🙏",train_quarantine,contrastive,0.9563,1,0.9,0.9698,hard_aug
synth-train-10027-obfuscation,train,0,"S@la phele na life me ch*tiy@ zaroori, fir b@t@oge",साला पहले ना लाइफ में प्यार जरूरी फिर बताएंगे,"Sala pehle na life mein pyar zaroori, fir bataoge",train_quarantine,obfuscation,0.5657,0,0.85,0.9907,hard_aug
synth-val-1921-paraphrase,train,0,Babu tum sexy dikho ho bhabiji yaar,बाबू सेक्सी दिखाई दे रही हो भाभी जी,Babu sexy dikhai de rahi ho bhabiji,val_error,paraphrase,0.6391,0,0.8,0.07,hard_aug
synth-val-1921-mix_english_heavy,train,0,"Bhaiya, aap itna sexy feel kyu de rahi ho bhabiji?",बाबू सेक्सी दिखाई दे रही हो भाभी जी,Babu sexy dikhai de rahi ho bhabiji,val_error,mix_english_heavy,0.5521,0,0.9,0.0641,hard_aug
synth-train-18116-paraphrase,train,0,"Billkul sahi kaha, unko toh desh ka namak padega aur desh ke saath gaddari karna hai",बिल्कुल सही कहा देश का नमक खाते हैं और देश के साथ गद्दारी कर रहे हैं,"Billkul sahi kaha, desh ka namak khaate hain aur desh ke saath gaddari kar raha hain",train_quarantine,paraphrase,0.783,0,0.85,0.0366,hard_aug
synth-train-1373-paraphrase,train,1,"😂😂 Corona ke saamne aaj pucha ""Tu sabko ghar aur sabki shadi mein to jata hai par chunav mein kyun nahi jata?"" to woh be-sharm kehta hai ke ""Main abhi 18 saal ka kahan hoon...?"" 😂😂😷😷🤦🏼‍♀️🤦🏼‍♀️ Funny joke by Vivek","😷😷😂😂 आज कोरोना को पूछा ""तू सबके घर में और सबकी शादी में जाता है पर तू चुनाव में क्यों नहीं जाता"" तो बेशर्म कहता है कि  ""मैं अभी अठारह साल का कहाँ हुआ हूं...?""  😂😂😷😷🤦🏼‍♀️🤦🏼‍♀️  Funny jokes Vivek","😂😂 Aaj Corona ko pucha ""Tu sabke ghar aur sabki shadi mein jaata hai par tu chunav mein kyun nahi jaata?"" to woh be-sharm kehta hai ke ""Main abhi 18 saal ka kahan hua hoon...?"" 😂😂😷😷🤦🏼‍♀️🤦🏼‍♀️ Funny jokes Vivek",train_error,paraphrase,0.9085,1,0.95,0.3854,hard_aug
synth-train-5071-obfuscation,train,0,"Aap hi kh*sh karo gi, aap k@pade phe@no y@ na phe@no, b@s humko kh*sh kardo",आप ही खूश करो गी आप कपडे पहनो या न पहनो बस हमे खूश कर दो,"Aap hi khush karo gi, aap kapade peheno ya na peheno, bas humko khush kardo",train_error,obfuscation,0.624,0,0.8,0.9747,hard_aug
synth-train-14540-obfuscation,train,0,Tere bolne se kuch nahi hota r@ndi,तेरे  बोलने से  कुछ  नही होता  रडी,Tere bolne se kuch nahi hota randi,train_quarantine,obfuscation,0.9118,0,0.95,0.0062,hard_aug
synth-train-14540-paraphrase,train,0,Tere bole se kuch na hota randi yaar,तेरे  बोलने से  कुछ  नही होता  रडी,Tere bolne se kuch nahi hota randi,train_quarantine,paraphrase,0.7717,0,0.95,0.9946,hard_aug
synth-train-986-obfuscation,train,0,"Voh lu.nd mat ban, Italy ki bar dancer Punjab UP ki jeet ka jora@ zor daalke mar degi... 😂😂",वहम मत रहना इटली की बार डांसर पंजाब UP की जीत का जोरदार झटका लगेगा...😂😂,"Voh mard mat ban, Italy ki bar dancer Punjab UP ki jeet ka joraar zor daalke mar degi... 😂😂",train_quarantine,obfuscation,0.9219,0,0.85,0.1499,hard_aug
synth-train-17651-paraphrase,train,0,"Tum to sexy ho, aao mera pas, main le jata hu tumko",तुम तो सेक्सी होली आओ मेरे पास मैं तुम्हें लेंगे,"Tum to sexy ho, aao mere pas, main tumhe leke jaata hu",train_error,paraphrase,0.7967,0,0.9,0.0491,hard_aug
synth-val-4565-paraphrase,train,1,"Congress 70 saal rahi hai, ab 70 saal BJP ka wait karege, phir decide karte hai unme se konko vote dena hai",70 साल कोंग्रेस रही 70 साल बीजेपी को देखेंगे उसके बाद सोचेंगे किसको वोट देना है,"70 saal Congress rahi, ab 70 saal BJP ko dekhenge, phir sohange ki konko vote dena hai",val_error,paraphrase,0.6937,1,0.9,0.0076,hard_aug
synth-val-4565-mix_hindi_heavy,train,1,"70 saal Congress rahi, 70 saal BJP ko dekhenge, phir sohange ki kiski vote dena hai.",70 साल कोंग्रेस रही 70 साल बीजेपी को देखेंगे उसके बाद सोचेंगे किसको वोट देना है,"70 saal Congress rahi, ab 70 saal BJP ko dekhenge, phir sohange ki konko vote dena hai",val_error,mix_hindi_heavy,0.9066,1,0.9,0.0551,hard_aug
synth-train-5931-paraphrase,train,0,"Saram karo na yaar, buddhe log ko smjh nhi aati.",सरम करो ना बुड्ढे,Saram karo na buddhe,train_error,paraphrase,0.6132,0,0.85,0.2446,hard_aug
synth-train-1724-contrastive,train,1,"Logon ki soch badlo, kapde nahi, par kyun?",लोगो की सोच बदलो कपड़े नहीं,"Logon ki soch badlo, kapde nahi",train_quarantine,contrastive,0.8314,1,0.9,0.014,hard_aug
synth-train-13063-paraphrase,train,1,Chuniye saar pe rakho yaar,चुनी सर पर रखो,Chuniye saar par rakhna,train_error,paraphrase,0.7303,1,0.95,0.4401,hard_aug
synth-train-15788-paraphrase,train,0,"Behen accha ho gyi hai, itni moti hai, kuch nahi janta",बहन पागल हो गई है इतनी मोटी है मजा नहीं आता,"Behen pagal ho gayi hai, itni moti hai, maza nahi aata",train_quarantine,paraphrase,0.6875,0,0.8,0.0566,hard_aug
synth-train-15788-obfuscation,train,0,"Behen pagal ho gayi hai, itni m@ti hai, maz@ nahi aata",बहन पागल हो गई है इतनी मोटी है मजा नहीं आता,"Behen pagal ho gayi hai, itni moti hai, maza nahi aata",train_quarantine,obfuscation,0.9062,0,0.85,0.9945,hard_aug
synth-val-6438-paraphrase,train,1,"Apu ke style bhi toh Amazon jaisa hai, logo kehne lage ""aur dikhao aur dikhao...",अपुन का स्टाईल भी साला Amazon जैसा है लोग कहते है “और दिखाओ और दिखाओ…”,"Apu ke style bhi sala Amazon jaisa hai, log kahate hain ""aur dikhao aur dikhao...",val_error,paraphrase,0.8041,1,0.85,0.96,hard_aug
synth-val-6438-mix_hindi_heavy,train,1,"Apu ke style bhi sala Amazon jaisa hai log kahate hain ""aur dikhao aur dikhao...",अपुन का स्टाईल भी साला Amazon जैसा है लोग कहते है “और दिखाओ और दिखाओ…”,"Apu ke style bhi sala Amazon jaisa hai, log kahate hain ""aur dikhao aur dikhao...",val_error,mix_hindi_heavy,0.9751,1,0.85,0.9803,hard_aug
synth-train-5390-paraphrase,train,0,"Kya ghante ki baad is kadar bdaa chehra haar gya tha, CM ke daawedaar ke chehre ki itni bdi sharm ki baat hai",क्या घंटे का बदला इतना बड़ा चेहरा हार  गया था मुख्यमंत्री के दावेदार का चेहरा कितनी बड़ी शर्म की बात है,"Kya ghante ka badla itna bada chehra haar gaya tha, CM ke daawedaar ke chehre ki kitni badi sharm ki baat hai",train_quarantine,paraphrase,0.8323,0,0.85,0.9825,hard_aug
synth-val-3561-contrastive,train,1,Aise hi pyar hota hai jitna pas jane ki kosish karo utna hi door jata rehta hai door jata rehta hai 😂😂😂😂😂,ऐसे ही प्यार होता है साला जितना पास जाने कि कोशिश करो उतना ही दूर जाता रहता है दूर जाता रहता है😂😂😂😂😂,Aise hi pyar hota hai sala jitna pas jane ki kosish karo utna hi door jata rehta hai door jata rehta hai 😂😂😂😂😂,val_error,contrastive,0.9829,1,0.95,0.0174,hard_aug
synth-train-15536-paraphrase,train,0,"Duba mero sale, sare experts kuch na kuch seekho. Corona se vo kahan se kahan gaya aur aaj tum wahi par hi ho. Kuch shame karo aur dawa nikalo nikmo. 😏😏😏😏😏",डूब मरो साले सारे एक्सपर्ट और कुछ सीखो कोरोना से भी वो कहा से कहा चला गया और आज तुम वही पर ही हो।कुछ शर्म कर और दवा निकाल निकमो।😏😏😏😏😏,"Duba mero sale, sare experts or kuch seekho. Corona se vo kaha se kaha chala gaya aur aaj tum wahi par hi ho. Kuch shame karo aur dawa nikalo nikmo. 😏😏😏😏😏",train_quarantine,paraphrase,0.9239,0,0.95,0.9665,hard_aug
synth-train-3428-paraphrase,train,0,Beta tumhara mtlb hai desdrohi hai saala,देश द्रोही है साला,Desdrohi hai saala,train_quarantine,paraphrase,0.7298,0,0.9,0.9451,hard_aug
synth-train-3428-obfuscation,train,0,Desdrohi hai sala.a,देश द्रोही है साला,Desdrohi hai saala,train_quarantine,obfuscation,0.8111,0,0.9,0.9903,hard_aug
synth-val-479-paraphrase,train,0,"BJP ne gareeb janta ko marwaya, iska bhi likhna chahiye tha",गरीब जनता को मरवाये BJP ये भी लिखना चाहिए था,"Gareeb janta ko marwaye BJP, yeh bhi likhna chahiye tha",val_error,paraphrase,0.7932,0,0.85,0.065,hard_aug
synth-train-2698-paraphrase,train,1,Abe chayi bhi dooge to phir khud to chayi pi le,अबे चाय के भी करना था तो खुद तो चाय पी ले,Abe chai bhi karne wala tha to khud to chai pi le,train_error,paraphrase,0.5807,1,0.9,0.9672,hard_aug
synth-train-8483-obfuscation,train,0,"Bhai tu abhi baccha hai, samajh gaya warna b@dme tera dikkt ho jayega, soch samjhkar comment karo",भाई तू अभी बच्चा है समझ गया वरना बाद में तेरे को दिक्कत हो जाएगी सोच समझकर कमेंट किया कर,"Bhai tu abhi baccha hai, samajh gaya warna badme tera dikkt ho jayega, soch samjhkar comment karo",train_error,obfuscation,0.9723,0,0.8,0.926,hard_aug
synth-train-8483-contrastive,train,1,"Bhai tu abhi baccha hai, samajh gaya warna badme tera dikkt ho jayega, soch samjhkar comment mat karo",भाई तू अभी बच्चा है समझ गया वरना बाद में तेरे को दिक्कत हो जाएगी सोच समझकर कमेंट किया कर,"Bhai tu abhi baccha hai, samajh gaya warna badme tera dikkt ho jayega, soch samjhkar comment karo",train_error,contrastive,0.9821,1,0.9,0.2378,hard_aug
synth-train-10258-paraphrase,train,0,Gand ka matka hai tumhare,गांड का मटका,Gand ka matka,train_quarantine,paraphrase,0.7454,0,0.95,0.9943,hard_aug
synth-train-15884-paraphrase,train,0,Kisan nahi gaddar hai deesh ke,किसान नहीं गद्दार है देश के,Kisan nahi gaddar hai desh ke,train_quarantine,paraphrase,0.9493,0,0.8,0.0974,hard_aug
synth-train-6737-paraphrase,train,0,Isse behtar hai ke mar hi jao,इस से अच्छा है मर ही जाओ,Isse achha hai mar hi jao,train_quarantine,paraphrase,0.6615,0,0.95,0.7447,hard_aug
synth-train-6737-obfuscation,train,0,Isse acchha hain mar hi jao,इस से अच्छा है मर ही जाओ,Isse achha hai mar hi jao,train_quarantine,obfuscation,0.8468,0,0.9,0.4167,hard_aug
synth-val-4848-paraphrase,train,1,"Yeah bhn ne sahi krdiya, aapke clothes mein bhi isi tarah hai, high-fi log to ghar se nikalne ko hi phat jins pahntey hai 😂😂",बिल्कुल सही कहा बहन आपने कपड़ों में भी यहीं हाल है हाई-फाई लोग फटे जिंस पहनते हैं 😂😂,"Ye bahen ne bilkul sahi keh diya, aapke kapdon mein bhi yahan hi hua hai, high-fi log phat jins pahnte hain 😂😂",val_error,paraphrase,0.5981,1,0.9,0.9884,hard_aug
synth-val-4848-mix_hindi_heavy,train,1,"Ye bahin ne bilkul sahi keh diya, aapke kapdon mein bhi yahan hi hua hai, high-fi log phat jins pahnte hain 😂😂",बिल्कुल सही कहा बहन आपने कपड़ों में भी यहीं हाल है हाई-फाई लोग फटे जिंस पहनते हैं 😂😂,"Ye bahen ne bilkul sahi keh diya, aapke kapdon mein bhi yahan hi hua hai, high-fi log phat jins pahnte hain 😂😂",val_error,mix_hindi_heavy,0.977,1,0.9,0.9929,hard_aug
synth-train-19985-paraphrase,train,0,Tum randi se bhi kam dikh rahi ho,तुम रंडी से भी गए गुजरे दिख रही हो,Tum randi se bhi gaye gujare dikh rahi ho,train_quarantine,paraphrase,0.7842,0,0.95,0.9974,hard_aug
synth-val-4889-obfuscation,train,0,Aap bahut cut3 h0 isliye aapko e7es marate hain,आप बहुत खूबसूरत हैं इसीलिए आपको आंख मारते हैं,Aap bahut cute ho isliye aapko eyes marate hain,val_error,obfuscation,0.8308,0,0.85,0.1223,hard_aug
synth-val-4473-mix_hindi_heavy,train,1,"Maine apni suraksha me desh ke sabhi pradhanmantriyon se sabse jada kharcha kiya, SPG ke jawan par 600 crore kharcha hota hai 2020-21 me 592.55 crore kharche gaye jo agle saal ke mukabale 10% adhik hai. Saaf hai ki PM Modi ki suraksha par roz 1.62 crore kharch hota hai jabki unki suraksha ke liye crore kharch kare to phir bhi unhe apni suraksha me weakness lag raha hai aur unke apne desh me apni jan ka khatra bata raha hai. Yeh to failure PM hai unhe apne post se istifaa dena chahiye.","अपनी सुरक्षा में देश के सभी प्रधानमंत्रियों से सबसे ज्यादा खर्च करने वाला प्रधानमंत्री मोदी फिर बोलता है जान का खतरा  पीएम मोदी की सुरक्षा में लगे SPG जवानो पर खर्च होते करीब 600 करोड़   2020-21 के बजट में SPG के लिए 592.55 करोड़ दिए गए थे,पिछले वित्त वर्ष यानी 2019-20 के मुकाबले यह रकम 10% ज्यादा थी। साफ है कि पीएम मोदी की सुरक्षा पर रोज करीब 1.62 करोड़ रुपए खर्च होते हैं जब एक प्रधानमंत्री अपनी सुरक्षा के लिए रोज करोड़ों रुपए खर्च कर सकता है उस देश की जनता जो भूख से मर रही है रोजगार भी नहीं है और प्रधानमंत्री अपनी सुरक्षा में करोड़ों रुपए खर्च कर देते हैं और फिर भी उन्हें अपनी सुरक्षा में कमजोरी नजर आई और और अपने देश में ही अपनी जान को खतरा बता रहा है तो यह प्रधानमंत्री नाकाम प्रधानमंत्री है इसे अपने पद से इस्तीफा दे देना चाहिए","Maine apni suraksha ke liye sabse jada paise khaaye, maine SPG ke jawan ke liye 600 crore kharcha kiya, 2020-21 me 592.55 crore diye gaye jo pehle saal ke mukabale 10% jada hai. Saaf hai ki PM Modi ke suraksha par roz 1.62 crore rupees khar",val_error,mix_hindi_heavy,0.9216,1,0.85,0.8979,hard_aug
synth-train-7015-mix_hindi_heavy,train,1,"Sala ke pahle din hi aisi ghantna ho gayi, ab kya kya ho jayega 😥🥺🥺🥺😳😳",साल के पहले दिनों में ऐसी घटनाएं हो गई अभी और क्या क्या होगा 🥺🥺🥺🥺🥺😳😳😳,"Sala ke pehle din hi aisi ghatna ho gayi, ab kya kya ho jayega 😥🥺🥺🥺😳😳",train_error,mix_hindi_heavy,0.9341,1,0.9,0.6816,hard_aug
synth-train-12546-paraphrase,train,1,Kanddi wale ki khaansi to badi gari ho jayegi,कंजडी वाड की खांसी बड गरी होगी,Kanddi wale ki khaansi badi gari hogi,train_error,paraphrase,0.8409,1,0.8,0.9634,hard_aug
synth-val-3536-contrastive,train,1,"Kaddu jab itna bada to socho, Loki kitni bada hogi, Buraj Khalifa se bhi bada hogi.",कद्दू जब इतना बड़ा तो सोचो लोकी कितनी बड़ी होगी बुराज खलीफा से भी बड़ी होगी 🤔,"Kaddu jab itna bada to socho, Loki kitni bada hogi, Buraj Khalifa se bhi bada hogi 🤔",val_error,contrastive,0.9791,1,0.9,0.0137,hard_aug
synth-val-3577-paraphrase,train,1,"Ekaar ek gade ki aankh mei chot lag gai, gade ka malik dawa leke aya, gade ne socha ki malik uski aankh fodna chahta hai to usne dawa ke bottle ko dula diya, phir malik ne gade ko wapis chod diya. Note = Iska kisi bhi bill ya kisan case se lena dena nahi hai hehehe","एक बार एक गधे की आंख में चोट लग गई गधे का मालिक दवा लाया, गधे ने सोचा मालिक उसकी आंख फोड़ना चाहता है तो उसने दावा की बोतल को दुलाती मार कर दवा गिरा दी, अब मलिक ने गधे को उसकी हालत पर छोड़ दिया  नोट = इसका कृषि कानून बिल से कोई लेना देना नही है😀😀😀","Ek baar ek gade ki aankh mein chot lag gayi gade ka malik dawa laya, gade ne socha malik uski aankh fodna chahta hai to usne daava ki botel ko dulati mar kar dawa gira di, ab malik ne gade ko uski haalat par chhoda diya. Note = Yeh ka kisan",val_error,paraphrase,0.8282,1,0.95,0.9928,hard_aug
synth-train-9236-paraphrase,train,0,Teri ma-baap ki bhai nahi hai ki itna hila hila ke badnam kar rahi hai,तेरे मां बाप भाई नहीं है क्या जो इतना हिला हिला कर बदनाम कर रही है,Teri ma baap bhai nahi hai jo itna hila hila kar badnam kar rahi hai,train_quarantine,paraphrase,0.8572,0,0.95,0.9965,hard_aug
synth-train-9236-mix_english_heavy,train,0,Teri maap bhai nahi hai jo itna much hype create karke bad fame de rahi hai. Teri family itna drama nahi chahiye.,तेरे मां बाप भाई नहीं है क्या जो इतना हिला हिला कर बदनाम कर रही है,Teri ma baap bhai nahi hai jo itna hila hila kar badnam kar rahi hai,train_quarantine,mix_english_heavy,0.5938,0,0.95,0.9645,hard_aug
synth-val-6636-paraphrase,train,0,"Chalo, is se zyada chor ki life to ban gyi, baqi logo ko to vaise bhi puri life rote rho.","अच्छा हुआ , इस सादी से चोर की लाइफ तो बन गई यार बाकी इनको तो अब वैसे भी पूरी लाइफ रोना ही है","Accha hua, is saadi se chor ki life to ban gayi yaar, baaki inko to ab vaise hi puri life royna hi hai.",val_error,paraphrase,0.6158,0,0.85,0.122,hard_aug
synth-val-6636-obfuscation,train,0,"Accha hua, is saadi se chor kI life to ban gayI yaar, baaki inko to ab vaise hi puri life ron@ hi hai.","अच्छा हुआ , इस सादी से चोर की लाइफ तो बन गई यार बाकी इनको तो अब वैसे भी पूरी लाइफ रोना ही है","Accha hua, is saadi se chor ki life to ban gayi yaar, baaki inko to ab vaise hi puri life royna hi hai.",val_error,obfuscation,0.9648,0,0.85,0.2669,hard_aug
synth-train-2028-paraphrase,train,0,"Ai juth h, soch hi na soche wale nahi hotey, negative baate chutti rehete hain.",ऐ जूठ हे  सब  सडेल सोच वाले नहीं होते  नेगेटिव बातें चुभती है,"Ai jooth hai, sab kucch nahi sochne wale nahi hota, negative baatein chutti hai",train_error,paraphrase,0.649,0,0.85,0.7525,hard_aug
synth-train-11573-paraphrase,train,0,Agr kisi ladki ko pkiya dena ho to uski behen ko chodo? Yep,किसी लड़की को सजा देनी हाेतो उसकी बहन से लव करो?ok,Kisi ladki ko saza deni hota to uski behen se love karo? ok,train_quarantine,paraphrase,0.5558,0,0.95,0.994,hard_aug
synth-train-11573-obfuscation,train,0,Kisi ladki ko saza deni hota to uski be@hen se l.ve karo? ok,किसी लड़की को सजा देनी हाेतो उसकी बहन से लव करो?ok,Kisi ladki ko saza deni hota to uski behen se love karo? ok,train_quarantine,obfuscation,0.9106,0,0.9,0.0462,hard_aug
synth-val-3118-obfuscation,train,0,"50% ladki sharaab piti hai, jyada d00r mat jana, apne pa.dos me dekh lo, Delhi me bevori bhi milegi aur bhol3 baba ki ch3li bhi milegi",50% लड़की शराब पीती हैं ज्यादा दूर मत जाना अपने पड़ोस में देख लो दिल्ली में बेवड़ी भी मिलेगी और भोले बाबा की चेली भी मिलेगी,"50% ladki sharaab piti hai, jyada door mat jana, apne pados me dekh lo, Delhi me bevori bhi milegi aur bhola baba ki cheli bhi milegi",val_error,obfuscation,0.9288,0,0.85,0.0512,hard_aug
synth-train-15621-contrastive,train,1,"Sab bakwas hai, aage wale 10 saalon me BJP khatam ho jayega, jo janta ko prem sikhaega wahi desh par raj karega, unke logo ka saamna karega.",सब बकवास है अगले दस सालों में bjp खत्म हो जाएगी जो जनता को प्रेम सिखाएगा वही देश पर राज करेगा,"Sab bakwas hai, aage wale 10 saalon me BJP khatam ho jayega, jo janta ko prem sikhaega wahi desh par raj karega",train_quarantine,contrastive,0.9103,1,0.85,0.6856,hard_aug
synth-val-958-obfuscation,train,0,Ye R@nd D hai kya,ये र.. डी है क्या,Ye R... D hai kya,val_error,obfuscation,0.7059,0,0.9,0.0339,hard_aug
synth-train-19612-obfuscation,train,0,"Hum toh sabko chhodne ke kahate hai, S@lm@n, Sh@hrkh aur Amire wale ko sidhe fansi par l@tk@ do. Dese drohi s@la tein@ aur ek budhda J@ved L@vedi ke bhi t@ng hi do🙏🙏",हम तो कहते सब को छोड़ो सलमान शारूख और अमिरवा के सीधे फांसिए पर लटका दो।।देशद्रोही साला तीनों और एगो बुड्ढा जावेद लवेड के भी टांग ही दो🙏🙏,"Hum toh sabko chhodne ke kahate hai, Salman, Shahrukh aur Amire wale ko sidhe fansi par latka do. Dese drohi sala teeno aur ek budhda Javed Lavedi ke bhi tang hi do🙏🙏",train_quarantine,obfuscation,0.7932,0,0.95,0.0086,hard_aug
synth-train-16890-paraphrase,train,1,"Sale pagal hai, ye kisne banwaya hai yeh order. Agar main waha hota to meri hi jameen de deta lekin mandir na todna chahenge. Har har mahadev, jai hind, jai bharat, jai hindu.","साले पागल है ये किसने बनवाया है आदेश अगर मै उस जगह होता तो मै खुद की जमीन दे देता पर मन्दिर नहीं टुटने देता । हर हर महादेव , जय हिंद , जय भारत , जय हिंदू।","Sale pagal hai, ye kisne banwaya hai order. Agar main us jagah hota to main khud ki jameen de deta par mandir nahi tootne dete. Har har mahadev, jai hind, jai bharat, jai hindu.",train_error,paraphrase,0.866,1,0.9,0.9825,hard_aug
synth-val-2353-mix_hindi_heavy,train,1,Didi ko thandda nahi lag raha hai.,दीदी को ठंड नहीं लगी,Didi ko thanda nahi lag raha.,val_error,mix_hindi_heavy,0.828,1,0.95,0.0144,hard_aug
synth-train-9465-paraphrase,train,0,"Ye ladne wale Modi se kam hi ladne wale hai. Modi to har second mein krore paise insaan ke jeb se loot raha hai. Petrol ke rate badhakar, khane pine wala sab kuch dam badhakar, har cheez mei dam badhne ka insaaf karte raha hai.","यह लूटने वाले मोदी से कम ही लूटने वाले हैं। मोदी तो हर सेंकड में करोड़ों रुपया इंसान के जेब से लूट रहा है। पेटोल की कीमत बड़ा कर,खाने पीने की समान के दाम बड़ा कर हर चीज़ में दाम बड़ा कर","Ye lootne wale Modi se kam hi lootne wale hai. Modi to har second mein karoor rupee insaan ke jeb se loot raha hai. Petrol kee keymat badhakar, khane pine ke saman ke dam badhakar har cheez mein dam badhakar",train_quarantine,paraphrase,0.8182,0,0.85,0.6072,hard_aug
synth-val-348-mix_english_heavy,train,0,Cccccccckk#akgw# is a useless piece of SH*T. What a total failure!,सीसीसीसीसीसी kk#akgw#,Cccccccckk#akgw#,val_error,mix_english_heavy,0.6851,0,0.95,0.143,hard_aug
synth-train-11743-paraphrase,train,1,"Ab Congress wala saal janta ab anpadh nahi rehii. Bhecha bhecha kehkar kutta jaisa kitna bhi bhooko. Modi jo bhi karte hain, desh ki bhalai hoti hai, iska sab jante hain.","अब कांग्रेस कालिन जनता अनपढ और मूर्ख नही रही । बेचा बेचा कहकर कुत्तौ की तरह कितनाभी भौको । मोदी जो भी करते हैं , वह देश के विकास और जनता की भलाई होती है , यह बात लोग अच्छि तरह जानते हैं ।","Ab Congress kaalin janta anpadh aur mukh nahi rehii. Bhecha bhecha kehkar kutta ke tarah kitna bhi bhooko. Modi jo bhi karte hain, woh desh ke vikas aur janta ki bhalai hoti hai, yeh baat log achhi tarah jaante hain.",train_error,paraphrase,0.7995,1,0.85,0.9286,hard_aug
synth-train-11743-mix_hindi_heavy,train,1,"Ab Congress ke aalain janta anpadh aur mukh nahi rehii. Becha becha kehkar kutta ke tarah kitna bhi bhooko. Modi jo bhi karte hain, woh desh ke vikas aur janta ki bhalai hoti hai, yeh baat log achhi tarah jaante hain.","अब कांग्रेस कालिन जनता अनपढ और मूर्ख नही रही । बेचा बेचा कहकर कुत्तौ की तरह कितनाभी भौको । मोदी जो भी करते हैं , वह देश के विकास और जनता की भलाई होती है , यह बात लोग अच्छि तरह जानते हैं ।","Ab Congress kaalin janta anpadh aur mukh nahi rehii. Bhecha bhecha kehkar kutta ke tarah kitna bhi bhooko. Modi jo bhi karte hain, woh desh ke vikas aur janta ki bhalai hoti hai, yeh baat log achhi tarah jaante hain.",train_error,mix_hindi_heavy,0.9562,1,0.9,0.9946,hard_aug
synth-train-11758-obfuscation,train,0,"Aapka bol bahut kh@terana dikhta hai, ekb@r d@bake dekha hai ki sach m3n tight hai ya l00se hai, check karo meri u@p@ aur n3ech3 ki bina t3l lag@ ke 💋💋💋💋💋💋💋💋💋💋💋💋💋",आपका बोल बहुत खतरनाक दिखता है एकबार दबा के देखना है कि सच मे टाईट है की लुज है चेक करवाओगी मेरे से उपर और नीचे का बिना तेल लगा के💋💋💋💋💋💋💋💋💋💋💋💋💋💋,"Aapka bol bahut khaterana dikhta hai, ekbar dabake dekhna hai ki sach mein tight hai ya loose hai, check karo meri upar aur neeche ki bina tel laga ke 💋💋💋💋💋💋💋💋💋💋💋💋💋",train_quarantine,obfuscation,0.887,0,0.95,0.942,hard_aug
synth-val-5915-paraphrase,train,0,GalatI shantidoot ki ni hai kyunki woh apni Quran par chal rhe. GalatI hinduon ki hai jo aankh hone ke bawjood andhe hai aur budhhi hone ke bawjood budhihin bne hue hai.,*🛑गलती शांतिदूत की नही है क्योंकि वह अपनी कुरान पर चल रहे है ।*  *गलती हिन्दुओं की है जो 🤨आँख होते हुऐ भी अंधे है और 🤔बुद्धि होते हुऐ बुद्धि हीन बने है*,GalatI shantidoot ki nahein hai kyunki woh apni Quran par chal rhe hai. GalatI hinduon ki hai jo aankh hote hue bhi andhe hai aur budhi hote hue bhi budhihin banaye hue hai.,val_error,paraphrase,0.7911,0,0.9,0.0959,hard_aug
synth-train-12607-paraphrase,train,1,"Khana sahib apni beti ko milne gaye to har mata-pita apni aulad ko milne hi jaati hain, agar koi gunah kiya hai to saza to kati hi padegi",खान साहब मिलने गए अपने बेटे को तो अपनी औलाद को हर माता-पिता मिलने जाते हैं गुनाह किया है तो सजा तो काटनी पड़ेगी,"Khana sahib milne gaye apne bete ko to apni aulad ko har mata-pita milne jaate hain, gunah kiya to saza to kaatni padegi",train_error,paraphrase,0.8008,1,0.9,0.3002,hard_aug
synth-val-5915-obfuscation,train,0,GalatI sh@ntidoot kI n@hein h@i kyunki woh @pni Qur@n pr chal rhe h@i. GalatI hinduon kI h@i jo @nk hote hue bhi @ndhe h@i @or budhI hote hue bhi budhIhin bn@e hue h@.,*🛑गलती शांतिदूत की नही है क्योंकि वह अपनी कुरान पर चल रहे है ।*  *गलती हिन्दुओं की है जो 🤨आँख होते हुऐ भी अंधे है और 🤔बुद्धि होते हुऐ बुद्धि हीन बने है*,GalatI shantidoot ki nahein hai kyunki woh apni Quran par chal rhe hai. GalatI hinduon ki hai jo aankh hote hue bhi andhe hai aur budhi hote hue bhi budhihin banaye hue hai.,val_error,obfuscation,0.711,0,0.9,0.138,hard_aug
synth-train-462-paraphrase,train,1,Ekdum gaon me bijlee aane wali thi... logo ke khush hone se nache lage! Ek kutta bhi nache laga...! Kisi ne pucha: tu kyun naach raha hai...? Kutte ne kaha: kambey to lagenge bhi yaar 😜😂,एक गाँव में बिजली आनी थी... लोग खुश होकर नाच रहे थे! एक कुत्ता भी नाचने लगा..!  किसी ने पूछा: तू क्यूँ नाच रहा है...? कुत्ता बोला: खंबे भी तो लगेंगे🤓🤓😂🤓🤓,Ek gaon me bijli aane wali thi... log khush hone se nache lage! Ek kutta bhi nache laga...! Kisi ne pucha: tu kyun naach raha hai...? Kutta bola: kambey to lagenge bhi yaar 😜😂,train_error,paraphrase,0.9225,1,0.95,0.3984,hard_aug
synth-train-15108-paraphrase,train,0,Chalta hu mere la.nd ke beej leke,चलता हु मेरे लं_ड के बाल,Chalta hu mere la.nd ke baal,train_quarantine,paraphrase,0.7986,0,0.95,0.0133,hard_aug
synth-train-462-mix_hindi_heavy,train,1,Ek gāv me bijli āni thi... log khush hone se nache lage! Ek kutta bhi nache la ga...! Kisi ne pūnā: tu kyūṁ nāc raha hai...? Kutta bola: kambey to lage bhi yār 😜😂,एक गाँव में बिजली आनी थी... लोग खुश होकर नाच रहे थे! एक कुत्ता भी नाचने लगा..!  किसी ने पूछा: तू क्यूँ नाच रहा है...? कुत्ता बोला: खंबे भी तो लगेंगे🤓🤓😂🤓🤓,Ek gaon me bijli aane wali thi... log khush hone se nache lage! Ek kutta bhi nache laga...! Kisi ne pucha: tu kyun naach raha hai...? Kutta bola: kambey to lagenge bhi yaar 😜😂,train_error,mix_hindi_heavy,0.8647,1,0.95,0.9394,hard_aug
synth-train-15108-obfuscation,train,0,Chalta hu mere l@nd ke baal,चलता हु मेरे लं_ड के बाल,Chalta hu mere la.nd ke baal,train_quarantine,obfuscation,0.8729,0,0.95,0.0151,hard_aug
synth-val-2583-paraphrase,train,1,Kale suit pahaney vale ko nazar kahan lagti hai yeh dekh lo,काले सूट पहनने वाले को नजर कहां लगती है,Kale suit pahane wale ko nazar kahan lagti hai,val_error,paraphrase,0.8365,1,0.9,0.9525,hard_aug
synth-val-2583-mix_hindi_heavy,train,1,Kale suit pahane wale ko nazar kahan lagti hai?,काले सूट पहनने वाले को नजर कहां लगती है,Kale suit pahane wale ko nazar kahan lagti hai,val_error,mix_hindi_heavy,0.9735,1,0.9,0.6877,hard_aug
synth-val-6046-obfuscation,train,0,Sab kuch to l@dki ka hi hai sirf f@ce hi b.dal diya hai,सब कुछ तो लड़की का ही है सिर्फ चेहरा ही बदला है,Sab kuch to ladki ka hi hai sirf face hi badal diya hai,val_error,obfuscation,0.8657,0,0.8,0.9333,hard_aug
synth-val-3802-paraphrase,train,1,Nehru ji ne wahi key di hai. 😂😂,नेहरू जी वह चाबी मुझे दे गए। 🤣🤣,Nehru ji wahi key mujhe di gayi. 🤣🤣,val_error,paraphrase,0.5885,1,0.95,0.36,hard_aug
synth-val-3802-mix_hindi_heavy,train,1,Nehru ji wahi kee mujhe diya gaya hai. 🤣🤣,नेहरू जी वह चाबी मुझे दे गए। 🤣🤣,Nehru ji wahi key mujhe di gayi. 🤣🤣,val_error,mix_hindi_heavy,0.7218,1,0.95,0.0349,hard_aug
synth-train-2490-paraphrase,train,0,"Aapko to pura pata hai apni chuuchhie ki durghatya, aap bahut badi randi ho, aapke bapko to daba hi rakhna hai tere upar",बहुत बड़ी रंडी हो आप आप का चूची बहुत बड़ा है लगता है आप का बाप दबाता है,"Aap bahut badi randi ho, aap ka chuuchi bahut bada hai lagta hai, aap ka bap daba raha hai",train_quarantine,paraphrase,0.6194,0,0.95,0.9975,hard_aug
synth-train-2490-obfuscation,train,0,"Aap bhut bdi randi ho, aap ka chuchi bhut bda h lagta h, aap ka bap daba rha h",बहुत बड़ी रंडी हो आप आप का चूची बहुत बड़ा है लगता है आप का बाप दबाता है,"Aap bahut badi randi ho, aap ka chuuchi bahut bada hai lagta hai, aap ka bap daba raha hai",train_quarantine,obfuscation,0.7372,0,0.95,0.9973,hard_aug
synth-val-5287-obfuscation,train,0,"He Ishwar ye kya h0 rahi hai, beti pita ke saath kis g@ne par d@nc3 karta hai, kuch t0 b@t@ bh@i!",हे ईश्वर यह क्या होने लग गया है बेटी पिता के साथ किस गानों पर डांस कर रही है,"He Ishwar ye kya ho raha hai, beti pita ke saath kis gane par dance karta hai, kuch toh bata bhai!",val_error,obfuscation,0.7779,0,0.85,0.7246,hard_aug
synth-train-9172-obfuscation,train,0,"He Bhgwan, khaan ho, in chori*n kI mt bhr*st h0 gai hai. Inh3 kuch s@dbuddh1 pradan kardo.","हे भगवान, कहां हो,  इन छोरियों की मति भ्रष्ट हो गई है। इन्हें कुछ सद्बुद्धि प्रदान करो।","He Bhagwan, kahan ho, in chorion ki mat bhrasht ho gayi hai. Inhe kuchh sadbuddhi pradan kardo.",train_quarantine,obfuscation,0.687,0,0.9,0.9963,hard_aug
synth-train-5642-mix_english_heavy,train,0,"Har-har Yogi ghar-ghar Yogi, totally fake and full of lies.",हर-हर योगी घर-घर योगी,Har-har yogi ghar-ghar yogi,train_error,mix_english_heavy,0.7751,0,0.8,0.9326,hard_aug
synth-train-18528-paraphrase,train,1,"Black jute aur pen le raha hai, apne to chappal me jada maza lega 😄😄",ब्लैक जूते और पैन लेते सर आप तो चप्पल पहन के मजा ले रहे हो 😀😀,"Black jute aur pen lete sar, aap to chappal pehne maza le raha hai 😄😄",train_error,paraphrase,0.7315,1,0.95,0.4147,hard_aug
synth-train-18528-mix_hindi_heavy,train,1,"Black jute aur pen lete sar, aap to chappal pehkar maza le raha hai 😄😄",ब्लैक जूते और पैन लेते सर आप तो चप्पल पहन के मजा ले रहे हो 😀😀,"Black jute aur pen lete sar, aap to chappal pehne maza le raha hai 😄😄",train_error,mix_hindi_heavy,0.9404,1,0.9,0.342,hard_aug
synth-train-16465-paraphrase,train,0,Bhindu khada hota hai aise video se,लण्ड खडा हो जाता है ऐसे विडीयो से,Lund khada hota hai aise video se,train_quarantine,paraphrase,0.8424,0,0.95,0.0247,hard_aug
synth-train-16465-obfuscation,train,0,Lund kh@da hota hai aise video se,लण्ड खडा हो जाता है ऐसे विडीयो से,Lund khada hota hai aise video se,train_quarantine,obfuscation,0.9189,0,0.95,0.0084,hard_aug
synth-train-14556-paraphrase,train,0,DP se normal post ko dekho toh pagal ho jayega?,डीपी से नार्रमल पोस्ट से पागल,DP se normal post se pagal ban jao toh kya?,train_quarantine,paraphrase,0.6401,0,0.85,0.3687,hard_aug
synth-train-14556-obfuscation,train,0,DP se normal post se pa.gal banao to kya?,डीपी से नार्रमल पोस्ट से पागल,DP se normal post se pagal ban jao toh kya?,train_quarantine,obfuscation,0.8335,0,0.8,0.0109,hard_aug
synth-train-688-obfuscation,train,0,"Sal@ s@kl@ bh@turuje jaisi h@i, aur 🤣🤣🤣🤣🤣😁😁😁🤣🤣🤣",साला सकल भठूरे जैसी हैँ और 🤣🤣🤣🤣🤣😁😁😁🤣🤣🤣,"Sala sakal bhathure jaisi hai, aur 🤣🤣🤣🤣🤣😁😁😁🤣🤣🤣",train_quarantine,obfuscation,0.6612,0,0.9,0.0226,hard_aug
synth-val-207-paraphrase,train,0,"Ha yeh pata chal chuka hai. Tanie apne gaon ka gunda hai. Paise byaj lena dena ka kaam karta tha. Jo nahi de raha hota uska fasal, khet, tractor aur ghar kabza kar leta tha. Aur marne peete rakhna common baat thi. Tabhi apne bhashan main kaha tha ki main sabko theek kar dunga.","हा यह स्पष्ट हो चुका है। टेनी अपने गांव का गुंडा है। पैसे ब्याज लेने देने का काम करता था। जो नही देता उसका फसल, खेत, ट्रैक्टर और घर कब्जा कर लेता था। और मारना पीटना सामान्य बात थी। तभीअपने भाषण में कहा था कि मैं सभी को ठीक कर दूँगा।","Ha yeh clear ho chuka hai. Tanie apne gaon ka gunda hai. Paise byaj lena dena ka kaam karta tha. Jo nahi deta uska fasal, khet, tractor aur ghar kabza kar leta tha. Aur marana peetana saman bati thi. Tabhi apne bhashan mein kaha tha ki main",val_error,paraphrase,0.9134,0,0.9,0.0247,hard_aug
synth-val-207-obfuscation,train,0,"Ha yeh cle@r ho chuka hai. Tanie apne gaon ka gunda hai. Paise byaj lena dena ka kaam karta tha. Jo nahi deta uska fasal, khet, tractor aur ghar kabza kar leta tha. Aur marana peetana saman bati thi. Tabhi apne bhashan mein kaha tha ki main sabko theek kar dunga.","हा यह स्पष्ट हो चुका है। टेनी अपने गांव का गुंडा है। पैसे ब्याज लेने देने का काम करता था। जो नही देता उसका फसल, खेत, ट्रैक्टर और घर कब्जा कर लेता था। और मारना पीटना सामान्य बात थी। तभीअपने भाषण में कहा था कि मैं सभी को ठीक कर दूँगा।","Ha yeh clear ho chuka hai. Tanie apne gaon ka gunda hai. Paise byaj lena dena ka kaam karta tha. Jo nahi deta uska fasal, khet, tractor aur ghar kabza kar leta tha. Aur marana peetana saman bati thi. Tabhi apne bhashan mein kaha tha ki main",val_error,obfuscation,0.9939,0,0.9,0.1594,hard_aug
synth-train-661-paraphrase,train,0,"Sofia Ansari ki dadi... ek raat ke 5 paise leti thi, maa ek raat ke 50 rupya leti thi, sofia ansari 500 leti hai aur sofia ansari ki hone wali ladki 5000 rupaye lagegi. bhai log ab se larki ki booking kar lo.","सोफिया अंसारी की दादी ...ऐक रात के 5 पैसे लेती थी,,, माँ ऐक रात के 50 रूपया ले तो थी,,,, सोफिया अंसारी 500 लेती है और सोफिया अंसारी की  होने वाली लड़की 5000 रुपये लगी।  भाई लोगों अभी से लड़की की बुकिंग कर लो।","Sofia Ansari ki dadi... ek raat ke 5 paisa leti thi, ma ek raat ke 50 rupya leti thi, sofia ansari 500 leti hai aur sofia ansari ki hone wali ladki 5000 rupaye lagegi. bhai log ab se larki ki booking kar lo.",train_quarantine,paraphrase,0.989,0,0.95,0.204,hard_aug
synth-train-661-obfuscation,train,0,"Sofia Ansari ki d@di... ek r@t ke 5 paise leti thi, m@ ek r@t ke 50 rupya leti thi, sofia ansari 500 leti hai aur sofia ansari ki hone wali l@di 5000 rupaye lagegi. bh@i log ab se l@ki ki booking kar lo.","सोफिया अंसारी की दादी ...ऐक रात के 5 पैसे लेती थी,,, माँ ऐक रात के 50 रूपया ले तो थी,,,, सोफिया अंसारी 500 लेती है और सोफिया अंसारी की  होने वाली लड़की 5000 रुपये लगी।  भाई लोगों अभी से लड़की की बुकिंग कर लो।","Sofia Ansari ki dadi... ek raat ke 5 paisa leti thi, ma ek raat ke 50 rupya leti thi, sofia ansari 500 leti hai aur sofia ansari ki hone wali ladki 5000 rupaye lagegi. bhai log ab se larki ki booking kar lo.",train_quarantine,obfuscation,0.907,0,0.95,0.7668,hard_aug
synth-train-19887-paraphrase,train,0,"Amitabh toh corona se mara nahi, abhi tak koi bhi celeb corona se mara nahi hai, kyunki logon ko darana hai, isliye fake news phelai ja rahi hai, or sarkar iska fayda utha rahi hai.","अमिताभ तो नही मरा कोरोना से , अभी तक कोई भी सेलिब्रेटी कोरोना से नही मरा क्यों ये सब लोगों को डराने के लिए अफवाह फैलाया जा रहा है, इसके आड़ में सरकार अपना फायदा निकाल लेगा","Amitabh toh nahi mara corona se, abhi tak koi bhi celebrity corona se nahi mara, kyunki ye sab logon ko darane ke liye afvaah phelai jaa raha hai, iske ad mein sarkar apna faida nikal lega",train_quarantine,paraphrase,0.723,0,0.85,0.5716,hard_aug
synth-val-2510-mix_hindi_heavy,train,1,Aaj se 1450 saal pehle betiyon ka janam hota tha to vo log betiyon ko jeenda jameen me dafna diya karte the. Phir jab hamare nabi yaani allah ke messenger aye to unhone betiyon ko bacana shuru kiya aur maan behen betiyon ko izzat di aur unhe unka haq de diya or maan behen betiyon ki izzat karna sikhaya. Ye kaam dunia me sabse pahle hamare nabi ne kiya hai. Is liye mere islam dharma pe mujhe farakar hai 💞🌹,आज से  1450 साल पहेले बेटीयों का जन्म होता था तो वो लोग बेटीयों को जींदा जमीन में दफना दिया करते थे फिर जब हमारे नबी याने अल्लाह के मेसेंजर आए तो उनहोंने बेटीयों बेटीयों को बचाना सुरु किया और माँ बहेन बेटीयों को इज्जत दी और उनहे उनका हक दिलाया ओर माँ बहेन बेटीयों की इज्जत करना सिखाया ये काम दुनिया में सबसे पहले हमारे नबी ने किया है इस लिए मुझे मेरे इसलाम धर्म पे फक्रहै 💞🌹,Aaj se 1450 saal pehle betiyon ka jnmat hota tha to vo log betiyon ko jeenda jameen me dafna diya karte the. Phir jab hamare nabi yane Allah ke messenger aaye to unhone betiyon ko bachana shuru kiya aur maan behen betiyon ko izzat di aur un,val_error,mix_hindi_heavy,0.9802,1,0.9,0.3864,hard_aug
synth-train-11635-paraphrase,train,0,"Tera papa kya karta hai, ghar ke ghisa hai ya kapade dho raha hai",तेरा बाप क्या करता है बरत घीसता है या कपडे धोता है,"Tera baap kya karta hai, ghar ke ghisa hai ya kapade dho raha hai",train_quarantine,paraphrase,0.938,0,0.9,0.9697,hard_aug
synth-train-19887-obfuscation,train,0,"Amitabh toh nahi m@ra coron@ se, @bhi tk koi bhi c3lebrity coron@ se nahi m@ra, kyuinki y3 s@b logon ko dr@ne ke lie @fvaah ph3l@i j@ r@h@ h@i, iske @d me sark@r @pna f@id@ nikal leg@","अमिताभ तो नही मरा कोरोना से , अभी तक कोई भी सेलिब्रेटी कोरोना से नही मरा क्यों ये सब लोगों को डराने के लिए अफवाह फैलाया जा रहा है, इसके आड़ में सरकार अपना फायदा निकाल लेगा","Amitabh toh nahi mara corona se, abhi tak koi bhi celebrity corona se nahi mara, kyunki ye sab logon ko darane ke liye afvaah phelai jaa raha hai, iske ad mein sarkar apna faida nikal lega",train_quarantine,obfuscation,0.6232,0,0.8,0.906,hard_aug
synth-train-5627-contrastive,train,0,"Abey, Pakistan wale, apni dharati ke neeche permanent bomb to nahi phod liye, jaao 72 houri ke paas aapko swagat hai 😂😂😂.",अबे कहीं पाकिस्तान वाले अपनी धरती के नीचे परमनु बम तो नहीं फोड़ लिए  जाओ 72 हूरो के पास आपका स्वागत है 😂😂😂,"Abey, Pakistan wale, apni dharati ke neeche permanent bomb to nahi phod liye, jaao 72 houri ke paas aapka swagat hai 😂😂😂",train_error,contrastive,0.966,0,0.9,0.9643,hard_aug
synth-train-9593-paraphrase,train,0,"Nahin koi majbur hai, nahin koi lachaar hai, rote rehna to aapki paidaai wali beejari hai.",ना कोई मजबूरी है ना कोई लाचारी है रोना तो आपकी पैदाइशी बीमारी है,"Nahin koi majbooori hai, nahin koi laachari hai, rona to aapki paideesi beemari hai",train_quarantine,paraphrase,0.7706,0,0.9,0.0195,hard_aug
synth-train-13156-paraphrase,train,0,"Teri abbu sayyad Gilani Allah ko pyaar ho gya, jashn manta ❤️ day 😹 😹 😹 😹 😹",तेरा अब्बू सय्यद गिलानी अल्लाह को प्यारा हो गया जश्न मना ❤️ डे😹😹😹😹😹,"Teri abbu sayyad Gilani Allah ko pyara ho gaya, jashn mana ❤️ day 😹 😹 😹 😹 😹",train_error,paraphrase,0.9174,0,0.85,0.858,hard_aug
synth-train-13752-paraphrase,train,0,Bahut hi dukh ki baat hai. Aaj ka best song hai. Aur ye specially un ladkiyon ke liye hai jo dusron ki izzat ni jaan. Phir achaanak kya hogaa jab papa ka dil roe. Phir ek vyatha hoti hai. Tab papa duhai karta hai. Bablu ki duaen leti jaye. Ja tuje pati beemaar mile. Maike ki kabhi na yad aaye. Sasaurl mein itni mar padaye. Aur ghar tatti se bhara hai. Gobar kodhe ki kami nahi. Aur ye hum nahi keh rahe hai... Papa duhai karta hai.,बहुत बहुत दुख की। बात है .आज का बेस्ट सॉन्ग.. और ए उन लड़कियों के लिए है.. जो दूसरों की इज्जत करना ना जानू.. फिर अचानक क्या होगा.. जब पापा का दिल रोएगा.. फिर एक विदाई होती है.. तब पापा दुहाई देता है.. बाबुल की दुआएं लेती जा.. जा तुझे पति बीमार मिले. मायके कि कभी ना याद आए.. ससुराल में इतनी मार पड़े.. और घर टट्टी यू से भरा हुआ.. गोबर कोड़े की कमी नहीं.. और यह हम नहीं कह रहे हैं... ए तो बाप दुहाई देता है,Bahut bahut dukh ki baat hai. Aaj ka best song hai. Aur ye specially un ladkiyon ke liye hai jo dusron ki izzat karna nahi jaante. Phir achanak kya hogaa jab papa ka dil roe? Phir ek vidadai hoti hai. Tab papa duhai karta hai. Bablu ki duae,train_error,paraphrase,0.9768,0,0.9,0.0494,hard_aug
synth-train-1326-paraphrase,train,1,"Bad quality ka virus hamare andar nahi hai, nahi to hum bhi sun lete",घटिया क्वालिटी के वायरस हमारे अंदर नहीं थे नहीं तो हम भी सुन लेते हैं,"Ghatiya quality ke virus hamare andar nahi the, nahi to hum bhi sun lete hain",train_error,paraphrase,0.8359,1,0.9,0.0167,hard_aug
synth-val-3939-paraphrase,train,0,"Anty aajao, aapko raat mei pass leke ag lai",आंटी आ जाओ आप पास आग रात में लाइए,"Anty aajao, aapko raat mei pass lai ke ag lai",val_error,paraphrase,0.9214,0,0.9,0.0115,hard_aug
synth-train-1326-mix_hindi_heavy,train,1,"Ghatiya quality ke virus hamare andar nahi the, nahi to hum bhi sun lete hain.",घटिया क्वालिटी के वायरस हमारे अंदर नहीं थे नहीं तो हम भी सुन लेते हैं,"Ghatiya quality ke virus hamare andar nahi the, nahi to hum bhi sun lete hain",train_error,mix_hindi_heavy,0.984,1,0.9,0.5012,hard_aug
synth-val-3939-obfuscation,train,0,"Anty aaj@o, aapko r@t mei pa$$ lai k3 ag liy3",आंटी आ जाओ आप पास आग रात में लाइए,"Anty aajao, aapko raat mei pass lai ke ag lai",val_error,obfuscation,0.6612,0,0.9,0.1567,hard_aug
synth-train-14314-contrastive,train,0,"Bolo do pagal, humein man mein na rakho kuch bhi.",बोल दो पागल हमें भी मन मैं ना राखिए कुछ भी।,"Bolo do pagal, humein bhi man mein na rakho kuch bhi.",train_error,contrastive,0.9512,0,0.85,0.2192,hard_aug
synth-val-539-contrastive,train,0,Beta bade haraam ho. 😁😁,बेटा बड़े हरामी हो 😁😁,Beta bade haraam ho 😁😁,val_error,contrastive,0.8891,0,0.9,0.9953,hard_aug
synth-train-2053-paraphrase,train,1,"Abhi Chhattisgarh mein Bhindy ki visa bhej do, Ambikapur wala village jeetne wala hai. Yeh to zor wali bhindy hai, nahi bhejo to soch le.",भिंडी की वीजा को अभी छत्तीसगढ़ में भेजा जाए विलेजअंबिकापुर क्या जोरदार भिंडी है नहींभेजिएगा तो सोच लीजिए,"Bhindy ki visa ko abhi Chhattisgarh mein bheja jaye, village Ambikapur ko jeetna padega. Bade zor wali bhindy hai. Nahi bhejoge to soch le.",train_error,paraphrase,0.7651,1,0.85,0.7489,hard_aug
synth-train-7564-paraphrase,train,0,Hame mil jayega burra.,हमको मिलेगा bur,Hame mil jayega bur,train_error,paraphrase,0.8804,0,0.85,0.3202,hard_aug
synth-train-7564-obfuscation,train,0,Hame mil j@yega b#r,हमको मिलेगा bur,Hame mil jayega bur,train_error,obfuscation,0.6842,0,0.85,0.0088,hard_aug
synth-train-8868-paraphrase,train,0,"Is tanashaah ko Bharat mein hona chahiye, jo log Modi se nakhush hain unhe khush rehne ki achchi chance milegi.",इस तानाशाह को भारत में होना चाहिए जो लोग मोदी जी से नाखुश हैं उन्हें खुश रहने का अच्छा मौका मिल जाता,"Is tanashaah ko Bharat mein hona chahiye, jo log Modi ji se nakhush hain unhe khush rehne ka achcha muka milti hai",train_error,paraphrase,0.8446,0,0.9,0.0151,hard_aug
synth-train-8868-obfuscation,train,0,"Is t@nash@h ko Bhar@t mein hona ch@hiye, jo log Modi ji se nakhush h@in unhe khush rehne k@ achcha muk@ milti h@i",इस तानाशाह को भारत में होना चाहिए जो लोग मोदी जी से नाखुश हैं उन्हें खुश रहने का अच्छा मौका मिल जाता,"Is tanashaah ko Bharat mein hona chahiye, jo log Modi ji se nakhush hain unhe khush rehne ka achcha muka milti hai",train_error,obfuscation,0.7658,0,0.9,0.0141,hard_aug
synth-train-15692-paraphrase,train,0,"Ab jake anand mila. ""Har jagah killers present hai, world me jeena tough ho raha hai","अब जा के आनंद मिला । ""हर जगह कातिल खडे है,    दुनिया मे जीना मुश्किल हो रहा है ""l","Ab ja ke anand mila. ""Har jagah killer khade hai, duniya me jeena mushkil ho raha hai",train_error,paraphrase,0.6953,0,0.85,0.0498,hard_aug
synth-val-3744-paraphrase,train,1,"Chote log kaise kaise video bana rhe ho, kya kya casam dete rehte ho hum dono",छोटे लोग कैसे कैसे वीडियो बनाते हो क्या क्या कसम देते रहता है हम दोनों,"Chote log kaise kaise video banate ho, kya kya kasam dete rehte ho hum dono",val_error,paraphrase,0.9373,1,0.9,0.8118,hard_aug
synth-val-3744-mix_hindi_heavy,train,1,"Chote log kaise kaise video banate ho, kasam kya kya de rhe ho hum dono",छोटे लोग कैसे कैसे वीडियो बनाते हो क्या क्या कसम देते रहता है हम दोनों,"Chote log kaise kaise video banate ho, kya kya kasam dete rehte ho hum dono",val_error,mix_hindi_heavy,0.9184,1,0.85,0.8265,hard_aug
synth-train-16620-paraphrase,train,0,"Bhagat Singh desh premi, sabke man me basate hain, is suar ke parchhai bhi shri Bhagat Singh par nahi padi chaiye","भगत सिंह देश प्रेमी ,सभी के मन में बसते हैं ,इस सुअर की परछाई भी  श्री भगत सिंह पर नही पड़नी  चाहिए","Bhagat Singh desh premi, sabke man me basate hain, is sur ki parchhai bhi shri Bhagat Singh par nahi padi chahiye",train_quarantine,paraphrase,0.951,0,0.95,0.0155,hard_aug
synth-train-16620-contrastive,train,1,"Bhagat Singh desh premi, sabke man me basate hain, is sur ki parchhai bhi shri Bhagat Singh par nahi padi chahiye.","भगत सिंह देश प्रेमी ,सभी के मन में बसते हैं ,इस सुअर की परछाई भी  श्री भगत सिंह पर नही पड़नी  चाहिए","Bhagat Singh desh premi, sabke man me basate hain, is sur ki parchhai bhi shri Bhagat Singh par nahi padi chahiye",train_quarantine,contrastive,0.9907,1,0.95,0.0425,hard_aug
synth-val-338-paraphrase,train,0,"Ram bhakts na dream about jangre mein band karna, kyunki ham wahi adharmik sher hain jo jiski bhi shikar karte hain to uski jism to rooh bhi kamp jata hai 😎 Jai Jai Shree Ram 🚩🙏",राम भक्तों को जंजीरों में कैद करने का**  सपना मत देखो** * क्योंकि हम वह आदमखोर शेर हैं ** कि हम जिस का भी शिकार करते हैं **   उसका जिस्म क्या उसका रूह भी  कांप जाती हैं😎   जय जय श्री राम🚩🙏,"Ram bhakton ko janjiron mein kaadne ka sapna mat dekho, kyunki hum wahi adamkhore sher hain ki hum jiski bhi shikar karte hain to uska jism kya uska rooh bhi kaam jati hai 😎 Jay jay shri Ram 🚩🙏",val_error,paraphrase,0.6882,0,0.85,0.0331,hard_aug
synth-train-2033-paraphrase,train,0,"Bhosdk, kutti bhi hai yaar.",कुत्ता भी है,Kutta bhi hai,train_quarantine,paraphrase,0.5665,0,0.9,0.9965,hard_aug
synth-val-338-obfuscation,train,0,"Ram bhakton ko janjiron mein k@dn3 ka s@pna m@t d3kh0, kyun3ki hm wahi @d@mkhor3 sh3r h@in3 ki hm jiski bhi shik@r krte h@in3 to usk@ jism kya usk@ r00h bhi k@am j@ti h@i 😎 J@y j@y shri R@M 🚩🙏",राम भक्तों को जंजीरों में कैद करने का**  सपना मत देखो** * क्योंकि हम वह आदमखोर शेर हैं ** कि हम जिस का भी शिकार करते हैं **   उसका जिस्म क्या उसका रूह भी  कांप जाती हैं😎   जय जय श्री राम🚩🙏,"Ram bhakton ko janjiron mein kaadne ka sapna mat dekho, kyunki hum wahi adamkhore sher hain ki hum jiski bhi shikar karte hain to uska jism kya uska rooh bhi kaam jati hai 😎 Jay jay shri Ram 🚩🙏",val_error,obfuscation,0.5856,0,0.95,0.012,hard_aug
synth-train-2033-obfuscation,train,0,Ku.tta bhi h@i,कुत्ता भी है,Kutta bhi hai,train_quarantine,obfuscation,0.593,0,0.95,0.0477,hard_aug
synth-train-9916-paraphrase,train,0,"Ye kaal wala log hai, kaal to kha jata hai, kya kr skte hai, boht dukhki baat hai",ये काल लोक है काल तो खा जाता है क्या करे बहुत दूख की बात है,"Ye kaal lok hai, kaal toh kha jata hai, kya karaye, bahut dukh ki baat hai",train_error,paraphrase,0.777,0,0.85,0.973,hard_aug
synth-train-9916-obfuscation,train,0,"Ye k@l l0k hai, k@l t0h kh@ j@t@ hai, kya k@rAye, b@hut dukh kI b@t hai.",ये काल लोक है काल तो खा जाता है क्या करे बहुत दूख की बात है,"Ye kaal lok hai, kaal toh kha jata hai, kya karaye, bahut dukh ki baat hai",train_error,obfuscation,0.5756,0,0.8,0.0636,hard_aug
synth-train-1685-obfuscation,train,0,"Saram karo behn@,","सरम करो बहनों,,","Saram karo behno,",train_error,obfuscation,0.8235,0,0.9,0.0146,hard_aug
synth-train-1429-paraphrase,train,0,Vaise bhi wo gand hai,वैसे भी गंदी है,Vaise bhi gandi hai,train_quarantine,paraphrase,0.7509,0,0.95,0.997,hard_aug
synth-train-1429-obfuscation,train,0,Vaise bhi g@ndi h@i,वैसे भी गंदी है,Vaise bhi gandi hai,train_quarantine,obfuscation,0.6842,0,0.95,0.0202,hard_aug
synth-train-11048-mix_hindi_heavy,train,1,"Pura wakt kame hi nikal doge to rest kabhie karo ge, sharir jab sukh se rhega tab agle ka sukh prapt hoga.",पूरा वक्त काम में ही निकाल दोगे तो रेस्ट कब करोगे शरीर जब सुख से रहेगा तभी ना आगे का सुख प्राप्त होगा,"Pura wakt kam mein hi nikal doge toh rest kab karo ge, sharir jab sukhe se rehenga tab na agle ka sukha prapt hoga",train_error,mix_hindi_heavy,0.8124,1,0.95,0.9692,hard_aug
synth-train-10231-mix_hindi_heavy,train,1,"Shir mein jahan bale gir jaaye wahan lahsun aur jaiphal pis kar pani dene se paste banaaye aur lagaye, adha ghanta baad dho daalne. 2-3 mahine mein gande bale uge jaate hain.",शिर में जहाँ बाल गिर जाए वहाँ लं और जायफल पिसकर पानी देकर पेस्ट बनाये और लगाये आधा घंटा बाद धो डालें.2/3 माहिने में घने बाल उग जाती है.,"Shir mein jahan bale gir jaaye wahan lahsun aur jaiphal pis kar pani dekar paste banaaye aur lagaye, adha ghanta baad dho daalne. 2-3 mahine mein gande bale uge jaate hain.",train_error,mix_hindi_heavy,0.9765,1,0.95,0.6165,hard_aug
synth-val-2737-paraphrase,train,1,Kya ye bomb Paksitton se aaya hai to hum gye kyaam se.,कया ये बम पाकिस्तान से आ रहा है तो हम गये काम से।,Kya ye bomb Pakistan se aaya hai to hum gaye kyaam se.,val_error,paraphrase,0.8594,1,0.8,0.0898,hard_aug
synth-train-12543-obfuscation,train,0,E bakw@s ang prad@rshan karna sh@rm nahi aati hai,ई बकवास अंग प्रदर्शन करने में शर्म नहीं आती है,E bakwas ang pradarshan karna sharam nahi aati hai,train_quarantine,obfuscation,0.7924,0,0.9,0.0185,hard_aug
synth-train-13915-paraphrase,train,0,"Woh moti kya dance kr rahi hai na, chup-chup me?",वाह मोटी क्या नाच रही है चुप चुप के,Wah moti kya naach rahi hai chup chup ke,train_quarantine,paraphrase,0.6005,0,0.9,0.0239,hard_aug
synth-train-13915-obfuscation,train,0,Wah m@ti kya naach rahi hai chup chup ke,वाह मोटी क्या नाच रही है चुप चुप के,Wah moti kya naach rahi hai chup chup ke,train_quarantine,obfuscation,0.9375,0,0.8,0.0927,hard_aug
synth-train-6267-paraphrase,train,1,"Chalo kisi ladki ne larkon ki god ko samajha, very well said aapne",चलो किसी लड़की ने  लड़कों की भगवान को समझा सही कहा आपने,"Chalo kisi ladki ne ladkon ki bhagwan ko samajha, sahi kaha aapne",train_error,paraphrase,0.7137,1,0.9,0.2301,hard_aug
synth-train-6267-mix_hindi_heavy,train,1,"Chalo kisi ladki ne ladkon ki bhagwan ko samjha, sahi kaha aapne",चलो किसी लड़की ने  लड़कों की भगवान को समझा सही कहा आपने,"Chalo kisi ladki ne ladkon ki bhagwan ko samajha, sahi kaha aapne",train_error,mix_hindi_heavy,0.969,1,0.9,0.9452,hard_aug
synth-train-7206-paraphrase,train,0,Chodna mat chhodna ☺️,चो*दे छोडना मत ☺️,Choda na mat chhodna ☺️,train_quarantine,paraphrase,0.9005,0,0.9,0.0299,hard_aug
synth-val-4632-contrastive,train,0,"Congressi kuttiya tu kya setkaranch naav gheun Modi ko badnam karta hai bhadiya, tu to pappu mootr piyara he bolu sakta nahi, isliye shetkaranch naav gheun Modi ko badnam karta hai bhadiya. Agar maine apani baat karni hai to mere samne aao, guhaane bhari chappal teri thobadat de doonga, kuttiya sala.","अरे कोंग्रेसी कुत्र्या तू काय सेटकार्यंच नाव घेऊन ,मोदीना बदनाम करतोय भाडया, तुलाही माहित आहे ते पंजाब मधले आंदोलन कारी सर्व खालिस्तानी आहे ,पन तू पप्पू मूत्र पिनारा हे बोलू शकत नाहि म्हणून शेतकर्यंच नाव घेऊन मोदीना बदनाम करतोय भाडया, जर माझ्या समोर आलाना  गूहाने भररीली चप्पल तुज़्या थोबाद्यत देईल,  कुत्र्या साला","Congressi kuttiya tu kya setkaranch naav gheun Modi ko badnam karta hai bhadiya, tu to pappu mootr piyara he bolu sakta nahi, isliye shetkaryanch naav gheun Modi ko badnam karta hai bhadiya. Agar maine apani baat karni hai to mere samne aao",val_error,contrastive,0.9955,0,0.95,0.9965,hard_aug
synth-train-7206-obfuscation,train,0,Chod@ na mat chhodna ☺️,चो*दे छोडना मत ☺️,Choda na mat chhodna ☺️,train_quarantine,obfuscation,0.8966,0,0.9,0.4308,hard_aug
synth-val-4169-paraphrase,train,1,"Arey, toh kaisi video mein download hoti hai jab aap itna mast khana banti ho?",अरे बहुत मस्त खाना बनाती है तो कैसी वीडियो में डाउनलोड की जाती है,"Arey, bahut mast khana banti hai toh kaisi video mein download hoti hai?",val_error,paraphrase,0.8217,1,0.95,0.0242,hard_aug
synth-val-4169-mix_hindi_heavy,train,1,"Arey, tumne bahut mast khana banakar toh kisi video ko download kaise karta hai?",अरे बहुत मस्त खाना बनाती है तो कैसी वीडियो में डाउनलोड की जाती है,"Arey, bahut mast khana banti hai toh kaisi video mein download hoti hai?",val_error,mix_hindi_heavy,0.671,1,0.95,0.3659,hard_aug
synth-train-15388-mix_hindi_heavy,train,1,Bhai jo gande comments karte hai unke video bana ke do de tu,भाई जो गंदे कमेंट करते हैं करने दे तू बना वीडियो,Bhai jo gande comments karte hai unhe video bana ke de de tu,train_error,mix_hindi_heavy,0.9163,1,0.85,0.9759,hard_aug
synth-train-14703-contrastive,train,0,Bains ki puncch toot gayi toh police ko complain karo.,भैंस की पूंछ टूट गई तो,Bains ki puncch toot gayi toh,train_error,contrastive,0.7547,0,0.85,0.3144,hard_aug
synth-val-305-paraphrase,train,0,Pappu tumhara Akhilesh Yadav,बाप तुम्हारा अखिलेश यादव,Bhai tumhara Akhilesh Yadav,val_error,paraphrase,0.8001,0,0.8,0.0057,hard_aug
synth-train-13866-paraphrase,train,0,"Goli chalana 💥 har kisi ke bas mei nahi hota. Tiger ko pakadna aur jisme akar ho, usi logo ke goli chal sakti hain. Aisa nahi hota. Sajna, aapko pata hai? 😎",गोली 🔫चलाना💝 हर 👐किसी 💛के बस😏 की 💚बात 👊नहीं👎 💜✌tiger👍 पर 💙पकड़ ✊और👊 सीने💪 में 💟अकड़ 😎होनी😌 चाहिये👊😉😎↩❗❗⭐,"Goli chalana 💥 har kisi ke bas ki baat nahi hai. Tiger ko pakadna aur jisme akar ho, wahi log goli chal sakte hain. Aisa nahi hota. Sajna, aapko pata hai? 😎",train_error,paraphrase,0.9,0,0.85,0.387,hard_aug
synth-val-305-obfuscation,train,0,Bhai tu.mhara Akhilesh Yadav,बाप तुम्हारा अखिलेश यादव,Bhai tumhara Akhilesh Yadav,val_error,obfuscation,0.9092,0,0.8,0.0051,hard_aug
synth-train-5396-obfuscation,train,0,Kutta Ya.dav ke naam par kalank ho,कुत्ता यादव के नाम पर कलंक हो,Kutta Yadav ke naam par kalank ho,train_quarantine,obfuscation,0.9255,0,0.9,0.9743,hard_aug
synth-train-11033-paraphrase,train,0,Are pagal hai tu?,पागल हे तू,Pagal hai tu,train_quarantine,paraphrase,0.7702,0,0.8,0.9961,hard_aug
synth-val-933-paraphrase,train,0,xxxnx karna yai wala ka 😍😍🥰,😍😍😍🥰 xxxnx करायला येऊ का😍😍😍,xxxnx karna yeh wala ka 😍😍😍🥰,val_error,paraphrase,0.8476,0,0.95,0.9925,hard_aug
synth-val-2713-obfuscation,train,0,Kam se kam k@ne k@ bhi nahi h@i,कम से कम काने को नहीं है,Kam se kam kane ko bhi nahi hai,val_error,obfuscation,0.7729,0,0.85,0.0259,hard_aug
synth-train-15939-obfuscation,train,0,Aaj 74 saal baad bhi G@ndhiji ko taaliyon mein aur Godse ko g@_liyon mein yaad kiya ja raha hai...🤫,आज 74 साल बाद भी गांधी जी को तालियों में और गोड़से को गा_लियों में याद किया जाता है...🤫,Aaj 74 saal baad bhi Gandhiji ko taaliyon mein aur Godse ko ga_liyon mein yaad kiya ja raha hai...🤫,train_error,obfuscation,0.938,0,0.85,0.1037,hard_aug
synth-train-5472-paraphrase,train,0,Send kardo bahan ko meri laund hai bhi teri bahan ke liye sona hai,बहन को भेज देना मेरा लंड भी तेरी बहन के लिए सोना है,Bahan ko bhejna meri land bhi teri bahan ke liye sona hai,train_quarantine,paraphrase,0.8317,0,0.95,0.0423,hard_aug
synth-train-5472-obfuscation,train,0,Bahan ko bhejna meri l@nd bhi teri bahan ke lye sone hai,बहन को भेज देना मेरा लंड भी तेरी बहन के लिए सोना है,Bahan ko bhejna meri land bhi teri bahan ke liye sona hai,train_quarantine,obfuscation,0.8876,0,0.95,0.8532,hard_aug
synth-train-14802-obfuscation,train,0,Sabka apna alag-alag mahatva hota hai. G@ddha agar ghorde par baith jaye to doliya aur doliya g@ddhe par baith jaye to dhobhi kehla jaye.,सबका अपना अलग-अलग महत्व होता है। गधा अगर घोड़े पर बैठ जाये तो दूल्हा और दूल्हा गधे पर बैठ जाते तो धोबी कहलाता है।,Sabka apna alag-alag mahatva hota hai. Gaddha agar ghorde par baith jaye to doliya aur doliya gaddhe par baith jaye to dhobhi kehla jaye.,train_quarantine,obfuscation,0.9476,0,0.9,0.5913,hard_aug
synth-train-13729-paraphrase,train,0,"3rd number ka goli 5th me mar jaye, marj ho gayin",3 नम्बर गोली 5 नम्बर मे जा कर marj हो गईं है,"3 number goli 5 number me mar jaye, marj ho gayin hai",train_quarantine,paraphrase,0.7772,0,0.85,0.0145,hard_aug
synth-val-2213-obfuscation,train,0,"#Suno p@gli, main se #shadi kar le #r@ni 👸b@n ke #rhegi, w@rna #zindagi_bh@rr 👉#s@rk@ri n@l 🚰 pe #p@ni bh@rte rhege !! 🤣🤣🤣🤣🤣🤣🤣","#सुन_ पगली, मुझसे 💃🕺#शादी कर ले #रानी 👸बन के #रहेगी, वर्ना #ज़िन्दगी _भर 👉#सरकारी नल🚰 पे #पानी भरते रहेगी !! 🤣🤣🤣🤣🤣🤣🤣","#Suno pagli, main se #shadi kar le #rani 👸ban ke #rahegi, warna #zindagi_bharr 👉#sarkari nal 🚰 pe #pani bharte rahenge !! 🤣🤣🤣🤣🤣🤣🤣",val_error,obfuscation,0.7355,0,0.85,0.2517,hard_aug
synth-val-1616-mix_hindi_heavy,train,1,Teacher (baccho se) behen apni punch kyun hilaati hai? Bachcha teacher se kyunki punch behen ko nahi hila skti hai?,👩‍🏫‍  टीचर (बच्चा से) भैंस अपनी पुंछ क्यों🤔                                    हिलाती है|🤔         बच्चा 👩‍🎓 (टीचर से) क्योंकी पुंछ भैंस को नही                           हिला सकती है|                                     🤣🤣🤣🤣,Teacher (bachche se) behen apni punch kyun hilaati hai? Bachcha teacher se kyunki punch behen ko nahi hila sakti hai?,val_error,mix_hindi_heavy,0.9598,1,0.9,0.7495,hard_aug
synth-val-340-paraphrase,train,1,"Gareeb log bhi kuchh paisa kamaye, sarkar to inkom tax se le hi legi",गरीबों को भी कुछ पैसा कमाने दो सरकार तो इनकमटैक्स से कमा लेगा,"Gareebon ko bhi kuch paisa kamane do, sarkar to inkomtax se kam le legi",val_error,paraphrase,0.7252,1,0.9,0.1829,hard_aug
synth-val-340-mix_hindi_heavy,train,1,"Gareebon ko kuch paisa kamane do, sarkar to inkom tax se kam legi",गरीबों को भी कुछ पैसा कमाने दो सरकार तो इनकमटैक्स से कमा लेगा,"Gareebon ko bhi kuch paisa kamane do, sarkar to inkomtax se kam le legi",val_error,mix_hindi_heavy,0.9055,1,0.9,0.7509,hard_aug
synth-train-14271-obfuscation,train,0,"Khud k@ b@nao n@, d@am h@i shayri likhne k@","खुद का बनाओ ना, दम है शायरी लिखने का","Khud ka banao na, dam hai shayri likhne ka",train_error,obfuscation,0.5592,0,0.85,0.0135,hard_aug
synth-train-8812-obfuscation,train,0,Number 1 Indi@ k1 sabse badi aur g@ndi soch rakhne w@le log0n k1 soch k1 bja se,Number 1 इंडिया की सबसे बड़ी और गटिया सोच रखने वाले लोगी की सोच की बजा से,Number 1 India ki sabse badi aur gandi soch rakhne wale log ki soch ki baja se,train_quarantine,obfuscation,0.6577,0,0.85,0.0129,hard_aug
synth-train-5906-obfuscation,train,0,Sala meri s@pon mein to chud@il dikhti h@i 😂😃😃😃,साला मेरे सपनो में तो चुडैल दिखती है 😂😃😃😃,Sala meri sapnon mein to chudail dikhti hai 😂😃😃😃,train_quarantine,obfuscation,0.7924,0,0.85,0.9924,hard_aug
synth-train-5888-paraphrase,train,0,"Beta, bas akele hi nahi jayege, pata hai tu kya hai?",बेटा बस अकेले नहीं मिल जाना,"Beta bas akele nahi mil jana, pata hai tu kya hai?",train_error,paraphrase,0.7967,0,0.85,0.1481,hard_aug
synth-train-5888-obfuscation,train,0,"Beta bas @kale nahi mil j@na, pata h@i tu ky@ h@i?",बेटा बस अकेले नहीं मिल जाना,"Beta bas akele nahi mil jana, pata hai tu kya hai?",train_error,obfuscation,0.6317,0,0.85,0.0227,hard_aug
synth-train-14953-contrastive,train,1,"Hi Priyanka ji, hey for you from my side",हाय प्रियंका जी आपके लिए मेरी तरफ से हाय,"Hi Priyanka ji, hye for u from my side",train_error,contrastive,0.8208,1,0.95,0.0068,hard_aug
synth-val-2487-paraphrase,train,1,Inka pura jism hi marbel jaisa hai,इनका पूरा जिस्म ही संगमरमर के जैसा है,Inka pura jism hi marble jaisa hai,val_error,paraphrase,0.8824,1,0.9,0.9853,hard_aug
synth-train-1583-obfuscation,train,0,"Take it slow slow, l@ le pani mein!",पानी में ले ले जरा धीरे धीरे से लेना,"Take it slow slow, le le pani mein!",train_error,obfuscation,0.9312,0,0.85,0.0348,hard_aug
synth-train-6861-obfuscation,train,0,"Ab isko main Sunn*y Lione ki g@ru bol sakti hoon, bol lo bhai log s@hi kya g@lt keh rahe hain",अब इसको मैं सनी लियोन की गुरु बोल सकता हूं बोलो भाई लोग सही कहा या गलत,"Ab isko main Sunny Leone ki guru bol sakti hoon, bol lo bhai log sahi kya galt keh rahe hain",train_error,obfuscation,0.8572,0,0.85,0.028,hard_aug
synth-train-4831-mix_hindi_heavy,train,1,Arey yeh chaddi to baa dikh ke.,अरे ये चड्डी तो बा ध के,Arey ye chaddi to baa dikh ke,train_error,mix_hindi_heavy,0.8671,1,0.8,0.9933,hard_aug
synth-val-18-paraphrase,train,0,"Aapko pata hai chedna kise hota hai, bahun mein bhare chedne ka bharpur anand lena.",आप को पता है छेड़ा किसे जाता है बाहों में भर कर छेड़ने का भरपुर आनंद लेना,"Aapko pata hai chedna kise jata hai, bahun mein bhare chedne ka bharpur anand lena",val_error,paraphrase,0.9485,0,0.95,0.0157,hard_aug
synth-val-18-obfuscation,train,0,"Aapko pata hai ch@dna kise jata hai, b@h@on mein bhare ch@dne ka bharpur anand lena",आप को पता है छेड़ा किसे जाता है बाहों में भर कर छेड़ने का भरपुर आनंद लेना,"Aapko pata hai chedna kise jata hai, bahun mein bhare chedne ka bharpur anand lena",val_error,obfuscation,0.8387,0,0.95,0.0124,hard_aug
synth-val-6133-paraphrase,train,0,Uski badbu se khet me ke sab jaanwar mar jaye.,"एसकी बदबू से खेत मे के सारे जीवजंतू मर जायेगे ,","Uski badbu se khet me ke sab jeewan mar jayege,",val_error,paraphrase,0.7924,0,0.9,0.0081,hard_aug
synth-val-6133-obfuscation,train,0,"Uski b@dbu se khet me ke sar@ jevj@ntu m@r j@yege,","एसकी बदबू से खेत मे के सारे जीवजंतू मर जायेगे ,","Uski badbu se khet me ke sab jeewan mar jayege,",val_error,obfuscation,0.6141,0,0.95,0.0237,hard_aug
synth-train-2199-paraphrase,train,0,Koi mere saath inbox me game khelega? Wrong answer dene wala kapade utarna wala game toh badiya hai ✌️😏,कोई मेरे साथ इनबॉक्स में गेम खेलेगी ?  कॉशन का गलत आंसर देने वाला कपड़े उतारेगा वो वाला गेम मस्त है ✌️😜,Koi mere saath inbox me game khelegi? Confusion ka galat answer deke wala kapade utarega wala game mast hai ✌️😜,train_quarantine,paraphrase,0.7576,0,0.8,0.0105,hard_aug
synth-val-5228-mix_hindi_heavy,train,1,"Billkul sahi hai, merda kitna ghamandi ho sake, aurat ke bina adhura hai.",बिल्कुल सही है मर्द कितना घमंडी क्यों न हों ओरात के बिना अधूरा है,"Billkul sahi hai, merad kitna ghamandi ho sake, orat ke bina adhura hai",val_error,mix_hindi_heavy,0.8944,1,0.9,0.7996,hard_aug
synth-train-11113-paraphrase,train,0,Free gas teri maa ke liye tera bap chhod ke gaya tha,फ्री गैस तेरा बाप छोड़ के गया था की तेरी मां,Free gas tera bap chhod ke gaya tha ki teri maa,train_quarantine,paraphrase,0.9102,0,0.95,0.9582,hard_aug
synth-train-11113-obfuscation,train,0,Free g@s t3ra b@p chhod ke gya tha ki t3ri m@a,फ्री गैस तेरा बाप छोड़ के गया था की तेरी मां,Free gas tera bap chhod ke gaya tha ki teri maa,train_quarantine,obfuscation,0.5797,0,0.95,0.0185,hard_aug
synth-val-5732-paraphrase,train,0,"Minister ji ne ye galat kiya hai, woh Canada se hai aur ye song hamare Hindustan wale ne bana hai. Woh to paise kamane aayi hai, to ye song likhne wale, gane wale, director, producer ko dhanki deni chahiye. Unke upar case karo, Sunny Leone ko kyun dhanki dena? Woh hamare desh ki sanskriti ka itna jaankar hai — Mr. Aamir 😊🙏🏻","मंत्री जी ने ये गलत किया वो कैनेडा से हे ओर ये सॉन्ग हमारे हिंदुस्तान वालो ने बनाया हे वो तो पैसा कमाने आई हे  तो ये सॉन्ग लिखने वाले,, गाने वाले,,डायरेक्टर,,प्रोड्यूसर को धमकी देना चाहिए उनके उपर केस करो सन्नी लियोनी को क्यू धमकी देना वो हमारे देश की संस्कृति का इतना ज्ञान नही हे — Mr. आमी₹ 😊🙏🏻","Minister ji ne ye galat kiya, woh Canada se hai aur ye song hamare Hindustan wale ne bana hai. Woh to paise kamane aayi hai, to ye song likhne wale, gane wale, director, producer ko dhanki deni chahiye. Unke upar case karo, Sunny Leone ko k",val_error,paraphrase,0.9933,0,0.8,0.9665,hard_aug
synth-val-5732-obfuscation,train,0,"Minister ji ne ye galat kiya, woh Canada se hai aur ye song hamare Hindustan wale ne bana hai. Woh to paise kamane aayi hai, to ye song likhne wale, gane wale, director, producer ko dhamki deni chahiye. Unke upar case karo, Sunny Leone ko kyun dhamki dena? Woh hamare desh ki sanskriti ka itna jaankar hai — Mr. Aamir 😊🙏🏻","मंत्री जी ने ये गलत किया वो कैनेडा से हे ओर ये सॉन्ग हमारे हिंदुस्तान वालो ने बनाया हे वो तो पैसा कमाने आई हे  तो ये सॉन्ग लिखने वाले,, गाने वाले,,डायरेक्टर,,प्रोड्यूसर को धमकी देना चाहिए उनके उपर केस करो सन्नी लियोनी को क्यू धमकी देना वो हमारे देश की संस्कृति का इतना ज्ञान नही हे — Mr. आमी₹ 😊🙏🏻","Minister ji ne ye galat kiya, woh Canada se hai aur ye song hamare Hindustan wale ne bana hai. Woh to paise kamane aayi hai, to ye song likhne wale, gane wale, director, producer ko dhanki deni chahiye. Unke upar case karo, Sunny Leone ko k",val_error,obfuscation,0.9784,0,0.85,0.8316,hard_aug
synth-train-2841-paraphrase,train,0,"Hindu ne bana diya, bas naam Muslim kah diya",हिंदू ने बनाया है बस नाम मुस्लिम बता दिया,"Hindu ne banaya hai, bas naam Muslim bata diya",train_quarantine,paraphrase,0.7737,0,0.9,0.6826,hard_aug
synth-train-15522-mix_english_heavy,train,0,Lavda. Footla. Revo. LOL 😂😂😂😂😂,लवडा.फूटला.रेभो🤣🤣🤣🤣🤣,Lavda. Footla. Revo🤣🤣🤣🤣🤣,train_quarantine,mix_english_heavy,0.5735,0,0.95,0.0141,hard_aug
synth-val-1298-paraphrase,train,1,Chl hai kaam chal rha hai,चालू आहे काम,Chal hai kaam chal raha hai,val_error,paraphrase,0.87,1,0.95,0.0497,hard_aug
synth-train-1882-obfuscation,train,0,"Main to pag@l hoon, to bolti rehti hoon, tumhara m@n hota tabhi tum jaw@b dete ho.",मैं तो पागल हूं तो बोलती रहती हूं तुम्हारा मन होता तभी तुम जवाब देते हो,"Main to pagal hoon, to bolti rehti hoon, tumhara man hota tabhi tum jawab dete ho.",train_error,obfuscation,0.9218,0,0.8,0.021,hard_aug
synth-train-8658-obfuscation,train,0,Is p@ni mein h.b j@,इस पानी में हुब जा,Is paani mein hub ja,train_error,obfuscation,0.5643,0,0.9,0.0345,hard_aug
synth-val-3156-paraphrase,train,0,"Chand Mia Mullah hai, Google pe search kar lo",चाँद मियां मुल्ला है गूगल खोजो,"Chand Mia Mullah hai, Google se pucha karo",val_error,paraphrase,0.7641,0,0.85,0.0094,hard_aug
synth-train-13466-paraphrase,train,0,"Pata nai hai kya, lekin abki baar anbhakt, gufa wala aur deshdrohi sabka zyada hai","कोयले का पता नही लेकिन, अंधभक्त, गुफापुत्र ओर देशद्रोही बहुत है","Coal ka pata nahi lekin, anbhakt, gufa putra aur deshdrohi bahut hai",train_quarantine,paraphrase,0.5835,0,0.9,0.9961,hard_aug
synth-val-6110-paraphrase,train,0,"Brohi phad deti hai bhai, usko chhod kyun diya re yaar",ब्रा भी फाड़ देता भाई उसको छोड़ क्यों दिया,Brohi phad dete bhai usko chhod kyun diya,val_error,paraphrase,0.793,0,0.85,0.8471,hard_aug
synth-val-6110-mix_english_heavy,train,0,"Bro usko chod diya, unke bra bhi phad dete hai, kya soch ke diya yeh?",ब्रा भी फाड़ देता भाई उसको छोड़ क्यों दिया,Brohi phad dete bhai usko chhod kyun diya,val_error,mix_english_heavy,0.6,0,0.9,0.9833,hard_aug
synth-train-13466-obfuscation,train,0,"Coal ka p@ta nahi lekin, anbh@kt, g@f@ putra aur d3shdrohi b@hut hai","कोयले का पता नही लेकिन, अंधभक्त, गुफापुत्र ओर देशद्रोही बहुत है","Coal ka pata nahi lekin, anbhakt, gufa putra aur deshdrohi bahut hai",train_quarantine,obfuscation,0.7606,0,0.95,0.9536,hard_aug
synth-val-6110-obfuscation,train,0,Brohi ph@d dete bhai usko chhod kyun diy@,ब्रा भी फाड़ देता भाई उसको छोड़ क्यों दिया,Brohi phad dete bhai usko chhod kyun diya,val_error,obfuscation,0.878,0,0.85,0.0096,hard_aug
synth-train-3794-paraphrase,train,0,"Maine gau-goo telli ko do raj ghat ke saamne rakh diya, taj ke pesa bol raha hai khan khan suno jahanakar ke doonya hai, kala bazaar ke pesa bol raha hai ke pesa bol raha hai.",मे ग॔गू तेली कू दू राज गधो के सरपे रख दू ताज के पेसा बोलता हे  खन खन की सूनो झनकार के दूनया हे काला बाजार के पेसा बोलता हे के पेसा बोलता हे,"Maine gau-goo telley ko do raj ghat ke sar pe rakh diya, taj ke pessa bolta hai—khan khan ki suno jhanakar ke doonya hai, kala bazaar ke pessa bolta hai ke pessa bolta hai.",train_quarantine,paraphrase,0.8018,0,0.85,0.9478,hard_aug
synth-train-3794-obfuscation,train,0,"maine gau-goo telley koo do raj g@nd ke sar pe rakh diya, taj ke pess@ b@lta hai—khan khan ki suno jhanakar ke doonya hai, kala bazaar ke pess@ b@lta hai ke pess@ b@lta hai",मे ग॔गू तेली कू दू राज गधो के सरपे रख दू ताज के पेसा बोलता हे  खन खन की सूनो झनकार के दूनया हे काला बाजार के पेसा बोलता हे के पेसा बोलता हे,"Maine gau-goo telley ko do raj ghat ke sar pe rakh diya, taj ke pessa bolta hai—khan khan ki suno jhanakar ke doonya hai, kala bazaar ke pessa bolta hai ke pessa bolta hai.",train_quarantine,obfuscation,0.8263,0,0.95,0.5957,hard_aug
synth-train-3129-paraphrase,train,0,Pehlu lund khada huva chaudu rey,लंड खडा हुवा चौदु,Lund khada huva chaudu,train_quarantine,paraphrase,0.8292,0,0.95,0.976,hard_aug
synth-train-3129-obfuscation,train,0,Lu.nd khada huva chaudu,लंड खडा हुवा चौदु,Lund khada huva chaudu,train_quarantine,obfuscation,0.8891,0,0.95,0.0164,hard_aug
synth-val-5694-paraphrase,train,0,Aaj kal badi bad PM milti hai desh ko,झंडू बाम pm मिला है देश को,Zamana badi PM mila hai desh ko,val_error,paraphrase,0.6171,0,0.8,0.043,hard_aug
synth-val-4913-paraphrase,train,1,Gangrap chunri best hai,गागरो चुनरी सई है,Gangrap chunri sahi hai,val_error,paraphrase,0.7391,1,0.95,0.0885,hard_aug
synth-val-4913-contrastive,train,0,"Gangrap chunri nahi chahiye, aur gangrape ke liye tujhe todega lawakar.",गागरो चुनरी सई है,Gangrap chunri sahi hai,val_error,contrastive,0.5246,0,0.95,0.9923,hard_aug
synth-train-13600-paraphrase,train,1,"Galat koi apna kare ya paraaya kare, sabko ek jaisi treatment. Sabse pehle suruwaat yeh gandi videos ko dekhna band karo, views dena band karo, share karna band karo. Aise hi mentality lauki ban rahi hai becoz of you. Yeh jo videos banate hain agar in love you jee nahi doge to video viral hi nahi hoga. Jab video viral hi nahi hoga to koi baccha nahi dekhega. Ek chote bacche ne aise videos dekha to mind me gandi machli ban rahi hai. Hum nahi kar raha hai to karo woh jakhm de video par viral.",गलत कोई अपना करें या पराया करें सबको एक जैसी ट्रीटमेंट सबसे पहले शुरुआत यह गंदी जो वीडियोस आते हैं उनको देखना बंद कर दो उस पर व्यूज देना बंद कर दो उसको शेयर करना बंद कर दो ऐसे ही मेंटालिटी लौकी बनती जा रही है बिकॉज आफ ऊ यह जो वीडियोस बनाते हैं अगर इन लव यू जी नहीं दोगे तो वीडियो वायरल ही नहीं होगा जब वीडियो वायरल ही नहीं होगा तो समाज के हर एक छोटा बच्चा नहीं देखेगा एक छोटे से छोटे बच्चे ऐसे वीडियोस देखा अपने मन में गंदी मछली बना रहा है हम नहीं कर रहे हो तो कर लेना वह जख्म दे वीडियो पर वीडियो पर वायरल,"Galat koi apna kare ya paraaya kare, sabko ek jaisi treatment. Sabse pehle suruwaat yeh gandi jo videos aate hain unko dekhna band karo, uspar views dena band karo, usko share karna band karo. Aise hi mentality lauki ban rahi hai becoz of y",train_error,paraphrase,0.9472,1,0.9,0.9831,hard_aug
synth-train-14303-obfuscation,train,0,"Haan hum samajh gaye magar tum samajh lo kyunki tum he comment kar rahi ho, maine dekha tumhein bahut se comment ab main bhi karonge dekho tanki che@tah kahin ki",हां हम समझ गए मगर तुम समझ लो क्योंकि तुम ही कमेंट कर रही हो मैंने देखा तुम्हें बहुत से कमेंट अब मैं भी करूंगी देखना टंकी चीटर कहीं की,"Haan hum samajh gaye magar tum samajh lo kyunki tum he comment kar rahi ho, maine dekha tumhein bahut se comment ab main bhi karonge dekho tanki cheetah kahin ki",train_quarantine,obfuscation,0.9883,0,0.85,0.0087,hard_aug
synth-train-5012-paraphrase,train,0,Dekho kaise hindu logo ki aadat hai mookh bana ke rakhne wala hai,देखो हिंदुओं को कैसे मूर्ख बनाया जाता है,Dekho kaise hindu logo ko mookh bana diya jata hai,train_error,paraphrase,0.6817,0,0.85,0.9616,hard_aug
synth-train-5012-obfuscation,train,0,Dekho kaise hindu logo ko m@okh bana diya jata hai,देखो हिंदुओं को कैसे मूर्ख बनाया जाता है,Dekho kaise hindu logo ko mookh bana diya jata hai,train_error,obfuscation,0.9423,0,0.85,0.6207,hard_aug
synth-train-15863-paraphrase,train,0,"Pagal ho gayi kya body par, dadi ma?",भूत आ गया क्या बॉडी पर दादी माँ,"Bhoot a gaya kya body par, dadi ma?",train_quarantine,paraphrase,0.6934,0,0.9,0.9347,hard_aug
synth-train-15863-obfuscation,train,0,"Bhut a gaya ky@ b0dy par, d@di m@?",भूत आ गया क्या बॉडी पर दादी माँ,"Bhoot a gaya kya body par, dadi ma?",train_quarantine,obfuscation,0.5639,0,0.8,0.2451,hard_aug
synth-train-13041-obfuscation,train,0,Ye duniya s@li m.tlabi hai yaroslav 😥😥😥😥,ये दुनिया साली मतलबी हे यारोस्लाव😥😥😥😥,Ye duniya salli motlaybi hai yaaroslav 😥😥😥😥,train_quarantine,obfuscation,0.7591,0,0.9,0.02,hard_aug
synth-train-491-paraphrase,train,1,"Ab na shikwa na gila, na koi malal raha, unke sitam to be-misal hi raha, aur meri bearance bhi to kamaal ki thi",अब ना शिकवा ना गिला     न कोई मलाल रहा सितम उनके भी बेमिसाल रहे  सब्र अपना भी कमाल रहा,"Ab na shikwa na gila, na koi malaal raha sitam unke bhi be-misal raha, sabr apna bhi kamal raha",train_error,paraphrase,0.758,1,0.9,0.0262,hard_aug
synth-train-491-mix_hindi_heavy,train,1,"Ab na shikwaa na gila, na koi malaaL raha sitam unke bhi be-misaal raha, sabr apna bhi kaamaal raha",अब ना शिकवा ना गिला     न कोई मलाल रहा सितम उनके भी बेमिसाल रहे  सब्र अपना भी कमाल रहा,"Ab na shikwa na gila, na koi malaal raha sitam unke bhi be-misal raha, sabr apna bhi kamal raha",train_error,mix_hindi_heavy,0.9568,1,0.95,0.3502,hard_aug
synth-train-7657-paraphrase,train,0,Jao usi paani mein doob kar mar jao aaplog budhhiyann ko,उसी पानी में डूब कर मर जा बुड्ढी,Usi paani mein doob kar mar jao budhhiya,train_quarantine,paraphrase,0.8294,0,0.95,0.0233,hard_aug
synth-train-7657-obfuscation,train,0,Usi pa@ni mein doob k mar jao b@ddhiya,उसी पानी में डूब कर मर जा बुड्ढी,Usi paani mein doob kar mar jao budhhiya,train_quarantine,obfuscation,0.7259,0,0.95,0.2775,hard_aug
synth-train-3280-paraphrase,train,0,"Tum ek baar meri hand lga ja sala, sari jawani utar daalta hoon",तू एक बार मेरे हाथ लग जा साली सारी जवानी उतार देता हूं,"Tum ek bar meri hath laga ja, saali, sarri jawani utar daalta hoon",train_quarantine,paraphrase,0.7928,0,0.9,0.9619,hard_aug
synth-train-8737-contrastive,train,1,Sare me paise bhara jayega 🤔 sab log bekaar hai 😂,सारे में पैसा भरा जाएगा🤔🤔🤔🤔🤔 सब लोग बेकार हो 😆😆😆😆😆😆😆😆😆,Sare me paise bhara jayega 🤔🤔🤔 sab log bekaar hai 😆😆😆😆😆😆😆😆,train_quarantine,contrastive,0.7085,1,0.9,0.0109,hard_aug
synth-train-3280-obfuscation,train,0,"Tum ek bar meri h@th laga ja, s@ali, sarri jawaani utar daalta hoon",तू एक बार मेरे हाथ लग जा साली सारी जवानी उतार देता हूं,"Tum ek bar meri hath laga ja, saali, sarri jawani utar daalta hoon",train_quarantine,obfuscation,0.9021,0,0.95,0.6447,hard_aug
synth-val-2246-paraphrase,train,0,Lagta hai ye guy apni ladki ko aur paise deke hi election win kiya hoga,लगता है ये महाशय अपने लड़की और नोट दे कर ही टिकट पाया होगा,Lagta hai ye mahashay apni ladki aur note deke hi ticket paaya hoga,val_error,paraphrase,0.6167,0,0.9,0.264,hard_aug
synth-val-2246-obfuscation,train,0,Lagta hai ye m@h$say apni ladki aur n@te deke hi ticket paaya hoga.,लगता है ये महाशय अपने लड़की और नोट दे कर ही टिकट पाया होगा,Lagta hai ye mahashay apni ladki aur note deke hi ticket paaya hoga,val_error,obfuscation,0.8451,0,0.9,0.2731,hard_aug
synth-train-958-paraphrase,train,0,Go sale mullay aur ched naag ko.,भाग साले मुल्ले और छेड़ नाग को,Bhag sale mullay aur ched naag ko,train_quarantine,paraphrase,0.8367,0,0.95,0.9946,hard_aug
synth-val-2153-contrastive,train,0,Aur RSS ke sab sevak ko azadi andolan ke vajse fasion se chadhaye hue hai,और RSS के  सारे सेवक को आझादी आंदोलन के वजसे फाशी पर चढे हे,Aur RSS ke sab sevak ko azadi andolan ke vajse fasi par chadhaye hue hai,val_error,contrastive,0.9197,0,0.85,0.9613,hard_aug
synth-val-3648-paraphrase,train,1,Chhot nai lagi.,चोट नी लागि,Chot nahi lagi,val_error,paraphrase,0.6211,1,0.9,0.0061,hard_aug
synth-val-2288-paraphrase,train,1,Friend banegi Hollywood mein.,फ्रेंड बनेगी हॉलीवुड,Friend bnegi Hollywood,val_error,paraphrase,0.7918,1,0.95,0.0147,hard_aug
synth-val-3648-mix_hindi_heavy,train,1,Chot nahi lag gayi,चोट नी लागि,Chot nahi lagi,val_error,mix_hindi_heavy,0.7559,1,0.9,0.0132,hard_aug
synth-train-17781-mix_english_heavy,train,0,"Jhavayla lay bha rey, you fat ass.",झवायला लय भा री,Jhavayla lay bha rey,train_error,mix_english_heavy,0.7286,0,0.9,0.9968,hard_aug
synth-train-7702-paraphrase,train,1,Is pants ne shirt aur pants dono ka kaam kardiya 😂😂,इस पैंट ने तो शर्ट और पैंट दोनो का काम कर दिया 😂😂,Is pants ne toh shirt aur pants dono ka kaam kar diya 😂😂,train_error,paraphrase,0.9215,1,0.95,0.0292,hard_aug
synth-train-7702-mix_hindi_heavy,train,1,Is pants ne toh shirt aur pants dono ke kaam ko ek sath kar diya 😂😂,इस पैंट ने तो शर्ट और पैंट दोनो का काम कर दिया 😂😂,Is pants ne toh shirt aur pants dono ka kaam kar diya 😂😂,train_error,mix_hindi_heavy,0.8884,1,0.95,0.1032,hard_aug
synth-train-5397-obfuscation,train,0,Sale pe beti lag@ye to sabse best hai,सालो पे बेन लगा ही दो तो सबसे अच्छा है,Sale pe beti lagaye to sabse best hai,train_quarantine,obfuscation,0.9302,0,0.85,0.9879,hard_aug
synth-train-12414-paraphrase,train,1,Petroldiesel band karo pehle yeh jaqo ki country me coal ab bhi itna hai 😂😂😂,"पेट्रोल डीज़ल छोड़ो, पहले ये पता करो देश में कोयला कितना बचा है 🤣🤣🤣","Petroldiesel chodho, phle to yeh pata karo ki desh me coal kitna bacha hai 😂😂😂",train_error,paraphrase,0.575,1,0.95,0.8721,hard_aug
synth-train-1023-obfuscation,train,0,Sabse pehli baat jadugar khud p@gal hota hai isiliye logon ko p@gal banaane par tulaa hua hota hai,सबसे पहली बात जादूगर खुद पागल होता है इसीलिए लोगों को पागल बनाने पर तुला हुआ होता है,Sabse pehli baat jadugar khud pagal hota hai isiliye logon ko pagal banaane par tulaa hua hota hai,train_quarantine,obfuscation,0.9156,0,0.85,0.0089,hard_aug
synth-train-12414-mix_hindi_heavy,train,1,"Petroldiesel chodho, phle ye pata karo desh me coal kitna bacha hua hai 😂😂😂","पेट्रोल डीज़ल छोड़ो, पहले ये पता करो देश में कोयला कितना बचा है 🤣🤣🤣","Petroldiesel chodho, phle to yeh pata karo ki desh me coal kitna bacha hai 😂😂😂",train_error,mix_hindi_heavy,0.8791,1,0.95,0.6438,hard_aug
synth-train-17022-paraphrase,train,1,"Main saam me baat kr rha hun, dukan ke saamana ki gadi a gyi hai, saman utarwale larki hai nahi","साम में बात करुगा ,दुकान के सामान की गाड़ी आ गयी है समान उतरबा दू लड़के है नही","Main saam mein baat karta hun, dukan ke saamana ki gadi a gayi hai, saman utarwale ladke hai nahi",train_error,paraphrase,0.8679,1,0.95,0.9623,hard_aug
synth-train-17022-mix_hindi_heavy,train,1,"Main saam mein baat karta hun, dukan ke saamana ki gadi a gayi hai, saman utarna wale larki hai nahi.","साम में बात करुगा ,दुकान के सामान की गाड़ी आ गयी है समान उतरबा दू लड़के है नही","Main saam mein baat karta hun, dukan ke saamana ki gadi a gayi hai, saman utarwale ladke hai nahi",train_error,mix_hindi_heavy,0.9217,1,0.95,0.0442,hard_aug
synth-train-18933-paraphrase,train,0,"Hand lagao na mere jism pe, ab tk main kisi ko nai diya hai",हाथ लगाओ ना मेरे जिस्म पर अभी तक मुझे किसी ने लिया नहीं है,"Haath lagao na mere jism par, ab tak meri kisi ne nahi liya hai",train_error,paraphrase,0.6524,0,0.9,0.0106,hard_aug
synth-train-1161-paraphrase,train,0,"Aaj ek #blind_bakhti wali naye mujhe duniya ke sabse bekar threat de dalwaya, bola jyada paresaan krta hai to #shadi kr lungi tera saath.",आज एक  #अंधभक्तिन ने मुझे दुनिया की सबसे भयानक  धमकी दे डाली बोली ज्यादा परेशान करेगा तो #शादी  कर लूंगी तेरे से,"Aaj ek #blind_devote naye mujhe duniya ke sabse bekar threat de dalwaya, bola jyada paresaan karega to #marriage kar lungi tera se",train_quarantine,paraphrase,0.7509,0,0.85,0.3829,hard_aug
synth-train-18933-obfuscation,train,0,"Haath lagao na m3r3 jism par, ab tak m3r3 kisi ne nahi li@ h@i",हाथ लगाओ ना मेरे जिस्म पर अभी तक मुझे किसी ने लिया नहीं है,"Haath lagao na mere jism par, ab tak meri kisi ne nahi liya hai",train_error,obfuscation,0.6853,0,0.9,0.0769,hard_aug
synth-train-1161-obfuscation,train,0,"Aaj ek #bl1nd_devote naye mujhe duniya ke sabse bekar threat de dalwaya, bola jyada paresaan karega to #m@rriage kar lungi tera se",आज एक  #अंधभक्तिन ने मुझे दुनिया की सबसे भयानक  धमकी दे डाली बोली ज्यादा परेशान करेगा तो #शादी  कर लूंगी तेरे से,"Aaj ek #blind_devote naye mujhe duniya ke sabse bekar threat de dalwaya, bola jyada paresaan karega to #marriage kar lungi tera se",train_quarantine,obfuscation,0.9589,0,0.9,0.0278,hard_aug
synth-train-10185-paraphrase,train,1,Aajkal ke students = 2 ghanta T.V. → 3 ghanta Facebook → 12 ghanta WhatsApp → 1 ghanta so jaate hai → 6 ghanta padhai → Pata nahi aapko maalum hai ki aap bhi to social media me hi time waste kar rahe ho 😆😆😆😆😆😆😆😆😆😆,आजकल के विद्यार्थी =  📺 T. V.               →    2 घंटा  🎭 Facebook     →    3 घंटा  📲 WhatsApp    →    12 घंटा  👬 मित्र                  →    1 घंटा  😴 सोना                →    6 घंटा  📖 पढ़ाई               →      🔔    बुरा मत मानो क्योंकि आप इस समय भी तो सोशल मीडिया ही चला रहे हो  😆😆😆😆😆😆😆😆😆😆,Aajkal ke vidyaarthi = 📺 T.V. → 2 ghanta 🎭 Facebook → 3 ghanta 📲 WhatsApp → 12 ghanta 👬 mitra → 1 ghanta 😴 soona → 6 ghanta 📖 padhai → 🔔 Buraa mat maano kyunki aap is samay bhi to social media hi chala rahe ho 😆😆😆😆😆😆😆😆😆😆,train_error,paraphrase,0.8169,1,0.95,0.0296,hard_aug
synth-train-10211-paraphrase,train,0,Moti moti moti rakhna kitni chahiye aunti,मोटि मोटि मोटि मोटी रकम कितना चाहिए आंटी,Motii motii moti rakhem kitna chahiye aunti,train_quarantine,paraphrase,0.8313,0,0.9,0.8116,hard_aug
synth-train-10185-mix_hindi_heavy,train,1,Aajkal ke vidyaarthi = 📺 T.V. → 2 ghanta 🎭 Facebook → 3 ghanta 📲 WhatsApp → 12 ghanta 👬 mitra → 1 ghanta 😴 soona → 6 ghanta 📖 padhai → 🔔 bura mat maano kyunki aap is samay bhi to social media hi chala rahe ho 😆😆😆😆😆😆😆😆😆😆,आजकल के विद्यार्थी =  📺 T. V.               →    2 घंटा  🎭 Facebook     →    3 घंटा  📲 WhatsApp    →    12 घंटा  👬 मित्र                  →    1 घंटा  😴 सोना                →    6 घंटा  📖 पढ़ाई               →      🔔    बुरा मत मानो क्योंकि आप इस समय भी तो सोशल मीडिया ही चला रहे हो  😆😆😆😆😆😆😆😆😆😆,Aajkal ke vidyaarthi = 📺 T.V. → 2 ghanta 🎭 Facebook → 3 ghanta 📲 WhatsApp → 12 ghanta 👬 mitra → 1 ghanta 😴 soona → 6 ghanta 📖 padhai → 🔔 Buraa mat maano kyunki aap is samay bhi to social media hi chala rahe ho 😆😆😆😆😆😆😆😆😆😆,train_error,mix_hindi_heavy,0.9966,1,0.95,0.0359,hard_aug
synth-train-10211-mix_english_heavy,train,0,Moti moti moti money how much needed aunti,मोटि मोटि मोटि मोटी रकम कितना चाहिए आंटी,Motii motii moti rakhem kitna chahiye aunti,train_quarantine,mix_english_heavy,0.6305,0,0.85,0.8932,hard_aug
synth-train-10211-obfuscation,train,0,Motii motii moti r@khem kitna ch@hiey unti,मोटि मोटि मोटि मोटी रकम कितना चाहिए आंटी,Motii motii moti rakhem kitna chahiye aunti,train_quarantine,obfuscation,0.8321,0,0.85,0.3225,hard_aug
synth-val-1631-obfuscation,train,0,Aise soch wale apni m@ ko bhi yahi keh sakte hain,ऐसी सोच वाले अपनी मां को भी यही बोल सकते है,Aise soch wale apni maa ko bhi yahi keh sakte hain,val_error,obfuscation,0.9321,0,0.95,0.9361,hard_aug
synth-train-4909-paraphrase,train,0,"Bolo apni maa se, gufa wale, meri baap ka bhi le, man bhara hai toh🤣🤣🤣🤣🤣",अपनी मां से बोलना गुफाओं से मन भर गया हो तो मेरे बाप का भी lele🤣🤣🤣🤣🤣,"Apni maa se bolna, gufa wale, meri baap ka bhi lele, man bhara hai toh🤣🤣🤣🤣🤣",train_quarantine,paraphrase,0.929,0,0.9,0.7599,hard_aug
synth-train-4909-obfuscation,train,0,Aapni m@ se bolne wale guf@ wale meri bap ka bhi lele m.n bhr gaya h toh🤣🤣🤣🤣🤣,अपनी मां से बोलना गुफाओं से मन भर गया हो तो मेरे बाप का भी lele🤣🤣🤣🤣🤣,"Apni maa se bolna, gufa wale, meri baap ka bhi lele, man bhara hai toh🤣🤣🤣🤣🤣",train_quarantine,obfuscation,0.59,0,0.95,0.0871,hard_aug
synth-val-5573-paraphrase,train,0,Kya ye tareeke se kuch bhi dress kiya hai didi?,ढंग का कपड़ा नहीं है क्या दीदी,Ye dress sense kuch alag hai kya didi?,val_error,paraphrase,0.5906,0,0.8,0.6829,hard_aug
synth-val-5573-obfuscation,train,0,Ye dre$$ $eN$e kuchh aLag hai kyA d!d! ?,ढंग का कपड़ा नहीं है क्या दीदी,Ye dress sense kuch alag hai kya didi?,val_error,obfuscation,0.5899,0,0.8,0.9933,hard_aug
synth-train-8148-paraphrase,train,1,"Gallery ki photo wala hai, chillana kyun band nhi karta tu",गैलरी की फोटो,"Gallery ki photo wala hai, chillana kyun band nahi karta tu",train_error,paraphrase,0.9573,1,0.9,0.0199,hard_aug
synth-val-1169-paraphrase,train,1,Bhagwan ke benchon di dao,भगवान की का बेंचो दीजिए,Bhagwan ki benchon ko de do,val_error,paraphrase,0.5942,1,0.9,0.9335,hard_aug
synth-train-5073-paraphrase,train,0,"Shadi pehle ya baad me bhi nahi karna chahiye, mar gaya kya?",शादी से पहले या शादी के बाद भी नही करना चाहिए शादी हो गया क्या,"Shadi se pehle ya shadi ke baad bhi nahi karna chaahiye, shadi ho gaya kya?",train_error,paraphrase,0.7642,0,0.85,0.2372,hard_aug
synth-train-5073-obfuscation,train,0,"Sh@di se pehle ya sh@di ke b@ad bhi n@hi karna ch@hiye, sh@di hoge ky@?",शादी से पहले या शादी के बाद भी नही करना चाहिए शादी हो गया क्या,"Shadi se pehle ya shadi ke baad bhi nahi karna chaahiye, shadi ho gaya kya?",train_error,obfuscation,0.5729,0,0.85,0.0548,hard_aug
synth-train-16635-paraphrase,train,0,"Rajasthan kab jaa rha ho aul babba, wahan to kisanon pe lathi charcha hua tha tho fir aap kyun andhakasur banke jaa rhe ho? Log sab dekh rhe hain tum logo ki nauntanki. Ab to naya bharat hai, sab jaanta hai tumhe sikha padege.",राजस्थान कब जा रहे हो आउल बाबा वहां पर भी तो किसानों पर लाठीचार्ज हुआ है तो फिर क्यों आप अंधकासुर बने जा रहे हो। पब्लिक सब देख रही है तुम लोगों की नौटंकी। ये नया भारत है सब जानता है तुम्हें सबक सिखाया जाएगा ।,Rajasthan kab jaa raha ho aul babba wahan par bhi to kisanon par lathi charcha hua hai to phir kyun aap andhakasur banke jaa raha ho. Public sab dekh rahi hai tum logo ki nauntanki. Ye naya bharat hai sab jaanta hai tumhe sabka sikha padege,train_quarantine,paraphrase,0.7963,0,0.95,0.5639,hard_aug
synth-train-16635-mix_english_heavy,train,0,"Rajasthan kab jaa raha ho aul babba wahan par bhi to kisanon pe lathi charge hua hai to phir kyun aap andhakasur bane jaa raha ho. Public sab dekh rahi hai tum logo ki drama. Ye naya Bharat hai sab jaanta hai, tumhe sabka lesson milega. Why are you acting like a demon again? Everyone is watching your act. You'll get your lesson soon.",राजस्थान कब जा रहे हो आउल बाबा वहां पर भी तो किसानों पर लाठीचार्ज हुआ है तो फिर क्यों आप अंधकासुर बने जा रहे हो। पब्लिक सब देख रही है तुम लोगों की नौटंकी। ये नया भारत है सब जानता है तुम्हें सबक सिखाया जाएगा ।,Rajasthan kab jaa raha ho aul babba wahan par bhi to kisanon par lathi charcha hua hai to phir kyun aap andhakasur banke jaa raha ho. Public sab dekh rahi hai tum logo ki nauntanki. Ye naya bharat hai sab jaanta hai tumhe sabka sikha padege,train_quarantine,mix_english_heavy,0.7725,0,0.85,0.9522,hard_aug
synth-train-11640-paraphrase,train,0,Teri haath mei meri lauda hai,तेरे हाथ में मेरा लौड़ा है,Teri hand mein meri lauda hai,train_quarantine,paraphrase,0.8108,0,0.8,0.0239,hard_aug
synth-train-11640-obfuscation,train,0,Teri h@nd mein meri l@uda hai,तेरे हाथ में मेरा लौड़ा है,Teri hand mein meri lauda hai,train_quarantine,obfuscation,0.8337,0,0.9,0.0097,hard_aug
synth-train-17292-obfuscation,train,0,Nak@l karo to meri jaan ch@dha do,नकल करना छोड़ दो मेंरी जान,Nakal karo to meri jaan chadha do,train_error,obfuscation,0.8182,0,0.85,0.0096,hard_aug
synth-val-3151-obfuscation,train,0,"Ek s@wal ka jawab de rahi ho, akl badi k1 bhai b@di",एक सवाल का जवाब दे रही हो अक्ल बड़ी की भैंस बड़ी,"Ek sawal ka jawab de rahi ho, akl badi ki bhai badi",val_error,obfuscation,0.848,0,0.8,0.0128,hard_aug
synth-train-15876-paraphrase,train,0,Behen di kam se kam chammach to le liya hota hai na tumne,बहन जी कम से कम चम्मच तो ले लिया होता,Behen ji kam se kam chammach to le liya hota,train_quarantine,paraphrase,0.842,0,0.85,0.9033,hard_aug
synth-train-15876-obfuscation,train,0,Behen@ ji kam se kam cham@ch to le liya hota,बहन जी कम से कम चम्मच तो ले लिया होता,Behen ji kam se kam chammach to le liya hota,train_quarantine,obfuscation,0.88,0,0.8,0.0339,hard_aug
synth-train-2023-obfuscation,train,0,"Conductor gate pe t!cket karta hai, d@var herne wale se dabata hai aur g@yer bhi wale se lagata hai",कन्डेकटर  गेट पे टिकट काटता है डावर हर्न आछे से दबाता है और गेयर भी आछे से लगाता है,"Conductor gate pe ticket karta hai, dawar herne wale se dabata hai aur gayer bhi wale se lagata hai",train_quarantine,obfuscation,0.9321,0,0.85,0.9245,hard_aug
synth-train-9824-obfuscation,train,0,"Ek tabl3 par do bacch3 pl4t pakr3 hue hain, usm3 c0w likha hai",एक टेबल  पर दो बच्चे प्लेट पकड़े  हैं  उसमे cow  लिखा है,"Ek table par do bacche plate pakre hue hai, usme cow likha hai",train_error,obfuscation,0.6444,0,0.85,0.0508,hard_aug
synth-train-17011-paraphrase,train,0,Mujhe ye samajh a gaya ki inke jaise like karte wale aur bhi log hai jo agar ka paagal khana janne wale hai.,मुझे ये समज आ गया की इनके जैसे like करने वाले और भी बहुत लोग है जिनको आगरा का पागल खाना जाना चाहिए,Mujhe ye samajh a gaya ki inke jaise like karte wale aur bhi log hai jo agar ka paagal khana janne wale hai,train_error,paraphrase,0.9885,0,0.85,0.3027,hard_aug
synth-train-17011-obfuscation,train,0,Mujhe ye s@mjh a gaya ki inke jaise lik$ karte wale aur bhi l0g hain jo agar@ k@ paag@l kh@n@ janne wale hain.,मुझे ये समज आ गया की इनके जैसे like करने वाले और भी बहुत लोग है जिनको आगरा का पागल खाना जाना चाहिए,Mujhe ye samajh a gaya ki inke jaise like karte wale aur bhi log hai jo agar ka paagal khana janne wale hai,train_error,obfuscation,0.7645,0,0.9,0.7655,hard_aug
synth-train-16000-obfuscation,train,0,Harami tum s@b l0g h0,हरामी तुम सब लोग हो,Harami tum sab log ho,train_quarantine,obfuscation,0.619,0,0.9,0.9962,hard_aug
synth-val-6250-paraphrase,train,1,"Meri bestie... jab bhi yaad aati hai tumhara 😢, tabhi toh paas wali kuttiya 🐕 ko biscuit 😁 deke apni feelings ko manage karta hu 😂🙈😅🤦‍♂️",मेरी bestii..  जब भी तुम्हारी याद आती है 😢 पड़ोसी की कुत्तिया 🐕को बिस्कुट 😁 खिला आता हूं😂🙈😅🤦‍♂️,"Meri bestie... jab bhi tumhari yaad aati hai 😢, paas ki kuttiya 🐕 ko biscuit 😁 khila aata hoon😂🙈😅🤦‍♂️",val_error,paraphrase,0.7041,1,0.95,0.9138,hard_aug
synth-train-13160-paraphrase,train,0,"Bhai kya sexy scene banai ho, man toh karta hai tumko chuda denu",क्या सेक्सी वाली सीन बनाई हो यार मन तो करता है खा जाऊं तुझे,"Kya sexy wali scene banai ho yar, man toh karta hai kha jau tumko",train_quarantine,paraphrase,0.7199,0,0.95,0.9879,hard_aug
synth-val-6250-mix_hindi_heavy,train,1,"Meri bestii... jab bhi tumhara yaad ata hai 😢, paas ki kuttiya 🐕 ko biscuit 😁 khilayaata hoon 😂🙈😅🤦‍♂️",मेरी bestii..  जब भी तुम्हारी याद आती है 😢 पड़ोसी की कुत्तिया 🐕को बिस्कुट 😁 खिला आता हूं😂🙈😅🤦‍♂️,"Meri bestie... jab bhi tumhari yaad aati hai 😢, paas ki kuttiya 🐕 ko biscuit 😁 khila aata hoon😂🙈😅🤦‍♂️",val_error,mix_hindi_heavy,0.8426,1,0.95,0.9574,hard_aug
synth-train-13160-obfuscation,train,0,"Kya se.xy wali sce.ne banai ho yar, man toh karta hai kha jau tumko",क्या सेक्सी वाली सीन बनाई हो यार मन तो करता है खा जाऊं तुझे,"Kya sexy wali scene banai ho yar, man toh karta hai kha jau tumko",train_quarantine,obfuscation,0.9266,0,0.9,0.0448,hard_aug
synth-train-18767-paraphrase,train,1,Sawariya ke bhakton se jada to nahi dekha hota tha,सांवरिया रा भक्तों जेड़ा तो नहीं देखा होता थे,Sawariya ra bhakton jeda to nahi dekha hota the,train_error,paraphrase,0.7776,1,0.9,0.0949,hard_aug
synth-train-18767-mix_hindi_heavy,train,1,Sawariya ra bhakton jeda to nahi dekha hota hai to nahi dekha hota hai,सांवरिया रा भक्तों जेड़ा तो नहीं देखा होता थे,Sawariya ra bhakton jeda to nahi dekha hota the,train_error,mix_hindi_heavy,0.8278,1,0.9,0.1036,hard_aug
synth-train-1018-paraphrase,train,0,"Isse bekar sexy video banake dekho tum, yeh bhi koi umar hai, budhi hai kya",इससे बढ़िया सेक्सी वीडियो बना लो तुम यह भी कोई उम्र है क्या बुड्ढी,"Isse behtar sexy video banake dekho tum, yeh bhi koi umar hai, budhi hai kya",train_quarantine,paraphrase,0.9591,0,0.95,0.9916,hard_aug
synth-train-1018-obfuscation,train,0,"Isse b3tter s3xy v1deo bana ke dekho tum, y3 bhi k0i umar hai, budh1 hai kyaaa",इससे बढ़िया सेक्सी वीडियो बना लो तुम यह भी कोई उम्र है क्या बुड्ढी,"Isse behtar sexy video banake dekho tum, yeh bhi koi umar hai, budhi hai kya",train_quarantine,obfuscation,0.6942,0,0.95,0.4795,hard_aug
synth-val-2189-paraphrase,train,0,"Shivani ji, apna number de do pls, main aapse multiple time request kar raha hun, main aapse baat karna chahta hun, de do number, main kisi ko nahi dungi, de do, main kitni baar bola hai ap itna heartless hai ki apko number bhi nahi dena acha laga.",शिवानी जी अपना नंबर दे दो मुझे प्लीज दे दो आपसे बार-बार निवेदन है कि अपना नंबर दे दो मैं आपसे बात करना चाहते हैं दे दो प्लीज मुझे मैं किसी को नहीं दूंगी दे दो मैं कितनी बार बोला आप इतना दिल कठोर है आपका कि आप नंबर भी नहीं देती,"Shivani ji, pls de do number, main aapse baar-baar nivedan hai ki apna number de do, main aapse baat karna chahta hun, de do pls, main kisi ko nahi dungi, de do, main kitni baar bola aap itna dil kathor hai aapka ki aap number bhi nahi deti",val_error,paraphrase,0.8563,0,0.8,0.0066,hard_aug
synth-train-296-paraphrase,train,0,Poonam ji mera raj ka ling de do,पुनम जी मुझे राज का लिंग सेड करों,Poonam ji mujhe raj ka ling send karo,train_quarantine,paraphrase,0.6228,0,0.95,0.0154,hard_aug
synth-train-296-obfuscation,train,0,Poonam ji mujhe raj ka l.ng send karo,पुनम जी मुझे राज का लिंग सेड करों,Poonam ji mujhe raj ka ling send karo,train_quarantine,obfuscation,0.9231,0,0.9,0.0312,hard_aug
synth-train-15383-contrastive,train,1,Larkiyon ko Facebook - Twitter - Instagram par 1000+ followers chahiye aur reality me ek kutta 🐕 bhi follow kare to mummy - mummy kahenge ki yeh log kya insaaf hai 😂😜😂,लड़कियो को Facebook - Ťwitter - Înstagram पर 1000+ Followers चाहिए और Řeality में एक कुत्ता 🐕 भी Follow करले तो मम्मी - मम्मी चिल्ला कर भागती है 😂😜😂,Larkiyon ko Facebook - Twitter - Instagram par 1000+ followers chahiye aur reality me ek kutta 🐕 bhi follow kare to mummy - mummy chillake bhagti hai 😂😜😂,train_quarantine,contrastive,0.8751,1,0.9,0.0265,hard_aug
synth-val-1259-paraphrase,train,1,Kya hoga ho,का होगली हो,Kya hogala ho,val_error,paraphrase,0.8767,1,0.95,0.0119,hard_aug
synth-val-1259-mix_hindi_heavy,train,1,Kya ho gale ho,का होगली हो,Kya hogala ho,val_error,mix_hindi_heavy,0.686,1,0.95,0.011,hard_aug
synth-val-3711-paraphrase,train,0,"Sali youdna chahti thi, jo hua uski to achha hua.",Sali   उड़ना चाहते थी जो हुआ अच्छा ही हुआ,"Sali udna chahati thi, jo hua uski toh achha hua.",val_error,paraphrase,0.8545,0,0.8,0.9195,hard_aug
synth-val-3711-obfuscation,train,0,"Sali u0dna chahati th1, j0 hua usk1 t0 ach@ hua.",Sali   उड़ना चाहते थी जो हुआ अच्छा ही हुआ,"Sali udna chahati thi, jo hua uski toh achha hua.",val_error,obfuscation,0.6545,0,0.85,0.5018,hard_aug
synth-val-3409-mix_hindi_heavy,train,1,"Tu sade me changla dikhayega, kapde sadhi ghala",कपडे साधी घाला  tu   sade मध्ये चांगली दिसते,Kapde sadhi ghala tu sade me changla dikhayega,val_error,mix_hindi_heavy,0.9542,1,0.8,0.3512,hard_aug
synth-train-12894-paraphrase,train,0,Pagal ladki ke ma se jyada dhoobat pyari hai,पागल lode के मा से ज्यादा धरती प्यारी है,Pagal lode ke ma se jyada dhoobat pyari hai,train_quarantine,paraphrase,0.8736,0,0.9,0.0803,hard_aug
synth-train-12894-mix_english_heavy,train,0,Pagal lode ke maa se jyada dhoobi pyari hai tujhe kya pata hai?,पागल lode के मा से ज्यादा धरती प्यारी है,Pagal lode ke ma se jyada dhoobat pyari hai,train_quarantine,mix_english_heavy,0.7601,0,0.95,0.9937,hard_aug
synth-train-12894-obfuscation,train,0,Pagal l0de ke m@ se jyada dhorat pya.r0 hai,पागल lode के मा से ज्यादा धरती प्यारी है,Pagal lode ke ma se jyada dhoobat pyari hai,train_quarantine,obfuscation,0.6744,0,0.9,0.974,hard_aug
synth-val-5438-paraphrase,train,1,"Yogi ji door se aayenge, Akhileshji ko chunav ladaane se mana kar diya hai.","योगीजी दुवारा आएंगे ,अखिलेशजी चुनाव लडने से मना कर दिये हैं ।","Yogiji dwaara aayenge, Akhileshji chunav ladne se mana karein diya hai.",val_error,paraphrase,0.7543,1,0.9,0.0305,hard_aug
synth-val-5438-mix_hindi_heavy,train,1,"Yogi se aayenge, Akhilesh se chunav lade ke mana kar diya hai.","योगीजी दुवारा आएंगे ,अखिलेशजी चुनाव लडने से मना कर दिये हैं ।","Yogiji dwaara aayenge, Akhileshji chunav ladne se mana karein diya hai.",val_error,mix_hindi_heavy,0.7059,1,0.9,0.0108,hard_aug
synth-train-18592-paraphrase,train,0,Par maine to bahut haraya hai ladkiyon aur auraton ko khel mein 😄. Kya bawas post hai.,पर मैने तो बहुत हराया है औरतों को लड़कियों को खेल में😄। क्या बकवास पोस्ट है।,Par maine to bahut haraya hai auraton aur ladkiyon ko khel mein 😄. Kya baccha post hai.,train_quarantine,paraphrase,0.9296,0,0.8,0.0149,hard_aug
synth-train-18592-mix_english_heavy,train,0,Par maine toh bahut geym jite hai women aur girls ko khel mein 😄. Kyu ki baka post hai.,पर मैने तो बहुत हराया है औरतों को लड़कियों को खेल में😄। क्या बकवास पोस्ट है।,Par maine to bahut haraya hai auraton aur ladkiyon ko khel mein 😄. Kya baccha post hai.,train_quarantine,mix_english_heavy,0.6215,0,0.85,0.0069,hard_aug
synth-train-694-paraphrase,train,1,First song ko phir ek expression ke saath video banao,पहले गाने को फिर एक एक्सप्रेशन के साथ वीडियो banao,Pahle gane ko fir ek expression ke saath video banao,train_error,paraphrase,0.7619,1,0.95,0.0113,hard_aug
synth-train-694-mix_hindi_heavy,train,1,Pahle gane ko fir ek expression ke saath video banao.,पहले गाने को फिर एक एक्सप्रेशन के साथ वीडियो banao,Pahle gane ko fir ek expression ke saath video banao,train_error,mix_hindi_heavy,0.9715,1,0.95,0.0136,hard_aug
synth-train-19134-paraphrase,train,1,"Teri boodi paani chhad jandi, jado mera khada hunda hai 😂",😂😂तेरी बू डि पानी छड jandi jado mera खड़ा hunda🤭🤭🤭,"Teri boodi paani chhad jandi, jado mera khada hunda",train_error,paraphrase,0.9529,1,0.95,0.049,hard_aug
synth-train-3429-paraphrase,train,1,Ye to wahi baat hui ki kuttay sher ko shikar karna sikhane wale hain,ये तो वही बात हुई कि कुत्ते शेर को शिकार करना सिखा रहे हैं,Ye to wahi baat hui ki kuttay sher ko shikar karna sikhaye hue hain,train_error,paraphrase,0.9058,1,0.9,0.9575,hard_aug
synth-train-17399-mix_english_heavy,train,1,"Congress me rakhne wala hai to aisa hai 😂😂😂 kya bolna chahiye, kya nahi bolna chahiye, sikh jate hain 😣🤣🤣 in logon ka chaman chaman ki chaman hai 😂🤣 ek pappu hai jo har jagah mukki marke chala jaye 😂🤣",कांग्रेस में रखते हैं ऐसे हैं 😂😂😂 क्या बोलना चाहिए क्या नहीं बोलना चाहिए 🤣🤣🤣 चमचागिरी आती है बस इनको तो 😂🤣 एक पप्पू है जो हर जगह मनोरंजन करके चला जाता है 😂🤣,"Congress me rakhne wala hai to aisay hai 😂😂😂 kya bolna chahiye, kya nahi bolna chahiye sikh jaye 😣🤣🤣 chaman chaman ki chaman hai in logon ka 😂🤣 ek pappu hai jo har jagah mukki marke chala jaye 😂🤣",train_error,mix_english_heavy,0.9613,1,0.9,0.9191,hard_aug
synth-train-17399-mix_hindi_heavy,train,1,"Congress me rakhne wala hai to aisay hai 😂😂😂 kya bolna chahiye, kya nahi bolna chahiye sikh jaye 😣🤣🤣 in logon ka chamachariya aati hai bas 😂🤣 ek pappu hai jo har jagah mukki marke chala jaye 😂🤣",कांग्रेस में रखते हैं ऐसे हैं 😂😂😂 क्या बोलना चाहिए क्या नहीं बोलना चाहिए 🤣🤣🤣 चमचागिरी आती है बस इनको तो 😂🤣 एक पप्पू है जो हर जगह मनोरंजन करके चला जाता है 😂🤣,"Congress me rakhne wala hai to aisay hai 😂😂😂 kya bolna chahiye, kya nahi bolna chahiye sikh jaye 😣🤣🤣 chaman chaman ki chaman hai in logon ka 😂🤣 ek pappu hai jo har jagah mukki marke chala jaye 😂🤣",train_error,mix_hindi_heavy,0.9181,1,0.85,0.9438,hard_aug
synth-train-17840-paraphrase,train,0,Agar main hota to sidha lund dhaaltay tha,मै होता तो सीधा लंड ढाल देता,Main hota to sidha land dhaltay tha,train_quarantine,paraphrase,0.8355,0,0.95,0.7662,hard_aug
synth-train-17840-obfuscation,train,0,Main hota to sidha l@nd dhal d@ltay tha,मै होता तो सीधा लंड ढाल देता,Main hota to sidha land dhaltay tha,train_quarantine,obfuscation,0.8547,0,0.95,0.0092,hard_aug
synth-train-4641-mix_hindi_heavy,train,1,Kapda to Rajasthan wala chaukalega hi,कपड़ा तो राजस्थानी ही चौकलागे,Kapda to Rajasthan wala choukalega hi,train_error,mix_hindi_heavy,0.9189,1,0.9,0.0143,hard_aug
synth-train-16038-paraphrase,train,1,"27th August ko Delhi me rape case ki news wale ya share chat wale koi bhi report nahi ki aur Pakistan me jo hua uska pata inhe accha lagta hai, hadd ho gayi yaar",27 अगस्त को देहली मे हुए रेप के बारे मे न्यूज़ वालो या शेयर चैट वालो ने कोई भी खबर नही दिखाई और पाकिस्तान मे क्या हो रहा है उसका खुलासा इनको बेहतर पता है हद है   यार,"27 August ko Delhi me rape ke bare me news wale ya share chat wale koi bhi khabar nahi dikhaya aur Pakistan me kya ho raha hai uska khulaas inko behtar pata hai, hadd ho gaya yaar",train_error,paraphrase,0.7129,1,0.85,0.0593,hard_aug
synth-train-3776-contrastive,train,1,Kapde nahi hain kya aur paise kahan se lao?,कपड़े नही है क्या और,Kapde nahi hain kya aur?,train_error,contrastive,0.6848,1,0.9,0.8264,hard_aug
synth-train-14729-paraphrase,train,0,"Prabhu ke leela aur bakhth ke adharshila sab ek hi thali ke chatta batta hai. Bawdra ek ke apni biwi bhag gayi, dusre ke biwi ko abharan le gaye.",प्रभु की लीला और भक्त की आधारशिला सब एक हीं थाली के चट्टे बट्टे हैं बेवड़े एक की खूद बीवी  भाग गई दूसरे की बीवी को अपहरण कर ले गए,"Prabhu ki leela aur bakhth ki adharshila sab ek thi ali thali ke chatta batta hai, bewdra ek ki khud ki biwi bhag gayi, dusre ki biwi ko abharan le gaye",train_quarantine,paraphrase,0.7343,0,0.9,0.0523,hard_aug
synth-train-14729-obfuscation,train,0,"Prabhu ki leela aur bakhth ki adharshila sab ek thi ali thali ke chatta batta hai, bewdra ek ki khud ki biwi bhag gayi, dusre ki biwi ko abh@ran le gaye",प्रभु की लीला और भक्त की आधारशिला सब एक हीं थाली के चट्टे बट्टे हैं बेवड़े एक की खूद बीवी  भाग गई दूसरे की बीवी को अपहरण कर ले गए,"Prabhu ki leela aur bakhth ki adharshila sab ek thi ali thali ke chatta batta hai, bewdra ek ki khud ki biwi bhag gayi, dusre ki biwi ko abharan le gaye",train_quarantine,obfuscation,0.9878,0,0.9,0.0245,hard_aug
synth-train-9401-obfuscation,train,0,"4 namber wala khud m@r raha hai, kya kare bechara jindgi ch@nd hai uska",4नम्बर वाला खुद ही मर रहा है  क्या करें बेचारा जिन्दगी छंड है उसका,"4 namber wala khud mar raha hai, kya kare bechara jindgi chand hai uska",train_quarantine,obfuscation,0.9232,0,0.85,0.8757,hard_aug
synth-val-3930-paraphrase,train,1,Country ki security ke liye Plane B use karte hain.,देश की सुरक्षा के लिए प्लेन B का उपयोग करने वाले है,Des ki suraksha ke liye Plane B use karte hain.,val_error,paraphrase,0.6812,1,0.95,0.0238,hard_aug
synth-val-3930-mix_hindi_heavy,train,1,Des ki suraksha ke liye Plane B ka upayog karte hain.,देश की सुरक्षा के लिए प्लेन B का उपयोग करने वाले है,Des ki suraksha ke liye Plane B use karte hain.,val_error,mix_hindi_heavy,0.8457,1,0.95,0.9415,hard_aug
synth-train-15093-obfuscation,train,0,Khola k@r dikha de to b0yfrend achhi b@negi,खोल कर दिखा दे तो बॉयफ्रेंड अच्छी बनेगी,Khola kar dikha de to boyfriend achhi banegi,train_quarantine,obfuscation,0.7357,0,0.85,0.9873,hard_aug
synth-val-1253-paraphrase,train,1,Mere mukh me pani a gya 😤🤤🤤🤤,मेरा तो 🤤🤤🤤🤤 मुंह में पानी आ गया,Mere mukh me pani a gaya 😤🤤🤤🤤,val_error,paraphrase,0.9182,1,0.9,0.8594,hard_aug
synth-train-4651-contrastive,train,0,Ye ek rashm hoti hai jisme bhai chuda daltah hai aur ladki ko apni sadhi tk dekhane ki azaadi nai hoti.,Ye ek रश्म होती है जिसमे भाई चुडा डालता है ओर लड़की को अपनी sadhi tk dekhna nai hota,Ye ek rashm hoti hai jisme bhai chuda daltah hai aur ladki ko apni sadhi tk dekhna nai hota.,train_error,contrastive,0.9032,0,0.85,0.9003,hard_aug
synth-train-13427-obfuscation,train,0,"Dil to meri bhi kar raha hai par shararat ko nahi, kuch aur karne wala hai, koi fem@le to msg karo",दिल तो मेरा भी कर रहा है पर शरारत को नहीं कुछ और करने को है कोई फिमेल तो मैसेज करो,"Dil to meri bhi kar raha hai par shararat ko nahi, kuch aur karne wala hai, koi female to message karo",train_error,obfuscation,0.9336,0,0.8,0.1688,hard_aug
synth-val-610-paraphrase,train,1,Sharab aur girl se jitna door rehoge na boss utna hi aage jao ge,शराब और लड़की से जितना दूर रहोगे ना साहब उतना ही आगे जाओगे,Sharab aur ladki se jitna door rehoge na sahab utna hi aage jao ge,val_error,paraphrase,0.8417,1,0.9,0.0826,hard_aug
synth-train-8678-paraphrase,train,0,Chikne dekh ke tujhe kaise fookda rahi hai re chikni,चिकने देख कैसे फूदक रही है तेरी चिकनी,Chikne dekh kaise fookda rahi hai teri chikni,train_quarantine,paraphrase,0.8335,0,0.95,0.9685,hard_aug
synth-train-8678-obfuscation,train,0,Chikn3 d3kh kais3 fookd4 rahi hai t3ri chikni,चिकने देख कैसे फूदक रही है तेरी चिकनी,Chikne dekh kaise fookda rahi hai teri chikni,train_quarantine,obfuscation,0.717,0,0.95,0.2972,hard_aug
synth-train-288-paraphrase,train,0,"Kalapani ki saza Savarkar ji ko hui thi, unko do baar umar kaad ki gayi 🙏🙏 unka namnam ho, Ambedkar ne kya kiya 😂 azaadi ka andolan ya satyagrah kisi mein bhi nahi kiya","काला पानी की सजा हुई थी सावरकर जी को, 2 बार उम्र कैद हुई थी उनको 🙏🙏 नमन है उनको, इतना बता दे अम्बेडकर ने क्या किया 😂 आजादी के लिए किसी भी आंदोलन तथा, सत्याग्रह में नही दिखा","Kalapani ki saza hui thi Savarkar ji ko, 2 baar umar kaad hui thi unko 🙏🙏 namnam hai unko, itna bata do Ambedkar ne kya kiya 😂 azaadi ke liye kisi bhi andolan ya satyagrah mein nahi dikha",train_error,paraphrase,0.8135,0,0.85,0.8548,hard_aug
synth-train-288-obfuscation,train,0,"Kalap@ni ki s@z@ hui thi Savarkar ji ko, 2 ba@r umr kaid hui thi unko 🙏🙏 namnam hai unko, itna bata do Ambedkar ne kya kiya 😂 azaadi ke liye kisi bhi andolan ya satyagrah mein nahi dikha","काला पानी की सजा हुई थी सावरकर जी को, 2 बार उम्र कैद हुई थी उनको 🙏🙏 नमन है उनको, इतना बता दे अम्बेडकर ने क्या किया 😂 आजादी के लिए किसी भी आंदोलन तथा, सत्याग्रह में नही दिखा","Kalapani ki saza hui thi Savarkar ji ko, 2 baar umar kaad hui thi unko 🙏🙏 namnam hai unko, itna bata do Ambedkar ne kya kiya 😂 azaadi ke liye kisi bhi andolan ya satyagrah mein nahi dikha",train_error,obfuscation,0.9352,0,0.85,0.9676,hard_aug
synth-train-5314-paraphrase,train,0,"Pagle aurat kya betuke baatein kar rahi hai, Nawaz galat shabd hai. Om sabse bada hai, isse bada kisi kaun hai? Jo Om naam ko yaad karta hai uska mukti ho jata hai. Jai Shri Ram.",पागल औरत क्या बेतुकी बातें कर रही हैं नवाज शब्द गलत है ओम नाम सबसे बड़ा इससे बड़ा ना कोई जो ओम नाम का सुमिरन करें उसकी मुक्ति होए जय श्री राम,"Pagal aurat betuke baatein kyu kar rahi hai, Nawaz shabd galat hai. Om naam sabse bada hai, isse bada koi nahi. Jo Om naam ka sumiran karta hai uski muktai ho jati hai. Jai Shri Ram.",train_quarantine,paraphrase,0.8672,0,0.9,0.9016,hard_aug
synth-train-19515-paraphrase,train,0,Tumhe log jute ki aadi hein,तुम लोग जूते की आदि हो,Tum log jute ki aadi ho,train_quarantine,paraphrase,0.7624,0,0.85,0.3141,hard_aug
synth-train-19515-obfuscation,train,0,Tum log jut3 k1 adi h0,तुम लोग जूते की आदि हो,Tum log jute ki aadi ho,train_quarantine,obfuscation,0.5779,0,0.9,0.6369,hard_aug
synth-train-15797-contrastive,train,1,"Usi mei bhot masti karta hoon, meri baaton ko ghalat mat samajna.",उसी में मजाक बहुत ज्यादा करता हूं मेरी बातों को बुरा मत मानना,"Usi mei bhot masti karta hoon, meri baaton ko ghalat mat samajna",train_error,contrastive,0.9799,1,0.9,0.0215,hard_aug
synth-val-2283-paraphrase,train,1,"Ispe 38 comments kyun dikh rahe hai, koi na delete kare yaar",Ispe 38 कॉमेंट्स क्यू दिखा रहा है कहीं डिलीट तो ना करे,"Ispe 38 comments kyu dikhaya rahe ho, kahin delete to na kar diya",val_error,paraphrase,0.6435,1,0.9,0.0235,hard_aug
synth-val-2283-mix_hindi_heavy,train,1,"Ispe 38 comment kyu dikh raha hai, kahin delete to na kar diya",Ispe 38 कॉमेंट्स क्यू दिखा रहा है कहीं डिलीट तो ना करे,"Ispe 38 comments kyu dikhaya rahe ho, kahin delete to na kar diya",val_error,mix_hindi_heavy,0.8181,1,0.9,0.4049,hard_aug
synth-train-10738-paraphrase,train,0,"Madam ji tum kafi paisevali lag rahi ho aur yeh sab karta rehti ho, to yeh sab paise ke chakar me karta ho ya fir tumhare andar sulemani ki beti hai to yeh karta ho?",मैडम जी आप काफी अमीर दिख रही है और यह सब करती हैं आप पैसे के लिए या फिर आपके अंदर सुलेमानी के कीड़े हैं तब यह कर रही हैं,"Madam ji aap kaafi ameer lag rahi ho aur yeh sab karte ho, aap paise ke liye karte ho ya phir aapke andar sulemani ke kide ho to yeh karte ho",train_error,paraphrase,0.6331,0,0.9,0.0144,hard_aug
synth-train-8936-paraphrase,train,0,Aise kyun ho gaya ree gandi ladki,ऐसे केसे होगया रै गांडी,Aise kese hogaya ree gandi,train_quarantine,paraphrase,0.6708,0,0.9,0.9858,hard_aug
synth-train-10738-obfuscation,train,0,"Madam ji aap kaafi ameer lag r@hI h0 aur yeh sab krte h0, aap paese ke liye krte h0 ya phir aapke andar sulemani ke kid3 h0 to yeh kr rhe h0",मैडम जी आप काफी अमीर दिख रही है और यह सब करती हैं आप पैसे के लिए या फिर आपके अंदर सुलेमानी के कीड़े हैं तब यह कर रही हैं,"Madam ji aap kaafi ameer lag rahi ho aur yeh sab karte ho, aap paise ke liye karte ho ya phir aapke andar sulemani ke kide ho to yeh karte ho",train_error,obfuscation,0.6779,0,0.9,0.9924,hard_aug
synth-train-17920-mix_hindi_heavy,train,1,Madam aap ke bose dikhte hai,मेडम आप के बोबे दिख रहे हैं,Madam aapke boobs dikhte hai,train_error,mix_hindi_heavy,0.75,1,0.9,0.0268,hard_aug
synth-train-11516-paraphrase,train,1,"Aap hindu ho hi, kisne pucha to aapko prove karna zaroori nahi hai",अआप हिनदु हो हा होकीसने पुछा तै आपकै साबीत कर नेकी जरूरत नहीं है,"Aap hindu ho ha ha, kisine pucha to aapko saabit karne ki zaroorat nahi hai",train_error,paraphrase,0.7289,1,0.9,0.0366,hard_aug
synth-train-419-obfuscation,train,0,"Meri jholi c@ot.i pad gayi re, itn@ diya meri m@a k@",मेरी झोली छोटी पढ़ गई रे इतना दिया मेरी माँ का,"Meri jholi chhoti pad gayi re, itna diya meri maa ka",train_error,obfuscation,0.7667,0,0.85,0.0227,hard_aug
synth-val-3361-paraphrase,train,0,Aapke paas family hi nahi hai de,आपकी फेमिली नही है दी,Aapki family hi nahi hai de,val_error,paraphrase,0.828,0,0.85,0.0127,hard_aug
synth-train-13773-obfuscation,train,0,"Aur meri dhar ko radhi bol@ hai, hamen to bahut hi par ham sab kuch sahit lete par meri m@ @ radhi.",और  मेरे धर को रडि  बोली है हमे तो बहुत ही पर हम सब कुछ  सह लेते  पर मेरे माँ को रडि,"Aur meri dhar ko radhi bola hai, hamen to bahut hi par ham sab kuch sahit lete par meri maa ko radhi.",train_quarantine,obfuscation,0.9374,0,0.85,0.0104,hard_aug
synth-val-4621-paraphrase,train,1,"Ab din pura ho gaya, utarna tayyar rehna. Bas samay a gaya hai, jhoot jyada na hota. Ye bhi dhyan rakhna.",अब दीन भर गए उतरने कि तैयारी रखो बस समय आगयाँ है झुट जयाँदा नही टिकता ये भी याँद रखना,"Ab din bhar gaye, utarna tayyar rakhna. Bas samay a gaya hai, jhoot jyada na tikta. Ye bhi yaad rakhna.",val_error,paraphrase,0.7955,1,0.9,0.0459,hard_aug
synth-val-4621-mix_hindi_heavy,train,1,"Ab din bhare gaye, utarnay ki taiyari rakho. Bas samay a gaya hai, jhoot jyada nahi tiktay. Ye bhi yaad rakho.",अब दीन भर गए उतरने कि तैयारी रखो बस समय आगयाँ है झुट जयाँदा नही टिकता ये भी याँद रखना,"Ab din bhar gaye, utarna tayyar rakhna. Bas samay a gaya hai, jhoot jyada na tikta. Ye bhi yaad rakhna.",val_error,mix_hindi_heavy,0.7266,1,0.8,0.1402,hard_aug
synth-train-13965-paraphrase,train,0,"Really 😃👉 lekin afsos!!! Buri haathni, joothan ki diwani wtsp ki ruby vidhvha, kalon isha, pathi, bains aman vakhi bharde ki rakhayele 👎👎👎 sirf fake & joothan, hotels ke hee kabil hain 👎👎 makhan ke nahi 👉 iske liye lajar ke mardanggi 0% & kuttiyon ki aukat 0% 😃😃😃😃👎👎👎👎👎","रेअली 😃👉लेकिन अफ़सोस!!!बूढ़ी हाथनि, झूटन की दीवानी wtsp की रूबी विधवा, कालो निशा, पाथी, भैंस अमन वाकी भाड़े की रखेलें 👎👎👎सिर्फ फेक &झूटन, होटल्स के ही काबिल हैं 👎👎मकान के नहीं 👉इसके लिये लाचार की मर्दानगी 0%&कुत्तियों की औक़ात 0%😃😃😃😃👎👎👎👎👎","Really 😃👉 lekin afsos!!! Buri haathni, joothan ki diwani whatsapp ki ruby vidha, kalon isha, pathi, bains aman vakhi bharde ki rakhayele 👎👎👎 sirf fake & joothan, hotels ke hee kabil hain 👎👎 makhan ke nahi 👉 iske liye lachar ke mardanggi 0% ",train_quarantine,paraphrase,0.9725,0,0.95,0.9931,hard_aug
synth-val-5624-paraphrase,train,1,Acha manush ko muthi bhare logon ke karan khatarnak situation rehta hai siempre,अच्छे आदमी को मुठी भर लोगो का खतरा हमेशा रहता है,Acha admi ko muthi bhare logon ka khatara hamesha rhta hai,val_error,paraphrase,0.5897,1,0.9,0.0331,hard_aug
synth-val-4703-paraphrase,train,0,"Tu pagla hai, tu pagla hai ha, maine to pata hai tu bade wala pagla hai",तू पगला है तू पगला है हा मुझे पता है तू बड़ा वाला पगला है,"Tu pagla hai, tu pagla hai ha, mujhe pata hai tu bade wala pagla hai",val_error,paraphrase,0.9573,0,0.9,0.2902,hard_aug
synth-val-5624-mix_hindi_heavy,train,1,Acha aadmi ko muthi bhare logon ka khatra hamesha rhta hai,अच्छे आदमी को मुठी भर लोगो का खतरा हमेशा रहता है,Acha admi ko muthi bhare logon ka khatara hamesha rhta hai,val_error,mix_hindi_heavy,0.9375,1,0.9,0.5622,hard_aug
synth-train-4243-paraphrase,train,0,"Aap dono bahanon me se agar itni shadi nahi hoti to humko comment me batao, hum aapko paid ka ek number ka sab saala bata sakte hain.",आप दोनों बहनों में से अगर शादी ना हो इतनी तो हमें बताओ कमेंट में हम आपको पेड़ का एक नंबर का सभी साला बता सकते हैं,"Aap dono bahanon me se agar shadi nahi hoti itni to humko batao comment me, hum aapko paid ka ek number ka sab sala bata sakte hain",train_error,paraphrase,0.9464,0,0.85,0.0081,hard_aug
synth-train-4243-obfuscation,train,0,"Aap dono bah@non me se agar shadi nahi hoti itni to humko batao comment me, hum aapko paid ka ek number ka sab s@la bata sakte hain",आप दोनों बहनों में से अगर शादी ना हो इतनी तो हमें बताओ कमेंट में हम आपको पेड़ का एक नंबर का सभी साला बता सकते हैं,"Aap dono bahanon me se agar shadi nahi hoti itni to humko batao comment me, hum aapko paid ka ek number ka sab sala bata sakte hain",train_error,obfuscation,0.9637,0,0.85,0.0086,hard_aug
synth-val-4945-paraphrase,train,0,Apke ghar me papa yaar nahi hai jo aise kaam karte ho?,आपके घर मे बाप भाई नहीं है क्या जो ऐसे करते हो,Apke ghar me baccha banda nahi hai jo aise karte ho,val_error,paraphrase,0.6854,0,0.9,0.1666,hard_aug
synth-val-4945-obfuscation,train,0,Apke g@r me bacch@ banda nahi hai jo aise karte ho,आपके घर मे बाप भाई नहीं है क्या जो ऐसे करते हो,Apke ghar me baccha banda nahi hai jo aise karte ho,val_error,obfuscation,0.8762,0,0.95,0.0293,hard_aug
synth-val-398-paraphrase,train,1,"Aajkal ye surma, ye lips ki laali, ye payal, ye bindi, ye ears ki baali, kaayal hai teri scattered hairs ka.",💞💞💞ए काजल ये💞💞💞 सूरमा ये होठों की💞💞 लाली ये पायल ये💞💞 बिंदी ये कानो💞💞💞 की बाली ये कायल है💞💞💞 तेरे बिखरे बालो का💞💞💞💞,"Aajkal ye surma, ye hotthon ki laali, ye payal, ye bindi, ye kaanon ki baali, kaayal hai tera bikhare baalon ka.",val_error,paraphrase,0.7942,1,0.9,0.2277,hard_aug
synth-train-10482-paraphrase,train,0,"All thei achor hain, loot rha hai sabke paas se",सब चोर लूट रहे है,"Sab chor hain, loot raha hai saare ka",train_quarantine,paraphrase,0.5979,0,0.9,0.0389,hard_aug
synth-train-10482-obfuscation,train,0,"Sab chor hain, l@ot rah@ h@in sa@re k@",सब चोर लूट रहे है,"Sab chor hain, loot raha hai saare ka",train_quarantine,obfuscation,0.6269,0,0.9,0.742,hard_aug
synth-val-1879-paraphrase,train,1,Ha a gaya ki woh apne kapde phele wali thi lekin ye bhi bataya ki,ह आ गया कि वह भी अपने कपड़े पहन रखी थी लेकिन यह भी बताया कि,Ha a gaya ki woh apne kapde pehne wali thi lekin ye bhi bataya ki,val_error,paraphrase,0.936,1,0.9,0.9274,hard_aug
synth-train-7200-paraphrase,train,0,Asli chutiya khana bana rakhi hai,असली रण्डी खाना बना रखा है,Asli randi khana bana rakhi hai,train_quarantine,paraphrase,0.7838,0,0.95,0.9948,hard_aug
synth-train-7200-obfuscation,train,0,Asli r@ndi khana b@n@ rakhi hai,असली रण्डी खाना बना रखा है,Asli randi khana bana rakhi hai,train_quarantine,obfuscation,0.7677,0,0.95,0.0058,hard_aug
synth-train-10948-paraphrase,train,0,Aur ek halala wali team hai to.,और एक हलाला की टीम,Aur ek halala ki team,train_quarantine,paraphrase,0.7542,0,0.9,0.4982,hard_aug
synth-train-7952-obfuscation,train,0,"Kya k@r rahi ho, bacch@ ke rona aayega kya?","क्या कर रही हो, बच्चा के रोलाएगी क्या?","Kya kar rahi ho, baccha ke rona aayega kya?",train_quarantine,obfuscation,0.883,0,0.85,0.0377,hard_aug
synth-val-6396-obfuscation,train,0,Gadhe jaisi j@nta ki haalat ho gayi hai.,गधधे जैसी जनता की हालत हो गई है।,Gadhe jaisi janta ki haalat ho gayi hai.,val_error,obfuscation,0.9364,0,0.95,0.9718,hard_aug
synth-val-495-obfuscation,train,0,Kya baat h@i 😁🎂✌👉🍹🌻🌹🌼🌷💋💋💋😁🎂✌👉🍹🌻🌹🌼🌷💋💋💋😁🎂✌👉🍹🌻🌹🌼🌷💋💋💋😁🎂✌👉🍹🌻🌹🌼🌷💋💋💋l.u.ndl.u.ndg@ndg@ndch*tiy@ch*tiy@,क्या बात है😁🎂✌👉🍹🌻🌹🌼🌷💋💋💋😁🎂✌👉🍹🌻🌹🌼🌷💋💋💋😁🎂✌👉🍹🌻🌹🌼🌷💋💋💋😁🎂✌👉🍹🌻🌹🌼🌷💋💋💋🍆🍆🍇🍇🍓🍌🍌,Kya baat hai 😁🎂✌👉🍹🌻🌹🌼🌷💋💋💋😁🎂✌👉🍹🌻🌹🌼🌷💋💋💋😁🎂✌👉🍹🌻🌹🌼🌷💋💋💋😁🎂✌👉🍹🌻🌹🌼🌷💋💋💋🍆🍆🍇🍇🍓🍌🍌,val_error,obfuscation,0.8402,0,0.95,0.1399,hard_aug
synth-train-4700-paraphrase,train,0,"Bakaiti kr ke kya milti hai, roti sabji banaa seekh lo, nahi to saasun ko bela belne se marjati hai",बकैती कर के क्या मिल जाता है रोटी सब्जी बनाना सीखो नही तो सासु माँ बेला बेलन से मारेगी,"Bakaiti kar ke kya mil jata hai, roti sabji banana seekho, nahi to saasu ma'in bela belne se maregi",train_quarantine,paraphrase,0.7695,0,0.85,0.9633,hard_aug
synth-val-6662-paraphrase,train,1,"Abe yar news me kya mix kiya tune, Delhi toh duniya ki doosri sabse jada polluted city hai aur tune usko clean cities ke list me daldia 😒😒😒🙄🙄🙄",अबे न्यूज में मिलावटी तो  मत कर यार दिल्ली दुनिया की दूसरी सबसे पोल्यूटेड सिटी है और तूने तो उसे साफ शहरो के लिस्ट में डाल दिया🧐🧐🧐🙄🙄🙄,"Abe news me milawati mat karo yaar, Delhi to duniya ki doosri sabse polluted city hai aur tune usko saaf shaharon ki list me daal diya 😒😒😒🙄🙄🙄",val_error,paraphrase,0.6876,1,0.9,0.8586,hard_aug
synth-train-15168-contrastive,train,1,"Hmare yahan ke naujawaan youth shakti ke baap fitti jeans pehkar gaurav karta hai, ye kya kam hai?",हमारे यहां के नौजवान युवा शक्ति फटी जींस पहन कर गर्व करती है यह क्या कम है,"Hmare yahan ke naujawaan youth shakti fitti jeans pehkar gaurav karta hai, ye kya kam hai?",train_quarantine,contrastive,0.9552,1,0.85,0.9534,hard_aug
synth-train-2617-mix_hindi_heavy,train,1,Yogi ji aayenge tab sab doodh ka doodh pani ka pani kar denge,योगी जी आयेंगे तब सब दूध का दूध पानी का पानी कर देंगे,Yogi ji ayenge tab sab doodh ka doodh pani ka pani kar denge,train_error,mix_hindi_heavy,0.9845,1,0.9,0.0369,hard_aug
synth-train-2617-paraphrase,train,1,Yogi ji aayenge tab sab doodh ka doodh aur pani ka pani kar denge.,योगी जी आयेंगे तब सब दूध का दूध पानी का पानी कर देंगे,Yogi ji ayenge tab sab doodh ka doodh pani ka pani kar denge,train_error,paraphrase,0.939,1,0.9,0.2268,hard_aug
synth-train-3461-paraphrase,train,0,Ek gaon ki ladki sarpanch ka chunav jeet gayi kyunki usne gaon walo ko kaha tha ki agar aapko adhi raat me meri jaroorat padegi to main tyar rehun ga,एक गांव की बाबी🙍🙍🙍 स्रपंच का 🥰💖💖🥰🤪🤪 चुनाऊ इस 🤗🤗🤗🤗🤗लिए जीत घी क्युकी उसने गांव 👳👳👳👳👳वालो से कहा था अगर आप लोगो को आधी रात को मेरी जरूर पड़ेगी तो में त्यार रहूंगी😛😛😛😛😛,Ek gaon ki baby srpanch ka chunav isliye jeet gayi kyunki use gaon walo se kaha tha agar aap logo ko adhi raat mein meri jaroorat padegi to main tyar rehungi,train_error,paraphrase,0.824,0,0.85,0.0156,hard_aug
synth-train-3461-contrastive,train,1,Ek gaon ki baby srpanch ka chunav isliye jeet gayi kyunki use gaon walo se kaha tha agar aap logo ko adhi raat mein meri madad chahiye to main tyar rehungi,एक गांव की बाबी🙍🙍🙍 स्रपंच का 🥰💖💖🥰🤪🤪 चुनाऊ इस 🤗🤗🤗🤗🤗लिए जीत घी क्युकी उसने गांव 👳👳👳👳👳वालो से कहा था अगर आप लोगो को आधी रात को मेरी जरूर पड़ेगी तो में त्यार रहूंगी😛😛😛😛😛,Ek gaon ki baby srpanch ka chunav isliye jeet gayi kyunki use gaon walo se kaha tha agar aap logo ko adhi raat mein meri jaroorat padegi to main tyar rehungi,train_error,contrastive,0.9158,1,0.9,0.0096,hard_aug
synth-train-972-obfuscation,train,0,Itta jh@t bhi kahi chalta kya......hmare dil pr kya beet rh rhi hogi y ch*mre baat sunke......😥,इत्ता झूट भी कही चलता क्या......हमारे दिल पर क्या बीत रही होगी ये तुम्हारी बाते सुनकर......😥,Itta jhoot bhi kahi chalta kya......hamare dil par kya beet rahi hogi ye tumhare baate sunker......😥,train_error,obfuscation,0.8456,0,0.9,0.5307,hard_aug
synth-val-1-contrastive,train,1,"Aapke paas pukhta saboot hai ya nahi? Yahan usi Aadhaar card ke kaaran majaad ki yojanaon ka fayda janta ko mil raha hai, aapke jaisi kala karte ko toh nahi.","आपके पास पुख्ता सबूत है, क्या या फिर कुछ भी। उसी आधार कार्ड के कारण वर्तमान सरकार की योजनाओं का फायदा मिल रहा है, जनता को",Aapke paas pukhta saboot hai ya nahi? Yahan usi Aadhaar card ke kaaran majaad ki yojanaon ka fayda janta ko mil raha hai,val_error,contrastive,0.9104,1,0.9,0.1657,hard_aug
synth-val-1776-obfuscation,train,0,"Pehle kuch aur cheez todw@ao, uske baad gurur todn@",पहले कुछ दूसरा चीज तोड़वाव उसके बाद गुरुर तोड़ना,"Pehle kuch aur cheez todwao, uske baad gurur todna",val_error,obfuscation,0.9204,0,0.85,0.015,hard_aug
synth-train-238-obfuscation,train,0,10 rupaye ki P3psi A@yar bh@i ch*mi 😅😂,10 रुपए की पेप्सी अय्यर भाई सेक्सी 😅😂,10 rupaye ki Pepsi Aayar bhai sexy 😅😂,train_error,obfuscation,0.5867,0,0.8,0.9916,hard_aug
synth-train-238-contrastive,train,1,10 rupaye ki Pepsi Aayar bhai tum sexy ho 😅😂,10 रुपए की पेप्सी अय्यर भाई सेक्सी 😅😂,10 rupaye ki Pepsi Aayar bhai sexy 😅😂,train_error,contrastive,0.8674,1,0.9,0.0741,hard_aug
synth-train-5203-obfuscation,train,0,"Kitna d00dh deti ho d@ily, chorwii ke m@dam",कितना दुध देती हैं डेली,"Kitna doodh deti ho daily, chorwi ke madam",train_quarantine,obfuscation,0.7295,0,0.9,0.0071,hard_aug
synth-val-4974-paraphrase,train,1,"Aap kuch bhi keh sake yaar, teri aawaj bahut theek hai, theek theek!",कुछ भी कहो यार तुम्हारी आवाज बहुत धाकड़ है,"Kuch bhi kahyo yaar, teri aawaj bahut thakad hai",val_error,paraphrase,0.5686,1,0.95,0.0063,hard_aug
synth-val-4974-mix_hindi_heavy,train,1,"Kuch bhi kehna yaar, teri aawaj bahut dhaakad hai",कुछ भी कहो यार तुम्हारी आवाज बहुत धाकड़ है,"Kuch bhi kahyo yaar, teri aawaj bahut thakad hai",val_error,mix_hindi_heavy,0.7835,1,0.95,0.0214,hard_aug
synth-val-3768-paraphrase,train,0,Agar talent hai to dikhao par apna body mat dikhao. Bhai ye ladki to itni badi hai jitni uski kapade ki size.,टैलेंट है तो दिखाओ मगर अपना बदन मत दिखाओ इसके ओके भाई जी यह बच्चे इतनी छोटी नहीं है जितने छोटे इसके कपड़े हैं,"Talent hai to dikhao par apna badan mat dikhao. Iske ok bhai ji, ye bacchi itni chhoti nahi hai jitni chhoti uski kapade hai.",val_error,paraphrase,0.7035,0,0.85,0.9719,hard_aug
synth-train-17577-paraphrase,train,0,"Pakde ho shirt ke button laga ke aao, tumko toot lagayega",शर्ट के बटन लगा कर आया करो बहुत अच्छे लगोगे,"Shirt ke button laga ke aao, bahut good lagega tumko",train_error,paraphrase,0.7339,0,0.85,0.5891,hard_aug
synth-train-4318-paraphrase,train,1,"Do chamme chini, do chamme kali mirch, do chamme ajwain. 2 ghante pani mein ubhao. Phir subah, dopahar, sham ek-ek glass lete raho.",दो चम्मच चीनी दो चम्मच काली मिर्च दो चम्मच अजवाइन 2 घंटे पानी में अच्छी तरह से उबालने उसके बाद तीनों टाइम सुबह दोपहर शाम एक एक गिलास का सेवन करें,"Do chammach chini, do chammach kali mirch, do chammach ajwain. 2 ghante pani mein ache se ubhao. Uske baad teeno time subah, dopahar, sham ek ek glass ka sewan karein.",train_error,paraphrase,0.7333,1,0.95,0.2063,hard_aug
synth-train-4318-mix_hindi_heavy,train,1,"Do chamach chini, do chamach kali mirch, do chamach ajwain. Do ghante pani mein ache se ubhao. Uske baad subah, dopahar, sham ek ek glass ka sewan karein.",दो चम्मच चीनी दो चम्मच काली मिर्च दो चम्मच अजवाइन 2 घंटे पानी में अच्छी तरह से उबालने उसके बाद तीनों टाइम सुबह दोपहर शाम एक एक गिलास का सेवन करें,"Do chammach chini, do chammach kali mirch, do chammach ajwain. 2 ghante pani mein ache se ubhao. Uske baad teeno time subah, dopahar, sham ek ek glass ka sewan karein.",train_error,mix_hindi_heavy,0.9172,1,0.95,0.0107,hard_aug
synth-train-18582-paraphrase,train,0,"Gadhe milte hai, socha to bata de raha hu yaar","गधे पाया जाते हैं ,,,सोचा बता देता हू","Gadhe paaya jaate hai, socha batata hu yaar",train_error,paraphrase,0.667,0,0.9,0.7369,hard_aug
synth-train-18582-obfuscation,train,0,"G@ndhe paaya jaate hai, socha bata deta hu yaar","गधे पाया जाते हैं ,,,सोचा बता देता हू","Gadhe paaya jaate hai, socha batata hu yaar",train_error,obfuscation,0.8518,0,0.9,0.0317,hard_aug
synth-train-14786-obfuscation,train,0,N@ngi ho kar naache,नंगी होकर नाचे,Nangi ho kar naache,train_quarantine,obfuscation,0.8511,0,0.9,0.0156,hard_aug
synth-val-3653-mix_hindi_heavy,train,1,"Karma karte raho, fal ki chinta mat karo. Kya pata upar wale ne aapke liye juice ka arrangement kar rakha ho. 😂😂😂😂",कर्म करते रहो फलों की चिंता मत करो क्या पता ऊपर वाले ने आपके लिए जूस का इंतजाम कर रखा हो। 😂😂😂😂,"Karma karte raho, phal ki chinta mat karo. Kya pata upar wale ne aapke liye juice ka arrangement kar rakha ho. 😂😂😂😂",val_error,mix_hindi_heavy,0.9779,1,0.95,0.942,hard_aug
synth-train-8945-paraphrase,train,1,"Raat me meri baat sun ke so jao, khidki thoda ari se khol ke so jao, main tumhare sapne me aane wali hu, toh thodi jagah chhod ke so jao. Good Night 🦅◤✞Mr.India✞◥🦅","💐🌺🍀🌷🌴🌼☘🌷💐🌻🌺 रात को मेरा नाम ले के सोया करो, खिड़की को थोड़ा खोलकर के सोया करो, हम आयेंगे तुम्हारे सपनो में, इसलिए थोड़ी जगह छोड़ के सोया करो। Good Night 💐🌺🍀🌷🌴🌼☘🌷💐🌻🌺 🦅◤✞𝕸𝖗.𝖎𝖓𝖉𝖎𝖆✞◥🦅💐🌺🍀🌷🌴🌼☘🌷💐🌻🌺 रात को मेरा नाम ले के सोया करो, खिड़की को थोड़ा खोलकर के सोया करो, हम आयेंगे तुम्हारे सपनो में, इसलिए थोड़ी जगह छोड़ के सोया करो। Good Night 💐🌺🍀🌷🌴🌼☘🌷💐🌻🌺 🦅◤✞𝕸𝖗.𝖎𝖓𝖉𝖎𝖆✞◥🦅","Raat ko mera naam le ke soya karo, khidki ko thoda khole ke soya karo, hum ayenge tumhare sapnon mein, isliye thodi jagah chhod ke soya karo. Good Night 🦅◤✞Mr.India✞◥🦅",train_quarantine,paraphrase,0.5621,1,0.9,0.0052,hard_aug
synth-val-6296-paraphrase,train,0,"In logon ne hamare Bihar ko barbad krke rakh diya hai, accha he hoga aur ye kya kr rha hai vidhaayak bna kr sabka manoranjan krta hai aur kch nai.",इन लोगे ने हमारे बिहार को बर्बाद कर के रख दिया है अच्छा ही होगा और ये कर क्या रहा है विधायक बन कर सब का मनोरंजन करता है और कुछ नही,"In logon ne hamare Bihar ko barbad karke rakh diya hai, accha he hoga aur ye kya kar raha hai vidhayanak banke sabka manoranjan karta hai aur kuchh nahi",val_error,paraphrase,0.8124,0,0.85,0.9235,hard_aug
synth-val-3025-obfuscation,train,0,"Kisi ko m@ut k@ bhi m@t d@o, pehle t@ g@lti kI, phir usk@ g@ur se viral kI@, ab b|@ckm3iling se d@r r@h@ h@i...",किसी को मौका ही मत दो खुद को ब्लैकमेल करने का पहले तो गलत काम किया फिर उसे गर्व से वायरल भी किया उसके बाद ब्लैक मेलिंग से डर......,"Kisi ko maut ka bhi mat do, pehle toh galti ki, phir usko gaur se viral kiya, ab blackmailing se dar raha hai...",val_error,obfuscation,0.6068,0,0.9,0.0632,hard_aug
synth-train-4959-paraphrase,train,0,Haram dada ne kaha tha bhosdike ne,हराम देव ने कहा था साले ने,Haram dev ne kaha tha sale ne,train_quarantine,paraphrase,0.6949,0,0.95,0.9974,hard_aug
synth-val-3025-paraphrase,train,0,"Kisi ko maut chance hi mat do, pehle galti ki, phir usko gaur se viral kiya, to ab blackmail se darr raha hai...",किसी को मौका ही मत दो खुद को ब्लैकमेल करने का पहले तो गलत काम किया फिर उसे गर्व से वायरल भी किया उसके बाद ब्लैक मेलिंग से डर......,"Kisi ko maut ka bhi mat do, pehle toh galti ki, phir usko gaur se viral kiya, ab blackmailing se dar raha hai...",val_error,paraphrase,0.8712,0,0.9,0.5851,hard_aug
synth-train-14001-paraphrase,train,1,"Aajkal to yehi haal ha, ladki jo ldke ko aur ldka jo ldki ko importance de rha ha utna apne ma-baap ko nahi de pa rha ha, itna shame hi kya hai. Love u mammy 👨‍👩‍👦‍👦",😥जमाना ये हैं कि लड़की जितना लड़के को और लड़का जितना लड़की को अहमियत दे रहा है उतना अपने मां बाप को नहीं दे पा रहा है कितनी शर्म की बात है       Love yoh mammy 👨‍👩‍👦‍👦,":( Aajkal yehi haal ha, ladki jitna ladke ko aur ladka jitna ladki ko importance de raha ha utna apne ma-baap ko nahi de pa raha ha, kitni shame ki baat ha. Love yoh mammy 👨‍👩‍👦‍👦",train_error,paraphrase,0.7516,1,0.9,0.1104,hard_aug
synth-train-19920-paraphrase,train,0,"Chhipkali ka naam kyun berozgar kr rahi ho? Chhipkali to in se zyada sundar hai, aur thappad se inke gale mein lalai lag rahi hai aur kachhua jaise shape hai.",छिपकली का नाम क्यों बर्बाद कर रही हो छिपकली तो इनसे सुंदर है और थप्पड़ से इनके गालों  में लाली लग रही है और कछुए जैसी शक्ल है,Chhipkali ka naam kyun berozgar kar rahi ho? Chhipkali to inse sundar hai aur thappad se inke gale mein lalai lag rahi hai aur kachhua jaise shape hai.,train_error,paraphrase,0.951,0,0.85,0.1635,hard_aug
synth-val-3320-paraphrase,train,1,Tera mahina gilaas mein hai kya?,यह गिलास में महीना है क्या तेरा,Ye gilaas mein mahina hai kya tera?,val_error,paraphrase,0.8068,1,0.95,0.1436,hard_aug
synth-val-2970-mix_hindi_heavy,train,1,Kal school khulayga 😜😜😜,कल स्कूल खुलेगा 😜😜😜,Kal school kholega 😜😜😜,val_error,mix_hindi_heavy,0.7557,1,0.95,0.0135,hard_aug
synth-train-8346-mix_hindi_heavy,train,1,"Jab Nabi ki aamad hoti hai, tab asmaan me ek aawaaz buland hoti hai, ""E dafna hone wali bacchiyan, e chitaon pe jalne wali bevaon, paresaan mat ho, tumko bacane ke liye, Muhammad e Rasool Allah a gaye hain."" Kahati thi bevaaye ilahi bej jalewa noor ka, dafna hoti bacchiyan takti thi rasta noor ka, naariyon ka dawar tha dil jal raha tha noor ka, tum ko dekha ho gaya thanda kaleja noor ka, subah teeba me hui batata hai badar noor ka, sadka lena noor ka aya hai tara noor ka, main gada tu badshah bharna de payala noor ka, teri nasle paak me hai baccha baccha noor ka, tu hai ehal e noor, tera sab gharana noor ka.","जब नबी की आमद होती है,। तो आसमान में एक आवाज़ बुलन्द होती है, ए दफ़्न होने वाली बच्चियों ए चिताओ पे जलने वाली बेवाओं परेशान मत हो, तुमहे बचाने के लिए, मौहम्मदुर रसूल अल्लाह का आ गए हैं , । कहती थी बेवाये इलाही भेज जलवा नूर का, दफ़्न होती बच्चियां तकती थी रस्ता नूर का, नारियों का दौर था दिल जल रहा था नूर का, तुम को देखा हो गया ठंडा कालेजा नूर का, सुबह तेबा में हुई बटता हैं बाड़ा नूर का, सदका लेने नूर का आया है तारा नूर का,में गदा तू बादशाह भर दे प्याला नूर का तेरी नस्ले पाक में है बच्चा बच्चा नूर का तू हे एहले नूर तेरा सब घराना नूर का,,,","Jab Nabi ki aamad hoti hai, tab asmaan me ek aawaaz buland hoti hai, ""Ey dafna hone wali bacchiyon, ey chitaon pe jalne wali bevaon, paresaan mat ho, tumko bacane ke liye, Muhammad e Rasool Allah ka a gaye hain."" Kahati thi bevaaye ilahi be",train_error,mix_hindi_heavy,0.9948,1,0.9,0.3675,hard_aug
synth-val-6288-paraphrase,train,1,"Pushpa Pushparaj toh nahi jhukega sala, ✔️✔️","पुष्पा पुष्पराज झुकेगा नाही साला ,_✔️✔️","Pushpa Pushparaj nahi jhukega sala, _✔️✔️",val_error,paraphrase,0.8956,1,0.8,0.2677,hard_aug
synth-val-6288-mix_english_heavy,train,1,"Pushpa Pushparaj won't bend for you, yaar, _✔️✔️","पुष्पा पुष्पराज झुकेगा नाही साला ,_✔️✔️","Pushpa Pushparaj nahi jhukega sala, _✔️✔️",val_error,mix_english_heavy,0.5884,1,0.9,0.0084,hard_aug
synth-val-109-mix_english_heavy,train,1,"Kal black cow gay, white hai sefay",⚫ काली  भैंस  गाय🐄  सफेद है,"Kal bhains gay, sefay hai",val_error,mix_english_heavy,0.5611,1,0.9,0.8891,hard_aug
synth-train-19940-obfuscation,train,0,Aap b.llu film bana.nay kyun nahi chal.ti,आप बुलु फिल्म 🎥 क्यों नहीं बनाती,Aap bullu film banane kyun nahi chalu karta,train_quarantine,obfuscation,0.6751,0,0.9,0.0084,hard_aug
synth-train-15844-paraphrase,train,0,Sali toh sahi hai na!,साली सही है,Sali sahi hai,train_quarantine,paraphrase,0.7537,0,0.8,0.0672,hard_aug
synth-val-4646-obfuscation,train,0,Is su1t mein toh tu kati m@st g@ch kati jah@r l@g h@i l@ddl! Soni@ ji,इस सूट में तो तू कती मस्त गच कती जहर लाग है लाड़ली सोनियाजी,Is suit mein toh tu kati mast gach kati jahar lag hai laddali Sonia ji,val_error,obfuscation,0.6164,0,0.9,0.9745,hard_aug
synth-train-11641-paraphrase,train,1,"Nai bat tum, doodh ki katori rakh do, billi apni apni ayegi.",कोई बात नही तुम दुध की कटोरी रख  दो बिल्ली आपने आप आयेगी,"Koi baat nahi tum, doodh ki katori rakh do, billi apni khud ayegi",train_error,paraphrase,0.7871,1,0.9,0.9842,hard_aug
synth-val-427-obfuscation,train,0,"Aap kitne ti@t cl@thes pehna, bahut accha l@ga",आप कितने टाइट कपड़े पहनती हैं बहुत अच्छी लगती हैं,"Aap kitne tight clothes pehna, bahut accha laga",val_error,obfuscation,0.7957,0,0.8,0.9064,hard_aug
synth-train-16517-mix_english_heavy,train,1,"Gandhi opposed the hanging of Abdul Rashid but not Bhagat Singh. Bhagat Singh killed the British, and Abdul Rashid shot Swami Shraddhanand at an Arya Samaj temple. Pay attention, why did Gandhi do this?🚩🙏🙏",गांधी ने अब्दुल राशिद की फांसी का विरोध किया था पर भगत सिंह का नहीं भगत सिंह ने अंग्रेज मारे थे और अब्दुल राशिद ने आर्य समाज मंदिर का श्रद्धानंद स्वामी को गोली मारी थी ध्यान दीजिएगा ऐसा क्यों किया गांधी जी ने🚩🙏🙏,"Gandhi ne Abdul Rashid ki fansi ka virrod kiya tha par Bhagat Singh ka nahi. Bhagat Singh ne angrez mara tha aur Abdul Rashid ne Arya Samaj mandir ke Swami Shraddhanand ko goli mar di thi. Dhyan dijiye, aisa kyun kiya Gandhi ji ne🚩🙏🙏",train_error,mix_english_heavy,0.5596,1,0.8,0.0143,hard_aug
synth-val-1551-contrastive,train,1,Yaar manna ki tarif sunna pasand hota har kisi ko lekin aisa date to accha hai 😁 na sunna naam aisa kamao ki apke gali par bhi gali bajay 🤣🤣🤣🥴🥴,यार माना की तारीफ सुनना पसंद होता हर किसी को लेकिन ऐसे तारीख से तो अच्छा है 😁 न सुन्नना नाम ऐसा कमाओ कि आपके गाली पर भी ताली बजे 🤣🤣🤣🥴🥴,Yaar manna ki tarif sunna pasand hota har kisi ko lekin aisa date to accha hai 😁 na sunna naam aisa kamao ki apke gali par bhi thali bajay 🤣🤣🤣🥴🥴,val_error,contrastive,0.9831,1,0.9,0.0195,hard_aug
synth-val-405-mix_hindi_heavy,train,1,"Maut par sindoor lagake rakho, na chor leke bhagein ge na choray line marenge, baat janhit mein jari hai","माथे पर सिंदूर लगाके रखो ना चोर लेके भागेंगे और ना छोरे लाईन मारेंगे, बात जनहित में जारी","Maut par sindoor lagake rakho, na chor leke bhagein ge na chhoray line marenge, baat janhit mein jari hai",val_error,mix_hindi_heavy,0.9884,1,0.9,0.0157,hard_aug
synth-train-19182-paraphrase,train,0,Call girl kisi chaar se fame ho gayi hai.,कॉल गर्ल कोई चारा ही फेमस हो गई है,Call girl chaura hi fame ho gaya hai,train_quarantine,paraphrase,0.5827,0,0.9,0.0537,hard_aug
synth-val-4025-paraphrase,train,1,"Arey kaka, ab kyun nikal raha ho? Baccha jab 25 saal ka ho jaye tab chhodna, kya pata fir vohi kaam karta rehaye.",अरे वो काका अभी काहे को निकाल रहे हो बच्चा को जब 25 साल का हो जायेगा तब छोड़ना क्या पता फिर वही काम करे,"Arey woh kaka ab kisliye nikal raha ho? Bachcha jab 25 saal ka ho jaye tab chhodna, kya pata fir wahi kaam kare.",val_error,paraphrase,0.8339,1,0.9,0.2979,hard_aug
synth-val-4025-mix_hindi_heavy,train,1,"Arey vo kaka ab kisliye nikal raha hai, baccha jab 25 saal ka ho jaye tab chhodna, kya pata phir wahi kaam kare.",अरे वो काका अभी काहे को निकाल रहे हो बच्चा को जब 25 साल का हो जायेगा तब छोड़ना क्या पता फिर वही काम करे,"Arey woh kaka ab kisliye nikal raha ho? Bachcha jab 25 saal ka ho jaye tab chhodna, kya pata fir wahi kaam kare.",val_error,mix_hindi_heavy,0.8973,1,0.9,0.7092,hard_aug
synth-train-9007-paraphrase,train,0,"Neem mein aam sala se kya ho raha hai, se kab se lagane laga?",नीम मे आम साला कब से लगने लगा,Neem mein aam sala kab se lagane laga hai,train_quarantine,paraphrase,0.7902,0,0.85,0.7172,hard_aug
synth-train-9007-obfuscation,train,0,Neem mein aam s@la kab se l@gne l@ga hai,नीम मे आम साला कब से लगने लगा,Neem mein aam sala kab se lagane laga hai,train_quarantine,obfuscation,0.674,0,0.9,0.0081,hard_aug
synth-train-15148-paraphrase,train,0,Jahannum me he tum,जहन्नुम में हे,Jahan num ho tum he,train_quarantine,paraphrase,0.6061,0,0.95,0.0103,hard_aug
synth-val-6169-contrastive,train,1,"Koi medicine ya koi anushka nahi hai jo maine taiyaar karke rakha hai, bhaisahab 🙏",टाईट खड़ा करने के लिए कोई दवा या कोई अनुष्का बताओ भाई 🙏,"Koi medicine ya koi anushka nahi hai, bhaisahab, maine to taiyaar karke rakha hai 🙏",val_error,contrastive,0.9353,1,0.9,0.0081,hard_aug
synth-val-4776-mix_english_heavy,train,1,"Hindu ya Muslim, Muslim ki bike chal rahi hai",हिंदू या मुसलमान । मुस्लिम का चलता हैं,"Hindu ya Muslim, Muslim ka chalta hai",val_error,mix_english_heavy,0.7867,1,0.8,0.24,hard_aug
synth-val-4776-contrastive,train,0,"Hindu ya Muslim, Muslim ka kutta hai",हिंदू या मुसलमान । मुस्लिम का चलता हैं,"Hindu ya Muslim, Muslim ka chalta hai",val_error,contrastive,0.8818,0,0.95,0.9935,hard_aug
synth-train-6546-paraphrase,train,0,"Uttar Pradesh ki janta Yogi ji ke saath hai, #danga_loving_spa ke saath nahi.",उत्तरप्रदेश की जनता योगी जी के साथ है    #दंगा_प्रेमी_सपा के साथ नही,Uttar Pradesh ki janta Yogi ji ke saath hai #danga_premi_spa ke saath nahi,train_quarantine,paraphrase,0.8771,0,0.85,0.0518,hard_aug
synth-val-665-paraphrase,train,0,"Plz comment wale shart na batao, agar aise hi achhe rehenge to in jaise ke post pe like comment krne wale bhi na ho, kripa ladkiyan to aur gyaan na badhe.","प्लीज कमैंट करनें वालों शरफत मत बताओं, अगर इतनें ही अच्छें रहते ना तो इन जैंसे की पोस्ट पे ना लाइक ना कमैंट ना ये फेमस होते, कृपा लड़कियाँ तो और ज्ञान ना बाँटे ।।","Plz comment karte wale shart mat batao, agar aise hi achhe rehate na to in jaise ke post pe na like na comment na ye famous hote, kripa ladkiyan to aur gyaan na badhe.",val_error,paraphrase,0.8357,0,0.85,0.7907,hard_aug
synth-val-665-obfuscation,train,0,"Plz comment karte wale sh@rt mat batao, agar aise hi achhe rehate na to in jaise ke post pe na like na comment na ye famous hote, kripa ladkiyan to aur gyaan na b@dthe.","प्लीज कमैंट करनें वालों शरफत मत बताओं, अगर इतनें ही अच्छें रहते ना तो इन जैंसे की पोस्ट पे ना लाइक ना कमैंट ना ये फेमस होते, कृपा लड़कियाँ तो और ज्ञान ना बाँटे ।।","Plz comment karte wale shart mat batao, agar aise hi achhe rehate na to in jaise ke post pe na like na comment na ye famous hote, kripa ladkiyan to aur gyaan na badhe.",val_error,obfuscation,0.9697,0,0.9,0.0467,hard_aug
synth-val-2669-paraphrase,train,1,Kuchh Chinese ya china jaise log hamari Indian army ka kuchh nahi todh payenge.,कुछ चीनी ओर कुछ चाइना जैसे लोगो हमारी इंडियन आर्मी का कुछ नहीं बिगड़ा पाएंगे,Kuchh Chinese or china jaise log hamari Indian army ka kuchh nahi bigad paayenge.,val_error,paraphrase,0.8776,1,0.9,0.2377,hard_aug
synth-val-2669-mix_hindi_heavy,train,1,Kuchh Chini ya China jaise log hamari Indian Army ka kuchh naahi bigad payenge.,कुछ चीनी ओर कुछ चाइना जैसे लोगो हमारी इंडियन आर्मी का कुछ नहीं बिगड़ा पाएंगे,Kuchh Chinese or china jaise log hamari Indian army ka kuchh nahi bigad paayenge.,val_error,mix_hindi_heavy,0.8971,1,0.9,0.0125,hard_aug
synth-val-2472-paraphrase,train,0,"Makkha walo makkh jao, khuda to mubin mein milega, yahan to hanuman ke bhakhton ki hai gali, ram har dil mein milega, jai shri ram 🚩🚩🚩🚩🚩🚩🕉️",मक्का वालों  मक्का जाओ  खुदा मिलेंगे मदीने में  यहां तो हनुमान के दीवाने हैं राम मिलेंगे  हर सीने में   जय श्री राम 🚩🚩🚩🚩🚩🚩🕉️,"Makkha walo makkha jao, khuda milega madine mein, yahan to Hanuman ke devotee hain, Ram milega har seen mein, Jai Shri Ram 🚩🚩🚩🚩🚩🚩🕉️",val_error,paraphrase,0.7432,0,0.95,0.0144,hard_aug
synth-val-2472-obfuscation,train,0,"Makk@ w@lo Makk@ j@o, khud@ milega m@diin@ mein, y@h@n to H@num@n ke devot33 h@in, R@m milega h@r se3ein mein, J@i Shri R@m 🚩🚩🚩🚩🚩🚩🕉️",मक्का वालों  मक्का जाओ  खुदा मिलेंगे मदीने में  यहां तो हनुमान के दीवाने हैं राम मिलेंगे  हर सीने में   जय श्री राम 🚩🚩🚩🚩🚩🚩🕉️,"Makkha walo makkha jao, khuda milega madine mein, yahan to Hanuman ke devotee hain, Ram milega har seen mein, Jai Shri Ram 🚩🚩🚩🚩🚩🚩🕉️",val_error,obfuscation,0.6091,0,0.85,0.0071,hard_aug
synth-val-2722-obfuscation,train,0,Aap sabko sh@rm aani ch@hie jo is p@st p@r apni fanny re@ction de r@h@ hai,आप सबको शर्म आनी चाहिए जो इस पोस्ट पर अपनी हास्य प्रतिक्रिया दे रहे है,Aap sabko sham aani chahiye jo is post par apni funny reaction de raha hai,val_error,obfuscation,0.6583,0,0.9,0.599,hard_aug
synth-val-4990-paraphrase,train,1,"Ishq kiya tha humne bhi, hum bhi raton me jagate the tha koi jiska baad hum nange paan chale the❤❤❤",इश्क़ किया था हमने भी हम भी रातों को जागे थे  था कोई जिसके पीछे  हम नंगे पांव भागे थे❤❤❤,"Ishq kiya tha humne bhi, hum bhi raton ko jagaye the tha koi jiski baad hum nange paan chale the❤❤❤",val_error,paraphrase,0.9296,1,0.95,0.0232,hard_aug
synth-train-3435-obfuscation,train,0,Bh@i kya is zamane me is tara ka dusht@ hai. Is zamane me achha shakal achha kapda aur shuharat aur rupya sab jaankaar dushtit@ hoti hai.,भाइ किया इन जमाने में इश तरा का दुशत  हे इन जमाने में अछा शक्ल अछा कपड़े और शूहरत और रुपया शब जानकार दुशती हुती हे,Bhai kya is zamane me is tara ka dushta hai. Is zamane me accha shakal accha kapda aur shuharat aur rupya sab jaankaar dushtiti hoti hai.,train_error,obfuscation,0.895,0,0.85,0.8504,hard_aug
synth-val-6029-mix_hindi_heavy,train,1,"Kisi gazre ki khushboo ko mahaktay chod gaya hoon, meri nani si chidiya ko chhakaktay chod gaya hoon, mujhe ghatiya se apni lagalena hai Bharti Ma, main apni ma ki baahon ko tarsatay chod gaya hoon. Pehle chief of army staff sripadmanabh singh jee ke saamne main apne dil se shradha karta hoon 🤲🤲🇮🇳","किसी गजरे की खुशबु को महकता छोड़ आया हूँ, मेरी नन्ही सी चिड़िया को चहकता छोड़ आया हूँ, मुझे छाती से अपनी तू लगा लेना ऐ भारत माँ, मैं अपनी माँ की बाहों को तरसता छोड़ आया हूँ।  पहले चीफ ऑफ आर्मी स्टाफ श्री विपिन रावत जी को भावपूर्ण श्रद्धांजलि 🤲🤲🇮🇳","Kisi gazre ki khushboo ko mahaktay chod gaya hoon, meri nani si chidiya ko chhakaktay chod gaya hoon, mujhe ghatiya se apni lagalena hai Bharti Ma, main apni ma ki baahon ko tarsatay chod gaya hoon. Pehle Chief of Army Staff Sripadmanabh Si",val_error,mix_hindi_heavy,0.9949,1,0.95,0.9507,hard_aug
synth-train-3551-obfuscation,train,0,Filmi sitaron m3 se sabse bekar salm@n kh@n h@i,फिल्मी सितारों में सबसे खराब सलमान खान है,Filmi sitaron mein sabse bekaar Salman Khan hai,train_quarantine,obfuscation,0.654,0,0.85,0.0076,hard_aug
synth-train-15575-paraphrase,train,1,"Is, nabaalik bacchi ki shadi kiske bhai ne kiya 😜😀😂😆🤣","इस, नाबालिक बच्ची की शादी किसने कर दी- भाई😜😀😂😆🤣","Is, nabaalik bacchi ki shadi kisne kiya bhai 😜😀😂😆🤣",train_error,paraphrase,0.9079,1,0.8,0.158,hard_aug
synth-train-15800-paraphrase,train,0,"Hey bhabhi ji, aapko bahut accha laga hai, aap bahut hot bhi ho",हाय भाभी जी बहुत अच्छी लग रही हो बहुत सेक्सी भी हो,"Hy bhabhi ji aap bahut acchi lag rahi ho, bahut sexy bhi ho",train_error,paraphrase,0.6889,0,0.8,0.0297,hard_aug
synth-val-2063-obfuscation,train,0,Arre t11a aata gharat gheun k@nha ch@lu diya r@t d1n,अरे तिला आता घरात घेऊन कन्हव चालु द्या रात्र  दिवस,Arre tilla aata gharat gheun kanha chalu diya raat din,val_error,obfuscation,0.7086,0,0.9,0.0672,hard_aug
synth-train-5911-paraphrase,train,0,Lagta hai teri khaiya main beechakar kuch na kuch chor diya re.,लगता है तेरे पिंजरे मे ठीक से दाना नही डल रहा है,Lagta hai teri kheedi mein beechakar kuch na kuch to churayega re,train_quarantine,paraphrase,0.6936,0,0.85,0.9373,hard_aug
synth-train-5911-obfuscation,train,0,Lagta hai teri kh33di mein be3chakar kuch na kuch to chur4yega re,लगता है तेरे पिंजरे मे ठीक से दाना नही डल रहा है,Lagta hai teri kheedi mein beechakar kuch na kuch to churayega re,train_quarantine,obfuscation,0.863,0,0.85,0.9298,hard_aug
synth-train-4775-paraphrase,train,0,Lauda abki bar Akhilesh ki sarkar hogi.,लौड़ा  अबकी बार अखिलेश सरकार,Lauda abki bar Akhilesh Sarkar hogi,train_quarantine,paraphrase,0.9025,0,0.8,0.6682,hard_aug
synth-train-4775-obfuscation,train,0,L@uda abk1 bar Akhilesh Sarkar hogi,लौड़ा  अबकी बार अखिलेश सरकार,Lauda abki bar Akhilesh Sarkar hogi,train_quarantine,obfuscation,0.8378,0,0.9,0.2453,hard_aug
synth-val-3783-mix_english_heavy,train,0,Brother Sharma gaya hai toh pitaane ka man kar raha hai is gay boy ko.,भाई शर्मा गया इसीलिए मुझे पीटने का मन कर रहा है ऐसे लड़के को,Brother Sharma gaya isiliye mujhe pitaane ka man kar raha hai aise ladke ko.,val_error,mix_english_heavy,0.7197,0,0.9,0.2609,hard_aug
synth-train-2908-paraphrase,train,0,Kuch gaddaro ko alag tarah se khana ya paani dikhai rahi hai to unko bata do unki aukad pass baithne ki nahi hai.,कुछ गद्दारो को खाना या पानी अलग दिखायी दे रही है उनको बता दे उनकी अौकाद नहीं पास बैठने की ठीक है🙏🙏🙏,Kuch gaddaro ko khana ya paani alag dikhai de rahi hai unko bata do unki aukad pass baithne ki thik hai.,train_quarantine,paraphrase,0.8842,0,0.9,0.4205,hard_aug
synth-train-1421-paraphrase,train,1,"Wah sab toh theek hai, buffalo ke khouta bhi bacche ko lag sakta tha agar uss bacche ne buffalo ke upar khada krke gaddha mar diya hota. Age se is tareeke se mat roopay.",वह सब तो ठीक है भैंस का खूंटा भी बच्चे को लग सकता था अगर बच्चा भैंस के ऊपर खड़े होकर गिर जाता आगे से बेटा ऐसा मत करना,"Wah sab toh thik hai, bhains ka khoonta bhi bacche ko lag sakta tha agar baccha bhains ke upar khade hone se gir jata. Age se beta aisa mat karna.",train_error,paraphrase,0.6208,1,0.8,0.0725,hard_aug
synth-train-1421-contrastive,train,0,"Wah sab toh thik hai, bhains ka khoonta bhi bacche ke upar khade hone se lag sakta hai. Age se beta aisa mat karna.",वह सब तो ठीक है भैंस का खूंटा भी बच्चे को लग सकता था अगर बच्चा भैंस के ऊपर खड़े होकर गिर जाता आगे से बेटा ऐसा मत करना,"Wah sab toh thik hai, bhains ka khoonta bhi bacche ko lag sakta tha agar baccha bhains ke upar khade hone se gir jata. Age se beta aisa mat karna.",train_error,contrastive,0.8929,0,0.8,0.9197,hard_aug
synth-train-499-paraphrase,train,0,Is MC ko Apa-Ram jaisa husband chahiye,इस mc को   आसाराम जैसा पति चाहिये,Is MC ko Assa-Ram jaisa pati chahiye,train_error,paraphrase,0.703,0,0.85,0.6595,hard_aug
synth-train-499-obfuscation,train,0,Is m.c. ko Asa-Ram jaisa pati chahiye,इस mc को   आसाराम जैसा पति चाहिये,Is MC ko Assa-Ram jaisa pati chahiye,train_error,obfuscation,0.8494,0,0.9,0.313,hard_aug
synth-train-8224-paraphrase,train,0,Tu nangi ho kar 4 ke liye 10 million gaiye video banaega?,नंगी होकर वीडियो बनाएगी 4 क्या 10 मिलियन गै,Nangi ho kar video banaega 4 ke liye 10 million gaiye,train_quarantine,paraphrase,0.9158,0,0.95,0.9969,hard_aug
synth-val-23-obfuscation,train,0,"Pani piyena h@i to gl@ss se piye, Bisleri b0ttle me kya rakha h@i 😎, pani piyena h@i to gl@ss se piye, Bisleri b0ttle me kya rakha h@i aur seva k@rni h@i to m@-b@ap k@i karein, in l@dkiyon me kya rakha h@i","पानी पीना 🥛 है तो गिलास से पीजिए। बिस्लेरी बोतल में क्या रखा है 😎,,,पानी पीना है तो गिलास से पीजिए  बिसलेरी बोतल में क्या रखा है और सेवा करनी है तो मा बाप की कीजिए इन लडकियो में क्या रखा है","Pani piyena hai to glass se piye, Bisleri bottle me kya rakha hai 😎, pani piyena hai to glass se piye, Bisleri bottle me kya rakha hai aur seva karna hai to ma-baap ki karein, in ladkiyon me kya rakha hai",val_error,obfuscation,0.7072,0,0.9,0.1072,hard_aug
synth-train-4937-contrastive,train,1,"Badhiya sukon hai, dil se tumpe marna band karte hoon",बड़ा सुकून है दिल से तुमपे मरती हूं,"Badhiya sukon hai, dil se tumpe marati hoon",train_error,contrastive,0.8095,1,0.9,0.0341,hard_aug
synth-train-7327-obfuscation,train,0,Eka bahut chhinir chorki l@og hain,एक बहुत छिनार छोकरी लोग हैं,Ek bahut chhiniya chorki log haiin,train_error,obfuscation,0.7222,0,0.85,0.0293,hard_aug
synth-train-14027-paraphrase,train,1,"Mehnat rang laayegi apki, aisa log jo abhi oxygen ke liye dhoran ho, kal apke autograph ke liye bhejenge 😄😄",💟मेहनत रंग लाएगी आपकी💟जैसे लोग आज ऑक्सीजन के लिए भाग रहे है💟कल आपके ऑटोग्राफ के लिए भागेंगे💟😄😄,"Mehnat rang laayegi aapki, jaise log aaj oxygen ke liye bhag rhe hain, kal aapke autograph ke liye bhageinge 😄😄",train_error,paraphrase,0.711,1,0.9,0.011,hard_aug
synth-val-2861-paraphrase,train,0,"Dhaakkan kiski, yahan se chala jao tum","ढक्कन कहीं के, दफा हो यहाँ से","Dhaakkan kahan ke, yahan se dafa ho jao",val_error,paraphrase,0.6199,0,0.9,0.0372,hard_aug
synth-val-2861-obfuscation,train,0,"Dh@kkan kahan ke, yahan se dafa ho jao","ढक्कन कहीं के, दफा हो यहाँ से","Dhaakkan kahan ke, yahan se dafa ho jao",val_error,obfuscation,0.9307,0,0.9,0.0071,hard_aug
synth-train-8106-paraphrase,train,0,Aap jaise ladki ke karan society kaat rahi hai kharab,आप जैसी लड़की की वजह से समाज खराब हो रहा है,Aap jaisi ladki ke karan samaj kharaab ho raha hai,train_quarantine,paraphrase,0.6499,0,0.95,0.2937,hard_aug
synth-val-4584-paraphrase,train,0,Aisi bat mat karo hamra nanna khada ho jaye to ham kahan jaye?,ऐसी बातें मत करो हमारा नन्नू खड़ा होगा तो हम कहां जाएंगे,Aisi baatein mat karo hamara nanna kharda hoga to ham kahan jaayenge,val_error,paraphrase,0.7273,0,0.85,0.1634,hard_aug
synth-val-4584-obfuscation,train,0,Aisi baatein mat karo hamara n.na khada hoga to ham kahan jaayenge,ऐसी बातें मत करो हमारा नन्नू खड़ा होगा तो हम कहां जाएंगे,Aisi baatein mat karo hamara nanna kharda hoga to ham kahan jaayenge,val_error,obfuscation,0.9201,0,0.8,0.0484,hard_aug
synth-val-6465-obfuscation,train,0,DIdi k@pde p.hool ghal@,दीदी कपडे फूल घाल,Didi ka kapde phool ghala,val_error,obfuscation,0.6019,0,0.9,0.9689,hard_aug
synth-train-19931-obfuscation,train,0,Chod@ jao ge beti.,चोदा जाओगे बेटा,Choda jao ge beta,train_quarantine,obfuscation,0.686,0,0.95,0.3172,hard_aug
synth-val-502-paraphrase,train,1,"Kyun kahate he pathro dil he, ro padata he unka. Sacha, imandar, narm jheel, bhola, innocent hote he meri tarah nahi bol sake. Kya karne, bacpan se aise he. Par jo bolte he, sach hi bol dete he – bhad bhad, bad bad jyada karelethe.",कौन कहता हे   पथर दिल हे   रो पड़ते वोह   सचे  ईमानदार   नरम झील  भोले  इनोसेंट होते हे   मेरे जैसा     बोल नहीं सकते   क्या करें  बचपन से  ऐसे हे        पर जो बोलते सच बोल देते हे     भड भड बड बड ज्यादा करलेते,"Kyun kahate he pathro dil he, ro padata he unka. Sacha, imandar, narm jheel, bhola, innocent hote he meri tarah nahi bol sake. Kya karne, bacpan se aise he. Par jo bolte he, sach hi bol dete he — bhad bhad, bad bad jyada karelethe.",val_error,paraphrase,0.9929,1,0.9,0.9108,hard_aug
synth-train-15390-contrastive,train,1,Radhe Radhe Radhe Radhe Radhe Radhe Radhe Radhe Radhe Radhe Radhe Radhe Radhe Krishna ♛┈⛧┈┈•༶♛┈⛧┈┈•༶♛┈⛧┈┈•༶♛┈⛧┈┈•༶♛┈⛧┈┈•༶♛┈⛧┈┈•༶♛┈⛧┈┈•༶♛┈⛧┈┈•༶♛┈⛧┈┈•༶♛┈⛧┈┈•༶♛┈⛧┈┈•༶♛┈⛧┈┈•༶♛┈⛧┈┈•༶♛┈⛧┈┈•༶♛┈⛧┈┈•༶♛┈⛧┈┈•༶ ❤❤❤🤗🤗🤗🤗🤗🤗🤗😘😘😘😘,राधे राधे राधे राधे राधे राधे राधे राधे राधे राधे राधे राधे कृष्णा♛┈⛧┈┈•༶♛┈⛧┈┈•༶♛┈⛧┈┈•༶♛┈⛧┈┈•༶♛┈⛧┈┈•༶♛┈⛧┈┈•༶♛┈⛧┈┈•༶♛┈⛧┈┈•༶♛┈⛧┈┈•༶♛┈⛧┈┈•༶♛┈⛧┈┈•༶♛┈⛧┈┈•༶♛┈⛧┈┈•༶♛┈⛧┈┈•༶♛┈⛧┈┈•༶ ❤❤❤🤗🤗🤗🤗🤗🤗🤗🤗😘😘😘😘😘,Radhe Radhe Radhe Radhe Radhe Radhe Radhe Radhe Radhe Radhe Radhe Radhe Krishna ♛┈⛧┈┈•༶♛┈⛧┈┈•༶♛┈⛧┈┈•༶♛┈⛧┈┈•༶♛┈⛧┈┈•༶♛┈⛧┈┈•༶♛┈⛧┈┈•༶♛┈⛧┈┈•༶♛┈⛧┈┈•༶♛┈⛧┈┈•༶♛┈⛧┈┈•༶♛┈⛧┈┈•༶♛┈⛧┈┈•༶ ❤❤❤🤗🤗🤗🤗🤗🤗🤗😘😘😘😘,train_error,contrastive,0.9977,1,0.95,0.991,hard_aug
synth-train-13925-contrastive,train,0,Bahut gale kaat ke dant ukhad sakega to kya?,बहुत गाल काट के दांत उखाड़ दे,Bahut gale kaat ke dant ukhad de,train_error,contrastive,0.7729,0,0.9,0.9734,hard_aug
synth-train-13336-obfuscation,train,0,"Fakey ke ammi kehte the ch0rAi bad hai, phir bhi g@hne ch*r ke le gaya 😂😂😂😂😂🤪",फेकू की अम्मी कहती थी चोरी करना बुरी बात हे फिर भी गहने चुरा कर ले गया 😂😂😂😂😂🤪,"Fakey ke ammi kehte the chorai bad hai, phir bhi gahane chor ke le gaya 😂😂😂😂😂🤪",train_quarantine,obfuscation,0.8736,0,0.85,0.9448,hard_aug
synth-val-3112-obfuscation,train,0,"Ye ham hai 🇮🇳🇮🇳💪💪 aur ye hamara Hindustan hai, 🙏🇮🇳🇮🇳🇮🇳🇮🇳🇮🇳💪💪 aur ye tum P@kiszt@niy@n k3 p3lyi h0 r@hi h@i 😂😂","ये हम है🇮🇳🇮🇳💪💪 और ये हमारा हिन्दुस्तान है ,🙏🇮🇳🇮🇳🇮🇳🇮🇳🇮🇳💪💪और ये तुम पाकिस्तानियों की पेलाई हो रही है😂😂","Ye ham hai 🇮🇳🇮🇳💪💪 aur ye hamara Hindustan hai, 🙏🇮🇳🇮🇳🇮🇳🇮🇳🇮🇳💪💪 aur ye tum Pakistanie ke pelayi ho rahi hai 😂😂",val_error,obfuscation,0.8641,0,0.9,0.0246,hard_aug
synth-train-12624-obfuscation,train,0,Main la pahejye bh@diya,मे ला पाहेजे भडवा,Main la pahejye bhadiya,train_quarantine,obfuscation,0.8696,0,0.85,0.0065,hard_aug
synth-val-3495-paraphrase,train,0,Teri siyan pe andhi gira jaaye ga,तेरे सर पर गिरेगा अंधी,Teri siyan par gira jaaye ga andhi,val_error,paraphrase,0.8658,0,0.85,0.7749,hard_aug
synth-val-5060-paraphrase,train,0,Eat ban gya garib jhoothi 😄😄😄😄,ईट बना जा गरीब झुटी😄😄😄😄,Eat ban ja gareeb jhooti 😄😄😄😄,val_error,paraphrase,0.6985,0,0.8,0.037,hard_aug
synth-train-12689-paraphrase,train,0,Sala hell ho gaya,साला नरक हो गया,Sala naraka ho gaya,train_quarantine,paraphrase,0.6677,0,0.8,0.9899,hard_aug
synth-val-5060-obfuscation,train,0,Eat b@n j@ g@reeb jhooti 😄😄😄😄,ईट बना जा गरीब झुटी😄😄😄😄,Eat ban ja gareeb jhooti 😄😄😄😄,val_error,obfuscation,0.7097,0,0.8,0.0722,hard_aug
synth-val-407-paraphrase,train,1,Assalamuwallahu warahmatullahi allah aap dono behno ki jodi salamat rakhe Shahid Hoshangabad Madhya Pradesh India.,वालेकुम अस्सलाम व रहमतुल्लाह अल्लाह आप दोनों बहनों की जोड़ी सलामत रखे शाहिद होशंगाबाद मध्य प्रदेश इंडिया,Wallahumassalam warahmatullahi allah aap dono behno ki jodi salamat rakhe Shahid Hoshangabad Madhya Pradesh India,val_error,paraphrase,0.9474,1,0.95,0.0054,hard_aug
synth-val-407-mix_hindi_heavy,train,1,"Wallahumassalam warahmatullah, Allah aap dono behno ki jodi salamat rakhe Shahid Hoshangabad Madhy Pradesh India.",वालेकुम अस्सलाम व रहमतुल्लाह अल्लाह आप दोनों बहनों की जोड़ी सलामत रखे शाहिद होशंगाबाद मध्य प्रदेश इंडिया,Wallahumassalam warahmatullahi allah aap dono behno ki jodi salamat rakhe Shahid Hoshangabad Madhya Pradesh India,val_error,mix_hindi_heavy,0.9507,1,0.95,0.0052,hard_aug
synth-train-9121-contrastive,train,0,"Tujhe gupchup jagah ke sab kuch pata hai, bas rang gora hone se sab kuch nahi hota. Tere shape ki chutdi hai aur rehigi bhi aisi hi. Apni galti pe mat royo, tujhe to yehi accha lagta hai.",तुझे गुप्त जगह केे बारे में सब पता है| केवल रंग गोरा होने से सब कुछ नहीं होता शक्ल तेरी चुतड सी है और रहेगी भी वैसी,"Tujhe gupchup jagah ke sab kuch pata hai, bas rang gora hone se sab kuch nahi hota. Tere shape ki chutdi hai aur rehigi bhi aisi hi.",train_error,contrastive,0.8977,0,0.9,0.022,hard_aug
synth-val-3757-obfuscation,train,0,Isko kabj.i ya kabj.e ka award milna chahiye 🏆🎖️🎖️🎖️🎖️🎖️🏅🏅🏅🏅 Swachh Bharat Abhiyan Modi sarkar toilet scheme ke ambassador.,Is ko kabji ya kabje ka award milna chahiye 🏆🎖️🎖️🎖️🎖️🎖️🏅🏅🏅🏅 स्वच्छ भारत अभियान मोदी सरकार शौचालय योजना के एंबेसडर,Isko kabji ya kabje ka award milna chahiye 🏆🎖️🎖️🎖️🎖️🎖️🏅🏅🏅🏅 Swachh Bharat Abhiyan Modi sarkar toilet scheme ke ambassador.,val_error,obfuscation,0.9633,0,0.85,0.0373,hard_aug
synth-val-2793-mix_hindi_heavy,train,1,"Je bahot achha kiya hai Modi sir ne, ab inki aukat pata chalega",जी bahot अच्छा किय है मोदी सिर ने अब इनकी औकात पता चल जाएगी,"Je bahot accha kiya hai Modi sir ne, ab inki aukat pata chalegi",val_error,mix_hindi_heavy,0.922,1,0.85,0.9926,hard_aug
synth-train-8802-obfuscation,train,0,"Tere bahut f@$$e hue hai y@r, dil karta hai h@tho se chulloo",तेरे बहुत फूले हुए है यार दिल करता है हाथों से छूलू,"Tere bahut full huye hain yaar, dil karta hai hatho se chulloo",train_quarantine,obfuscation,0.7575,0,0.9,0.429,hard_aug
synth-train-741-mix_hindi_heavy,train,1,"Dekhte hi reh gaye Saniya ke sasural wale, final me pahunch gaye Dhawan ke saale 😎😎😂😂","देख ते ही रह गए सानिया के ससुराल वाले ,फाइनल में पहुंच गए धवन के साले 😎😎😂😂","Dekh te hi reh gaye Saniya ke sasural wale, final me pahuch gaya Dhawan ke saale 😎😎😂😂",train_error,mix_hindi_heavy,0.9299,1,0.9,0.9734,hard_aug
synth-val-633-paraphrase,train,0,"Tu kitne men daily samajhne wali hai, bataega?",Tu kitne मर्द को डैली समझती h बताएगी,"Tu kitne men ke daily samajhne wali hai, batayega",val_error,paraphrase,0.8691,0,0.85,0.0112,hard_aug
synth-val-5759-obfuscation,train,0,Gajab ki m@smi hai,गजब की मोस्मी  ह,Gajab ki mosmi hai,val_error,obfuscation,0.8333,0,0.8,0.0147,hard_aug
synth-val-5759-contrastive,train,1,Gajab ki musmai hai aur uska hissa bhi nahi le rahi hai.,गजब की मोस्मी  ह,Gajab ki mosmi hai,val_error,contrastive,0.4722,1,0.9,0.0463,hard_aug
synth-val-5651-paraphrase,train,1,"Dusra udaharan, straight nail pe toke maroge aur teedha nail toh chhod denge.",दूसरा उदाहरण सीधे कील को ठोक दिया जाता है और टेढ़े कील को छोड़ दिया जाता है,"Dusra udaharan, straight nail ko toke diya jata hai aur teedhe nail ko chhod diya jata hai",val_error,paraphrase,0.5642,1,0.9,0.1764,hard_aug
synth-val-5651-mix_hindi_heavy,train,1,"Dusra udaharan, straight nail ke toke diye jate hain aur teedhe nail ko chhod diye jate hain",दूसरा उदाहरण सीधे कील को ठोक दिया जाता है और टेढ़े कील को छोड़ दिया जाता है,"Dusra udaharan, straight nail ko toke diya jata hai aur teedhe nail ko chhod diya jata hai",val_error,mix_hindi_heavy,0.7405,1,0.9,0.9337,hard_aug
synth-train-6507-paraphrase,train,0,Ranu Mandal ki aurat jaise laga raha hai puri.,रानु मँडल की बहन लग रही हे पुरी,Ranu Mandal ki behen lag rahi hai puri,train_quarantine,paraphrase,0.6162,0,0.85,0.0691,hard_aug
synth-train-1568-paraphrase,train,0,Ab animal bhi shoes pehne lagaye kya,अब जानवर भी जूते पहनने लगे क्या,Ab janwar bhi jute pehne lagaye kya,train_error,paraphrase,0.5916,0,0.85,0.1894,hard_aug
synth-train-3914-paraphrase,train,0,Matchi T bra pana karo bhabijiya,मैचिंग टी ब्रा पाना करो भाभी जी,Matchiing T bra pana karo bhabiji,train_quarantine,paraphrase,0.8309,0,0.85,0.8071,hard_aug
synth-train-1568-obfuscation,train,0,Ab janwar bhi jut3 phehne lgaye kya?,अब जानवर भी जूते पहनने लगे क्या,Ab janwar bhi jute pehne lagaye kya,train_error,obfuscation,0.7325,0,0.85,0.0224,hard_aug
synth-train-3914-obfuscation,train,0,Matchiing T bra p@na karo bhabiji,मैचिंग टी ब्रा पाना करो भाभी जी,Matchiing T bra pana karo bhabiji,train_quarantine,obfuscation,0.9091,0,0.95,0.0209,hard_aug
synth-val-1644-paraphrase,train,1,"Jo Ram ko leke aye hai, unhe leke aayenge UP mai, fir se bhagwa lhaarayenge, Jai Shri Ram",जो राम को लाये है हम उनको लाएंगे UP मे फिर से भगवा लहराएंगे जय श्री राम,"Jo Ram ko laaye hai, hum unko laayenge UP mein, phir se bhagwa lhaarayenge, Jai Shri Ram",val_error,paraphrase,0.7428,1,0.9,0.0334,hard_aug
synth-val-1644-mix_english_heavy,train,1,"Jo Ram ko laaye hai, hum unko UP mein le aayenge, fir se bhagwa waale ho jayenge, Jai Shri Ram.",जो राम को लाये है हम उनको लाएंगे UP मे फिर से भगवा लहराएंगे जय श्री राम,"Jo Ram ko laaye hai, hum unko laayenge UP mein, phir se bhagwa lhaarayenge, Jai Shri Ram",val_error,mix_english_heavy,0.8055,1,0.9,0.0588,hard_aug
synth-val-1644-mix_hindi_heavy,train,1,"Jo Ram ko laaye hai, hum unko laayenge UP mein, phir se bhagwa lahaarayenge, Jai Shri Ram",जो राम को लाये है हम उनको लाएंगे UP मे फिर से भगवा लहराएंगे जय श्री राम,"Jo Ram ko laaye hai, hum unko laayenge UP mein, phir se bhagwa lhaarayenge, Jai Shri Ram",val_error,mix_hindi_heavy,0.9791,1,0.9,0.982,hard_aug
synth-val-5129-obfuscation,train,0,Iske saath maza aaye.g@ karna.,करने में मजा आएगा इसके साथ में,Iske saath maza aayega karna.,val_error,obfuscation,0.8476,0,0.85,0.0076,hard_aug
synth-val-5129-contrastive,train,1,Iske saath maza karna hai.,करने में मजा आएगा इसके साथ में,Iske saath maza aayega karna.,val_error,contrastive,0.7284,1,0.9,0.0248,hard_aug
synth-train-16852-paraphrase,train,1,"Modi ji ne naale se gas ka socha tha, sab log mazaak banay rhe the, lekin ab pata chala hai ki inki baat sahi thi.",मोदी जी ने नाले से गैस की जब बोला था सब मजाक बना रहे थे आज ये सत्य साबित हो गया,Modi ji ne nalle se gas ki jab bola tha sab mazak banar rhe the aaj ye sahi sabit ho gaya,train_error,paraphrase,0.5712,1,0.95,0.9091,hard_aug
synth-train-16852-mix_hindi_heavy,train,1,Modi ji ne nale se gas ki jab bola tha sab mazak kar rhe the aaj ye sahi sabit ho gaya,मोदी जी ने नाले से गैस की जब बोला था सब मजाक बना रहे थे आज ये सत्य साबित हो गया,Modi ji ne nalle se gas ki jab bola tha sab mazak banar rhe the aaj ye sahi sabit ho gaya,train_error,mix_hindi_heavy,0.9489,1,0.85,0.0936,hard_aug
synth-val-21-paraphrase,train,1,"Jis gadi malkane dusaryanchi gadi par kaam karke gadi malka bane, o ha asli kaam na karse. Par jis bapa ke kam par udya marte o ha asli kaam karta hai. Inke kuch na pata. (Drive kasa hai, wo kisi driver se fearliyashivay samajh hi nahi). Only driver.",ज्या गाडी मालकांनी दुसर्यांच्या गाडीवरती काम करुन गाडीमालक झालेत. ते हे असलं काम करुच शकत नाहित .पण जे बापाच्या कष्टावरती ऊड्या मारतात ते हे असलं काम करतात.त्यांना जाणीव नसते. ( ड्रायविंग म्हणजे काय हे ऐखाद्या ड्रायव्हर बरोबर फीरल्या शिवाय समजणार नाहि) only driver,"Jya gadi malkani dusaryanchi gadivarat kaam karun gadi malka banale, tya he asla kaam karuch shakata nahi. Pan je bapaachi kashatarat udya marte tya he asla kaam karte. Tyanna jaaniv naastey. (Driving kasa hai, he ikhadya driver barobar fea",val_error,paraphrase,0.656,1,0.8,0.9823,hard_aug
synth-train-19308-paraphrase,train,0,Des ke gaddar hai re baba,देश के गद्दार है,Des ke gaddar hai,train_quarantine,paraphrase,0.8246,0,0.9,0.0926,hard_aug
synth-train-1035-mix_hindi_heavy,train,1,Jaiseki ki ladki saadi ke baad apna pura zindagi chuka deti hai,जेसेकी की लड़की सादी के बाद पूरा अपना जिंदगी चूका देती है,Jaiseki ki ladki saadi ke baad pura apna zindagi chuka deti hai,train_error,mix_hindi_heavy,0.9726,1,0.9,0.0092,hard_aug
synth-train-1035-contrastive,train,0,"Jaiseki ki ladki saadi ke baad pura apna zindagi chuka deti hai, uski marzi se koi baat nahi chalatee.",जेसेकी की लड़की सादी के बाद पूरा अपना जिंदगी चूका देती है,Jaiseki ki ladki saadi ke baad pura apna zindagi chuka deti hai,train_error,contrastive,0.8276,0,0.9,0.0122,hard_aug
synth-val-4527-paraphrase,train,0,Iski ma ke chehra aur umar se ye lag raha hai.,ये इसकी माँ लग रही है चेहरा और उमर से,Ye iski ma lag rahi hai chehra aur umra se.,val_error,paraphrase,0.6814,0,0.8,0.0277,hard_aug
synth-val-4527-obfuscation,train,0,Ye isk1 m@ lag r@h1 h chehra aur umr se.,ये इसकी माँ लग रही है चेहरा और उमर से,Ye iski ma lag rahi hai chehra aur umra se.,val_error,obfuscation,0.6128,0,0.8,0.5609,hard_aug
synth-train-19753-contrastive,train,1,"Bhai jab main tera aaj ka tha to meri khud bhi na ho rahi thi aur kuch pata bhi nahi tha ki kya hota hai yeh sab lekin yahan 5 saal ke bacchon ka dil toot raha hai, dunia pagal ho gayi, baukhala gayi hai, meri baat sun lo koi 😢😢😢😢😢😢😢😢😢😢",भाई जब मैं तेरे आज का था तो मेरा खड़ा भी नहीं हो रहा था और मुझे कुछ पता भी नहीं था कि क्या होता है यह सब लेकिन यहां पांच 5 साल के बच्चों का दिल टूट रहा है दुनिया पागल हो गई है बौखला गई है😢😢😢😢😢😢😢😢😢😢😢,"Bhai jab main tera aaj ka tha to meri khud bhi na ho rahi thi aur kuch pata bhi nahi tha ki kya hota hai yeh sab lekin yahan 5 saal ke bacchon ka dil toot raha hai, dunia pagal ho gayi, baukhala gayi hai 😢😢😢😢😢😢😢😢😢😢",train_error,contrastive,0.9723,1,0.9,0.0638,hard_aug
synth-train-17341-obfuscation,train,0,"Agar kisi m d@am ha to annadatao k@ ha@th laga ke dikhaaye, jiske ha@th lagaaya uska parinam d@ekho h@ liya h@ga L@cknaw m@","अगर किसी में दम है तो अन्नदत्ताओ को हाथ लगा कर दिखाए , जिसने हाथ लगाया उसका परिणाम देख ही लिया होगा लखीमपुर मे","Agar kisi me dam hai to annadatao ko haath laga ke dikhaye, jiske haath lagaaya uska parinam dekho hi liya hoga Lucknow me",train_quarantine,obfuscation,0.7416,0,0.9,0.7204,hard_aug
synth-train-10307-paraphrase,train,1,"Besharam desh sirf do cheezon par chalta hai, ek to Army se aur ek kisaan se. Agar kisaan nahi raha to desh kaise chalega aur jawan nahi raha to desh kaise bachega? Kharab nahi, lekin sach hai.",हमारा देश दो चीजों से ही चलता है एक तो इंडियन आर्मी से और एक किसान से अगर किसान नहीं रहा तो देश कैसे चलेगा और जवान नहीं रहा तो देश कैसे बचेगा कड़वा है मगर सच है,"Haram ke desh do cheezon se hi chalta hai, ek to Indian Army se aur ek kisaan se. Agar kisaan nahi raha to desh kaise chalega aur jawan nahi raha to desh kaise bachega? Kardva hai magar sach hai.",train_error,paraphrase,0.8993,1,0.95,0.9903,hard_aug
synth-train-9930-obfuscation,train,0,"Ye m@sin me chala gaya, s@b k0 m@ra jaye",ये मसीन मे चला गया सब मारा जाए,"Ye masin me chala gaya, sab ko mara jaye",train_quarantine,obfuscation,0.6818,0,0.9,0.2384,hard_aug
synth-val-5665-paraphrase,train,1,"Ek hote hai ma ke kasam wale, ek hote hai Bhagwan ke kasam wale, phir aate hai 30 number beedi lekar kehne wale, Agni haath me hai, jhoot nahi bolunga 😜🤣😂 Aaj thand toh badhiya ho rahi hai 🙄😜😂😂😂😂","एक होते हैं माँ की कसम खाने वाले,  एक होते हैं भगवान की कसम खाने वाले,  फिर आते हैं 30 नम्बर बीड़ी हाथ में लेकर कहने वाले,  .  .  अग्नि हाथ में है, झूठ नी बोलूंगा 😜🤣😂 आज ठंड बहुत हो रही है 🙄😜😂😂😂😂","Ek hote hain maa ki kasam khane wale, ek hote hain Bhagwan ki kasam khane wale, phir aate hain 30 number bidi haath mein lekar kehne wale, Agni haath mein hai, jhooth nahi bolunga 😜🤣😂 Aaj thand bahut ho rahi hai 🙄😜😂😂😂😂",val_error,paraphrase,0.8038,1,0.95,0.8725,hard_aug
synth-val-424-paraphrase,train,1,"Karwa Chauth wala din kuch maa apni betiyan ko jabardast tarah paani pila-pila ke check karegi, taaki agar kisi ke bhai ho to pata chale...! 😂😜🤣😜😂😜",करवा चौथ वाले दिन  कुछ माताएं  अपनी-अपनी बिटिया रानी को जबरदस्ती  पानी पिला - पिलाकर चेक करेंगी....  ताकि अगर कोई ब्यॉयफ्रैंड हो तो पता चल सके.....!  😂😜🤣😜😂😜,Karwa Chauth wale din kuch maa ya apni betiya rani ko jabardast tarah paani pila-pila ke check karegi... taaki agar kisi ke boyfriend ho to pata chale...! 😂😜🤣😜😂😜,val_error,paraphrase,0.8866,1,0.95,0.6488,hard_aug
synth-val-5665-mix_hindi_heavy,train,1,"Ek hote haiin maa ke kasam khaaney wale, ek hote haiin Bhagwan ke kasam khaaney wale, phir aate haiin 30 number bidi haath mein lekar kehney wale, Agni haath mein hai, jhoot nahi bolunga 😜🤣😂 Aaj thand bahut ho rahi hai 🙄😜😂😂😂😂","एक होते हैं माँ की कसम खाने वाले,  एक होते हैं भगवान की कसम खाने वाले,  फिर आते हैं 30 नम्बर बीड़ी हाथ में लेकर कहने वाले,  .  .  अग्नि हाथ में है, झूठ नी बोलूंगा 😜🤣😂 आज ठंड बहुत हो रही है 🙄😜😂😂😂😂","Ek hote hain maa ki kasam khane wale, ek hote hain Bhagwan ki kasam khane wale, phir aate hain 30 number bidi haath mein lekar kehne wale, Agni haath mein hai, jhooth nahi bolunga 😜🤣😂 Aaj thand bahut ho rahi hai 🙄😜😂😂😂😂",val_error,mix_hindi_heavy,0.8766,1,0.95,0.6667,hard_aug
synth-train-4523-paraphrase,train,0,Chuda hai na sir ji👍,चोदा है ....सर जी👍,Choda hai... sir ji👍,train_quarantine,paraphrase,0.6,0,0.95,0.8195,hard_aug
synth-val-424-mix_hindi_heavy,train,1,Karwa Chauth ke din kuch ma ya unke betiyon ko jabardast taree se paani pila-pila ke check karegi... taki agar kisi ke boyfrnd ho to pata chale...! 😂😜🤣😜😂😜,करवा चौथ वाले दिन  कुछ माताएं  अपनी-अपनी बिटिया रानी को जबरदस्ती  पानी पिला - पिलाकर चेक करेंगी....  ताकि अगर कोई ब्यॉयफ्रैंड हो तो पता चल सके.....!  😂😜🤣😜😂😜,Karwa Chauth wale din kuch maa ya apni betiya rani ko jabardast tarah paani pila-pila ke check karegi... taaki agar kisi ke boyfriend ho to pata chale...! 😂😜🤣😜😂😜,val_error,mix_hindi_heavy,0.8543,1,0.95,0.5655,hard_aug
synth-train-4523-obfuscation,train,0,Chod@ h@i... sir ji👍,चोदा है ....सर जी👍,Choda hai... sir ji👍,train_quarantine,obfuscation,0.7,0,0.95,0.3618,hard_aug
synth-val-1375-contrastive,train,1,"Arey kabhie Soney Leone se bhi puchhtaacho, use to pura world record banayi hai 😂 phir bhi apki baat sunni padega?",अरे कभी सनी लियोन से भी पूछताछ कर लो उसने तो पूरा वर्ल्ड रिकॉर्ड बना रखी है😂,"Arey kabhie Soney Leone se bhi puchhtaacho, use to pura world record banayi hai 😂",val_error,contrastive,0.8739,1,0.95,0.8469,hard_aug
synth-train-9701-paraphrase,train,0,Pata nahi unka bed to garam karta hai ye log.,कहीं उनका बिस्तर तो गरम नहीं करती है ये,Kahin unka bisatar to garam nahi karta hai ye,train_quarantine,paraphrase,0.6876,0,0.85,0.0081,hard_aug
synth-train-9701-obfuscation,train,0,Kahin unka bista@r to g@r.m nahi karta hai ye,कहीं उनका बिस्तर तो गरम नहीं करती है ये,Kahin unka bisatar to garam nahi karta hai ye,train_quarantine,obfuscation,0.7959,0,0.85,0.0447,hard_aug
synth-train-13143-paraphrase,train,0,Garam ho rahi hai saali,गरम आती है साली,Garam aati hai saali,train_quarantine,paraphrase,0.6994,0,0.95,0.3639,hard_aug
synth-train-13143-obfuscation,train,0,Gaarm aatii hai s@ali,गरम आती है साली,Garam aati hai saali,train_quarantine,obfuscation,0.5855,0,0.85,0.0155,hard_aug
synth-train-3925-paraphrase,train,0,Tumhare andar kuch bhi sarraam nahi hai.,तुम्हारे अन्दर सर्रम नहीं है,Tumhare andar sarraam nahi hai,train_quarantine,paraphrase,0.817,0,0.85,0.0285,hard_aug
synth-train-3925-obfuscation,train,0,Tumharen andar s@rram nahi hain,तुम्हारे अन्दर सर्रम नहीं है,Tumhare andar sarraam nahi hai,train_quarantine,obfuscation,0.7214,0,0.9,0.0274,hard_aug
synth-train-3925-contrastive,train,1,Tumhare andar saaram hai nahi to yeh kaam kyun kiya?,तुम्हारे अन्दर सर्रम नहीं है,Tumhare andar sarraam nahi hai,train_quarantine,contrastive,0.6211,1,0.9,0.884,hard_aug
synth-train-9282-paraphrase,train,0,Tu zindagi tabah kar ke rakh diya hai saali.,जिंदगी तबाह कर के रख दिया है साली,Zindagi tabah kar ke rakh diya hai saali,train_quarantine,paraphrase,0.9296,0,0.95,0.0218,hard_aug
synth-train-2974-paraphrase,train,0,Yogiya sand store jaldi pahuchega sab andhbhakto ko!,योगी सांड स्टोर जल्दी आयेगा अंधभक्तों,Yogi saand store jaldi ayega andhbhakton!,train_quarantine,paraphrase,0.6408,0,0.95,0.9605,hard_aug
synth-train-2974-obfuscation,train,0,Yogi s@nd stOr jaldI @yega anDhbhaktOn!,योगी सांड स्टोर जल्दी आयेगा अंधभक्तों,Yogi saand store jaldi ayega andhbhakton!,train_quarantine,obfuscation,0.7814,0,0.95,0.9864,hard_aug
synth-val-1577-paraphrase,train,0,"Aankhon m kajal lagao, kaan m bali, toh tumhari behen meri saali banegi?",आंखों में काजल कानों में बाली क्या तुम्हारी बहन बनेगी मेरी साली,"Aankhon mein kajal, kaanon mein bali, kya tumhari behen meri saali banegi",val_error,paraphrase,0.7458,0,0.9,0.0207,hard_aug
synth-train-3434-paraphrase,train,0,"Tumne bahut sahi kiya, Yogi khud saand hi hai",बहुत सही किया  योगी खुद सांड है,"Bahut sahi kiya, Yogi khud saand hai",train_quarantine,paraphrase,0.9078,0,0.95,0.0255,hard_aug
synth-train-3434-obfuscation,train,0,"Bahut sahi kiy@, Yogi khud s@nd h@i",बहुत सही किया  योगी खुद सांड है,"Bahut sahi kiya, Yogi khud saand hai",train_quarantine,obfuscation,0.7538,0,0.9,0.0071,hard_aug
synth-train-6963-paraphrase,train,0,"Vaise to aap bahut khubsurat ho, lekin ab to sare kapde peh ke banayi karo please didi ji mere se aapse request hai.",वैसे तो आप बहुत खूबसूरत हो फिलहाल कपड़े सारे पहन के बनाया करो प्लीज दीदी जी मेरी आपसे रिक्वेस्ट है,"Vaise to aap bahut khubsurat ho, filhal sare kapde peh ke banayi karo, please didi ji mere se aapse request hai",train_quarantine,paraphrase,0.8971,0,0.85,0.0159,hard_aug
synth-train-6963-obfuscation,train,0,"Vaise toh aap bahut khubsurat ho, filhal s@re kapde peh k3 banayi karo, pl3ase didi ji mere se aapse r3quest hai",वैसे तो आप बहुत खूबसूरत हो फिलहाल कपड़े सारे पहन के बनाया करो प्लीज दीदी जी मेरी आपसे रिक्वेस्ट है,"Vaise to aap bahut khubsurat ho, filhal sare kapde peh ke banayi karo, please didi ji mere se aapse request hai",train_quarantine,obfuscation,0.8946,0,0.8,0.0937,hard_aug
synth-train-13277-paraphrase,train,0,"Tere ko kya pindchod me dar hai, 100 baar utthakar le gaya panga",तेरे क्या पिछवाड़े में दर्द हो रहा है 100 बार बार पर उठा उठा कर ले गया,"Tere kyaa pichhwada mein darra ho raha hai, 100 baar baar par utha utha kar le gaya",train_quarantine,paraphrase,0.607,0,0.9,0.9944,hard_aug
synth-train-13277-obfuscation,train,0,"Tere kya pichhw@da m3 d@r ho raha hai, 100 b@ar b@ar p@r ut3a ut3a k@r le gaya",तेरे क्या पिछवाड़े में दर्द हो रहा है 100 बार बार पर उठा उठा कर ले गया,"Tere kyaa pichhwada mein darra ho raha hai, 100 baar baar par utha utha kar le gaya",train_quarantine,obfuscation,0.5632,0,0.85,0.9798,hard_aug
synth-train-16058-obfuscation,train,0,Bas aapke nipp.l ko miss kiya,बस आपके निप्पल को मिस किया,Bas aapke nipple ko miss kiya,train_quarantine,obfuscation,0.8621,0,0.9,0.0175,hard_aug
synth-train-6314-contrastive,train,1,"Aaj apni maatri-bhoomi ka baten wale gaddar ke maut ka din hai... Ham Bhagat, Sukhdev, Azad jaise deshbhakt ke diwane hain, batwara karna wale charakhe wale ke nahi...","*आज अपनी मातृभूमि के बाटने वाले गद्दार का जन्मदिन हैं...*   *हम भगत, सुखदेव, आजाद जैसे देशभक्त के दीवाने हैं, बटवारा करने वाले चरखे वाले के नहीं...*","Aaj apni maatri-bhoomi ka baten wale gaddar ka janamdivas hai... Ham Bhagat, Sukhdev, Azad jaise deshbhakt ke diwane hain, batwara karna wale charakhe wale ke nahi...",train_quarantine,contrastive,0.9471,1,0.9,0.9799,hard_aug
synth-train-15293-mix_hindi_heavy,train,1,"14 saal ki ladkiyan bhi ye keh rahi hain MAHI meri chuda pe gaya, kisi ne le liya wih ke teri jaan no 😂😂😂😂😂😂😂😂",14 साल की लडकिया भी ये बोल रही है MAHI मेरे चूड़ा पे गया कोई ले गया विहा के तेरी जान नू 🤣🤣🤣🤣🤣🤣🤣🤣,"14 saal ki ladkiya bhi ye bol rahi hai MAHI mera chuda pe gaya, koi le gaya wih ke teri jaan no 😂😂😂😂😂😂😂😂",train_error,mix_hindi_heavy,0.8492,1,0.9,0.7172,hard_aug
synth-train-10255-paraphrase,train,0,"Sali sadike muzra karta hai, Chandi garh ki baat karta hai.",साली सड़क पर तो मुजरा करती है बात चंडीगढ़ की करती है,"Sali sadike toh muzra karta hai, Chandi garh ki baat karta hai",train_quarantine,paraphrase,0.9428,0,0.85,0.0072,hard_aug
synth-train-8854-paraphrase,train,0,Jyoti ya bhaiya apni chhuttiyain kyun nahi lete? Bhen ka baccha toh ban gaya hai.,ज्योति या भैंस कब आओगे,Jyoti ya bhaiya kya bhen ka bchhe aaooge,train_quarantine,paraphrase,0.5608,0,0.9,0.9547,hard_aug
synth-train-8854-mix_english_heavy,train,0,"Jyoti ya bhaiya, kya tumhari bhen ka baccha aaoonga?",ज्योति या भैंस कब आओगे,Jyoti ya bhaiya kya bhen ka bchhe aaooge,train_quarantine,mix_english_heavy,0.679,0,0.9,0.6179,hard_aug
synth-val-997-paraphrase,train,0,"Teri wali ko dusro ki chhori paasona, or usko molvi thok rahe hai, samhanal.","दुसरौ की छोङ तेरे वाली को पङोसी ओर मोलवी ठोक रहे है , उसे सम्भाल","Dusro ki chhori teri wali ko paonso, or molvi thok rahe hai, usko samhanal.",val_error,paraphrase,0.8572,0,0.9,0.0555,hard_aug
synth-val-997-obfuscation,train,0,"Dusro ki chhor@ teri wali ko pa@nson, or molvi thok rahe hai, usko sambhal.","दुसरौ की छोङ तेरे वाली को पङोसी ओर मोलवी ठोक रहे है , उसे सम्भाल","Dusro ki chhori teri wali ko paonso, or molvi thok rahe hai, usko samhanal.",val_error,obfuscation,0.8357,0,0.9,0.1593,hard_aug
synth-train-15412-paraphrase,train,0,"Vo meri love letter padhkar ro padi... aur meri taraf ake keh di... writing sudhar kamine, kitni gandi writing hai...!!!",वो मेरा लव लेटर पढ़कर रो पड़ी... . और... . मेरे पास आकर बोली... . राइटिंग सुधार कमीने...  कितनी गंदी राइटिंग है...!!! 🤭🤭😁😁😁😛😛🤔😂,Vo meri love letter padhkar ro padi... aur meri taraf ake keh di... writing sudhar kamine... kitni gandi writing hai...!!!,train_error,paraphrase,0.9771,0,0.85,0.9163,hard_aug
synth-train-5788-obfuscation,train,0,"Ye ladkiyon ko bacpan se hi bade bade le na ki adat lag gayi hai, aap unki ch*nta na kare... 😜","जिन औरतों को बचपन से ही बडे बडे लेने की आदत लग गयी हो, आप उन की चिंता ना करे........ 😜","Ye ladkiyon ko bachpan se hi bade bade lena ki adat lag gayi hai, aap unki chinta na kare... 😜",train_error,obfuscation,0.9317,0,0.85,0.9918,hard_aug
synth-val-5285-paraphrase,train,1,"Jee karda dilado, tenu burji khali pade. 😂😂😂","जी करदा दिलादू,तेनु बुर्ज😂😂😂ख़लीपा","Je karda dilado, tennu burji khali pade. 😂😂😂",val_error,paraphrase,0.9318,1,0.95,0.9661,hard_aug
synth-val-5285-mix_hindi_heavy,train,1,"Je karda diladu, te nu burji khali pade. 😂😂😂","जी करदा दिलादू,तेनु बुर्ज😂😂😂ख़लीपा","Je karda dilado, tennu burji khali pade. 😂😂😂",val_error,mix_hindi_heavy,0.8636,1,0.9,0.9803,hard_aug
synth-train-10023-mix_hindi_heavy,train,1,"Do saal ke baad car ko band kar diya jata hai, usi tarah govt job wale ko bhi 10 saal ke baad band kar diya jaye.",10 साल के बाद में कार को बंद कर रहे है उसी प्रकार 10 साल के बाद में सरकारी नौकरी करने वाले को भी बंद कर देना चाहिए,"10 saal ke baad me car ko band karne wala hai, usi tarah 10 saal ke baad government job wale ko bhi band kar diya jaye.",train_error,mix_hindi_heavy,0.875,1,0.8,0.5213,hard_aug
synth-train-14753-obfuscation,train,0,Tum d@noo baap beti darru piyo ka,तुम दोनों बाप बेटी दारु पियो का,Tum dono baap beta darru piyo ka,train_quarantine,obfuscation,0.7693,0,0.95,0.273,hard_aug
synth-val-5407-paraphrase,train,0,Delete karo survar ke,डिलीट करो सुवर के,Delete karo suwar ke,val_error,paraphrase,0.8295,0,0.85,0.419,hard_aug
synth-val-5407-obfuscation,train,0,Dele5e karo suvar ke,डिलीट करो सुवर के,Delete karo suwar ke,val_error,obfuscation,0.7,0,0.8,0.2638,hard_aug
synth-train-20087-paraphrase,train,0,"End se sexy andaz me na, mama ji ko Whtsapp se connect karo tum, lekhni ko in sabko apne aap ko Whtsapp kyun hai, is din apne hi kaafi hai, ladkiyan to roz hi kaafi nahi hai.",द एंड द एंड सेक्सी अंदाज से नहीं मामा जी को व्हाट्सएप के साथ कनेक्ट कर रहे हो तुम लेखनी को यह सारे लोग अपने आप कोई व्हाट्सएप है इस दिन साधक अपने ही काफी हैं लड़कियां रोज ही काफी नहीं है यह,"End ke end sexy andaz se nahi, mama ji ko WhatsApp ke saath connect karo tum, lekhni ko ye sab log apne aap ko kyun WhatsApp hai, is din sadhak apne hi kaafi hai, ladkiyaan roz hi kaafi nahi hai ye.",train_quarantine,paraphrase,0.8333,0,0.85,0.9351,hard_aug
synth-val-6008-contrastive,train,1,"Ab Airtel sim ki quality ki baat koi nahi sunta, Airtel toh bhai bakwaas ho chuka hai ab",अब एयरटेल सिम ही बंद करना पड़ेगा एयरटेल बकवास हो चुका हैं अब,"Ab Airtel sim hi band karna padega, Airtel toh bhai bakwaas ho chuka hai ab",val_error,contrastive,0.7559,1,0.9,0.0078,hard_aug
synth-train-11021-paraphrase,train,0,Kuch sharam toh kar lo saalo kuttay log.,कुछ शर्म कर लो सालों कुत्तों,Kuch shame kar lo saalon kuttoं,train_quarantine,paraphrase,0.6417,0,0.9,0.9968,hard_aug
synth-train-206-obfuscation,train,0,"8 saalo se finance m.ntrI aur Sarkar desh ka budget apne liye bana rahi hai, janata ka kya, bhukhi, nangi, basi roti kha ke jee rahi hai!",8 सालो से वित्त मंत्री और सरकार देश का बजट खुद के लिए बना रही है जनता का क्या भुखी नंगी बासी रोटी खा कर जी ही रही है !,"8 saalo se finance minister aur Sarkar desh ka budget apne liye bana rahi hai, janata ka kya, bhukhi, nangi, basi roti kha ke jee rahi hai!",train_quarantine,obfuscation,0.9551,0,0.85,0.9879,hard_aug
synth-train-12088-obfuscation,train,0,"Jo h@r kisiko m@r jaye, usko to m@r hi j@na ch@hiye 😶‍🌫️🤫",जो हर किसी पे मर जाए 🙄🙄🙄 उसे तो मर ही जाना चाहिए 🤫🤫🤫,"Jo har kisiko mar jaye, usko to mar hi jana chahiye 😶‍🌫️🤫",train_quarantine,obfuscation,0.6528,0,0.85,0.0383,hard_aug
synth-val-5371-contrastive,train,1,"Ek bevaфа ko maine gale se laga liya, heera samj kar kanch ka tukda utha liya. Dushman to chahta tha mujhko mitana, magar maa ki duaon ne shafai mujhko bacha liya. Mere gale se laga ke apni bevaфа ko utha liya, ek hi baar me dono heera mil gaye 😘I love you maa😘",एक बेवफा को मैंने गले से लगा लिया हीरा समझ कर काँच का टुकड़ा उठा लिया दुश्मन तो चाहता था मुझको मिटाना मगर माँ की दुआओ ने शफ़ी मुझको बचा लिया 😘I love you maa😘,"Ek bevaфа ko maine gale se laga liya, heera samj kar kanch ka tukda utha liya. Dushman to chahta tha mujhko mitana, magar maa ki duaon ne shafai mujhko bacha liya 😘I love you maa😘",val_error,contrastive,0.9168,1,0.9,0.0058,hard_aug
synth-val-3039-paraphrase,train,1,"Agar zaroorat ho to hi ghar se bahar jaye, kisi bhi corona ka hissa na ban jaye 😏😏",जरूरत हो तो ही घर से बाहर निकले किसी भी viras को हल्के में ना लें😏😏,"Jurrurat ho to hi ghar se bahar nikale, kisi bhi virus ko halka na lein 😏😏",val_error,paraphrase,0.5739,1,0.9,0.032,hard_aug
synth-train-8937-paraphrase,train,0,"Tere ko kisi suit kr rha hai sale, kitna tattoo banane wala tha kya gana bnaya hoga",तेरे को किसी सूट करेगा साले कितना टैटू बना रहे थे क्या गाना बनाया होगा,"Tere ko kisi suit karega sale, kitna tattoo banane wala tha kya song banaya hoga",train_quarantine,paraphrase,0.8206,0,0.85,0.9929,hard_aug
synth-train-15704-mix_hindi_heavy,train,1,"Ghanti to mil nahi rahi hai na, ghanti hone do bata do, gale mein ghanti maloom hai",घंटी तो मिल नहीं रही है ना घंटी होने दो बता दो गले में घंटी मालूम है,"Ghanti toh mil nahi rahi hai na, ghanti hone do bata do, gale mein ghanti maloom hai",train_error,mix_hindi_heavy,0.9818,1,0.9,0.3156,hard_aug
synth-val-2316-paraphrase,train,1,"Jo achha laga uski hi pehna hai, wahan to ladkiyan hai jo achha lg rha hai unki hi pehna hai",जो अच्छा लगता है उसी के पीछे पड़ा जाता है वहां की तो हो गए लड़कियां तो बहुत,"Jo achcha laga uski hi pehna hai, wahan toh ladkiyan bahut hai jo acha lag raha hai unki hi pehna hai",val_error,paraphrase,0.8988,1,0.9,0.5394,hard_aug
synth-val-2316-mix_hindi_heavy,train,1,Jo achha laga uski hi pehna hai wahaan to ladkiyan ho gayi bahut jo achha laga unki hi pehna hai,जो अच्छा लगता है उसी के पीछे पड़ा जाता है वहां की तो हो गए लड़कियां तो बहुत,"Jo achcha laga uski hi pehna hai, wahan toh ladkiyan bahut hai jo acha lag raha hai unki hi pehna hai",val_error,mix_hindi_heavy,0.8333,1,0.9,0.7839,hard_aug
synth-train-14800-obfuscation,train,0,Nahi Sh@rma aage ka@r0 kahan a@n@ hai!,नही  शर्मा  एगे कहो  कहा  आना  है,Nahi Sharma aage karo kahan aana hai,train_error,obfuscation,0.65,0,0.85,0.0076,hard_aug
synth-val-1923-paraphrase,train,1,Sala coronavirus ki tabiyat hi kisi ko na pata aur ye pharma compny manushy ko amar karne ka claim kar rahi hai,साला कोरोना का तो इलाज निकलना ही नहीं और ये कम्पनी मनुष्य को अमर करने का दावा कर रही हैं,Sala corona ka to ilaaj hi nahi nikal raha aur ye company manushy ko amar karne ka claim kar rahi hai,val_error,paraphrase,0.7102,1,0.9,0.9421,hard_aug
synth-train-19549-paraphrase,train,1,"Same hai jo humne bhi kiya, hum bhi raton me jaage rehte the, tha koi jo dekhte the to hum nage paon bhagne lage.","इक़्श् किया था हमने भी हम भी रातो को जागे थे, था कोई जिसके पीछे हम नंगे पाँव भागे थे।","Ike kia tha humne bhi, hum bhi raton ko jaage the, tha koi jiska pehlu hum nange paon bhage the.",train_error,paraphrase,0.7058,1,0.9,0.0119,hard_aug
synth-train-19549-mix_hindi_heavy,train,1,"Ike kia tha humne bhi, hum bhi raaton ko jaage the, tha koi jiska pehlu hum nange paon bhage the.","इक़्श् किया था हमने भी हम भी रातो को जागे थे, था कोई जिसके पीछे हम नंगे पाँव भागे थे।","Ike kia tha humne bhi, hum bhi raton ko jaage the, tha koi jiska pehlu hum nange paon bhage the.",train_error,mix_hindi_heavy,0.99,1,0.9,0.9697,hard_aug
synth-train-14646-paraphrase,train,1,"Shiksha ke jaahaj boldi shauk se duba diye ja rhe h, school band karke logon ko rally bula diya ja rha h, aao bacche tera jism se nhi dimaag se apahij bna diye ja rhe h, free ration ka maza kitna tak leta re?","शिक्षा के जहाज बडे शौक से डुबाए जा रहे है , स्कुल बंद कर के लोगों को रँली में बुलाया जा रहा है , तु कब तक फ्री राशन का मजा लेता रहेगा ऐ आम नागरिक तेरे बच्चे जिस्म से नही दिमाग से अपाहिज बनाये जा रहे है ।","Shiksha ke jahaaj bade shauk se dubaye ja rahe hain, school band karke logon ko rally mein bulaya ja raha hai, tu kab tak free ration ka maza leta rahega accha aam nagrik, tere bacche jism se nahi dimaag se apaahij banaye ja rahe hain.",train_error,paraphrase,0.6782,1,0.9,0.5227,hard_aug
synth-train-14646-mix_hindi_heavy,train,1,"Shiksha ke jahaaj badhe shauk se dubaye ja rahe hain, school band karke logon ko rally mein bulaya ja raha hai, tu kab tak free ration ke maza leta rahega accha aam nagrik, tere bacche jism se nahi dimaag se apaahij banaye ja rahe hain.","शिक्षा के जहाज बडे शौक से डुबाए जा रहे है , स्कुल बंद कर के लोगों को रँली में बुलाया जा रहा है , तु कब तक फ्री राशन का मजा लेता रहेगा ऐ आम नागरिक तेरे बच्चे जिस्म से नही दिमाग से अपाहिज बनाये जा रहे है ।","Shiksha ke jahaaj bade shauk se dubaye ja rahe hain, school band karke logon ko rally mein bulaya ja raha hai, tu kab tak free ration ka maza leta rahega accha aam nagrik, tere bacche jism se nahi dimaag se apaahij banaye ja rahe hain.",train_error,mix_hindi_heavy,0.9869,1,0.9,0.1862,hard_aug
synth-train-15096-contrastive,train,1,"Teen he naam guj rhe hain. Modi, Yogi, jao jao 🤣🤣🤣🤣🤣🤣🤣🤣🤣",तीन ही नाम गूंज रहे हैं। मोदी योगी  भागो भागो 🤣🤣🤣🤣🤣🤣🤣🤣🤣,"Teen he naam guj rhe hain. Modi, Yogi, bhago bhago 🤣🤣🤣🤣🤣🤣🤣🤣🤣",train_quarantine,contrastive,0.8398,1,0.85,0.1331,hard_aug
synth-train-4069-paraphrase,train,0,Sirf tujhse jaisa koye chamcha chamchi bane ke liye,सिर्फ  तेरे जैसी  चमचा  चमची  बनने के  लिये,Sirf tere jaisa chamcha chamchi bane ke liye,train_quarantine,paraphrase,0.8675,0,0.9,0.9964,hard_aug
synth-train-4069-obfuscation,train,0,Sirf teree jaise cham.cha cham.chi ban.nay keliye,सिर्फ  तेरे जैसी  चमचा  चमची  बनने के  लिये,Sirf tere jaisa chamcha chamchi bane ke liye,train_quarantine,obfuscation,0.6565,0,0.85,0.0442,hard_aug
synth-train-6591-paraphrase,train,0,Salo naikat di purush jati. Ladkiyo se har gae.,सालो नाक कटा दी पुरुष जाति की । लड़कियों से हार गए ।,Salo naak karta dene wale purush jati ke. Ladkiyon se har gae.,train_error,paraphrase,0.6382,0,0.85,0.9011,hard_aug
synth-train-3441-obfuscation,train,0,"Aap bahut s3xy ho, aapki fr1end bhi a sakti h0i",आप बहुत सेक्सी हो आपकी फ्रेंड आ सकता है,"Aap bahut sexy ho, aapki friend bhi a sakti hai",train_error,obfuscation,0.8235,0,0.85,0.1599,hard_aug
synth-train-6600-paraphrase,train,0,"Isi baat ko dusre dharam me jake keh do, hindu dharam teri gand me ugali karta hai kya",इसी बात को दूसरे धर्म मे भी जा के कहो हिन्दू धर्म हि तेरी गांड मे ऊगली करता हे क्या,"Isi baat ko dusre dharma me bhi ja ke kehna, hindu dharma hi teri gand me ugali karti hai kya",train_quarantine,paraphrase,0.7434,0,0.95,0.9973,hard_aug
synth-train-17993-paraphrase,train,0,Sali patti ko to sabko becha deti hai. Par patti wala khud kisi ko nahi.,साली पति को नहीं सबको धोखा देती है,Sali pati ko nahi sabko dhokha deta hai,train_quarantine,paraphrase,0.5832,0,0.9,0.0142,hard_aug
synth-train-17993-mix_english_heavy,train,0,"Sali husband ko nahi sabko cheetah deta hai, so fake hai.",साली पति को नहीं सबको धोखा देती है,Sali pati ko nahi sabko dhokha deta hai,train_quarantine,mix_english_heavy,0.5776,0,0.8,0.9585,hard_aug
synth-train-9023-contrastive,train,0,"Larki ke bathroom mein larka to jaayega nahi, larki jayegi to uski beech mei baarish hogi 3 number",लड़की के बाथरूम में लड़का तो जाएगा नहीं लड़की जाएगी तो खूनी लड़की की होगी 3 number,"Larki ke bathroom mein larka to jaayega nahi, larki jayegi to khuni larki ki hogi 3 number",train_error,contrastive,0.8685,0,0.9,0.0473,hard_aug
synth-val-5789-paraphrase,train,1,"Ek ladka bus ki seat par baitha hai, ladki khadi lekin log kahenge ""kya acha ladka hai, koi sharm nahi hai, ladki khadi aur woh baitha hai 😏"". Aur jab same ulta ho jaye, kuch ladkiyan seat par baithi hai aur boori aurat khadi hai to ladkiyan unhe dekh ke mukh pher leti hai. To hamara samaj unke liye kya kah raha hai...?",एक लड़का बस की सीट पर बैठा है और लड़की खड़ी है तो लोग कहते है कैसा लड़का है बिल्कुल शर्म लिहाज नही है लड़की खड़ी और ये बैठा है 😏  और वही same उल्टा कुछ लड़कियां बस की सीट पे बैठी है और बूढ़ी औरत खड़ी है लड़कियां उनको देख कर मुंह फेर लेती है तो हमारा समाज उनके लिए कुछ क्यों नही कहता.........?,"Ek ladka bus ki seat par baitha hai aur ladki khadi hai to log kahate hai ""kaisa ladka hai, bilkul sharm lihaj nahi hai, ladki khadi aur ye baitha hai 😏"". Aur wahi same ulta kuch ladkiyan bus ki seat pe baithi hai aur boori aurat khadi hai,",val_error,paraphrase,0.9171,1,0.9,0.993,hard_aug
synth-val-144-obfuscation,train,0,"Hain to single hai, hume kaise pata chalega jo log kya kya ch*tte hai 😐😐😐😐🙁",हम तो सिंगल है  हमे कैसे पता चलेगा की  लोग क्या क्या चाट लेते है😐😐😐😐😐😐🙁,"Hain to single hai, hume kaise pata chalega jo log kya kya chatte hai 😐😐😐😐🙁",val_error,obfuscation,0.9706,0,0.8,0.9611,hard_aug
synth-train-7393-paraphrase,train,0,Tujhe nangee ho jaye to aur jayda accha lagega,नंगी हो जा जब और जायदा अच्छी लगेगी,Nangi ho ja jab aur jayda accha lagega,train_quarantine,paraphrase,0.7249,0,0.9,0.9966,hard_aug
synth-train-7393-obfuscation,train,0,N@ngi ho j@ jab aur j@yda achcha l@gega,नंगी हो जा जब और जायदा अच्छी लगेगी,Nangi ho ja jab aur jayda accha lagega,train_quarantine,obfuscation,0.6121,0,0.9,0.0234,hard_aug
synth-train-16255-mix_hindi_heavy,train,1,"Aap bol rahe ho jukti hai duniya jukane wala chahiye. Jo hua hai constitution ke badault hua hai. Lekin aap log ye baat nahi samajhte, aapko to constitution ke rachiyata ka naam lena sharm aati hai. Jab constitution par dikkat aaye tab aao maidaan mein, tab main hum aapko salute karte hai Bhai Sena aur Bhim Army ko jo apni jaan ki baaji lagaye. Hum to aapke saath kal bhi khade the, aaj bhi khade hai, age bhi khade rehenge. Lekin aap log hi saath nahi dete humara.",आप बोल रहे हो झुकती है दुनिया झुकाने वाला चाहिए। जो हुआ है संविधान के के बदौलत हुआ है।  लेकिन आप लोग ये बात नही समझते आपको तो संविधान के रचियता का नाम लेने शर्म आती। जब संविधान पर दिक्कत आए तब आओ मैदान में तब माने हम आपको में सेल्यूट करती हु भीम सेना और भीम आर्मी को जो अपनी जान की बाजी लगा देते है। हम तो आपके साथ कल भी खड़े थे आज भी खड़े है आगे भी खड़े रहेंगे। लेकिन आप लोग ही साथ नहीं देते हमारा,"Aap bole ho jukti hai duniya jukane wala chahiye. Jo hua hai constitution ke badault hua hai. Lekin aap log ye baat nahi samajhte, aapko to constitution ke rachiyata ka naam lena sharm aati. Jab constitution par dikkt aaye tab aao maidaan m",train_error,mix_hindi_heavy,0.9807,1,0.9,0.9176,hard_aug
synth-train-16255-mix_english_heavy,train,1,"Aapke ko lagta hai duniya ko jukana wala chahiye? But actually jo hua hai, wo sab constitution ki wajah se hua hai. Lekin aap logo ko to constitution ke rachnatya ke naam ko sunne se sharm aati hai. Jab constitution ke saamne problem aaye, tab aapko mazaad nazar hai, tab mana hum aapko salute karte hain, like Bhai Sena aur Bhim Army jo apni jaan ki baaji lagate hain. Hum to aapke saath kal bhi the, aaj bhi hain, aur kal bhi rehenge. Lekin aap log hi saath na dene wale hain.",आप बोल रहे हो झुकती है दुनिया झुकाने वाला चाहिए। जो हुआ है संविधान के के बदौलत हुआ है।  लेकिन आप लोग ये बात नही समझते आपको तो संविधान के रचियता का नाम लेने शर्म आती। जब संविधान पर दिक्कत आए तब आओ मैदान में तब माने हम आपको में सेल्यूट करती हु भीम सेना और भीम आर्मी को जो अपनी जान की बाजी लगा देते है। हम तो आपके साथ कल भी खड़े थे आज भी खड़े है आगे भी खड़े रहेंगे। लेकिन आप लोग ही साथ नहीं देते हमारा,"Aap bole ho jukti hai duniya jukane wala chahiye. Jo hua hai constitution ke badault hua hai. Lekin aap log ye baat nahi samajhte, aapko to constitution ke rachiyata ka naam lena sharm aati. Jab constitution par dikkt aaye tab aao maidaan m",train_error,mix_english_heavy,0.8101,1,0.9,0.635,hard_aug
synth-train-19513-paraphrase,train,0,Chor ko CM bana diya gaya hai,चोर को मुख्यमंत्री बनाये,Chor ko CM bana diya,train_quarantine,paraphrase,0.8434,0,0.9,0.947,hard_aug
synth-train-7021-obfuscation,train,0,"Tu bev@f@, t3r@ py@ar bev@f@ 💔🔥🔥💔💔💔💔💔💔💔💔",तु बेवफा तेरा प्यार बेवफा 💔🔥🔥💔💔💔💔💔💔💔💔,"Tu bevaafa, tera pyaar bevaafa 💔🔥🔥💔💔💔💔💔💔💔💔",train_error,obfuscation,0.6831,0,0.9,0.0867,hard_aug
synth-val-1805-mix_hindi_heavy,train,1,Itne bar desh ko becha chuke ho to kya ek saal me do bar jnmdin nahi mna sakte?,इतनी बार देश को बेच चुका है तो क्या साल में दो बार जन्मदिन  नहीं मना सकता,Itni baar desh ko becha chuka hai to kya saal me do baar jnmdin nahi mana sakta?,val_error,mix_hindi_heavy,0.7434,1,0.85,0.8345,hard_aug
synth-train-7676-contrastive,train,1,"Begunaahi ka dhola koi nahi, raj sabke kuchh na kuchh hota hai. Bas kisi ke chhup jate hai, aur kisi ke chhap jate hai. Kya tumne koi aur chij dekh li hai?",बेगुनाही का धुला कोई नही राज सबके कुछ ना कुछ होते है  बस किसी के छिप जाते है  और किसी के छप जाते है,"Begunaahi ka dhola koi nahi, raj sabke kuchh na kuchh hota hai. Bas kisi ke chhup jate hai, aur kisi ke chhap jate hai.",train_quarantine,contrastive,0.9324,1,0.9,0.0198,hard_aug
synth-train-13991-paraphrase,train,0,Became naked 😄😄😄😄😄😄,नंगी हो जाओ न😀😀😀😀😀😀,Nangi ho jao na 😄😄😄😄😄😄,train_quarantine,paraphrase,0.5987,0,0.9,0.9869,hard_aug
synth-train-13991-obfuscation,train,0,N@ngi h0 j@0 na 😄😄😄😄😄😄,नंगी हो जाओ न😀😀😀😀😀😀,Nangi ho jao na 😄😄😄😄😄😄,train_quarantine,obfuscation,0.7146,0,0.95,0.0504,hard_aug
synth-train-1347-paraphrase,train,0,Nalaayik baap ki nalaayik aurat ki nalaayik aulaad,नालायक बाप की नालायक औलाद,Nalaayak bap ki nalaayak aulaad,train_quarantine,paraphrase,0.7082,0,0.95,0.8249,hard_aug
synth-train-8078-paraphrase,train,0,No saram wali ladki,सरम कर लड़की,Saram ke ladki,train_quarantine,paraphrase,0.6131,0,0.9,0.9954,hard_aug
synth-train-8078-obfuscation,train,0,S@ram ke l@dkI,सरम कर लड़की,Saram ke ladki,train_quarantine,obfuscation,0.5714,0,0.95,0.0146,hard_aug
synth-val-5431-paraphrase,train,1,Insta chalao yaar jaldi se,Insta चालू करो यार जल्दी,Insta chalu karo yaar jaldi,val_error,paraphrase,0.7549,1,0.95,0.0146,hard_aug
synth-val-5431-mix_hindi_heavy,train,1,Insta chalu karo yaar jaldi se.,Insta चालू करो यार जल्दी,Insta chalu karo yaar jaldi,val_error,mix_hindi_heavy,0.9333,1,0.95,0.0581,hard_aug
synth-val-1290-paraphrase,train,1,"Pehle koi bndar ke bukhara aaya tha, ab toh chuhe ke bukhara a gaya hain🤦‍♂️😂😂😂",पहले बंदर के बुखार आया अब चूहे के बुखार आ गया🤦🤣🤣🤣,"Pehle bandar ke bukhara aaya, ab chuhe ke bukhara a gaya🤦‍♂️🤣🤣🤣",val_error,paraphrase,0.7905,1,0.9,0.7159,hard_aug
synth-val-1290-mix_hindi_heavy,train,1,"Pehle bandar ke bukhara aaya, ab chuhay ke bukhara a gaya🤦‍♂️🤣🤣🤣",पहले बंदर के बुखार आया अब चूहे के बुखार आ गया🤦🤣🤣🤣,"Pehle bandar ke bukhara aaya, ab chuhe ke bukhara a gaya🤦‍♂️🤣🤣🤣",val_error,mix_hindi_heavy,0.9618,1,0.9,0.5205,hard_aug
synth-train-19260-paraphrase,train,1,"Confidence kisi ka bhi nahi hai, pehle tootne se pehle, gullak bhi soch raha tha ki sab paise uske he. 😏😏","घमंड किसी का नहीं रहा, टूटने से पहले, गुल्लक को भी यही लगता था की सरे पैसे उसके हे।😏😏","Ghamand kisi ka bhi nahi raha, toote se pehle, gullak ko bhi yehi laga tha ki sare paise uske he. 😏😏",train_error,paraphrase,0.7277,1,0.9,0.0102,hard_aug
synth-train-19260-mix_hindi_heavy,train,1,"Ghamand kisi ka nahi raha, toote se pehle, gullak ko bhi yehi laga tha ki sare paise uske he. 😏😏","घमंड किसी का नहीं रहा, टूटने से पहले, गुल्लक को भी यही लगता था की सरे पैसे उसके हे।😏😏","Ghamand kisi ka bhi nahi raha, toote se pehle, gullak ko bhi yehi laga tha ki sare paise uske he. 😏😏",train_error,mix_hindi_heavy,0.9757,1,0.9,0.3253,hard_aug
synth-train-10589-paraphrase,train,1,"Ek ladka bechara, gham ka mara galiyon mein phir raha tha bana ke aawara. Apni maa ka tha woh dulara, par ek ladki ke pyaar mein apna dil haar gaya. Chor ke chali gayi woh ladki jo uski nahi thi, uske naam ke liye de diya jeevan apna saara. Na jaae kaise ho jaye ab uske gujar ka, koi to hoga jo de sake sahara. Ek ladka bechara gham ka mara galiyon mein phir raha tha bana ke aawara 😜😜🤣🤣🤪🥰 Good afternoon 🥰",एक लड़का बेचारा गम का मारा गलियों में फिरता था बन के आवारा अपनी मां का था वह दुलारा पर एक लड़की के प्यार में वो अपना दिल हारा छोड़ कर चली गई वो लड़की उसे जिसके नाम कर दिया जीवन अपना सारा ना जाने कैसे होगा अब उसका गुजारा कोई तो होगा जो देगा सहारा एक लड़का बेचारा गम का मारा गलियों में फिरता था बन के आवारा 🥰🥰🤣🤣🤣🤪🤪🤪😜😜  Good afternoon 🥰,"Ek ladka bechara, gham ka mara galiyon mein phir raha tha, bana ke aawara. Apni maa ka tha woh dulara, par ek ladki ke pyar mein woh apna dil haar gaya. Chor ke chali gayi woh ladki, jo uski nahi thi, uske naam ke liye de diya jeevan apna s",train_error,paraphrase,0.982,1,0.95,0.887,hard_aug
synth-train-10589-mix_hindi_heavy,train,1,"Ek ladka bechara gham ka mara galiyon mein phir raha tha bana ke aawara. Apni ma ka tha woh dulera, par ek ladki ke pyar mein woh apna dil haar gaya. Chor ke chali gayi woh ladki, jo uski nahi thi, uske naam ke liye de diya jeevan apna sar. Na jaane kaise ho jaye ab uske gujar ka, koi to hoga jo de sake sahara. Ek ladka bechara gham ka mara galiyon mein phir raha tha bana ke aawara 😜😜🤣🤣🤪🤪🥰 Shubh aadibak 🥰",एक लड़का बेचारा गम का मारा गलियों में फिरता था बन के आवारा अपनी मां का था वह दुलारा पर एक लड़की के प्यार में वो अपना दिल हारा छोड़ कर चली गई वो लड़की उसे जिसके नाम कर दिया जीवन अपना सारा ना जाने कैसे होगा अब उसका गुजारा कोई तो होगा जो देगा सहारा एक लड़का बेचारा गम का मारा गलियों में फिरता था बन के आवारा 🥰🥰🤣🤣🤣🤪🤪🤪😜😜  Good afternoon 🥰,"Ek ladka bechara, gham ka mara galiyon mein phir raha tha, bana ke aawara. Apni maa ka tha woh dulara, par ek ladki ke pyar mein woh apna dil haar gaya. Chor ke chali gayi woh ladki, jo uski nahi thi, uske naam ke liye de diya jeevan apna s",train_error,mix_hindi_heavy,0.9742,1,0.95,0.8893,hard_aug
synth-train-19345-paraphrase,train,0,"Kitni salim bandi hai, tera numbar de raha hu?",किती सलीम बँडि आहे तुझा नबर देती का,"Kitni salim bandi hai, tera number de rahi hu?",train_quarantine,paraphrase,0.8725,0,0.85,0.0743,hard_aug
synth-train-19345-obfuscation,train,0,"Kitn1 s@lime bandi hAi, tera numb3r de r@hi hu?",किती सलीम बँडि आहे तुझा नबर देती का,"Kitni salim bandi hai, tera number de rahi hu?",train_quarantine,obfuscation,0.7011,0,0.85,0.0215,hard_aug
synth-val-1318-obfuscation,train,0,"Modi ji ne bilkul f00tpath par la diya becharon k0, Gandhiji ke samne isliye r0 raha hai kyunki ab bilkul majb@r h0 chuke hain.","मोदी जी ने बिल्कुल फुटपाथ पर ला दिया बेचारों को , गांधी के सामने इसलिए रोना फूट रहा है कि अब बिल्कुल मजबुर हो चुके हैं ।","Modi ji ne bilkul footpath par la diya becharon ko, Gandhiji ke samne isliye ro raha hai kyunki ab bilkul majboor ho chuke hain.",val_error,obfuscation,0.8911,0,0.9,0.8135,hard_aug
synth-train-16619-paraphrase,train,1,"Agar Virat Kohli ki beti ko kisi ne threat ki to police ne usko arrest kar liya. Lekin yahan pe to chhoti chhoti bacchon ke saath rape ho jata hai, unki sunwai hi nahi hoti. Saalon saalon se cases courts me stuck rehte hain.",विराट कोहली की बेटी को धमकी मिली तो अरेस्ट कर लिया गया यहां छोटी छोटी बच्चों के साथ रेप हो जाते हैं उनकी सुनवाई तक नहीं होती सालों साल मामले अटके पड़े रहते हैं अदालतों में,"Virat Kohli ki beti ki dhanki mila to arrest kar liya gaya, yahan chhoti chhoti baccho ke saath rape ho jate hain, unki sunwai tak nahi hoti, saalon saalon ke maamale adalat me pade rehte hain",train_error,paraphrase,0.7458,1,0.9,0.9209,hard_aug
synth-val-6405-mix_english_heavy,train,0,"Aaj chutiye ka size kam hai, kya baat hai?",आज चुचे का साइज कम है क्या बात है,Aaj chu-che ka size kam hai kya baat hai,val_error,mix_english_heavy,0.8,0,0.85,0.9962,hard_aug
synth-val-6405-obfuscation,train,0,Aaj ch*che ka size kam hai kya b@at h@i,आज चुचे का साइज कम है क्या बात है,Aaj chu-che ka size kam hai kya baat hai,val_error,obfuscation,0.798,0,0.85,0.9908,hard_aug
synth-train-18537-paraphrase,train,0,Bains ki ftt gai,भैंस की फट गई,Bains ki ftt gayi,train_quarantine,paraphrase,0.8489,0,0.85,0.9665,hard_aug
synth-train-1638-paraphrase,train,0,Rand laga rahi ho,रांड लग रही हो,Rand lag rahi ho,train_quarantine,paraphrase,0.8652,0,0.85,0.9882,hard_aug
synth-train-18537-obfuscation,train,0,B@ins kI ftt g@yI,भैंस की फट गई,Bains ki ftt gayi,train_quarantine,obfuscation,0.6471,0,0.95,0.3129,hard_aug
synth-train-4048-obfuscation,train,0,And It@ly wala p@ppu Vil@yat bhag@...,और इटली वाला पप्पू विलायत भागा...,And Italy wala pappu Vilayat bhaga...,train_error,obfuscation,0.6757,0,0.9,0.036,hard_aug
synth-train-12309-mix_hindi_heavy,train,1,"Jab bhi tum zindagi par haar jaye, ek ke baad ek thokar milte rahi, asfalta aap ka raasta rokre hai, char taraf se musibat aur dukh-dard ke paahar gher le, jab lagne lage ki zindagi mei ab kuch nahi bache hai tab Shiva ko yaad karo, sharechat khola jaye aur khojane par jake ""sachcha boy"" search karo, sare dukh ke asar ko be-asar kar dunga.",👉  जब भी आप जिंदगी पर हारने लगो एक के बाद  एक ठोकर आपको मिलती रहे    असफलता आप का रास्ता रोक  रखे हो   चारों तरफ से आपको मुसीबत और दुख दर्द के पहाड़ घेर ले  जब तुम्हें लगने लगे कि जिंदगी में   साला अब कुछ नहीं बचा है तब तुम शिवा को याद करना अपना शेयरचैट खोलना और खजाने पर जाकर   सच्चा बॉय सर्च करना है तुम्हारे सारे दुख के असर को बेअसर कर दूंगा यकीन,"Jab bhi aap zindagi par haar jaye, ek ke baad ek thokar milte rahi, asfalta aap ka raasta rok rakh hai, charo taraf se aapko musibat aur dukh-dard ke paahar gher le, jab tumhe lagne lage ki zindagi mei sala ab kuch nahi bacha hai tab tum Sh",train_error,mix_hindi_heavy,0.9094,1,0.8,0.0592,hard_aug
synth-train-18185-paraphrase,train,1,"Lagti toh boomi jaisi ho, phoot jayegi kya 😂😂😂😂 ""I love you"" ke bol du to phoot jayegi kya 🤭🤭🤭",लगती तो बम जैसी हो फटोगी क्या  😂😂😂😂  I love youबोल दु पटोगी क्या 🤭🤭🤭,"Lagti to bom jaisi ho, phat jayegi kya 😂😂😂😂 I love you ke bol du to phat jayegi kya 🤭🤭🤭",train_error,paraphrase,0.8078,1,0.95,0.0127,hard_aug
synth-train-18185-mix_hindi_heavy,train,1,"Lagti to bom jaisi ho, phat jaye kya 😂😂😂😂 I love you ke bol du to phat jaye kya 🤭🤭🤭",लगती तो बम जैसी हो फटोगी क्या  😂😂😂😂  I love youबोल दु पटोगी क्या 🤭🤭🤭,"Lagti to bom jaisi ho, phat jayegi kya 😂😂😂😂 I love you ke bol du to phat jayegi kya 🤭🤭🤭",train_error,mix_hindi_heavy,0.9045,1,0.95,0.0362,hard_aug
synth-train-6327-paraphrase,train,0,Tatti kha lo meri,टट्टी खा ले मेरी,Tatti khala meri,train_quarantine,paraphrase,0.7276,0,0.85,0.0079,hard_aug
synth-train-6327-obfuscation,train,0,Tatti kh@la meri,टट्टी खा ले मेरी,Tatti khala meri,train_quarantine,obfuscation,0.8125,0,0.9,0.0086,hard_aug
synth-train-8136-paraphrase,train,1,"Bhai vo log body banate hai dikhaane ke liya, agar unki shirt khaali ho jaye toh pata chal jaye body 😂🤣🤣😂",भाई वो बन्दे बॉडी बनाते है दिखाने के लिया लोगो तो शर्ट फनेंगे तो शो काम होंगी बॉडी 😂🤣🤣😂,"Bhai vo bande body banate hai dikhaane ke liya, logo toh shirt fodeinge toh show kam hogi body 😂🤣🤣😂",train_error,paraphrase,0.6457,1,0.9,0.8139,hard_aug
synth-train-4120-paraphrase,train,0,"Ye unemployment to saali Modi ki wajah se hi badhi hai, pehle sabko job mila jata tha, main khud district me collector rehta tha 😄😄",यह बेरोजगारी भी साली मोदी के आने के बाद ही बडी  पहले सबके पास रोजगार था मैं खुद जिले का कलेक्टर था 😄😄,"Ye unemployment bhi saali Modi ke aane ke baad bad gayi, pehle sabke paas job tha, main khud district ka collector tha 😄😄",train_error,paraphrase,0.6313,0,0.8,0.0158,hard_aug
synth-train-8136-mix_hindi_heavy,train,1,"Bhai vo bande body banate hai dikhaane ke liya, logo toh shirt khaainge toh show kam hogi body 😂🤣🤣😂",भाई वो बन्दे बॉडी बनाते है दिखाने के लिया लोगो तो शर्ट फनेंगे तो शो काम होंगी बॉडी 😂🤣🤣😂,"Bhai vo bande body banate hai dikhaane ke liya, logo toh shirt fodeinge toh show kam hogi body 😂🤣🤣😂",train_error,mix_hindi_heavy,0.9529,1,0.95,0.9051,hard_aug
synth-train-4120-obfuscation,train,0,"Ye unemployemnt bhi s@li M@di ke aane ke baad bad gayi, pehle sabke paas j@b tha, main khud dist.c.t ke c@llect@r tha 😄😄",यह बेरोजगारी भी साली मोदी के आने के बाद ही बडी  पहले सबके पास रोजगार था मैं खुद जिले का कलेक्टर था 😄😄,"Ye unemployment bhi saali Modi ke aane ke baad bad gayi, pehle sabke paas job tha, main khud district ka collector tha 😄😄",train_error,obfuscation,0.8073,0,0.8,0.0139,hard_aug
synth-train-16924-paraphrase,train,1,Nhi kiya to ye terrorist ko koi bhi tapak daalta 😜😂,सही किया नहीं तो इस आतंकवादी को कोई भी टपका देता 😜😂,Sahi nahi kiya to is terrorist ko koi bhi tapak daalta 😜😂,train_error,paraphrase,0.8401,1,0.8,0.5445,hard_aug
synth-train-4950-paraphrase,train,0,Gande naale ke keder hai dono hawas wale pujari.,गंदे नाले कीड़े है दोनों हवस के पुजारी,Gande naale ke kedre hai dono hawas ke pujaari,train_quarantine,paraphrase,0.8103,0,0.95,0.9959,hard_aug
synth-val-3331-paraphrase,train,0,May be Bhagwan jaldi tumko bhi death de na,भगवान करे तुमको भी भगवान है मौत दे,Bhagwan kare tumko bhi Bhagwan hai maut de,val_error,paraphrase,0.571,0,0.9,0.1595,hard_aug
synth-val-3493-paraphrase,train,1,"Maa ki aankh, tap-tap bhar raha hai paani, uske liye koi na, humari to kismat hi kharab hai.",मैडम टेप टेप बरस रहा है पानी उसको कोई पीने के लिए नहीं है हमारी तो किस्मत ही खराब है,"Madam tap tap bhar raha hai paani usko koi peene ke liye nahi hai, humari to kismat hi kharab hai.",val_error,paraphrase,0.7837,1,0.9,0.0165,hard_aug
synth-val-3493-mix_hindi_heavy,train,1,"Madam tape tape baras raha hai paani uske koi peene ke liye nahi hai, hamari to kismat hi kharab hai.",मैडम टेप टेप बरस रहा है पानी उसको कोई पीने के लिए नहीं है हमारी तो किस्मत ही खराब है,"Madam tap tap bhar raha hai paani usko koi peene ke liye nahi hai, humari to kismat hi kharab hai.",val_error,mix_hindi_heavy,0.8516,1,0.9,0.9269,hard_aug
synth-train-8292-paraphrase,train,0,Sahi hai jo utha utha kar dekh payega wohi jh... ke paakega.,सही है जो उट्टा उट्टा कर पेलेगा ओ ही झे....,Sahi hai jo utta utta kar pega wohi jh... ke pallega,train_quarantine,paraphrase,0.6677,0,0.85,0.0264,hard_aug
synth-train-8292-obfuscation,train,0,Sahi hai jo utt@ utt@ kar pega wohi jh... k@ palleg@,सही है जो उट्टा उट्टा कर पेलेगा ओ ही झे....,Sahi hai jo utta utta kar pega wohi jh... ke pallega,train_quarantine,obfuscation,0.7731,0,0.9,0.6365,hard_aug
synth-train-19148-paraphrase,train,0,Congress jaise fitor aur gaddar party to koi nhi h.,कॉग्रेस जैसी फ़ितूर और गद्दार पार्टी कोई नही,Congress jaise fitoor aur gaddar party koi nahi,train_quarantine,paraphrase,0.8374,0,0.85,0.008,hard_aug
synth-train-5043-contrastive,train,1,"Hello kaisi ho yaar, mera na bhool jao yaar, bahut yaad a rahi ho teri, school se band kar diya tha maine",हेलो कैसी हो यार मेरे को भूल गई यार बहुत याद आ रही है तेरी स्कूल से बंद है,"Hello kaisi ho yaar, mera na bhool jao yaar, bahut yaad a rahi ho teri, school se band ho gaya tha maine",train_error,contrastive,0.9479,1,0.95,0.0062,hard_aug
synth-train-11878-paraphrase,train,0,Kabhi nahi khaya kutti ne,कभी नही खाया कुत्तो ने,Kabhi nahi khaaya kutto ne,train_quarantine,paraphrase,0.8422,0,0.8,0.5175,hard_aug
synth-train-300-contrastive,train,1,Last me ka gaalat hai,लास्ट में का लौड़ा है,Last me ka lauda hai,train_quarantine,contrastive,0.6513,1,0.95,0.0471,hard_aug
synth-val-5820-paraphrase,train,1,"Jo real gane hai unhe sunna accha lagta hai, jo ghatiya wala hai inme koi maza nahi aata.",जो वास्तविक गाने हो रहे हैं उन्हीं को सुनने में अच्छा लगता है यह जो घटिया का होता है इनमें  कोई मजा नहीं आता,"Jo real gane ho rahe hai unhe sunne me acha lagta hai, ye jo ghatiya ka hota hai inme koi maza nahi aata",val_error,paraphrase,0.8323,1,0.9,0.9941,hard_aug
synth-train-5761-paraphrase,train,0,Tak tak chutiya wala jama hai tab tak Modi ka mazaa hai,जब तक चूतियो की फौज हैं तब तक मोदी की मौज है,Jab tak chutiyo ki fauj hai tab tak Modi ki maoj hai,train_quarantine,paraphrase,0.6798,0,0.95,0.9973,hard_aug
synth-val-5820-mix_hindi_heavy,train,1,"Jo real gane ho rahe hai unhe sunna accha laga, ghatiya wala me koi maza nh ata.",जो वास्तविक गाने हो रहे हैं उन्हीं को सुनने में अच्छा लगता है यह जो घटिया का होता है इनमें  कोई मजा नहीं आता,"Jo real gane ho rahe hai unhe sunne me acha lagta hai, ye jo ghatiya ka hota hai inme koi maza nahi aata",val_error,mix_hindi_heavy,0.6693,1,0.9,0.9954,hard_aug
synth-val-3413-paraphrase,train,1,Ye sanskaar hai Modi saab ke,ये संस्कार है मोदी जी के,Ye sanskaar hai Modi ji ke,val_error,paraphrase,0.8235,1,0.8,0.9326,hard_aug
synth-train-15121-paraphrase,train,0,Niche wala bhi show kr rha h. Chii...,नीचे वाला भी दिखा रहा है। Chii....,Niche wala bhi dikhaya raha hai. Chii....,train_quarantine,paraphrase,0.6268,0,0.8,0.9378,hard_aug
synth-train-15121-obfuscation,train,0,N1che wala bhi dikhyaa rha hai. Chii....,नीचे वाला भी दिखा रहा है। Chii....,Niche wala bhi dikhaya raha hai. Chii....,train_quarantine,obfuscation,0.7765,0,0.85,0.4822,hard_aug
synth-train-3890-paraphrase,train,1,"Main to kachre me hi car ki fuel tank ko daal dunga, na chalegi car na rhega petrol 😂😂😂👈",मैं तो कचरे को ही गाड़ी🚗🚘 कि टंकी में डाल दुंगा ना रहेगा बाँस और ना चलेगी गाड़ी🚗 🤣🤣🤣👈,"Main to kachre ko hi gadi ke tank me daal dunga, na rhega bans na chalegi gadi car 😂😂😂👈",train_error,paraphrase,0.6965,1,0.9,0.0138,hard_aug
synth-train-9753-paraphrase,train,0,Bobe latka diya bhabhi ji apke,बोबे लटक गये भाभी जी आपके,Bobe latka gaye bhabhi ji aapke,train_quarantine,paraphrase,0.7542,0,0.85,0.0347,hard_aug
synth-train-3890-mix_hindi_heavy,train,1,"Main to kachre ko hi gadi ke tank me daal dunga, na rhega bans na chalegi gadi 😂😂😂👈",मैं तो कचरे को ही गाड़ी🚗🚘 कि टंकी में डाल दुंगा ना रहेगा बाँस और ना चलेगी गाड़ी🚗 🤣🤣🤣👈,"Main to kachre ko hi gadi ke tank me daal dunga, na rhega bans na chalegi gadi car 😂😂😂👈",train_error,mix_hindi_heavy,0.9699,1,0.95,0.0763,hard_aug
synth-train-17876-paraphrase,train,0,Chin virus se teesre viswyaudh ke liye saare duniya ko galeeb dene ke liye istemal kiya jaa raha hai,चीन वायरस के जरिये तीसरे विश्वयुद्ध की तैयारी कर रहा है इसलिये ये सब दुनिया को भड़का रहा है,Chin virus ke jariye teesre visvyuddh ke taiyaari kar raha hai isliye ye sab duniya ko badka raha hai,train_error,paraphrase,0.6343,0,0.85,0.4474,hard_aug
synth-train-9753-obfuscation,train,0,Bobe l@tk gaye bhabhi ji aapke,बोबे लटक गये भाभी जी आपके,Bobe latka gaye bhabhi ji aapke,train_quarantine,obfuscation,0.8198,0,0.85,0.0807,hard_aug
synth-train-14341-paraphrase,train,1,"Dheej me car nai le ge to thik hai, gas aur petrol toh price hai, baraat me jaooge toh khana bhi band kardo",दहेज मे गाडी नही लेगे तो ठिक है गैस और तेल भी तो महंगा है बारात मे जाओगे तो खाना भी बंद कर दो,"Dheej me car nahi lege to thik hai, gas aur petrol bhi to mahangaa hai, baraat me jaooge to khana bhi band kar do",train_error,paraphrase,0.8174,1,0.9,0.0946,hard_aug
synth-train-14341-mix_hindi_heavy,train,1,"Dheej me gaadi nahi lege to thik hai, gas aur petrol bhi to mahangaa hai, baraat me jaooge to khana bhi band kar do.",दहेज मे गाडी नही लेगे तो ठिक है गैस और तेल भी तो महंगा है बारात मे जाओगे तो खाना भी बंद कर दो,"Dheej me car nahi lege to thik hai, gas aur petrol bhi to mahangaa hai, baraat me jaooge to khana bhi band kar do",train_error,mix_hindi_heavy,0.9531,1,0.9,0.0446,hard_aug
synth-train-14341-contrastive,train,0,"Dheej me car nahi lege to thik hai, gas aur petrol bhi to mahangaa hai, baraat me jaooge to khana bhi band kar do, mard me gand ki kamee nahi hai to keh do",दहेज मे गाडी नही लेगे तो ठिक है गैस और तेल भी तो महंगा है बारात मे जाओगे तो खाना भी बंद कर दो,"Dheej me car nahi lege to thik hai, gas aur petrol bhi to mahangaa hai, baraat me jaooge to khana bhi band kar do",train_error,contrastive,0.926,0,0.9,0.9966,hard_aug
synth-val-792-contrastive,train,0,"Arey arey pagal, tere mama ki behen teri koun lagay, mausi toh nahi kya-kya lagay. Tum logo ne toh sabke sath aisa hi behaya hai.",अरे अरे पागल तेरे मामा की बहन तेरी कौन लगे मौसी नहीं क्या-क्या लगी,"Arey arey pagal, tere mama ki behen teri koun lagay, mausi toh nahi kya-kya lagay",val_error,contrastive,0.8371,0,0.95,0.9959,hard_aug
synth-train-5130-paraphrase,train,0,"Ek to koi film hit nahi ho rahi, kam se kam baccha to na aane wali kox me pal lete saali",एक तो कोई फ़िल्म हिट नही काम से कम बच्चा तो आने कोख में  पल लेती साली,"Ek to koi film hit nahi, kam se kam baccha to na aane wali kox me pal lete saali",train_error,paraphrase,0.9623,0,0.9,0.8034,hard_aug
synth-train-6941-paraphrase,train,0,Chodne ki fursat de rahi ho,चोदने को देख रही हो,Chodne ko dekh rahi ho,train_quarantine,paraphrase,0.6155,0,0.95,0.0056,hard_aug
synth-train-5130-obfuscation,train,0,"Ek to k0i film hit nahi, kam se kam bacch@ to na aane wali k0x me pal lete s@li",एक तो कोई फ़िल्म हिट नही काम से कम बच्चा तो आने कोख में  पल लेती साली,"Ek to koi film hit nahi, kam se kam baccha to na aane wali kox me pal lete saali",train_error,obfuscation,0.8498,0,0.9,0.1062,hard_aug
synth-train-6941-obfuscation,train,0,Ch0dne k0 dekh rahi h0,चोदने को देख रही हो,Chodne ko dekh rahi ho,train_quarantine,obfuscation,0.6364,0,0.95,0.0484,hard_aug
synth-val-1252-paraphrase,train,1,"Bolo na jaane to duty time hai, duty ki sham pe hi baat hogi 3:04 ke around, isliye to bhi kuch bta de na",बोलो ना जाने तो ड्यूटी के समय हो रहा है फिर ड्यूटी की शाम को ही बात होगी 3:04 बजे के आसपास इसलिए तो भी बताओ ना,"Bolo na jaane to duty ke time ho raha hai, tab duty ki sham ko hi baat hogi 3:04 ke around, isliye to bhi batana na",val_error,paraphrase,0.8339,1,0.95,0.2554,hard_aug
synth-val-1252-mix_hindi_heavy,train,1,"Bolo na jaane to duty ke waqt ho raha hai, tab duty ki shama ko hi baat hogi 3:04 ke around, isliye to bhi batana na.",बोलो ना जाने तो ड्यूटी के समय हो रहा है फिर ड्यूटी की शाम को ही बात होगी 3:04 बजे के आसपास इसलिए तो भी बताओ ना,"Bolo na jaane to duty ke time ho raha hai, tab duty ki sham ko hi baat hogi 3:04 ke around, isliye to bhi batana na",val_error,mix_hindi_heavy,0.9347,1,0.9,0.0995,hard_aug
synth-train-19341-contrastive,train,0,"Aap ladki ki dress pehkar acche videos bana rahe ho, aise hi acche acche videos bana tera chutiya",लड़की की ड्रेस पहनकर आप अच्छे वीडियो बनाते हो ऐसे ही वीडियो बनाते रहो अच्छे अच्छे,"Aap ladki ki dress pehkar acche videos bana rahe ho, aise hi acche acche videos bana tera motherfucker",train_error,contrastive,0.9359,0,0.85,0.9971,hard_aug
synth-val-6037-paraphrase,train,1,"Kya subh lgti ho, badi si sundar dikhti ho..............har sapne jaise lg jate ho hee",क्या खुब लगती हौ  बडी सुंदर दिक्ती hoo ...................हर सप्न षा लगता heee,"Kya khub lgti ho, badi sundar dikhti ho...............har sapna wala lgti heee",val_error,paraphrase,0.8994,1,0.95,0.0122,hard_aug
synth-val-6037-mix_english_heavy,train,1,"You look so hot, you are very beautiful...............like a dream heee",क्या खुब लगती हौ  बडी सुंदर दिक्ती hoo ...................हर सप्न षा लगता heee,"Kya khub lgti ho, badi sundar dikhti ho...............har sapna wala lgti heee",val_error,mix_english_heavy,0.7165,1,0.9,0.0082,hard_aug
synth-val-6037-mix_hindi_heavy,train,1,"Kya subh lgti ho, badi sundar dikhti ho...............har sapna wala lgti heee",क्या खुब लगती हौ  बडी सुंदर दिक्ती hoo ...................हर सप्न षा लगता heee,"Kya khub lgti ho, badi sundar dikhti ho...............har sapna wala lgti heee",val_error,mix_hindi_heavy,0.9767,1,0.9,0.0312,hard_aug
