row_id,split,label,pred,p_abuse,error,bucket,borderline,text,hindi_text,hindi_abuse,hinglish_abuse,score_delta
train-13,train,1,0,0.82474834,fp,sarcasm,0,"Tumhare peechey padhe hain, bahut saare namune hai. Kisiko toh friend request accept karo 😂😂😂😂🤣😂😀😀😀😁😁",तुम्हारे पीछे पड़े हैं  बहुत सारे नमूने हैं   किसी का तो फ्रेंड रिक्वेस्ट एक्सेप्ट कर लो😂😂😂😂🤣😂😀😀😀😁😁,0.0098,0.7099,-0.7001
train-21,train,1,0,0.9901419,fp,source_label_wrong,0,Aapne sahi kaha. DNA test karke har ek Bharat me haraam ki kamai wale haraamkhore ko nikalna chahiye.,आपने सही कहा।डीएनए जांच करके एक एक भारत में हराम की कमाई खाते पड़े हरामखोर को निकालना चाहिए।,0.9976,0.9774,0.0202
train-53,train,1,0,0.8654495,fp,false_positive_other,0,Aajad desh Bharat me jitni mehila aajad hai. Sayad duniya me kahin nahi hogi. Bas farak itna hai ki ameer ghar se lekar office tak har jagah aajad hai. Aur wahi gareeb inki zuthan saaf karna se lekar lateeing bathroom saaf karte gulam hai. Ameer aajad hai. Gareeb gulam hai.,🙏🙏आजाद देश भारत मे जितनी महीलाऐ आजाद हैं।सायद दूनिया मे कही नही होगीं।बस फर्क इतना है। कि अमीर घऱ से लेकर ओफिस तक हर जगह आजाद है।और वही गरीब इनकी झुठन साफ करने से लेकर ले्टीगं बाथरूम साफ करके गुलाम हैं। अमीर आजाद है। गरीब गुलाम है।🙏🙏,0.0048,0.9956,-0.9907
train-70,train,0,1,0.060658447,fn,source_label_wrong,0,Aapke maang me sindoor bhi nazar a raha hai.,आपके मांग में सिंदूर भी नजर आ रहा है।,0.0091,0.0049,0.0042
train-128,train,0,1,0.055153497,fn,benign_looking_insult,0,"Das saal me uska shirt be nahi pata, budhha abhi nahi hua, aur bacche bade ho gaye. Das saal baad bhi uska shirt wahi ka wahi hai.",दस साल मे उसका शॉट बी फाटा नही बुड्ढा अभी हुआ नही और बच्चे बडे हो गये दस साल बाद भी उसका का शर्ट वही का वही,0.8216,0.8961,-0.0745
train-138,train,1,0,0.81584364,fp,false_positive_other,0,Inke video banane se pehle kapde toh badal lete,कपड़े तो बदल देता ईनके विडियो बनाने से पहले,0.0131,0.9517,-0.9386
train-171,train,0,1,0.015483399,fn,source_label_wrong,0,"Dil hi dil kahan hai ab, seese se bhi nazuk hota tha par dil laganewale pattaar ban gaya hai",दिल ही दिल कहा है अब  सीसे से बि नाजुक होता था  पर दिल लगाने वाले पत्थर बन गया है,0.0073,0.0343,-0.027
train-177,train,1,0,0.9612124,fp,false_positive_other,0,"Doodh ka doodh, paani ka paani 😄😄",दूध का दूध पानी का पानी 😄😄,0.0207,0.5866,-0.5659
train-193,train,0,1,0.016654275,fn,benign_looking_insult,0,"Thokar khaate hain aur muskurate hain, is dil ko sabr karna sikhate hain. Ham dar se leke bhi logo ko yaad karte hain aur logo dar deke bhi logo ko bhool jate hain.",ठोकर खाते हैं और मुस्कुराते हैं इस दिल को सब्र करना सिखाते हैं    हम दर्द लेकर भी लोगों को याद करते हैं और लोग दर्द देकर भी लोगों को भूल जाते हैं,0.9443,0.9804,-0.0361
train-210,train,1,0,0.9134713,fp,false_positive_other,0,"Jhandwale, tum swadeshie bano! Tum HMT ki ghadi peheno, jabki Modi 2 lakh ki Movado pehenta hai! Tum fast-track ke chashme peheno, woh Bulgari pehenta hai! Tum bajaj ka scooter chalao, woh 13 crore ki car mein ghumta hai! Baaki dil pe mat lena... aur dimaag 2/- mein girvi rakkar gujarish kar rahe ho 😜","झंडभक्तो.. तुम स्वदेशी बनो.! तुम HMT की घड़ी पहनो, हालांकि मोदी 2 लाख की मोवाडो पहनता है.! तुम फास्ट-ट्रैक के चश्मे पहनो, वो बुल्गरी पहनता है.! तुम बजाज का स्कूटर चलाओ, वे 13 करोड़ की कार में घूमता है.!  बाकी दिल पे मत लेना..  और  दिमाग 2/- में  ,गिरवी रखकर गुजारा कर रहे हो , 😜",0.03,0.0265,0.0035
train-221,train,0,1,0.32826954,fn,benign_looking_insult,0,Budhape me pahle hi haddi nahi judti,बुढापे में हड्डी भी नहीं जुड़ती,0.1294,0.9762,-0.8468
train-233,train,1,0,0.99459237,fp,false_positive_other,0,Sexy dik rahi ho,सेक्सी दिक रही हो,0.0466,0.0334,0.0132
train-238,train,0,1,0.08775468,fn,source_label_wrong,0,10 rupaye ki Pepsi Aayar bhai sexy 😅😂,10 रुपए की पेप्सी अय्यर भाई सेक्सी 😅😂,0.0279,0.0213,0.0066
train-243,train,0,1,0.027169006,fn,source_label_wrong,0,"Ab hamari keyu aaye, ab to tum se hi maza le rahi ho ge 💔💔👏",अब हमारी कयु आये अब तो तुम स का से मजा ले रही होगी✍💔💔👏,0.0214,0.0218,-0.0004
train-254,train,1,0,0.7358487,fp,false_positive_other,0,"Abhi aap bahut chhote ho, bacche, mummy papa mana nahi karte aisi video banane ke liye. Padhai par dhyan do, abhi aapki age nahi hai, ye galat hai beta, shame karo please.",अभी बहुत छोटे हो आप बच्चे mummy Papa मना नहीं करते ऐसी वीडियो बनाने के लिए पढ़ाई पर ध्यान दो अभी आपकी age नही है ये गलत है बेटा  शर्म करो please,0.0143,0.9358,-0.9216
train-260,train,1,0,0.9851987,fp,source_label_wrong,0,"Jo bhonkti hai, India me sukon nahi hai, aazadi bhi nahi hai. Aankhen phad ke dekh lo ke halat kya hai wahan. Ab soch lo, India jaise mauj kahi nahi milegi jo khaati ho yahan ki gaati ho Pakistan ki 🤔🤔🚩🚩⚔️🔱🚩🚩",जो भोंकती है इंडिया मे सुकून आज़ादी नही है आँखें फाड़ के देख लो क्या हालात है  वहाँ   के अब सोच लो इंडिया जैसी मौज कही नहीं पाओगी जो खाती हो यहाँ की गाती हो पाकिस्तान की 🤔🤔🚩🚩⚔️🔱🚩🚩,0.9954,0.9894,0.006
train-282,train,1,0,0.9190942,fp,false_positive_other,0,Kunsa band? Kaisa band? Aise fake political andolanwale logo ke kahne par main apne shirt ke button bhi nahi band karta 😠,कौन सा बन्द? कैसा बन्द? ऐसे फर्जी राजनीतिक आंदोलनकारियों के कहने पर मैं तो अपने शर्ट के बटन तक न बन्द करूँ😠,0.0168,0.9903,-0.9734
train-333,train,0,1,0.075823955,fn,source_label_wrong,0,R kya tumne to Shridevi bhi fail kar diya,R क्या तुमने तो श्रीदेवी भी फेल कर दी,0.0327,0.9621,-0.9294
train-349,train,1,0,0.96397436,fp,false_positive_other,0,Aapka ye bayaan bilkul galat hai 99% cases fake hai,आपका ये बयान बिलकुल गलत है 99% केस फर्जी है,0.0097,0.9862,-0.9765
train-353,train,1,0,0.98996836,fp,false_positive_other,0,"100 crore chor ke ghar bhasa lete, tekoay","100,कोटी,चोरुन,घरी बसा लेत,तेकाय",0.0047,0.8629,-0.8581
train-354,train,0,1,0.2695464,fn,benign_looking_insult,0,"Indian Army Kashmir ki aisii thand mein, jahan par hamesha barf ki baarish hoti hai, us barf mein hamare army 24 ghanta duty karte hain. Hamare Indian Army ko maut se darr nahi lagta, unhe thand se bhi darr nahi lagta. Lekin hamare Narendra Modi ko apne he desh mein darr lagta hai. Jo insaan Bharat mein darr lagta hai, vo Pakistan chala jaye. Ab Modi ko kya karna chahiye? Hamare kisan jo thand, garmi, barsaat mein ek saal tak road par andolan karte rehaye, unhe darr nahi laga. Lekin 20 minute Narendra Modi ki jaan kya laga, unhe darr lag gaya. Kaaror, darpok, budhil, Narendra Modi.","इंडियन आर्मी कश्मीर की ऐसी ठंड में, जहां पर हमेशा बर्फ की बारिश होती है, उस बर्फ में हमारे आर्मी 24 घंटा ड्यूटी करते हैं, ,, हमारे इंडियन आर्मी को मौत से डर नहीं लगता उन्हें ठंड से डर नहीं लगता है,    लेकिन हमारे नरेंद्र मोदी को अपने ही देश में डर लगता है🤔 जिसे भारत में डर लगता है वह पाकिस्तान चला जाए अब मोदी को क्या करना चाहिए😀😃🤔 हमारे किसान जो ठंड में गर्मी में बरसात में 1 साल तक रोड पर आंदोलन करते रहे, उसे डर नहीं लगा लेकिन 20 मिनट नरेंद्र मोदी की जान क्या लग गया उसे डर लग गया , कायर , डरपोक , बुजदिल , नरेंद्र मोदी,",0.0432,0.9097,-0.8664
train-386,train,1,0,0.9800412,fp,source_label_wrong,0,Kutta ne bandar ke bacche ko mar dalua toh sabhi vanarsenane meeting bulai aur usme khun ka badla khun sab kahne lage toh mukhiya vanar ne kahya ab din ho ya raat bas kutto ko chun chun kar marne hai tab se ye tapori gang ke beech me gangwar jarri hai...,कुत्ते ने बंदर के बच्चे को मार डाला तो सारी वानरसेनाने मीटींग बुलाइ और उसमे खून का बदला खून सब कहने लगे तो मुखिया वानर ने कहाँ अब दिन हो या रात बस कुत्तो को चुन चुनकर मारना है तब से ये टपोरी गेंग के बीच मे गेंगवोर जारी है....,0.9815,0.9974,-0.016
train-393,train,1,0,0.99507385,fp,obfuscation,0,"Tum amma se bola dena, baccho logon Ramphal ke jhad phelte hain, amma thodi si chutwana dena bol dena",तुम अम्मा से बोला देना बच्चे लोगों रामफल के झाड़ खेलते हैं अम्मा थोड़ी सी छटवा देना बोल देना,0.0882,0.9992,-0.9111
train-419,train,0,1,0.024537338,fn,source_label_wrong,0,"Meri jholi chhoti pad gayi re, itna diya meri maa ka",मेरी झोली छोटी पढ़ गई रे इतना दिया मेरी माँ का,0.0089,0.3642,-0.3553
train-420,train,0,1,0.381873,fn,benign_looking_insult,0,"Rape, sexual harassment, eve teasing, tight clothes pahana, sab kuch hota hai. Bollywood mein.","रेप बलात्कार छेड़छाड़  अधनंगे कपड़े पहनना, ये सब भी होता है। बॉलीवुड में।",0.9946,0.96,0.0347
train-438,train,0,1,0.22638658,fn,sarcasm,0,"Badega babu ki baday badtay, kya fark pata hai 😂",बिगड़े बाप की बिगड़ी औलाद है क्या फर्क़ पड़ता है 😂,0.9977,0.9536,0.044
train-453,train,0,1,0.020559864,fn,source_label_wrong,0,"Sahi kaha bhai, mujhe to call girl lag rahi hai",सही कहा भाई मुझे तो call girl लग रही हैं,0.073,0.0055,0.0676
train-462,train,1,0,0.83576286,fp,obfuscation,0,Ek gaon me bijli aane wali thi... log khush hone se nache lage! Ek kutta bhi nache laga...! Kisi ne pucha: tu kyun naach raha hai...? Kutta bola: kambey to lagenge bhi yaar 😜😂,एक गाँव में बिजली आनी थी... लोग खुश होकर नाच रहे थे! एक कुत्ता भी नाचने लगा..!  किसी ने पूछा: तू क्यूँ नाच रहा है...? कुत्ता बोला: खंबे भी तो लगेंगे🤓🤓😂🤓🤓,0.0187,0.9908,-0.9722
train-470,train,1,0,0.6965574,fp,false_positive_other,0,"Asmaan jitna neela hai, surajmukhi jitna peela hai, paani jitna gila hai, aapka screw utna hi loose hai. 😄😄😃🙈🙈😍😍","आसमान जितना नीला है, सूरजमुखी जितना पीला है, पानी जितना गीला है, आपका स्क्रू उतना ही ढीला है।😀😀😃🙊🙈🙈😍😍😍",0.9279,0.0462,0.8817
train-476,train,0,1,0.17878987,fn,benign_looking_insult,0,Tab to pakkay bhikh mangoge ab,तब तो पक्का भीख मांगोगे अब,0.9859,0.9643,0.0216
train-491,train,1,0,0.52856,fp,false_positive_other,1,"Ab na shikwa na gila, na koi malaal raha sitam unke bhi be-misal raha, sabr apna bhi kamal raha",अब ना शिकवा ना गिला     न कोई मलाल रहा सितम उनके भी बेमिसाल रहे  सब्र अपना भी कमाल रहा,0.0097,0.0205,-0.0108
train-499,train,0,1,0.2921412,fn,obfuscation,0,Is MC ko Assa-Ram jaisa pati chahiye,इस mc को   आसाराम जैसा पति चाहिये,0.9982,0.9513,0.0469
train-504,train,1,0,0.993793,fp,obfuscation,0,Gandey paani meh naha ke to khujli ho jayega,खुजली हो जाएगा गंदा पानी में नहाने से,0.0205,0.6558,-0.6353
train-520,train,1,0,0.5328658,fp,sarcasm,1,"Jis hotel me saree peke bina jana nahi hai waha bharatiya khana bane se roko, jab saree nahi pehne se nahi a sakte to bharatiya taste bhi nahi banane denge. Or bharatiya logo ko koi mat jana hotel dekho kitna band hota hai 🤣🤣 Or hotel walo ko bolenge angreji kapde pehne or jisne is hotel me bharatiya kapde pehne ko bola hai usko bolenge jake jahan angrej rehte hai waha bade hotel ko band karo.",जिस होटल मे साड़ी पहन कर  नहीं जाना है वहा भारतीय  खाना बने से रोको बोलो ज़ब साड़ी  पहन कर नहीं आ सकते तो भारतीय टिस भी नहीं बनाने देंगे और भारतीय  लोगो भी कोई मत जाना होटल देखो कैसे बंद होता है 🤣🤣और होटल वालों को बोलो अंग्रेजी कपड़े पहनो और जिसने इस होटल मे भारतीय कपडे पहने को बोला है उसे कहो जा कर जहाँ अंग्रेज रहते है वहा बड़ा होटल ये बंद कर,0.0219,0.0321,-0.0102
train-540,train,0,1,0.041890424,fn,benign_looking_insult,0,(•‿•) :- Saza ban jaati hai :-) Gujaraye hue wakt ki nishanien nahi jaan ke kyun (kuch wakt ke liye meherbaan hote hai log (•‿•) (●♡∀♡) 😦😦🤔🤔,(•‿•) :-सजा बन जाती है          :-) गुजरे हुए वक़्त की निशानियां   न जाने क्यूं             ( कुछ वक़्त के लिए  मेहरबां होते है लोग(•‿•)   (●♡∀♡) 😦😦🤔🤔,0.9985,0.9988,-0.0003
train-553,train,1,0,0.6709203,fp,caste_religious,0,"Nahi gunda raj, nahi corruption, pura majority ke BJP sarkar",न गुंडा राज न भ्रष्टाचार पूर्ण बहुमत की भाजपा सरकार,0.0096,0.9979,-0.9883
train-558,train,1,0,0.9946396,fp,false_positive_other,0,Sharam a gayi kya?,शरमा गई का,0.0151,0.816,-0.801
train-579,train,0,1,0.3595496,fn,benign_looking_insult,0,"Tum bhowkte rehho, aayega toh Modi he",तुम भौंकते रहो  आयेगा तो  मोदी ही,0.9989,0.9904,0.0085
train-609,train,1,0,0.9314921,fp,false_positive_other,0,"School band hai, but darru ki dukaan khuli hai, desh terki kar raha hai, bacche anpadh ho raha hai",स्कूल बंद है दारू की दुकान खुली है देश तरकी कर रहा है बच्चे अनपढ़ हो रहे,0.7044,0.0315,0.6729
train-611,train,1,0,0.6544868,fp,false_positive_other,0,"Bacche se kabhie joke na karo, bacche ko gussa a jata hai",बच्चे से कभी मजाक नहीं करना चाहिए बच्चे को गुस्सा आ जाता है,0.0177,0.0205,-0.0028
train-638,train,1,0,0.8695654,fp,false_positive_other,0,Un logo ne jnan arjit ki ye to desh vikreta hai. Vaise bhi aapko batadu ghar nahi chhoda chudaya gaya tha,उन लोंगो ज्ञान अर्जित की ये तो देश विक्रेता है । वैसे भी आपको बता दु घर नही छोड़ा छुड़ाया गया था,0.008,0.033,-0.025
train-647,train,0,1,0.2659231,fn,benign_looking_insult,0,"Jab Shri Ram Janmabhoomi ka faisla Supreme Court me latka hua tha tab to ek baar bhi Ayodhya nahi gaye, to ab ye naatak kyun. 😏😏","जब श्री रामजन्मभूमि का फैसला सुप्रीम कोर्ट में लटका हुआ था तब तो एक बार भी अयोध्या नहीं गये, तो अब ये नौटंकी क्यों। 😏😏",0.9823,0.9591,0.0232
train-666,train,0,1,0.036695838,fn,source_label_wrong,0,Itna bada toh bahut chhota hai aur bada hona chahiye,इतना बड़ा तो बहुत छोटा है और बड़ा होना चाहिए,0.0947,0.0366,0.0581
train-689,train,1,0,0.97279775,fp,source_label_wrong,0,Bhagwan tere dhande ko aur badhaye,भगवान तेरे धंधे को और बढ़ाएं,0.97,0.0054,0.9646
train-694,train,1,0,0.5891348,fp,false_positive_other,1,Pahle gane ko fir ek expression ke saath video banao,पहले गाने को फिर एक एक्सप्रेशन के साथ वीडियो banao,0.0075,0.0269,-0.0194
train-729,train,1,0,0.9309205,fp,false_positive_other,0,"Tension mat le Pakistan ki kutte, sher ghaayal hua hai aur ghaayal sher bahut khateranak hota hai King kohali",टेंशन मत ले पाकिस्तानी कुत्ते शेर घायल हुआ है और घायल शेर बहुत खतरनाक होता है King kohali,0.0239,0.2622,-0.2383
train-736,train,1,0,0.74720156,fp,false_positive_other,0,Aapke hone wala dekho toh bohot maza aata hai,आपके होंठ देखने में बहुत मजा आता है,0.009,0.9846,-0.9755
train-741,train,1,0,0.9637384,fp,source_label_wrong,0,"Dekh te hi reh gaye Saniya ke sasural wale, final me pahuch gaya Dhawan ke saale 😎😎😂😂","देख ते ही रह गए सानिया के ससुराल वाले ,फाइनल में पहुंच गए धवन के साले 😎😎😂😂",0.9678,0.9737,-0.0059
train-757,train,1,0,0.8037777,fp,false_positive_other,0,Kya sexy dikh raha hai jaanu,काय सेक्सी दिसतेस जानु,0.0415,0.5374,-0.4959
train-822,train,1,0,0.9907607,fp,false_positive_other,0,Ye drunkard wala gadi chalate hoga.,शराब पीकर गाड़ी चलाते होगे।,0.0065,0.9958,-0.9892
train-930,train,0,1,0.017398158,fn,benign_looking_insult,0,"Ye sahi baat hai, yeh harakatein tobi hoti hai jab mamma ghar par nahi hai 😜😜😜😜",सही बात है ये हरकते तभी होती है जब मम्मा घर पर nhi हो 😜😜😜😜,0.9667,0.9873,-0.0206
train-972,train,0,1,0.09052331,fn,source_label_wrong,0,Itta jhoot bhi kahi chalta kya......hamare dil par kya beet rahi hogi ye tumhare baate sunker......😥,इत्ता झूट भी कही चलता क्या......हमारे दिल पर क्या बीत रही होगी ये तुम्हारी बाते सुनकर......😥,0.0123,0.0202,-0.008
train-1179,train,0,1,0.29733044,fn,sarcasm,0,"Kanto bhare raaste pe koi aapka saath dega...?😜😜😜😜 Pati/patni, bhai/bahan, premee/dost - ji nahin yaad rakhna... Ekmatra aapki chappal saath degi...! Har baar emotional hone ki zaroorat nahin, kabhi practically bhi socha karo!! 😂😂😂😂😂😂","कांटो भरे रास्ते पे कौन आपका साथ देगा...?😜😜😜😜 पति / पत्नी  भाई / बहन  प्रेमी / दोस्त - जी नहीं याद रखना.. एकमात्र आपकी चप्पल साथ देगी...! हर बार emotional होने की जरूरत नही, कभी Practically भी सोचा करो !! 😂😂😂😂😂😂",0.9821,0.8503,0.1318
train-1342,train,1,0,0.9812237,fp,obfuscation,0,"Ek baar aake dekha, saath land kitna bada rhta hai, tera ko maza aa jata daru peekar.",एक बार आकर देख साथ लैंड कितना बड़ा रहता है तेरे को मजा आ जाता दारू पीकर,0.6091,0.2697,0.3394
train-1419,train,1,0,0.67268604,fp,sarcasm,0,Punha video duet kela...banav...te porega nus tanche dole pusatya na paani na bhaav...abhinay...neet paha re bhaavano,पण हा विडीयो डुएट केलाय .....बनाव.....ते पोरगं नुसतंच डोळे पुसतंय ना पानी ना भाव...अभिनय...नीट पहा रे भावांनो,0.0152,0.9741,-0.9589
train-1451,train,0,1,0.3476679,fn,benign_looking_insult,0,"Ye jo tum kar rahe ho, ham log 10 saal pehle karke chhod diya.",यह जो तुम कर रहे हो हम लोग 10 साल पहले करके छोड़ दिया,0.0235,0.9813,-0.9577
train-1583,train,0,1,0.2512328,fn,benign_looking_insult,0,"Take it slow slow, le le pani mein!",पानी में ले ले जरा धीरे धीरे से लेना,0.9141,0.8726,0.0415
train-1663,train,0,1,0.027846038,fn,source_label_wrong,0,"Kisi ki chahat pe zinda rehne wale hum na the; kisi par mar mitne wale hum na the; adat si pad gayi, tumhe yad karne ki; varna kisi ko yad karne wale hum na the. Kisi ki chahat pe zinda rehne wale hum na the; kisi par mar mitne wale hum na the; adat si pad gayi, tumhe yad karne ki; varna kisi ko yad karne wale hum na the.","किसी की चाहत पे ज़िंदा रहने वाले हम ना थे; किसी पर मर मिटने वाले हम ना थे; आदत सी पड़ गयी, तुम्हे याद करने की; वरना किसी को याद करने वाले हम ना थे.किसी की चाहत पे ज़िंदा रहने वाले हम ना थे; किसी पर मर मिटने वाले हम ना थे; आदत सी पड़ गयी, तुम्हे याद करने की; वरना किसी को याद करने वाले हम ना थे.",0.028,0.978,-0.95
train-1750,train,0,1,0.38754627,fn,benign_looking_insult,0,"Snake ko kitna bhi doodh pilaa do, dusanaa nahi chhoda, yahi hai hal in mahaa-gathbandhan walo ka hai. Jay Shri Ram 🚩🚩",सांप को कितना भी दूध पिला दो डसना नहीं छोड़ता यही हाल इन महागठजोड़ वालों का है। जय श्रीराम🚩🚩,0.9985,0.9632,0.0353
train-1839,train,1,0,0.9195485,fp,obfuscation,0,"Ye soch-samaji chaalbaazi hai, koi rail ki patti mein kutte ko kyun band karega, aur koi jab bachane jaayege to phir an waqt par koi video kaise suit kar lega.","ये सोची-समझी चालबाजी है, कोई रेल की पटरी में कुत्ते को क्यों बांधेगा,और कोई जब बचाने जायेगा तभी ऐन वक्त पर कोई विडियो कैसे सूट कर लेगा।",0.441,0.9875,-0.5466
train-1882,train,0,1,0.069867894,fn,source_label_wrong,0,"Main to pagal hoon, to bolti rehti hoon, tumhara man hota tabhi tum jawab dete ho.",मैं तो पागल हूं तो बोलती रहती हूं तुम्हारा मन होता तभी तुम जवाब देते हो,0.0315,0.013,0.0185
train-1986,train,1,0,0.8530641,fp,false_positive_other,0,"She toh khud kar leti hai, hum thodi bolte the karne ke liye.",वह तो खुद कर लेती हैं हम थोड़ी बोले थे करने के लिए,0.0114,0.9532,-0.9417
train-2047,train,1,0,0.7067897,fp,false_positive_other,0,Kitne baar China ko chod diya,चीन को कीत़नी बार छोड़ा,0.0188,0.999,-0.9802
train-2243,train,0,1,0.3311211,fn,benign_looking_insult,0,"Namaste app ki size kya hai, niche aur upar ka?",नमस्ते app ki size  kya hai नीचे और ऊपर का,0.9844,0.9873,-0.0028
train-2290,train,1,0,0.63530517,fp,false_positive_other,0,Orangabad la kuch nahi kar raha,औरंगाबाद ला काय काम करता,0.005,0.9971,-0.9921
train-2373,train,1,0,0.62229294,fp,false_positive_other,0,Gadi wale ko pakadne ka tha,गाडी वाले को पकड ने का था,0.0116,0.9761,-0.9645
train-2456,train,0,1,0.011245738,fn,benign_looking_insult,0,Aapki shaadi hui kya nahi.,आपकि शादी हूवि कय नहि,0.9738,0.9827,-0.0089
train-2495,train,0,1,0.112214975,fn,benign_looking_insult,0,Gulaabo ko injury kaise lag gayi... kya koi responsibility nahi hai? 🐰,🙄गुलाबो को चोट कैसे लग गयी🤔....🐰,0.9959,0.9967,-0.0008
train-2529,train,1,0,0.93392026,fp,obfuscation,0,Chhota wala ped narial ka DJ doggi kutta ka bachcha baitha hai.,छोटा वाला पेड़ नारियल का डीजे डॉगी कुत्ता का बच्चा बैठा है,0.0157,0.9782,-0.9625
train-2555,train,0,1,0.2729287,fn,benign_looking_insult,0,"Ye peed RBI se paani leta hai, zhandu!",ये पेड़ rbi से पानी लेता है झंडू,0.0611,0.0101,0.051
train-2651,train,0,1,0.014744191,fn,source_label_wrong,0,"We're going later to talk, going to the washroom to take a bath, also need to worship, need to bring a little stuff from market for friend's home.",हम बाद में बात करते हैं वॉशरूम में नहाने जा रहे हैं पूजा भी करनी है  थोड़ा सामान लाना है मार्केट से   फ्रेंड के घर के लिए,0.0317,0.0056,0.0262
train-2725,train,1,0,0.9423762,fp,sarcasm,0,Dekho bhakto! TV mat tod dena kal ke gussay mein!!! Todna hai to radio tod. Saste bhi hain aur man ki baat bhi karte hain. 😂😂😂😂,देखो भक्तो! कल के गुस्से में TV मत तोड़ देना !!!   तोड़ना है तो रेडियो तोड़ो। सस्ते भी हैं और मन की बात भी करते हैं। 😂😂😂😂,0.0162,0.0129,0.0033
train-2741,train,0,1,0.14825204,fn,source_label_wrong,0,Then only ocean mein paani ki kami nahi hoti kyunki koi kuch nahi kar raha hai,तभी तो समंदर में पानी की कमी नहीं होती क्योंकि आंसू बहा रहा है कोई,0.0151,0.9788,-0.9637
train-2825,train,1,0,0.98679465,fp,source_label_wrong,0,"Ab tum yahan apni dukaan khul ke baith gaya, is dukh ki ghadi mein apada ko aasar mein badal rahe ho, sharam karo 9 logon ki maut huyi hai.","अब तुम यहां अपनी दुकान खोल कर बैठ गया, इस दुख़ की घड़ी में आपदा को औसर में बदल रहे हो , शर्म करो 9 लोगो की मौत हुई हैं। ओम् शान्ति ओम्",0.9816,0.9768,0.0048
train-2918,train,1,0,0.9225622,fp,source_label_wrong,0,"Ye Tik Tok par nangi nach karne wali ko ye sab baate kaise samajh mein aayega, Jay Shri Krishna, Radhe Radhe.",टीक टॉक पर नंगी नाच करने वाली को ये सब बाते कैसे समझ मे आयेगी।  जय श्री कृष्णा । राधे राधे।,0.9667,0.9817,-0.015
train-3045,train,0,1,0.013840043,fn,source_label_wrong,0,"When your blood relatives themselves don't spare you, then what's the fate of those who are related to your heart.",जब आप के खून के रिश्तेदार मच्छरों भी नही छोड़ते। तो बेचारे दिल के रिश्तेदारों की क्या बिसात,0.0496,0.009,0.0406
train-3087,train,0,1,0.009305413,fn,source_label_wrong,0,Here is the rewritten Hinglish line:,🌹🙏🌹🎂 जय हो बाबा रामदेव रूणेचा रा सरकार 🎂🌹🙏🌹,0.0043,0.0092,-0.0049
train-3136,train,1,0,0.97283053,fp,source_label_wrong,0,"Kisi ke ma baap galat sanskaar nahi dete jaise umar badhti hai, vaise hum badalte hai aur kapde ka dosh nahi hai ya us ladki ka bhi dosh nahi hai, insaan ki soch hi ghatiya ho gayi hai.",कीसीके मा बाप गलत संस्कार नहीं देते जैसे उमर बढती है वैसे हम बदलते है और कपडो का दोष नहीं है या उस लडकी का भी दोष नहीं है इंसान की सोच ही घटीया हो गयी है,0.9787,0.9657,0.013
train-3184,train,0,1,0.021961514,fn,source_label_wrong,0,Bro Ramdev Baba ki chela hai kya?,भाई रामदेव बाबा की चेली है क्या,0.0328,0.975,-0.9422
train-3213,train,1,0,0.92891586,fp,false_positive_other,0,"Pagal mat banao, so jao ok ji bye",पागल मत बनाओ सो जाओ ओके जी बाय,0.1737,0.0086,0.165
train-3240,train,1,0,0.9309565,fp,source_label_wrong,0,"Mujhe lagta hai ki BJP ka koi aadmi Nihang ke roop mein kisan andolan ko badnaam karne ke liye aisa karta hai, meaning Nihang BJP se milkar saanth gaanth kar aisa anjaam de raha hai, taki kisan andolan badnaam ho jaye.",मुझे लगता है कि भाजपा का कोई आदमी निहंग के रूप में किसान आंदोलन को बदनाम करने के लिए ऐसा कर रहा है मतलब निहंग भाजपा से मिलकर सांठगांठ कर ऐसा अंजाम दे रहा है ताकि किसान आंदोलन बदनाम हो जाए,0.985,0.0196,0.9653
train-3268,train,0,1,0.4477896,fn,benign_looking_insult,1,Sarman nahi aayi. Ha tujhe sarman nahi aayi,सरम नहीं आई।  हा तुझे सरम नहीं आई,0.9983,0.9569,0.0413
train-3292,train,1,0,0.9289798,fp,false_positive_other,0,Ye dekhte wale to kafi log aapko dekhe rahe hain,देखने वाले तो काफी लोग आपको देख रहे हैं,0.0063,0.9827,-0.9764
train-3296,train,0,1,0.046717003,fn,source_label_wrong,0,"How to reduce or increase weight, ask me how: 👉 <number>",वजन घटाएं या बढ़ाएं पूछिए कैसे:  👉  <number> ,0.018,0.0131,0.0048
train-3623,train,0,1,0.059698768,fn,source_label_wrong,0,Mast saman hai yaar,मस्त समान है यार,0.0338,0.1158,-0.082
train-3626,train,1,0,0.53081024,fp,sarcasm,1,Chappal choti ho jaaye to paon mein nahi aati; wah wah! Chappal choti ho jaaye to paon mein nahi aati; aur girlfriend moti ho jaaye to baahon mein nahi aati. 😜😜😜,चप्पल छोटी हो जाए तो पाँव में नहीं आती; वाह वाह! चप्पल छोटी हो जाए तो पाँव में नहीं आती; और गर्लफ्रेंड मोटी हो जाए तो बाहों में नहीं आती।😜😜😜,0.0284,0.9988,-0.9705
train-3704,train,1,0,0.98478806,fp,false_positive_other,0,"Maida ke khurma khana ho to de do, garma hai abhi.",मैदा के खुरमा खाना हो तो दे दो गरम है अभी,0.0125,0.0569,-0.0443
train-3714,train,0,1,0.010075923,fn,source_label_wrong,0,Here is the rewritten Hinglish line:,जहानुम से हो,0.0064,0.0092,-0.0028
train-3806,train,1,0,0.99619627,fp,source_label_wrong,0,"Kuch to sharam karo teri ghar mein bhi maa behen bhi hai, aisa unke bare mein bhi tu sochta hoga, isiliye tu ne post aisa kiya hai 😡😡😡",कुछ तो शर्म कर तेरे घर मे भी माँ बहन भी है ऐसा उनके बारे मे भी तू सोचता होगा इसी लिये तूने पोस्ट ऐसा किया है 😡😡😡,0.993,0.9582,0.0348
train-4062,train,1,0,0.6375087,fp,obfuscation,0,"Winston Churchill ne British PM the, Churchill ka statue ke saamne Gandhi ka baap ka statue lagaya hai. Kya yeh sach hai ki unhe Gandhi ke saath nanga fakiyr kehte the aur ab unki statue ke saamne Gandhi ka statue lagaya hai.",ब्रिटिश प्रधानमंत्री विंस्टन चर्चिल ने अध नंगा फकीर कहकर महात्मा गांधी का मजाक उड़ाया था. बड़ी बात है कि आज उन्हीं बापू की प्रतिमा चर्चिल की स्टैच्यू के बगल में लगाई गई है।,0.0243,0.0144,0.0099
train-4107,train,1,0,0.9561592,fp,source_label_wrong,0,Ab to gaya tota chor,अब तो गया टोटी चोर,0.9754,0.9974,-0.022
train-4139,train,0,1,0.018140256,fn,source_label_wrong,0,"😍🔥Let's go on, give and take, keep going, you're having a blast with me, you're having fun with me 🤓😆😜","😍🔥ले ते रहिए दे ते रहिए लेते-देते रहिए, आपसे ही मौज है_________ आपसे  है मस्ती 🤓😆😜",0.0107,0.008,0.0027
train-4339,train,1,0,0.982203,fp,false_positive_other,0,Ye paudhe ko paani denewale ladke ke bajaali ladki ke haath mein.,पौधे को पानी देनेवाले लडके के bajuwali ladki के हाथ में,0.0192,0.9607,-0.9415
train-4399,train,0,1,0.09007836,fn,benign_looking_insult,0,Ye wahi likhna hai jo usko bahut jyada chhoda chhoda.,पर इस वीडियो को वही लाइक करना जिसको बहुत ज्यादा चंदू चंदू,0.1141,0.9874,-0.8733
train-4484,train,0,1,0.11096127,fn,obfuscation,0,World mc thi hai rahegi 😂😂,दुनिया mc थी है रहेगी😂😂,0.9736,0.9493,0.0242
train-4576,train,0,1,0.009402787,fn,source_label_wrong,0,Here is the rewritten Hinglish line:,मेरे भैया की साली 👉 मेरी समधन 👈😊😀😂,0.0057,0.0092,-0.0035
train-4651,train,1,0,0.95806116,fp,false_positive_other,0,Ye ek rashm hoti hai jisme bhai chuda daltah hai aur ladki ko apni sadhi tk dekhna nai hota.,Ye ek रश्म होती है जिसमे भाई चुडा डालता है ओर लड़की को अपनी sadhi tk dekhna nai hota,0.0091,0.9991,-0.99
train-4757,train,0,1,0.4604727,fn,benign_looking_insult,1,Kya pata uska shav hai ya kisi aur ki khud bachne ke liye chal chala hoga,क्या पता उसका शव है या किसी और की ''' खुद बचने के लिए चाल चला होगा,0.0669,0.9628,-0.8958
train-4774,train,1,0,0.98906976,fp,source_label_wrong,0,Gandhari ki shapit hai saale.,गांधारी की श्रापित है साले,0.9583,0.9793,-0.021
train-4897,train,0,1,0.24658889,fn,benign_looking_insult,0,"Teruko dekhar kar hi khada ho jata hai, phir haath se maslaana padta hai.",तेरेको देखकर ही खडा हो जाता है फिर हात से मस्लना पडता है,0.9949,0.9785,0.0163
train-5073,train,0,1,0.08276096,fn,benign_looking_insult,0,"Shadi se pehle ya shadi ke baad bhi nahi karna chaahiye, shadi ho gaya kya?",शादी से पहले या शादी के बाद भी नही करना चाहिए शादी हो गया क्या,0.1336,0.9568,-0.8232
train-5090,train,1,0,0.9255204,fp,false_positive_other,0,"Ladko ko ladkiyaan chedti hai, ladkiyaan bhi kuchh kam nahi hai, ladko ko chedne ke maamle mein.",लडको को लडकीयां छेड़ती है लडकीयां भी कुछ कम नही है लडको को छेड़ने के मामले में,0.0069,0.9982,-0.9913
train-5164,train,1,0,0.7788612,fp,false_positive_other,0,"Aise dekha hai, pagal mat karo",ऐसे देखा है पागल मत करो,0.9699,0.9709,-0.001
train-5488,train,0,1,0.016248213,fn,source_label_wrong,0,"Karo na, thoda mujhe bhi dhyaan diya karie, bhaaye khali bhaiyo par dhyaan na dijiye.",थोड़ा मुझ पर भी ध्यान दिया करिए भावे खाली भाइयों पर ध्यान ना दीजिए,0.0177,0.6035,-0.5858
train-5565,train,0,1,0.08615296,fn,source_label_wrong,0,"Salman Khan bhai bol diya, gayi tu ab 🤣🤣🤣",सलमान खान भाई बोल दिया🤣🤣🤣गयी तू अब,0.0215,0.0277,-0.0062
train-5588,train,1,0,0.94764924,fp,false_positive_other,0,Ye yogiji haare to roti ke tukde ke liye bhi taras jaoge,योगीजी हारे तो रोटी के टुकड़े के लिए भी तरस जाओगे 🚩🚩🚩🚩,0.0182,0.9525,-0.9343
train-5627,train,1,0,0.94138825,fp,source_label_wrong,0,"Abey, Pakistan wale, apni dharati ke neeche permanent bomb to nahi phod liye, jaao 72 houri ke paas aapka swagat hai 😂😂😂",अबे कहीं पाकिस्तान वाले अपनी धरती के नीचे परमनु बम तो नहीं फोड़ लिए  जाओ 72 हूरो के पास आपका स्वागत है 😂😂😂,0.9639,0.9759,-0.012
train-5642,train,0,1,0.013081214,fn,source_label_wrong,0,Har-har yogi ghar-ghar yogi,हर-हर योगी घर-घर योगी,0.0084,0.093,-0.0847
train-5713,train,1,0,0.99645066,fp,false_positive_other,0,"Pehle sharam, ab gayab",पहले शर्म अब गायब,0.0079,0.3674,-0.3595
train-5749,train,1,0,0.5168323,fp,false_positive_other,1,Ye gazab smile hai,गज़ब स्माइल है,0.0049,0.0217,-0.0168
train-5788,train,0,1,0.13510656,fn,benign_looking_insult,0,"Ye ladkiyon ko bachpan se hi bade bade lena ki adat lag gayi hai, aap unki chinta na kare... 😜","जिन औरतों को बचपन से ही बडे बडे लेने की आदत लग गयी हो, आप उन की चिंता ना करे........ 😜",0.9722,0.9561,0.0161
train-5880,train,1,0,0.85381633,fp,false_positive_other,0,"😝😝 Ladkon ko koi mtlb nahi, h sala, chaahe school ka akhiri din ho ya, jindagi ka bss mauj lena te mtlb 🤦🤦✔✔✔✔😝😝😝",😝😝लड़कों को कोई मतलब नहीं h sala  चाहे स्कूल का आखिरी दिन हो या 😂😂 जिंदगी का 😂😂😂 bss मौज लेने te mtlb 🤦🤦✔✔✔✔😝😝😝,0.0137,0.9124,-0.8987
train-5907,train,1,0,0.70793986,fp,false_positive_other,0,"Ye video mast hai, gulab ka nasha sharab ka aaj to dikh rahi hai, par yeh nakab kis kaam ka!",मस्त है वीडियो फूल है गुलाब का नशा शराब का आज तो दिख रही है पर यह नकाब किस काम का,0.0054,0.9935,-0.9881
train-6197,train,1,0,0.9955848,fp,obfuscation,0,"Bro, ye kharch PM par he Narendra Modi ji par nahi, humne to yeh bhi pada he ke hamare desh ke phele PM ke kapde England dhulai ke liye jate the.",भाई  ये खर्च  प्रधानमंत्री  पर  हे  नरेंद्र मोदी  जी  पर  नहीं  हम ने  तो  यह  भी  पाड़ा  हे  के हमारे  देश  के  पहले पीएम  के  कपड़े  इंग्लेंड  धुलाई  के  लिए  जाते  थे,0.0109,0.9942,-0.9834
train-6208,train,0,1,0.4891846,fn,obfuscation,1,"Abh kamal bhi nahi khilenga, kyunki suwaro ne kichad mein itni uchhal kood aur lotma patti ki hai ki kamal khilne se rahega, agar khil bhi gaya to kamjor aur sugand ki jagah durgand dega! Isliye janta aur kisaanon ne kichad saaf karna ka man bana liya hai. Soor aur kamal dono gayab ho jayenge.","अब कमल भी नहीं खिलेगा, क्युंकि सुवरो ने  कीचड़ में इतनी उछल कूद और लोटम पाटी की है कि कमल खिलने से रहा, अगर खिल भी गया तो कमजोर और सुगंध की जगह दुर्गन्ध देगा! इसलिए जनता और किसानों ने कीचड़ साफ करने का मन बना लिया है । सूअर और कमल दोनो गायब हो जायेंगे ।।।",0.9974,0.9631,0.0344
train-6446,train,1,0,0.62604797,fp,false_positive_other,0,"Ye bari nice hai, pehli baar pura kapda pahna hai.",बैरी नाईस ह पहली बार पूरा कपड़ा पहना ह,0.0109,0.9716,-0.9607
train-6539,train,0,1,0.10510445,fn,benign_looking_insult,0,Pani maar li bhabs.,पानी मारल भाभी,0.9877,0.9742,0.0136
train-6587,train,1,0,0.9054611,fp,sarcasm,0,Election aayee hai to bharti nikal rahi hai. Chunaav khatam bharti radd 🤣🤣🤣,चुनाव आ गया है तो भर्ती निकल रही है ।। चुनाव खत्म भर्ती रद्द 🤣🤣🤣,0.0078,0.9594,-0.9515
train-6670,train,0,1,0.0243004,fn,benign_looking_insult,0,"School band karna hai sabhi cheeze band honi chahiye, majduri se lekar sare kaam.",स्कूल  बंद  करना है सभी चीजे बंद होनी चाहिए मजदूरी से लेकर सारे काम,0.1593,0.0697,0.0896
train-6810,train,0,1,0.35335615,fn,caste_religious,0,Chacha ji aaj kisanon pe aisa hua kahi kal BJP ke rally pe to kya karega.,चचा जी आज किसानों पे ऐसा हुआ कही कल बीजेपी के रैली पे हो तो क्या करो गे,0.9782,0.9927,-0.0145
train-6919,train,0,1,0.011437188,fn,source_label_wrong,0,You're as beautiful as your figure is!,जितनी खूबसूरत आप हो उतना ही खूबसूरत आपका figure bhi hai,0.0062,0.0165,-0.0103
train-7030,train,0,1,0.021400638,fn,source_label_wrong,0,Didi ji aapki clothes mujhe bahut hi acchi lagi hai,दीदी जी आप की कपड़े मुझे बहुत ही पसंद आये है,0.0143,0.0301,-0.0158
train-7095,train,0,1,0.01270114,fn,source_label_wrong,0,Ye toh hi accha andaza mein ye gaana popi Shonu ji 💛💜💚,वहूत ही अच्छा अन्दाज मे ये गाना पौपी शोनू जी 💛💜💚,0.0568,0.0163,0.0405
train-7114,train,1,0,0.9720899,fp,english_heavy_mix,0,"You wrote such a crap, why did you write like that in the video song.",फिर आपने ऐसा क्यों लिखा मारे वीडियो सॉन्ग,0.0049,0.976,-0.9711
train-7134,train,1,0,0.8603187,fp,false_positive_other,0,Post karne wale ki soch Taliban hai.,पोस्ट करने बाले की सोंच तालिबानी है ।,0.0054,0.7056,-0.7002
train-7195,train,1,0,0.9325481,fp,false_positive_other,0,Lek tu twenty at kudi da,लक ट्वेंटी एट कुड़ी दा,0.0051,0.9539,-0.9488
train-228,train,0,1,0.24640383,fn,benign_looking_insult,0,"Koi iska raat bhar ki rate batao, sally ko bohot garmi hai",कोई इस का रात भर की रेट बताओ साली को बोहोत गर्मी है,0.995,0.9652,0.0299
train-242,train,0,1,0.4644539,fn,benign_looking_insult,1,Isko death se badi saza milegi chaiye,इसको  मौत से बढ़कर सजा मिली चाहिए,0.9714,0.9567,0.0146
train-288,train,0,1,0.045019366,fn,sarcasm,0,"Kalapani ki saza hui thi Savarkar ji ko, 2 baar umar kaad hui thi unko 🙏🙏 namnam hai unko, itna bata do Ambedkar ne kya kiya 😂 azaadi ke liye kisi bhi andolan ya satyagrah mein nahi dikha","काला पानी की सजा हुई थी सावरकर जी को, 2 बार उम्र कैद हुई थी उनको 🙏🙏 नमन है उनको, इतना बता दे अम्बेडकर ने क्या किया 😂 आजादी के लिए किसी भी आंदोलन तथा, सत्याग्रह में नही दिखा",0.9983,0.8718,0.1265
train-767,train,0,1,0.114928715,fn,benign_looking_insult,0,"Kashi Ratti mereko 35% marks mila hai, merko doctor banne nahi hai, aapko to pata hai na ki kaise banthe hai aur tujhe free ration ka chawal mil raha hai na",Kashi Ratti मुझे 35% मार्क मिले है मुझे डॉक्टर बन ना है तुम्हे पता होगा ना कैसे बनते है और तुझे फ्री राशन का चावल मिल रहा है ना,0.9878,0.9968,-0.009
train-775,train,1,0,0.71261317,fp,false_positive_other,0,Hathi ghadha kutta billi char hai,हाथी गदहा कुत्ता बिल्ली चार है,0.0139,0.9942,-0.9803
train-796,train,0,1,0.49584278,fn,benign_looking_insult,1,Ladki nahi hai rakh le,लड़की नहीं है रखे ले,0.976,0.9713,0.0047
train-838,train,1,0,0.9830496,fp,source_label_wrong,0,"Kalyug me bejubaan janvaron ke wafadari ke itne kisse sunne dekhe me aarhe ke aisa dekho to soch se pare kyunki insaan to itna swarthi laalchi ghatiya ho chuka hai ke soch se bhi pare hai. Kahate hain pehle Ishwar insaan roop me aate the madad ke liye, aaj kalyug me bejubaan janvaron, pashu-pakshiyan ke andar ake madad ke liye apna ahsas pal-pal me karta hai ke main hun (Ishwar). Kalyug me chahe insaan kitna bhi ghamand kyu na kar le ke wahi bhagwan hai. Yahi ghamand Ravan, Kans jaise mahan ka todha tha. Yug kuch nahi hota, yug insaan apne laalch ke karan banata. Kutta ke roop me ake bacchi ke jan bachane ke liye Bhola Baba ka shukriya || Apni kripa banaye rakho || Har Har Mahadev",कलयुग में बेजुबान जानवरों के वफादारी के इतने किस्से सुनने देखने में आरहे की ऐसा देखो तो सोच से परे क्युकि इंसान तो इतना स्वार्थी लालची घटिया हो चुका है कि सोच से भी परे है । कहते है पहले ईश्वर इंसान रूप में आते थे मदद के लिए आज कलयुग में बेजुबान जानवरों पशु पक्षियों के अंदर मदद के लिए आकर अपना अहसास पल पल में करा देते है कि मैं हूं (ईश्वर) कलयूग में चाहे इंसान कितना भी घमण्ड़ क्यु न कर ले की वोही भगवान है। यही घमण्ड़ रावण कंस जैसे महान का भी तोड़ा था । युग कुछ नही होता युग इंसान अपने लालच के कारण बनाता । कुत्ते केरूप में आकर बच्ची की जान बचाने के लिए भोले बाबा का शुक्रिया ॥ अपनी कृपा बनाये रखना ॥ हर हर महादेव ॥ जय माँ गौरा ॥,0.9862,0.9868,-0.0006
train-855,train,0,1,0.17084984,fn,benign_looking_insult,0,"Duniya ka sabse kamjor aur harmekhor premi wahi jo apni premika par haath uthata hai, me us premi ko kutta samajhta hun",👉दुनिया का सबसे कमजोर और हरमखोर प्रेमी वही   जो अपनी प्रेमिका पर हाथ उठाता है  मे उस प्रेमी को कुत्ता समझता हू,0.999,0.9974,0.0015
train-877,train,1,0,0.5572564,fp,false_positive_other,1,"Doston... ek sainik ne kya kheecha hai... kisi gazre ki khushboo ko mahaktay chhod aaya hoon, meri nayni si chidiya ko chhahaktay chhod aaya hoon, mujhe ghatiya se apni tu lagale... O Bharat Ma, main apni ma ki baahon ko tarasatay chhod aaya hoon. - via bkb.ai/shayari","दोस्तों... एक सैनिक ने क्या खूब कहा है... किसी गजरे की खुशबू को महकता छोड़ आया हूँ, मेरी नन्ही सी चिड़िया को चहकता छोड़ आया हूँ, मुझे छाती से अपनी तू लगा लेना... ऐ भारत माँ, मैं अपनी माँ की बाहों को तरसता छोड़ आया हूँ।  - via bkb.ai/shayari",0.0049,0.9137,-0.9089
train-874,train,0,1,0.22787523,fn,benign_looking_insult,0,"India ke is har ke liye, sirf aur sirf Anushka Sharma ka shauher hai 😌😆😛👉 Maine kitab board se shikayat ki hai, isko jald delete karo warna ham aisay hi harate rehenge 😛😄😁😁😁😁","😎 इंडिया के इस हार का जिम्मेदार ,सिर्फ और सिर्फ  ऐ  अनुष्का शर्मा का  शौहर है  😌😆😛 👉 मैने कि्केट बोर्ड से  शिकायत कर दिया है  इसे जल्द हटाया जाए  वरना हम ऐसे ही हारते रहेंगें   😛😄😁😁😁😁",0.9011,0.8856,0.0154
train-971,train,0,1,0.041224144,fn,benign_looking_insult,0,Agar petrol lena nahi aata to car kyun lete ho,अगर पेट्रोल लेने की औकात नहीं है तो गाड़ी क्यों लेते हो,0.9976,0.9392,0.0584
train-1005,train,0,1,0.11586194,fn,source_label_wrong,0,Jungle mei Mangal program shuru ho gaya hai,जंगल में मंगल कार्यक्रम सुरू हो गया है,0.0308,0.0145,0.0163
train-1009,train,1,0,0.7225352,fp,false_positive_other,0,"Aasmaan jitna nila hai, surajmukhi jitna peela hai, paani jitna gila hai, aapka screw utna hi loose hai.","🤘🗣️👤🙋‍♂️🤦‍♂️   आसमान जितना नीला है,   सूरजमुखी जितना पीला है,   पानी जितना गीला है,   आपका स्क्रू उतना ही ढीला है।   🤘🗣️👤🙋‍♂️🤦‍♂️",0.0061,0.1011,-0.095
train-997,train,1,0,0.8253307,fp,obfuscation,0,"Aapka koti koti dhanyavad jo aapne apni jaan jokhim mein daal kar itni mahatvapurn information humein di. Is khabar ko sunkar pure dev-danav, sur-asur, gandharv, nag, nar-nari sab kritajñn maحسूs kar rahe hain. Agar aap aisa na karte to Brahma apni samadhi tod dete aur Shivaji tandav shuru kar dete. Sam purv prthvi par haahakar mach jata pralay a jata. Sabhi pashu-pakshi, ped-paudhe, agni mein jal kar bhasm ho jate parantu ab sab rahat maحسूs kar rahe hain. He mahanuni khbari Sri Narad aapne ye samachar dekar humein kritajñn kar diya. Hum sarri umar aur humari sat pedhiyan aapki aabhaar rihengi.","आपका कोटि कोटि धन्यवाद जो आपने अपनी  जान जोखिम में डाल कर इतनी महत्वपूर्ण सूचना हमें दी. इस ख़बर को सुनकर पूरे देव-दानव, सुर-असुर, गंधर्व, नाग, नर-नारी सभी कृतज्ञ महसूस कर रहें है. यदि आप ऐसा ना करते तो ब्रह्मा अपनी समाधि तोड़ देते और शिवजी तांडव  शुरू कर देते. संपूर्ण पृथ्वी पर हाहाकार मच जाता प्रलय आ जाता. सभी पशु-पक्षी, पेड़-पौधे, अग्नि में जलकर भस्म हो जाते परंतु अब सब राहत महसूस कर रहें है..हे महामुनि खबरी श्री नारद आपने ये समाचार देकर हमें कृतज्ञ कर दिया. हम सारी उम्र और हमारी सात पीढ़ियां आपकी आभारी रहेंगी ।",0.0051,0.9089,-0.9038
train-1035,train,1,0,0.92267877,fp,false_positive_other,0,Jaiseki ki ladki saadi ke baad pura apna zindagi chuka deti hai,जेसेकी की लड़की सादी के बाद पूरा अपना जिंदगी चूका देती है,0.0203,0.2548,-0.2344
train-1053,train,1,0,0.9467567,fp,false_positive_other,0,"Ek baar dancer, dunia ka char sabse aamir, kahan se bane UP ke school ka headmaster, arba pati kaise bane, uske saath uske beta, bahu, bhai, bhatija bhi arba pati bane kaise? Ek aisi mahila jo Kanshiram ke saath phati, purane chappele, mele kurte mein ghumti thi, ab arba pati kaise bani? Ek jiska ghar me sirf char bhains, ek ekdhar jameen thi, usi se uski padhai chal rahi thi, minister aur CM banne ke baad toh uski teen saal ki beti bhi crore ke vyaapar karta hai, aur wo bhi doodh ke, 25 bhains ke doodh ka vyaapar, ek mahine me 30 crore ka business. Mainne toh das-das bhains rakne wale logo ko dekha hai, unki roji-roti mushkil se chal rahi hai, toh kaise hua? Batana zaroor. Aur Modi ke kapde",एक बार डांसर दुनियाँ की चार सबसे अमीर कहा से बनी यूपी के स्कूल का हेडमास्टर अरबपति कैसे बना साथ मे उसका बेटा बहू भाई भतीजे भी अरबपति बन गये कैसे एक महिला जो कांशीराम के साथ फटी पुरानी चप्पल मैले कूचैले कपड़ों मे घूमती थी आज अरबपति कैसे बन गई एक जिसके घर केवल चार भैंस एक एकड़ जमीन थी उसी से उसका पढ़ाई चल रहा था मिनिस्टर और सीएम बनते ही वो छोड़ो उसका तीन वर्ष का बच्चा भी करोड़ों का व्यापार करने लगा वो भी दूध का  25भैंस का दूध का व्यापार महीने का 30करोड़ का कारोबार मैंने तो दस दस भैंस रखने वालों को देखा है उनकी रोजीरोटी मुश्किल से चल रही फिर कैसे हूआ  बता दो जरा  और मोदी के कपड़े लाखों के बनते है ये किसने बताया तुम्हें विदेश सैर सपाटे पर जाते है क्या मोदी,0.039,0.9962,-0.9571
train-1077,train,1,0,0.5076562,fp,false_positive_other,1,Main 21 saal ka hu aur ab tak kisi ladki se love nahi kiya. Isko pride maise karo ya chullu bhare paani mein doob maro.,🤔मैं 21 साल का हूँ और आज तक किसी लड़की से प्यार नहीं किया .  इसे गर्व महसूस करू या चुल्लू भर पानी में डूब मरू🙁🙄,0.0149,0.9249,-0.91
train-1086,train,0,1,0.02317021,fn,source_label_wrong,0,"Chai wale par ab bharosa nahi reh gaya beta, warna usne jehar bhi mix karke diya to pyar se pe lete",चाय वाले पर अब भरोसा नहीं रहा बेटा वरना चाय में जहर भी मिलाकर देता तो प्यार से पी लेता,0.0049,0.0174,-0.0126
train-1091,train,0,1,0.40809295,fn,benign_looking_insult,1,Sangita tum bhi apna aise hi hilaya kari,संगीता तुम भी अपना ऐसे ही हिलाया करी,0.9983,0.9708,0.0276
train-1068,train,1,0,0.92218137,fp,obfuscation,0,"Aapka koti koti dhanyavad jo aapne apni jaan jokhim mein daal kar itni mahatv purak information hume di hai. Is khabare ko sunkar pure brahmand me dev, daanav, sur, asur, gandharv, nag, kinnar, nar-nari sab kritajnya feel kar rahe hain. Yadi aap aisa nahi karte to devraj Indra ka simhasan hil jata, shri Vishnu keesarsagar me apni nidra se jag jate, Brahma ji apni samadhi todhkar chhodh dete aur Shiv tandav shuru kar dete. Sam purthvi par haahakaar mach jata, pralay aajata. Sabh parshu-pakshi ped-paudhe agni me jal kar bhasm ho jate. Parntu sab ab rahat feel kar rahe hain. He mahanuni khbari shri Narad aapne ye samachar dekar hume kritajnya kar diya hai. Hamari sato piyadiya apki aabhari re","आपका कोटि कोटि धन्यवाद जो आपने अपनी जान जोखिम में डालकर इतनी महत्वपूर्ण सूचना  हमे दी।इस खबर को सुनकर पूरे ब्रह्मांड में दिव्य ज्योति प्रज्ज्वलित हुई है। देव दानव सुर असुर गंधर्व नाग किन्नर नर नारी सभी कृतज्ञ महसूस कर रहे हैं।यदि आप ऐसा नहीं करते तो देवराज इंद्र का सिंहासन हिल जाता , श्री विष्णु  क्षीरसागर में अपनी निद्रा से जाग जाते, ब्रम्हा जी अपनी समाधि तोड़ देते और शिव तांडव शुरू कर देते। सम्पूर्ण पृथ्वी पर हाहाकार मच जाता, प्रलय आ जाती। सभी पशु पक्षी पेड़ पौधे  अग्नि में जलकर भस्म हो जाते। परंतु सभी अब राहत महसूस कर रहे हैं। ........ हे महामुनि खबरी श्री नारद आपने ये समाचार देकर हमे कृतज्ञ कर दिया । हमारी सातों पीढ़ियां  आपकी आभारी रहेंगी 🙏",0.0047,0.994,-0.9893
train-1096,train,1,0,0.9764167,fp,false_positive_other,0,"Child: Doodh pina se rang gora ho jata hai? Doctor: Haan, ho jata hai. Child: Jhoot, phir bhains ka baccha kyun kaala hota hai?","""बच्चा: दूध पीने से रंग गोरा होता है? डॉक्टर: हां, होता है। बच्चा: झूठ, फिर भैंस का बच्चा काला क्यों होता है?""",0.018,0.9558,-0.9379
train-1113,train,0,1,0.0134257795,fn,source_label_wrong,0,"Meri chain ban sab ujdhar gayi, zalaam nazar hatalo 😜😜😜","मेरा चैन बैन सब उजड़ा, ज़ालिम नजर हटा ले। 😜😜😜",0.021,0.0047,0.0164
train-1147,train,1,0,0.5869323,fp,false_positive_other,1,Ab kuch puchna ho to puch dalna lekin chori bhi mat karo aur daka bhi mat dalna,अब कुछ पूछना हो तो पूछ डालो लेकिन चोली भी मत करो और डाका भी मत डालो,0.0138,0.9963,-0.9825
train-1163,train,0,1,0.13544266,fn,benign_looking_insult,0,Kya body ke aapke,क्या बॉडी के आपके,0.9845,0.9632,0.0213
train-1213,train,0,1,0.062759236,fn,benign_looking_insult,0,"Ek baar hotel book kar ke dekh lo, result India ka achha milti hai",एक बार होटल बुक कर के देख लो रिजल्ट इंडिया का अच्छा मिलेगा,0.9557,0.9499,0.0058
train-1217,train,0,1,0.01892395,fn,source_label_wrong,0,"Pyar denge to woh adhoor hai, dil denge to tod dooge, jaan denge to chhod dooge, paise denge to kharab kar dooge, wafa karenge to be-wafa hi karooge, dua karenge to bad-dua dooge, muskurana denge to rona aayega. Isiliye aapko dhokha denge. Dhokha dena ke baad kuch seekh to jaao ki kisi se kuch nahi lena chahiye.",प्यार देंगे तो वह अधूरा है दिल देंगे तो तोड़ दोगे जान देंगे तो छोड़ दोगे पैसा देंगे तो खर्च कर दोगे वफा करेंगे तो बेवफा ही करोगे दुआ करेंगे तो बद्दुआ दोगे मुस्कान देंगे तो रोना आएगा इसीलिए आपको धोखा देंगे धोखा देने के बाद कुछ सीख तो जाओगे कि किसी से कुछ नहीं लेना चाहिए,0.0462,0.9967,-0.9504
train-1211,train,0,1,0.26193804,fn,benign_looking_insult,0,"Sahe baaat hai jab lockdown hua to hum bhi chalte chalte aaye, Ahmedabad se humko free me gadi aur ab border par ake Rajasthan wali gadiya jahan kam paisa lagta tha wahan unhone double paisa le rahe the. Narendra Modi sahe hai lekin ye beech me hai na sab woh galat hai.",सही बात है जब लॉक डाउन हुआ तो हम भी चलते चलते आएअहमदाबाद से हमें फ्री में गाड़ी और अब बॉर्डर पर आ कर राजस्थान वाली गाड़ियां जहां कम पैसे लगते थे वहां उन्होंने डबल पैसे ले रहे थे नरेंद्र मोदी सही है लेकिन यह बीच में है ना सब वह गलत है,0.9721,0.879,0.0931
train-1233,train,1,0,0.95236486,fp,false_positive_other,0,"Toh bade ka thikana nahi khaye ko, bade-bade chowk se marati hai",तो बड़े का ठिकाना नहीं खाए को बड़े-बड़े चौक से मारती है,0.0111,0.9975,-0.9864
train-1289,train,0,1,0.03279414,fn,source_label_wrong,0,Aisa kaun si cheez hai jo adha bhagwan ne bana diya na aur adha insaan ne 🤔🤔🤔,ऐसा कौन सा चीज है जो आधा भगवान ने बनाया ना इंसान ने 🤔🤔🤔,0.0916,0.9626,-0.8709
train-1326,train,1,0,0.9560565,fp,source_label_wrong,0,"Ghatiya quality ke virus hamare andar nahi the, nahi to hum bhi sun lete hain",घटिया क्वालिटी के वायरस हमारे अंदर नहीं थे नहीं तो हम भी सुन लेते हैं,0.9654,0.9615,0.0039
train-1373,train,1,0,0.82807237,fp,sarcasm,0,"😂😂 Aaj Corona ko pucha ""Tu sabke ghar aur sabki shadi mein jaata hai par tu chunav mein kyun nahi jaata?"" to woh be-sharm kehta hai ke ""Main abhi 18 saal ka kahan hua hoon...?"" 😂😂😷😷🤦🏼‍♀️🤦🏼‍♀️ Funny jokes Vivek","😷😷😂😂 आज कोरोना को पूछा ""तू सबके घर में और सबकी शादी में जाता है पर तू चुनाव में क्यों नहीं जाता"" तो बेशर्म कहता है कि  ""मैं अभी अठारह साल का कहाँ हुआ हूं...?""  😂😂😷😷🤦🏼‍♀️🤦🏼‍♀️  Funny jokes Vivek",0.1023,0.0366,0.0657
train-1391,train,0,1,0.02665738,fn,source_label_wrong,0,"Sun saavare, tere hi bharose meri naav re",🏵️सुन सांवरे🏵️ 🌼तेरे ही भरोसे मेरी नाव रे🌼,0.0069,0.0054,0.0015
train-1421,train,1,0,0.99021894,fp,source_label_wrong,0,"Wah sab toh thik hai, bhains ka khoonta bhi bacche ko lag sakta tha agar baccha bhains ke upar khade hone se gir jata. Age se beta aisa mat karna.",वह सब तो ठीक है भैंस का खूंटा भी बच्चे को लग सकता था अगर बच्चा भैंस के ऊपर खड़े होकर गिर जाता आगे से बेटा ऐसा मत करना,0.9055,0.9875,-0.0819
train-1489,train,0,1,0.4450519,fn,benign_looking_insult,1,Agar aapke paas kapde nahi hai toh bole meri paas kuch jyada hai,अगर आपके पास कपडे नही हे तो बोल मेरे पास कुछ ज्यादा हे,0.9826,0.9717,0.0109
train-1512,train,0,1,0.03999152,fn,source_label_wrong,0,"Aarkeshta wali hai 100%, in dono ka program bahut baar dekha hai maine",ए आर्केस्टा वाली है 100% मैं इन दोनों बहुत बार प्रोग्राम देखा हू,0.0234,0.0074,0.0159
train-1535,train,1,0,0.98911625,fp,source_label_wrong,0,Sherni ban jao taaki koi kutte ke kaatne le. Papa ki pari banne se achha hai ki papa ki sherni bana ke do,शेरनी बनो ताकि कोई कुत्ता के काटने ले पापा की परी बनने से अच्छा है कि पापा की शेरनी बना करो,0.9562,0.9746,-0.0184
train-1546,train,0,1,0.13933066,fn,source_label_wrong,0,"Aapko raat ko itna Indian na ho jaye aur apni sanskriti kabhi na bhoolna chahiye, apne maa-baap ka respect karna chahiye. Kaun kya keh raha hai us par humko kabhi dhyan nahi dena chahiye.",आप रात को इतना इंडियन थोड़ी और अपनी संस्कृति कभी नहीं भूलना चाहिए अपने माता-पिता का सम्मान करना चाहिए कौन क्या कह रहा है उस पर हमें ध्यान कभी नहीं देना चाहिए हमको,0.0071,0.0805,-0.0734
train-1568,train,0,1,0.075757094,fn,benign_looking_insult,0,Ab janwar bhi jute pehne lagaye kya,अब जानवर भी जूते पहनने लगे क्या,0.9827,0.9744,0.0083
train-1584,train,0,1,0.14237164,fn,benign_looking_insult,0,Galat hai agar kisi gareeb parivaar ko diya hota to. Iske badle woh aise insaan ko aas hai deta jo akal ke andhe hai,ग़लत है अगार किसी ग़रीब परीवार को दीया होता तो। इस्के ब्दले वों ऐंको आसीस देते अकल के आंधे है,0.9553,0.9698,-0.0146
train-1609,train,0,1,0.0139565505,fn,benign_looking_insult,0,"Aap batao ki kis se shadi karenge—ap jaise Star Kisan ke beta se ya naukari wale ya piyakad se. Aap jiski agree ho, hamre idar mil jayega, janeman, ok.",आप बताओ किससे शादी करोगे आप जैसे स्टार किसान के बेटे से या नौकरी वाले या पियकड से आप जिससे एग्री हो हमरे इदर मिल जायगा जानेमन ओके,0.9894,0.9549,0.0344
train-1610,train,0,1,0.0817484,fn,source_label_wrong,0,"Allah hu akbar ka matlab hai Allah mahan hai aur main mahan nahi hoon. Koi bolo ya na bolo, Allah mahan hi rehenga. Asal cheez is baat ki darayafat hai ki main mahan nahi hoon. - Insan ke sabse galat nazariya yeh hai ki wo khud ki tulna dusre insaan se karte hain. Phir kisi se khud ko jyada pa kar ghamond me mubtalaa hota hai to kisi se kam pa kar ehsas e kamteri me aur puri zindagi isee daur me jaya hoti hai khud ko mahan saabit karne me. Lekin jab apni tulna Allah se karo ge, tab paoge ki insaan har cheez ka mohataj hai aur kabhi mahan nahi ban sakta. Na khud se paida huye aur na apni maut rok sakate hain. To phir kis baat ka mahan? Hakikat yehi hai chahe zameen ho ya asmaan, hawa ho ya paani, isee","अल्लाह हू अकबर का मतलब है अल्लाह महान है और मैं महान नहीं हूं।  कोई बोले या ना बोले अल्लाह महान ही रहेगा। असल चीज इस बात की दरयाफ्त हैं कि मैं महान नहीं हूं । -  इंसानों का सबसे गलत नजरिया यह है कि वह खुद की तुलना दूसरे इंसान से करते हैं। फिर किसी से खुद को ज्यादा पाकर घमंड में मुब्तला होते हैं तो किसी से कम पाकर एहसास ए कमतरी में और पूरी जिंदगी इसी दौर में जाया हो जाती है खुद को महान साबित करने में।  लेकिन जब अपनी तुलना अल्लाह से करोगे, तब पाओगे कि इंसान हर चीज़ का मोहताज है और कभी महान नहीं बन सकता। ना खुद से पैदा हुए और ना अपनी मौत रोक सकते हैं। तो फिर किस बात का महान  हकीकत यही है चाहे ज़मीन हो या आसमान, हवा हो या - पानी इसी तरह कायनात की हर चीज अल्लाह की है । मैंने किसी चीज को नहीं बनाया जो जिंदगी के लिए जरूरी है। मैं खालिक नहीं मखलूक हूं, जो इंसान एक सांस लेने का मोहताज हो वह महान कैसे हो सकता है ?  'अल्लाह हू अकबर"" इस बात की गवाही है कि अल्लाह महान है और मैं महान नहीं हूं।",0.0667,0.0158,0.0509
train-1622,train,1,0,0.8485032,fp,false_positive_other,0,Itne bade bade,इतने बड़े बड़े,0.1365,0.9702,-0.8337
train-1685,train,0,1,0.20990862,fn,benign_looking_insult,0,"Saram karo behno,","सरम करो बहनों,,",0.9988,0.9858,0.013
train-1712,train,0,1,0.30761203,fn,benign_looking_insult,0,"Har baar tera video dekhte hai to yeh ehsaas hota hai ki tu Salman Khan ki tarah mar gayi hai, har waqt ro rahi hai, kisi gaane me bhi accha nahi hai, kisi romantic baat me bhi nahi aati, kya kya hua tera kisi ka mar gaya?",जब भी मैं तेरा वीडियो देखता हूं तुम मुझे ऐसा एहसास होता है कि तू एक में मरी हुई सलमान की तरीका है हमेशा रोती हुई नजर आती है कभी कोई गाना बढ़िया नहीं जाती ना कोई रोमांटिक बात करती ऐसा क्या है तेरा कोई मर गया है क्या,0.1454,0.0228,0.1226
train-1714,train,1,0,0.99107134,fp,source_label_wrong,0,Kutta haddi chhaat raha hai,कुत्ता हडी चबा रहा है,0.9207,0.0153,0.9053
train-1719,train,0,1,0.01137145,fn,source_label_wrong,0,"Very good dost, main aap ki video share karta hun, disease wali video share karo",वेरी गुड दोस्त मैं आप की वीडियो शेयर किया बीमारी वीडियो शेयर करें,0.0077,0.0098,-0.0021
train-1841,train,0,1,0.4462565,fn,benign_looking_insult,1,Muthiya marke video bana raha hai,मुठिया मारके वीडियो बना रहा है,0.9988,0.9961,0.0027
train-1875,train,0,1,0.010772813,fn,source_label_wrong,0,"Hello madam, sirf ek ke liye online hoon, aapko kya lagta hai aapke liye 👉🌷🥀👉",हेलो मैडम सिर्फ एक के लिए ऑनलाइन हूं आपको क्या लगता है आपके लिए 👉🌷🥀👉,0.0198,0.0051,0.0147
train-1890,train,0,1,0.46994364,fn,benign_looking_insult,1,"Vo aankh bohat pyari thi jo use ne hamen mar di thi... ham toh mukt mukte lutt gaye yaaron, hamen kahan pata tha ki unko baba ramdev wali beemari thi!!",😀😀😀😀वो आंख बड़ी ही प्यारी थी जो उसने हमें मारी थी. . . . . .😀😀 हम तो मुफ्त में ही लूट गए यारों हमें कहां पता था कि उनको बाबा रामदेव वाली बीमारी थी !! 😀😀😀😀😀😀,0.0154,0.5383,-0.5229
train-1936,train,0,1,0.37964943,fn,benign_looking_insult,0,Lat to door ki baat hai hum mohalla ki ek aurat ko appna pati ke gale pe char char thappad dekhe hue hain,लात तो दूर की बात हम मोहल्ला की एक औरत को अप्पन पति के गाल पे चार चार थप्पड़ लगाते देखे है,0.9918,0.8741,0.1177
train-1944,train,1,0,0.76001626,fp,false_positive_other,0,"Jali hue roti par bahut shor macha rahi ho aapne doston, ma ki jali hue ungliyan dekh lete to bhuk mit jata!","""जली हुई रोटियों पर बहुत शोर मचाया है आपने दोस्तों, माँ की जली हुई उंगलियाँ अगर देख लेते तो भूख मिट जाती !!""",0.7661,0.9385,-0.1725
train-1965,train,1,0,0.6427583,fp,false_positive_other,0,"ABCD aati nahi, madam ji padhata nahi, le lo pati le lo, madam ji ki pappi le lo",एबीसीडी आती नहीं मैडम जी पढ़ाती नहीं चाहे ले लो पति ले लो मैडम जी की पप्पी ले लो,0.0343,0.1317,-0.0974
train-1974,train,0,1,0.0733898,fn,sarcasm,0,"Tum bahut hansi ho, tooth tod denge tumhara 😂😂😂",तुम बहुत हंसती हो दांत तोड़ देंगे तुम्हारा 🤩🤩😂😂😂,0.9746,0.921,0.0536
train-1993,train,1,0,0.95682967,fp,obfuscation,0,Sawal ye nahi hai ki hijab aaj hai aur kal kyun nahi?? Sawal ye hai ki kyun is education ka ghar ko religion ka ghar banaya ja raha hai... Parda to gandi niyat se bachane ka tha... Pardesi kyun padhai se?,सवाल ये नहीं कि हिजाब आज है और कल क्यूँ नहीं??   सवाल ये है कि क्यूँ शिक्षा के घर को धर्म के घर में तब्दील किया जा रहा है..  पर्दा तो गंदी नियत से बचने को था.. पढ़ाई से पर्दा क्यूँ ??,0.0058,0.9895,-0.9836
train-2004,train,0,1,0.027079565,fn,benign_looking_insult,0,"Ankh na tod pagali, dil ko aram de. Main ko dekhna kyun hai, apne wale pe dhyan de.",आंखे ना फाड़ पगली        दिल को आराम दे  मुझे क्या देखती ही   अपने वाले पे ध्यान दे,0.2322,0.9934,-0.7612
train-2021,train,0,1,0.20126438,fn,sarcasm,0,Up chunav ke baad 10 inch raha jayega 😂😂😂😂😂,up चुनाव के बाद 10 इंच रह जाएगा 😂😂😂😂😂,0.9838,0.9086,0.0752
train-2028,train,0,1,0.17818032,fn,obfuscation,0,"Ai jooth hai, sab kucch nahi sochne wale nahi hota, negative baatein chutti hai",ऐ जूठ हे  सब  सडेल सोच वाले नहीं होते  नेगेटिव बातें चुभती है,0.9991,0.9991,-0.0
train-2048,train,0,1,0.35883924,fn,benign_looking_insult,0,"Shiksha free kardo, naukri do Modi ji, gareeb log bhuk se mar rahe hain. Aisa karo ki gareeb logo ka badha sake. Itni mahangai me to kabhi padh hi nahi sakte. Kaise sudhera Bharat aur gareeb ho ja raha hai. Sab kuch nahi ho sakta ab to gadi se chal raha hai gareeb ki halat me khane ke paisa nahi rehne wala hai tab to kaise chalega?",शिक्षा फ्री दीजिए नौकरी दीजिए मोदी जी गरीब लोग भूखे मर रहे हैं गरी ऐसा करिए गरीबों की आगे बढ़े इतनी महंगाई में तो कभी पढ़ नहीं सकते कैसे सुधरेगा भारत और गरीब हो जा रहे हैं सब कुछ नहीं हो सकता अब तो गाड़ी से चल रहा है गरीबों की हालत में खाना खाने की पैसा रहेगा तब ना,0.9555,0.983,-0.0275
train-2053,train,1,0,0.5585863,fp,false_positive_other,1,"Bhindy ki visa ko abhi Chhattisgarh mein bheja jaye, village Ambikapur ko jeetna padega. Bade zor wali bhindy hai. Nahi bhejoge to soch le.",भिंडी की वीजा को अभी छत्तीसगढ़ में भेजा जाए विलेजअंबिकापुर क्या जोरदार भिंडी है नहींभेजिएगा तो सोच लीजिए,0.0048,0.9739,-0.969
train-2059,train,1,0,0.80875164,fp,caste_religious,0,Babri Masjid ab bhi alive hai ahl-e-dil ke sienon me. Khabar tumhe bhi hai masjid ke pakad wale ko todne wale.,बाबरी मस्जिद आज भी ज़िंदा है अहले-दिल के सीनों में। ख़बर तुझे भी है मस्जिद के पैकर तोड़ने वाले।,0.0799,0.9774,-0.8974
train-2064,train,1,0,0.7137703,fp,obfuscation,0,"Kal maine road par pda kachra dustbin me daal diya, to do loge taaliyan bajane lage the… . . dil ko bahut accha laga… . baad me pata chala ki, sale tobacco ragar raha the… ? ? ? 😜 😜😜😜🤣🤣🤣🤣🤣🤣","कल मैंने रोड़ पर पड़ा कचरा डस्टबीन में डाला, तो दो लोग तालियाँ बजा रहे थे… . . दिल को बहुत अच्छा लगा… . बाद में पता चला कि, साले तंबाकू रगड़ रहे थे… ? ? ?😜 😜😜😜🤣🤣🤣🤣🤣🤣🤣",0.0161,0.0246,-0.0084
train-2083,train,0,1,0.014890184,fn,source_label_wrong,0,Hey 💘 Madame ji👌 aap paani 💦 paani 💦 ho jao 💞💞 dil 💜❤ kehne par reply zaroor karo 💞💞❤❤❤❤❤❤❤❤❤❤❤❤❤❤❤❤❤,हाय💘 मैडम जी👌 आप पानी💦 पानी💦 हो जावो💞💞 दिल💜❤ कहे तो रिपलाई जरूर💞💞❤❤❤❤❤❤❤❤❤❤❤❤❤❤❤❤❤❤,0.0053,0.0045,0.0008
train-2092,train,1,0,0.98729545,fp,false_positive_other,0,Hot girl sex karengi kya,Hot girl सेक्स करेंगी कया,0.0503,0.4261,-0.3759
train-2124,train,1,0,0.9610191,fp,false_positive_other,0,Bhag gaya kutta 😆,भाग गया कुत्ता 😆,0.7572,0.9718,-0.2146
train-2134,train,1,0,0.97127557,fp,false_positive_other,0,"Machli kachhua gha gha, kutte billi khargosh",माछली काछवा गघा कुत्ते बिल्ली खारगोश,0.0103,0.9944,-0.9841
train-2137,train,0,1,0.30983707,fn,benign_looking_insult,0,"Kapde kahan hain, laundey?",कपडे कहा हे,0.9791,0.9946,-0.0155
train-2152,train,0,1,0.015012398,fn,source_label_wrong,0,"Pyar sabko jeena sikhata hai, wafa ke naam par marne wala hai, pyar nahi kiya toh karke dekho yaaron, jaleem har dar se sikhata hai.","प्यार सभी को जीना सिखा देता है     वफा के नाम पर मरना सिखा देता है,    प्यार नहीं किया तो कर के देख लो यारों     जालिम हर दर्द सहना सिखा देता है..,",0.0045,0.009,-0.0045
train-2150,train,1,0,0.96671486,fp,false_positive_other,0,"Goli kya charan kamalon me chalaai jati hai, nauktanki baj, agar real ki goli chalti to ab tak 72 hooron ke chakkar lagaraha hota. Jai Hind Jai Bharat Vande Matram","गोली क्या चरण कमलों में चलाई जाती है, नौटंकी बाज, अगर रियल की गोली चलती तो अब तक 72 हूरों के चक्कर लगा रहा होता। जय हिन्द जय भारत वंदेमातरम",0.013,0.0992,-0.0862
train-2234,train,1,0,0.5861986,fp,false_positive_other,1,Video chadane se pahle video to dekh liya karo be kalu,विडियो चड़ाने से पेले विडियो तो देख लिया कर बे कालू,0.0091,0.9783,-0.9692
train-2232,train,0,1,0.30509982,fn,benign_looking_insult,0,Log toh aapko bhes kehte hain,लोग तोझे भेस कहते है,0.9678,0.9615,0.0063
train-2244,train,1,0,0.9781626,fp,source_label_wrong,0,"Asli baat khel ki nahi hai. Baat hai jo log Bharat ke haarnay par pataake chalake hain, unki niyat ki. Ki unhe apne desh se jada Pakistan se pyar hai. Yahin log agar Pakistan jayein ge to inko waha kutte bhi ghass nahi dalayega. Pakistan ke Muslim Bharat ke Muslimon ko kafir bolte hain. Phir bhi Bharat ke kuch logon ko Pakistan pyara hai. Agar hamari baat par yakin nahi hai to ek bar Pakistan jake dekho. Waha par tumhari kitni izzat hai pata chal jayega. Yaar si dhi si baat hai jo Bharat ke Muslimon ko samajh mein nahi aati hai. Bharat ke andar sabse jada Hindu hain. Kitne Hindu log aise hain jo Pakistan ke Hinduon ko apne ghar mein rakh sake? Kehne aur karne mein bahut fark hota hai. Bharat ke Muslimon ko samajhna chahiye ki jaisa bhi hai, apna des",असल बात खेल की नहीं है ।बात है जो लोग भारत के हारने पर पटाखे चला रहे हैं ।उनकी नीयत की ।कि उन्हे अपने देश से जायदा पाकिस्तान से प्यार हैं ।यही लोग अगर पाकिस्तान जायेंगे ।तो  इनको बहां कुत्ता भी घास नहीं डालेगा ।पाकिस्तान के मुस्लिम भारत के मुसलमानों को काफिर बोलते हैं ।फिर भी भारत के कुछ लोगों को पाकिस्तान प्यारा है ।अगर हमारी बात पर यकीन नहीं है ।तो एक बार पाकिस्तान जाकर देख लो ।बहां पर तुम्हारी कितनी ईज्जत है पता चल जायेगी । यार सीधी सी बात है जो भारत के मुसलमानों को समझ में नहीं आती है ।भारत के अन्दर सबसे जायदा हिन्दू हैं । कितने हिन्दू लोग ऐसे हैं ।जो कि पाकिस्तान के हिन्दुओं को अपने घर में रख सकते हैं । कहने और करने में बहुत फर्क होता है ।भारत के मुसलमानों को समझना चाहिए कि जैसा भी है ।अपना देश अपना घर अपना होता है । कोई किसी को खाने को नहीं देता आज कि दुनिया में । जो लोग अपना पेट नहीं भर पा रहे हैं ।वो तुमको किया देंगे ।उनका मकसद सिर्फ आप लोगों को लङाना हैं ।आपकी मदद् करना नहीं है ।जय हिंद जय भारत ।,0.976,0.9927,-0.0167
train-2291,train,0,1,0.20144032,fn,benign_looking_insult,0,"Aisi soch wale ko China jaye wala hai, waha hi rehna chahiye",ऐसी सोच वालो को चीन चले जाना चाहिये,0.9271,0.964,-0.0369
train-2311,train,1,0,0.9844194,fp,obfuscation,0,"Janma khud jaamdaar hai 😡😡😡😡😡😡, sarkar ko sakti ho na kya? Sardari pe chai pi kar cup fake do phir bole ki India me har jagah gandagi hai. Khud bin mask ke ghoomo phir bole sarkar ko sakti ho na. Jo kisi ne is problem ka solution dala to usko mere kothe kothe pranam, jai hind 🙏🏻",जनता खुद जिम्मेदार है 😡😡😡😡😡😡 सड़को पर चाय पी कर कप फेको फिर बोलो इंडिया में हर जगह गंदगी है खुद बिना मास्क के घूमो फिर बोलो सरकार को सख्त होना चाहिए जो कोई इस समस्या का समाधान कर दें उसे मेरा कोटि कोटि प्रणाम जयहिंद 🙏🏻,0.7405,0.9893,-0.2487
train-2329,train,0,1,0.21403545,fn,benign_looking_insult,0,Sare gali de ne wale yahan bhi preveha kar rahe hain,सारे गाली देने वाले यहां भी प्रेवेहा कर रहे हैं,0.9973,0.8566,0.1407
train-2332,train,0,1,0.35982862,fn,obfuscation,0,E tuhri chutti hai ki atom bomb h,ई तहर चूची ह की एटम बॉम ह,0.9991,0.9991,-0.0
train-2379,train,1,0,0.6665526,fp,false_positive_other,0,"Tumhe apneko bhi nahi pata, Modi ko badnam karne ke liye aadhi baat bata raha hai tu. Puri khabar batao. Sahi baat ye hai ki Khaadi ke deshon ne petrol ke daam badhane ke liye 12-13 desh milakar petrol export band kardia tha, band isliye kiya taki petrol ki jaroorat badhega. Or jab jaroorat badhega tab ye log manmarzi ke daam se petrol bechege. Isse America ne kaha ki hum log petrol hi na karege, or jo stock me hai us petrol ko kam me leenge, taki jab hum khud hi na karege to un deshon ko petrol ke daam apne aap hi giraane padenge. America ne Bharat se baat ki tab Bharat bhi America ke saath khaadi gaya, Japan, China sab desh milakar petrol karege na band kardia, isse un deshon ko petrol ke daam girane padenge. Un ko sabak sikhane ke liye ye sab ki","तुम्ह खुद को भी नहीं पता, मोदी को बदनाम करने के लिये आधी बात बता रहे हो। पूरी खबर बताओ। सही बात यह है कि खाड़ी के देशों ने तेल की कीमतें बढ़ाने के लिए 12-13 देश मिलकर तेल निर्यात करना बंद कर दिया था, बंद इसलिये किया ताकि तेल की जरूरत बढ़ेगी। ओर जब जरूरत बढ़ेगी तब यह लोग मनमर्जी के भाव से तेल बेचेंगे। इससे अमेरिका ने कहा कि हम लोग तेल खरीदेंगे भी नहीं, ओर जो स्टॉक में है उस तेल को काम में लेंगे, ताकि जब हम खुद खरीदेंगे ही नहीं तो उन देशों को तेल के भाव अपने आप ही घटाने पड़ेंगे। अमेरिका ने भारत से बात की तब भारत भी अमेरिका के साथ खड़ा हो गया, जापान , चाइना सब देश मिलकर तेल खरीदना बन्द कर दिया , इससे उन देशों को तेल के भाव गिराने पड़ेंगे। उन को सबक सिखाने के लिये यह सब किया है। अमेरिका , जापान, चाइना आदि सब देश अपने भण्डार से यानी जो तेल स्टॉक में है उसे यूज करेंगे। पहले पूरा समझा कर फिर बाहर खबर दो, ऐसे ही अफवाहें मत फैलाओ।",0.0133,0.9589,-0.9455
train-2394,train,0,1,0.49528623,fn,benign_looking_insult,1,"Hame toh anpadh, hame nahi aati, aap batado",हम तो अनपढ़ हमको नहीं आती आप बता दो,0.9724,0.9898,-0.0174
train-2437,train,0,1,0.044814967,fn,benign_looking_insult,0,Jab mukhiya pke hai to chela bhi pke aayega,जब मुखिया पकड़ में है तो चेला भी पकड़ में आ आ जायेगा,0.9785,0.8777,0.1008
train-2424,train,0,1,0.01879603,fn,benign_looking_insult,0,Sab kuchh dekh lo kareeb chuke hai,सब कुछ ढीला कर चुकी है,0.9922,0.9796,0.0126
train-2469,train,1,0,0.5453313,fp,sarcasm,1,"Wah kya jamun hai, muh mei paani a gaya",वाह क्या जामुन है मुंह में पानी आ गया,0.014,0.0182,-0.0041
train-2471,train,0,1,0.42103422,fn,benign_looking_insult,1,Beta tumhare kapde pehne ki zaroorat hee nahi hai 😄😄😄😄😄😄😄😄,बेटा तुझे तो कपड़े पहने की आवश्यकता ही नहीं है 😀😀😀😀😀😀😀😀,0.9847,0.9225,0.0622
train-2526,train,0,1,0.06685853,fn,sarcasm,0,Sali sutni jaisa mat vaisi chhoch 😭🤣,साली सुतनी जैसा मत वैसी छोच 😭🤣,0.9959,0.9316,0.0644
train-2561,train,0,1,0.08360663,fn,source_label_wrong,0,"Pyar ke naam par tumne mere saath kya kiya, apne lips se mere lips chati, gale se mila aur itna kuch karne ke baad bhi tumne mujhe dhokha diya, meri ID block ki. Mera time barbaad ki 3 saal pyar ke naam par dhokha kiya ho aur kahati ho main tumhara kidar nahi karta. 2 mahine se jane kitne se madad mangi humne ki, koi to tumko samajh sakta hai par tum kisi ki nahi samajhi 😭😭😭😭💔 Mere saath itna kuch karne ke baad bhi mujhe chodh diya, (ab block kardo to mujhe pata hai) par yaad rakhna ne####h₹₹ madam samay ke saath gurur bhi dhal jata hai aur","प्यार के नाम पर तुमने मेरे साथ kis kiya apne lip se mera lip chati  गले से मिली और इतना कुछ करने के बावजूद भी तुमने मुझे धोखा दिया मेरी id ब्लॉक की  ।  मेरा टाइम बर्बाद की 3 साल प्यार के नाम पर धोखा की हो और कहती हो मैं तुम्हारी कदर नही करता । 2 महीने से जाने कितनों से मदद मांगी हमने की कोई तो तुमको समझा सकता है पर तुम किसी की नही समझी  😭😭😭😭💔 मेरे साथ इतना कुछ करने के बाद भी मुझे छोड़ दिया ,(अब ब्लॉक कर दोगी मुझे पता है)  पर याद रखना ने####ह₹₹ मैडम समय के साथ गुरुर भी ढल जाता है  और",0.0132,0.9783,-0.9651
train-2617,train,1,0,0.5710295,fp,false_positive_other,1,Yogi ji ayenge tab sab doodh ka doodh pani ka pani kar denge,योगी जी आयेंगे तब सब दूध का दूध पानी का पानी कर देंगे,0.1105,0.0274,0.0831
train-2652,train,1,0,0.95750266,fp,false_positive_other,0,"Bindiya chamkegi, chudi khonkegi",बिंदिया चमकेगी चुडी खणकेगी,0.0073,0.9992,-0.9918
train-2654,train,1,0,0.8587148,fp,obfuscation,0,"Santa - Mere saas ko kutte ne kaat liya. Banta - Ye to bahut badha hua. Santa - Haan, bechara kutta tadpa-tadpa ke mar gaya. 😁😁😁😁😀😛","संता- मेरी सास को कुत्ते ने काट लिया।  बंता- ये तो बहुत बुरा हुआ।  संता- हां, बेचारा कुत्ता तड़प-तड़प कर मर गया।😁😁😁😁😀😛",0.0281,0.9591,-0.931
train-2665,train,1,0,0.9834592,fp,false_positive_other,0,Kutte ki paas par,कुत्ते की पूछ पर,0.0122,0.9595,-0.9472
train-2698,train,1,0,0.9327924,fp,false_positive_other,0,Abe chai bhi karne wala tha to khud to chai pi le,अबे चाय के भी करना था तो खुद तो चाय पी ले,0.0051,0.9922,-0.9871
train-2704,train,0,1,0.05011395,fn,source_label_wrong,0,"Aapko to maza a raha hai, hum kya kareinge, dil jalta hai mera",आपको तो मजा आ रहा है हम क्या करेंगे दिल जलता है मेरा,0.0114,0.0214,-0.01
train-2717,train,1,0,0.99254614,fp,false_positive_other,0,"Sala pura saal ka tyohar hai, celebrate karo phir bhi humko patake chhadane do. Jai Shri Ram",साल भर का त्योहार है सेलीब्रेट कर लेने दो  हमे पटाखे फोड लेने दो । जय श्री राम,0.0058,0.9974,-0.9916
train-2719,train,1,0,0.98745793,fp,caste_religious,0,Ye hi IT cell wale BJP log gumrah kar rahe the ki Pakistan ka hai ko dhanki de raha hai aur pakda gaya. Apne he desh ke ye chintu BJP ke log jo padhe likhe log inke baaton me ake apna he career barbad karne par tulay hain 😏😡,यही आईटी सेल वालें BJP  लोग गुमराह कर रहे थे की पाकिस्तान का है को धमकी दे रहा हैं और पकड़ा कहा गया अपने ही देश के ये चिंटू BJP ke लोग जो पढ़े लिखे लोग इनके बातो में आके अपना ही कैरियर बरबाद करने पर तुले हैं 😏😡,0.0261,0.9836,-0.9575
train-2797,train,1,0,0.92736757,fp,sarcasm,0,Ye Moti ji ka face jaise dikha hai 😂😂,ये मोती जी का चेहरा सा दिख रहा हे😂😂,0.0095,0.9947,-0.9853
train-2838,train,0,1,0.011620401,fn,benign_looking_insult,0,Aapka hoth bahut red hai,आप का होठ बहुत लाल है,0.1224,0.0055,0.1168
train-2896,train,0,1,0.4921242,fn,benign_looking_insult,1,Godi media ki anchor bejhati ka gold medal leke laut rahi hai,बेज्जती का गोल्ड मेडल लेके लौटी है गोदी मीडिया की एंकर,0.0117,0.0048,0.0069
train-2895,train,0,1,0.25934127,fn,benign_looking_insult,0,"Yahan kiski #majal hai jo ched de ched de, girdish mein to #kutte bhi sher ko gher lete hain, ched de ched de,!!!","यहाँ किसकी #मज़ाल है जो छेड़े दिलेर को ,., गर्दिश में तो #कुत्ते भी घेर लेते हैं शेर को ,.,.,!!!",0.934,0.9704,-0.0364
train-2917,train,1,0,0.8150196,fp,obfuscation,0,"Ek pagal khaane mein sab pagal naache the. Ek pagal khamaas betha tha. Doctor ne pucha, ""Tum khamaas kyun betha ho?"" Pagal ne kaha, ""Bewakoof, main dula hai.","एक पागल खाने में सभी पागल नाच रहे थे। एक पागल खामोश बैठा था। डॉक्टर ने पूछा,""""तुम खामोश क्यों बैठे हो?"""" पागल ने कहा,""""बेवकूफ़, मैं दूल्हा हूँ।""""""",0.303,0.0451,0.2579
train-2927,train,1,0,0.9245613,fp,obfuscation,0,"Ek bhi IPL final 10 saal me kabhi nahi jeeta aur kaptaani chahata hai. Iske coach, iske saathi, iske fan sab sale ghambhadi hai jo iske baare me kaptaani chahate hain.",एक भी आईपीएल फाइनल 10 साल में कभी नहीं जीता और कप्तानी चाहता है इसके कोच इसके साथी इसके फैन सब साले घमंडी हैं जो इसके बारे में कप्तानी चाहते हैं,0.6027,0.9531,-0.3504
train-2967,train,1,0,0.9920067,fp,false_positive_other,0,Sale sale sale,सेल सेल सेल,0.0055,0.9929,-0.9874
train-3039,train,0,1,0.26418367,fn,benign_looking_insult,0,Niche banana seat karke rakhte to kitna accha hota 😳😳😳🥺🥺🥺 🤔🤔🤔,नीचे 🍌 सैट करके रखते तो कितना अच्छा होता 😳😳😳🥺🥺🥺 🤔🤔🤔,0.9705,0.8482,0.1223
train-3071,train,0,1,0.0419334,fn,benign_looking_insult,0,Pela hi hai to meri saath do,पेलना ही है तो मेरा साथ दो,0.9935,0.9551,0.0384
train-3079,train,1,0,0.9969639,fp,source_label_wrong,0,"Yogi adityanath nahi ayega UP me, sala harami hai",योगी आदित्यनाथ नही आयेगा up मे साला harami hai,0.9971,0.9924,0.0047
train-3095,train,0,1,0.015105197,fn,source_label_wrong,0,"Dosthi ki nahi si paribhasha, main shabd, tum arth, tum bin main vyarth!","""दोस्ती की नन्ही सी परिभाषा, मैं शब्द, तुम अर्थ,              तुम बिन मैं व्यर्थ !!""",0.0116,0.0175,-0.0059
train-3111,train,0,1,0.2975251,fn,benign_looking_insult,0,Aapne 70 saal me kya fraud kiye 😁,आपने 70 साल में क्या किये घोटाले 😀,0.9669,0.9574,0.0095
train-3116,train,1,0,0.9854643,fp,false_positive_other,0,Tumhe bhandaray ko khaaye jaane ka kya matlab hai?,म्हणजे तुम्ही भांडाऱ्याला खायला जाता म्हणायचं,0.0089,0.9094,-0.9006
train-3141,train,0,1,0.09570665,fn,source_label_wrong,0,Kahan se utha ke laate ho yese logon ko yaal 🙄🙄🙄🙄🙄🙄🙄🙄,कहा कहा से उठा के लाते हो यैसे लोगों को याल 🙄🙄🙄🙄🙄🙄🙄🙄,0.0237,0.043,-0.0193
train-3150,train,0,1,0.051163673,fn,benign_looking_insult,0,"Doodh pilaooge mere ko, dil laga raha hai 😜💋💋💋💋",दूध पिलाओगे मुझे मन कर रहा है😜💋💋💋💋,0.9457,0.9881,-0.0424
train-3216,train,1,0,0.64618975,fp,false_positive_other,0,"Sab bakwas hai, nee khane wale to isse jyada overacting karte hai",सब बकवास है नी खाने वाले तो इससे ज्यादा ओवर एक्टिंग करते है,0.9794,0.0301,0.9493
train-3219,train,0,1,0.018582158,fn,source_label_wrong,0,"Abke time me pyar bole to hawas hai, aur kuch logo ko meri ye baat mirch lag jayega",आज के टाइम में प्यार बोले तो हवस है। और कुछ लोगो को मेरी यह बात मिर्च लग जाएगा। 🤷🤷🤷🤷,0.0155,0.0091,0.0065
train-3243,train,0,1,0.08017183,fn,source_label_wrong,0,Ek ne agle se dali aur dusra piche se dali...,एक ने आगे से डाली और दूशरा पिचे से डाली....,0.0175,0.9659,-0.9484
train-3231,train,0,1,0.18253309,fn,sarcasm,0,"Aapke fufty ke ghar 😂😂😂, kyunki wahan delivery hony wali hai 😂😂,,,,,,,,,,,,,, Just mazaking","आपके फूफी के घर 🤣🤣 🤣🤣🤣क्यों कि वहाँ पर डिलेवेरी होनी है🤣🤣   ,,,,,,,,,,,,,,,Just mazaking",0.9974,0.9692,0.0283
train-3262,train,1,0,0.8022332,fp,false_positive_other,0,Bola saalonke madam,बोला सालुंके माडम,0.0153,0.9926,-0.9774
train-3307,train,1,0,0.8963273,fp,false_positive_other,0,"Rah chalte hai pagal banate hai dost, cold drink ke naam se daru pilaate hai dost. Kitne bhi kamine par kam pade to sabse age rehate hai dost.","राह #चलते है पागल 🚶‍♂️बनते है दोस्त ,# cold drink बोल के      दारू🥃 पिलाते है दोस्त  कितने भी #कमीने😉 पर    काम पड़ने पर सबसे आगे      👉रहते है दोस्त👈👈",0.0046,0.692,-0.6874
train-3319,train,1,0,0.9972356,fp,source_label_wrong,0,Sale ji toppi utar do,साले जी टोपी उतार दे,0.9976,0.9984,-0.0008
train-3342,train,1,0,0.9603392,fp,false_positive_other,0,Kudi no be saza mile chai diye,कुड़ी नो बी सजा मिलनी चाहे दिए,0.0055,0.9691,-0.9636
train-3399,train,0,1,0.022535881,fn,source_label_wrong,0,"Humne aapki ye video share kiya, aap bhi mar gaye to share jaroor karein",हमने आपकी यह वीडियो शेयर किया आप भी मर गए तो शेयर जरूर करें,0.0398,0.0139,0.0259
train-3403,train,1,0,0.5594469,fp,sarcasm,1,"Tum sing marati gayiya si, main konay me dubka bale priye. Main sidha sadha people ka ped sa, tum us par latki chudail priye. 🤣🤣🤣",तुम सींग मारती गईया सी  में कोने मै दुबका बैल प्रिये। में सीधा साधा पीपल का पेड़ सा तुम उस पर लटकी चुड़ैल प्रिये।।🤣🤣🤣,0.0214,0.9909,-0.9695
train-3429,train,1,0,0.9575828,fp,false_positive_other,0,Ye to wahi baat hui ki kuttay sher ko shikar karna sikhaye hue hain,ये तो वही बात हुई कि कुत्ते शेर को शिकार करना सिखा रहे हैं,0.0653,0.9895,-0.9242
train-3441,train,0,1,0.022108248,fn,source_label_wrong,0,"Aap bahut sexy ho, aapki friend bhi a sakti hai",आप बहुत सेक्सी हो आपकी फ्रेंड आ सकता है,0.0427,0.0077,0.035
train-3435,train,0,1,0.46572605,fn,benign_looking_insult,1,Bhai kya is zamane me is tara ka dushta hai. Is zamane me accha shakal accha kapda aur shuharat aur rupya sab jaankaar dushtiti hoti hai.,भाइ किया इन जमाने में इश तरा का दुशत  हे इन जमाने में अछा शक्ल अछा कपड़े और शूहरत और रुपया शब जानकार दुशती हुती हे,0.9957,0.9356,0.0602
train-3451,train,0,1,0.011816823,fn,source_label_wrong,0,Jay ho Murali wale🙏🏾🙏🏾,जय हो मुरलीवाले🙏🏾🙏🏾,0.0048,0.0052,-0.0004
train-3454,train,1,0,0.6904606,fp,false_positive_other,0,Bhai ke number pe chala lo,भाई के नम्बरी पर कर चालू,0.0129,0.0442,-0.0313
train-3461,train,0,1,0.051208463,fn,source_label_wrong,0,Ek gaon ki baby srpanch ka chunav isliye jeet gayi kyunki use gaon walo se kaha tha agar aap logo ko adhi raat mein meri jaroorat padegi to main tyar rehungi,एक गांव की बाबी🙍🙍🙍 स्रपंच का 🥰💖💖🥰🤪🤪 चुनाऊ इस 🤗🤗🤗🤗🤗लिए जीत घी क्युकी उसने गांव 👳👳👳👳👳वालो से कहा था अगर आप लोगो को आधी रात को मेरी जरूर पड़ेगी तो में त्यार रहूंगी😛😛😛😛😛,0.0047,0.0331,-0.0283
train-3453,train,1,0,0.9711539,fp,false_positive_other,0,"Dakait ke saath dooge to aise hi ghata hoga bhain, kisanon ke haath katwa diye hai is dakait ne aur apni tijori bhari, aur bahut se uske saath jo dalaal betha unhone bhi apni tijori bhari. Meri samajh me ye nahi aata, poora saal betha rehte ho pehle to khet me kaam kar ke mar jate the, poora saal betha rehte ho to unka ghar kaise chala. Ek sochni wali baat hai — lakhon crore ki jamin hai, sarkar se madad leni ho to ek garib kisan ban jate hai, dadaagiri dikhaani ho to jamidar ban jate hai. Takraibana Haryana ke gane dekho, sare jamidar hi bana rehte hai — ek se ek paisa wala hai, ikka-dukkka koi garib hai, kismat ka mara.",डकैत का साथ दोगे तो ऐसे ही घाटा होगा भाई किसानों के हाथ कटवा दिए हैं इस डकैत ने और अपनी तिजोरिया भरली और बहुत से उसके साथ जो दलाल बैठे उन्होंने भी अपनी तिजोरिया भरली मेरी समझ में यह नहीं आता पूरा साल बैठे रहे पहले तो खेत में काम कर कर के मर जाते थे पूरा साली ऐसे बैठे रहे तो उनका घर कैसे चला एक सोचने वाली बात है लाखों करोड़ों की जमीन है सरकार से मदद लेनी हो तो एक गरीब किसान बन जाते हैं दादागिरी दिखानी हो तो जमीदार बन जाते हैं तकरीबन हरियाणा के गाने देख लो सारे जमीदार ही बना रहे हैं एक से एक पैसे वाला है इक्का-दुक्का कोई गरीब है किस्मत का मारा,0.0278,0.998,-0.9702
train-3471,train,1,0,0.74282193,fp,false_positive_other,0,Laxmi ji aur Saraswati ji ko bolne mei shame nahi a rahi hai kya aapko?,लक्ष्मी जी और सरस्वती जी बोलने में शर्म आ रही है क्या आपको,0.0046,0.0221,-0.0175
train-3521,train,0,1,0.017640695,fn,source_label_wrong,0,"Jo paani se naye ga wo sirf libas badal sakta hai, lekin jo paseene se naye ga wo itihas badal sakta hai..!!","जो पानी से नहाएगा वो सिर्फ लिबास बदल सकता है, लेकिन जो पसीने से नहाएगा वो इतिहास बदल सकता है..!!",0.0435,0.0236,0.0198
train-3527,train,1,0,0.9900889,fp,false_positive_other,0,Chacha ke pita hoeye dada aur dada ka beta papa aur papa ki patni maan aur maan ki maan kya hui,चाचा के पिता होए दादा और दादा का बेटा पापा और पापा की पत्नी मां और मां की मां क्या हुई,0.0167,0.9987,-0.982
train-3562,train,1,0,0.9511779,fp,source_label_wrong,0,"Pagal hai, bandar ko ande khaane ke liye deta jaa raha hai",पागल है बंदर को अंडे खिला रहा है,0.9695,0.9952,-0.0257
train-3576,train,0,1,0.25630736,fn,benign_looking_insult,0,"Mobile ek bar badal gaya, dress to 6 bar badal gaye",मोबाइल एक इस बार बदल गया ड्रेस तो 6 बार बदल गए,0.1788,0.061,0.1178
train-3566,train,1,0,0.9496996,fp,obfuscation,0,"Koi mane ya na mane, sach to ye he ki wo wrestler thi aur isi ki wajah se log usse jalte the. Ye koi wrestler ka kaam hai. Is duniya me agar kuch na kar paao to log kahate sale nikamma hai, aur jab kuch bada hasil kar lo na to tab bhi log jaltay hai sale. Sale Nisha ek bhaartiya beti thi aur uski is mukam ki wajah se me prerit hu aur mujhe garb hai. Lekin jisne iska kiya hai us par sarkar ko action lena chahiye agar pata ho to aur nahe pata hai to pata lagaya jaye. Ye uske pure parivaar ko nishan banaya gaya hai. Ye kya adalat hai?",कोई माने या न माने सच तो यही है कि ओ रेशलर थी और इसी की वजह से लोग उससे जलते थे ये कोई रेशलर का काम है इस दुनिया में अगर कुछ न कर पाओ तो लोग कहते साले निकम्मा है और जब कुछ बड़ा हासिल करो न तो तब भी लोग जलते है साले निशा एक भारतीय बेटी थी और उसके इस मुकाम की वजह से में प्रेरित हु और मुझे गर्ब है लेकिन जिसने इसा किया है उस पर सरकार को एक्सन लेना चाहिए अगर पता हो तो और नही पता है तो पता लगाया जाए ये उसके पूरे परिवार को निसान बनाया गया है ये कहा कि न्याय है,0.0182,0.9448,-0.9266
train-3585,train,0,1,0.15877615,fn,benign_looking_insult,0,"Bhabhi ji itna jhatka mat lagao, kamar mein nice very nice",भाभी जी इतना झटका मत लगाओ कमर में नाइस वेरी नाइस,0.9855,0.9979,-0.0124
train-3598,train,0,1,0.10966677,fn,benign_looking_insult,0,Chacha ji ka bhi dekh leti,चाचा जी का भि  देख लेती,0.984,0.9855,-0.0015
train-3609,train,1,0,0.9826582,fp,obfuscation,0,"Ab lagta hai Rahul Gandhi ka sapna poora ho jayega, isha se aloo aur udhar se sona niklega",अब लगता है कि राहुल गांधी का सपना पूरा हो जाएगा इधर से आलू और उधर से सोना निकलेगा,0.0145,0.0617,-0.0472
train-3642,train,0,1,0.2023854,fn,benign_looking_insult,0,"Main maraonga, mar jao ge",मारूंगा मर जाओगे,0.9959,0.9885,0.0074
train-3638,train,0,1,0.21050356,fn,sarcasm,0,Main jute chori karoonga jija ka 🤣🤣🤣🤣🤣🤣,मैं जूता चोरी करुँगी जीजा का 🤣🤣🤣🤣🤣🤣,0.354,0.9673,-0.6133
train-3776,train,0,1,0.14372629,fn,benign_looking_insult,0,Kapde nahi hain kya aur?,कपड़े नही है क्या और,0.9815,0.9648,0.0166
train-3784,train,1,0,0.82398635,fp,sarcasm,0,Agar doodh me taqat hoti 😄 to doodh ke daat kabhi nafrat na hoti 🤣🤣🤣,अगर दूध मे ताकत होती 😄 तो दूध के दात कभी नही टूटते 🤣🤣🤣,0.1872,0.1456,0.0415
train-3790,train,0,1,0.11396058,fn,benign_looking_insult,0,"Aaj kal maan-bap ko koi nahi dekhta, paisa ho jaaye toh VV ko khush karte hain, maan-bap ne kya kiya hai",आज कल मां  बाप को कोई नहीं देखता है पैसा होने पर वीवी को खुश करतै हैं मां वाप नै कया किया है,0.9805,0.997,-0.0165
train-3823,train,0,1,0.041278552,fn,benign_looking_insult,0,"Apni gali apne paas rakho, humko bhi bahot aati hai.",अपनी गाली अपने पास रखिए।  हमें भी बहोत आती है।,0.9727,0.9702,0.0026
train-3863,train,1,0,0.858026,fp,false_positive_other,0,"Puri var lakkh nahi, dusro kya?",पोरी वर लक्ष नाही दुसरं काय,0.0103,0.9962,-0.986
train-3890,train,1,0,0.7275473,fp,sarcasm,0,"Main to kachre ko hi gadi ke tank me daal dunga, na rhega bans na chalegi gadi car 😂😂😂👈",मैं तो कचरे को ही गाड़ी🚗🚘 कि टंकी में डाल दुंगा ना रहेगा बाँस और ना चलेगी गाड़ी🚗 🤣🤣🤣👈,0.011,0.8782,-0.8672
train-3895,train,1,0,0.96768814,fp,false_positive_other,0,"Pehle Dalit par atyachar hota tha, Muslims chup rehte the, ab Muslims par atyachar ho raha hai, Dalit chup hai—Tripura danga",पहले दलितो पर अत्याचार होता था मुसलमान चुप रहते थे अब मुसलमानो पर अत्याचार हो रहा है दलित चुप है-त्रिपुरा दंगा,0.0126,0.9333,-0.9207
train-3891,train,1,0,0.7356652,fp,caste_religious,0,"Main to ye samajh nahi aata, ki agar tum log achhe ho to beina gathbandhan ke chunav kyun nahi ladao? Gathbandhan ki jaroorat kyun hoti hai? BJP ek aisi sarkar hai jo ki kisi gathbandhan ki jaroorat nahi manati. Hamari aane wali sarkar Modi sarkar, Yogi sarkar hai. Baaki sab toh chowki ke bhukhe hai.",मुझे तो ये समझ नही आता ये यदि तुम लोग अच्छे हो तो बीना गठबंधन के किए  चुनाव क्यों नही लड़ते गठबंदन की आवश्यकता क्यो होती है बीजेपी एक ऐसी सरकार है जिसे किसी गठबंधन की आवश्यकता नहीं होती  हमारी आने वाली सरकार मोदी सरकार योगी सरकार है  वाकी सब तो कुर्सी के भूखे हैं,0.015,0.9933,-0.9783
train-3909,train,1,0,0.8741769,fp,obfuscation,0,"Boyfriend - Mujhe birthday pe gift me kiss chahiye, girlfriend - Hamesha gandi baatein, kuch aur maang lo, boyfriend - I Phone 6 dila do, girlfriend - Kiss kon si du kutte kamine 😂 😁😁😝","""बॉयफ्रेंड- मुझे Birthday पे gift में किस चाहिए, गर्लफ्रेंड- हमेशा गन्दी बातें, कुछ और माँग लो, बॉयफ्रेंड- I Phone 6 दिला दो, गर्लफ्रेंड- किस कौन सी दूँ कुत्ते कमीने"" 😂 😁😁😝",0.0186,0.897,-0.8784
train-3945,train,0,1,0.17658898,fn,benign_looking_insult,0,Mujhe lagta hai tu bhuki hai lund ki,मुझे लगता हैं कि तु भुकी हैं लंड की,0.9991,0.9545,0.0446
train-3955,train,0,1,0.044750407,fn,source_label_wrong,0,"Sahiba merijan ailebeyou aja, tujhe lita ke pyaar kardlu mera dilbharke merijan sahiba",साहिबा मेरीजान अइलबयू आजा तुझे लिटा के पियार करलूं दिलभरके मेरीजान साहिबा,0.0178,0.0197,-0.0019
train-3963,train,1,0,0.957887,fp,source_label_wrong,0,"Jada uchhal raha tha, pata nahi tha ki chaddi pehna wala bhool gaya tha. Aaj lower khisk gya, badnam ho gaya. Kya kya banaya tha, kuch aur nikla, kuch aur 😂😂😂😂😂😂😂😂",जायदा उछाल रहा था पता नहीं था की चड्डी पहनना भूल गया है आज लोअर खिसक गया है बदनाम हो गया क्या क्या बना दिया था कुछ और निकला कुछ और 😂😂😂😂😂😂😂😂,0.9747,0.9657,0.009
train-3996,train,1,0,0.9427696,fp,false_positive_other,0,"Dama hai bande main is liye kisi se koi fark nahi padata aur apna talent dikha ne main kya sharm, good very good dance main in ka video tab se dekh rahi jab se inka 17k follower tha aur ab inki mehnat se milna ho gaya mast",दम है बंदे मैं इस लिए किसी से कोई फर्क नहीं पड़ता और अपना टैलेंट दिखने मैं क्या शर्म गुड वेरी गुड डांस मैं इन का वीडियो तब से देख रही जब से इनका 17k follower था और अब इनकी मेहनत से मिलन हो गया मस्त,0.0046,0.9494,-0.9447
train-3976,train,0,1,0.01614479,fn,benign_looking_insult,0,"Dipawali par ek chhoti si appeal: kripya patake uchhadne kyun jaise ye tyohar hi patagon ka hai. Rehti bat parayavaran ki ek dipali ki raat barud ki makh se sare machchar aur kee kai kidoon ka safai ho jaata hai. Saal bhar AC mein baithkar ozone layer ki aisay taisay karne wale kripya dipawali par atishbaazi na karene ki salah na den… Jam ke patake chhudaiye, divali hai, baki ke 364 din hain parayavaran ke liye... *Sabhi jnan chand raychand. Khamosh rehne.* 😠😠😠 Bom patakhe ka anand lijiye... Isse dengue, chikungunya ke machchar marengay, ye swasthakar hai… Jise pradushan ki bohot chinta hai... Wo sabse pehle apni gadi beche aur cycle ka istemal kare! 😜😜😜✨💥✨💥 *Dipawali ki","दीपावली पर एक  छोटी सी अपील: कृपया पटाखे फोड़े क्यों की ये त्यौहार ही पटाखों का है  रही बात पर्यावरण की एक दीवाली की रात बारूद की महक से सारे मच्छरो और कई कीड़ों का सफाया हो जाता है   सालभर एयर कंडिशन्ड रूम में बैठकर ओजोन लेयर की ऐसी तैसी करने वाले कृपया दीपावली पर आतिशबाजी न करने की सलाह न दें....  जम के पटाखे छुड़ाइये, दिवाली है, बाकि के 364 दिन है पर्यावरण के लिए... . *सभी ज्ञानचंद रायचंद. खामोश रहे।🙄🙄🙄*  बम पटाखे का आनंद लीजिये। .....   इससे डेंगू चिकनगुनिया के मच्छर मरेंगे यह स्वास्थ्य वर्धक है …  जिसे प्रदुषण की बहुत चिंता है .....  वो सबसे पहले अपनी गाडी बेचे और साइकिल का इस्तेमाल करे ! 😜😜😜✨💥✨💥  *दिपावली की बधाई*",0.832,0.9592,-0.1273
train-4030,train,1,0,0.9829633,fp,source_label_wrong,0,"A jhoot hai Modi ke andhbhakto, aadmi Nepal se sharaab laakar Bharat me bechta tha",ऐ झूठ है मोदी के अंधभक्तो ऐ आदमी  नेपाल से शराब लाकर भारत में बेचता था,0.9954,0.9836,0.0118
train-4048,train,0,1,0.22021908,fn,benign_looking_insult,0,And Italy wala pappu Vilayat bhaga...,और इटली वाला पप्पू विलायत भागा...,0.0863,0.9687,-0.8824
train-4052,train,0,1,0.048240487,fn,source_label_wrong,0,"Suresh, Reena ke papa ka naam hai","सुरेश, रीना के पिता का नाम है",0.0097,0.0111,-0.0014
train-4054,train,1,0,0.9911362,fp,source_label_wrong,0,"Laj-sharm ko goli maar do, koi na bach kar jaye 🍌🍌🔥🔥🔥",लाज शर्म को गोली मारो कोई न बचकर जाने पाए 🍌🍌🔥🔥🔥,0.9928,0.9978,-0.005
train-4063,train,1,0,0.9885932,fp,source_label_wrong,0,Jo desh ke gaddar hai na desh ke hue aur na honge 😠,जो देश के गद्दार है ना देश के हुए और ना होगे 😠,0.9722,0.2183,0.7538
train-4064,train,1,0,0.83822703,fp,false_positive_other,0,"Jo tarah se Asaduddin Owaisi sahab ke car par attack hua hai, democracy me ye incident bohot shameful aur chinta janak hai. Aropiyon ko pakad kar kadr se kadr action kiya jana chahiye, Allah Pak Asad sahab ke har taraf se hifazat farmaye!",जिस तरह से Asaduddin Owaisi साहब की कार पर हमला हुआ है। लोकतंत्र में ये घटना बेहद शर्मनाक एवं चिंताजनक घटना है ।।  आरोपियों को पकड़ कर कड़ी से कड़ी कार्यवाही होनी चाहिए अल्लाह पाक असद साहब की हर तरह से हिफाज़त फरमाये!!,0.0144,0.1996,-0.1853
train-4079,train,0,1,0.010766711,fn,source_label_wrong,0,"Shere shere shere👍👍👍👍👍👍👍👍👍👍 asal wali kum, ji,👍👍👍🤲🤲🤲🤲🤲🤲💞💞💞💞💞💞💞💞💞🌹🌹🌹🌹🌹🌹🌹🌹 good morning, dost, 🙋‍♂🙋‍♂🙋‍♂🙋‍♂💥💥💥💥💥💥💥💥🌛","🍧🍧🍧🍧🍧👍👍👍👍👍👍👍👍👍👍👍असलावालीकुम,,,जी,,👍👍👍🤲🤲🤲🤲🤲🤲🤲💞💞💞💞💞💞💞💞💞💞🌹🌹🌹🌹🌹🌹🌹🌹गुडमोनींग,,दोस्त,,🙋‍♂🙋‍♂🙋‍♂🙋‍♂💥💥💥💥💥💥💥💥💥🌛",0.0044,0.0044,-0.0
train-4074,train,0,1,0.03063348,fn,source_label_wrong,0,"E sard sard raat main ko bebi chahiye, karna hai dil ki baat main ko bebi chahiye. Uljhi hui phirak raaton ki daramiya, tanha hai meri raat ko main ko bebi chahiye. Bachpan ki jid nahi, e jawani ki baat hai, e mere nasamajh bap main ko bebi chahiye. Chehre se beruki ka nakab utar do, ab maan jao meri baat main ko bebi chahiye. Dehi hai main ne dulhan main ko barat lekar jana hai, ab kardi hai main ne apne dil ki baat main ko bibi chahiye. Dekhi hai main ne dulhan main ko barat lekar jana hai, ab kardi hai main ne apne dil ki baat main ko bibi chahiye. Main tera takiya, tu meri rajai, I miss you meri hone wali lugai.",ए सर्द सर्द रात मुझे बीवी चाहिए  करनी है दिल की बात मुझे बीवी चाहिए   उलझि हुई फिराक रातों की दरमियां  तनहा है मेरी रात को मुझे बीवी चाहिए   बचपन की जिद नहीं ए जवानी की बात है  ए मेरे नासमझ बाप मुझे बीवी चाहिए   चेहरे से बेरुखी का नकाब उतार दो  अब मान जाओ मेरी बात मुझे बीवी चाहिए   देखी है मैंने दुल्हन मुझे बरात लेकर जाना है  अब कर दी है मैंने अपने दिल की बात मुझे बीबी चाहिए                     🤓🤓🤓🤓   मैं तेरा तकिया तू मेरी रजाई  I miss you मेरे होने वाली लुगाई        🤓🤓,0.0075,0.1422,-0.1347
train-4100,train,1,0,0.9938664,fp,obfuscation,0,Maine apni gand marke tel lekar bhange kiya hai,माझी आई पण अशीच तेल लावून भांग पाडायची,0.0054,0.3524,-0.3469
train-4104,train,1,0,0.9799145,fp,source_label_wrong,0,"Agar Hindustaan mein koi tiranga lekar ghoom raha hai to woh kisaan hi hai ya hamara jawan hai na. Tadapke bhi tiranga lekar ghoomte hai. BJP ke log to tiranga hi na lete hai, unke logo ke saath. Madhyapradesh mein 15 August ko tirange ke upar BJP ka jhanda chhod diya gaya tha.",अगर हिंदुस्तान में कोई तिरंगा लेकर घूम रहा है तो वह किसान ही है या हमारा जवान है ना तो अंध भक्त और ना ही बीजेपी के लोग तिरंगा लेकर घूमते हैं और आपने देखा होगा मध्यप्रदेश में 15 अगस्त को तिरंगे से ऊपर बीजेपी का झंडा फहराया गया था,0.9485,0.992,-0.0435
train-4125,train,0,1,0.08227804,fn,benign_looking_insult,0,"In na-mardo ko mar dena chahiye. Aisa saas se to sahi hai ki bahu saas-sasur ki seva nahi karta hai, aur log kahate hain ki woh galat hai.",इन ना मर्दो को मार देना चाहिए ऐसे ससुर से तो सही है कि बहू सास ससुर की सेवा नहीं करती है और लोग कहते हैं कि वह गलत है,0.983,0.9762,0.0068
train-4131,train,0,1,0.06914942,fn,benign_looking_insult,0,Size kya hai 36?,साइज क्या है 36,0.9975,0.9615,0.036
train-4120,train,0,1,0.17554787,fn,benign_looking_insult,0,"Ye unemployment bhi saali Modi ke aane ke baad bad gayi, pehle sabke paas job tha, main khud district ka collector tha 😄😄",यह बेरोजगारी भी साली मोदी के आने के बाद ही बडी  पहले सबके पास रोजगार था मैं खुद जिले का कलेक्टर था 😄😄,0.9974,0.9058,0.0916
train-4174,train,1,0,0.99024534,fp,source_label_wrong,0,Chusne se bhi,चूसने से भी,0.9982,0.0477,0.9505
train-4218,train,0,1,0.018944724,fn,source_label_wrong,0,Bhai log meri video ek bar jaroor dekho plz friends support me,भाई लोग मेरा भी वीडियो एक बार जरूर देखना प्लज़्ज़ फ्रेंड्स सपोर्ट मी,0.008,0.0077,0.0003
train-4225,train,0,1,0.04036313,fn,source_label_wrong,0,"Yahan 4 hazaar ka cheque to nahi mila, ghar mein pani ghus gaya tha aur crore denge 🤨",यहॉं 4 हज़ार का चेक तो मिला नहीं घर में पानी घुस गया था और करोड़ देंगे 🤨,0.0244,0.9842,-0.9598
train-4243,train,0,1,0.46503007,fn,benign_looking_insult,1,"Aap dono bahanon me se agar shadi nahi hoti itni to humko batao comment me, hum aapko paid ka ek number ka sab sala bata sakte hain",आप दोनों बहनों में से अगर शादी ना हो इतनी तो हमें बताओ कमेंट में हम आपको पेड़ का एक नंबर का सभी साला बता सकते हैं,0.9958,0.9976,-0.0018
train-4281,train,1,0,0.8027859,fp,false_positive_other,0,Ae bade! Tu bas Allah ka ban kar dekh. Wo har kisi ko tera naam banane wala hai toh pahle khud ko bata dena.,ऐ बंदे! तु बस अल्लाह का बन कर देख।  वो हर किसी को तेरा ना बना दे तो कहना।,0.0071,0.9714,-0.9643
train-4287,train,1,0,0.97870606,fp,false_positive_other,0,Is photo ko ulta kar ke dekho kutta,इस photo ko उल्टा कर के देख लो कुत्ता,0.1167,0.9276,-0.8109
train-4285,train,0,1,0.4988103,fn,obfuscation,1,Bharat ke naam par is desh ka naam Bharat hua... jab vo Bharat is desh ke Rashtrapita nahi kahlaye... to phir ye Gandhi kya hai? Jai Godse!,भरत के नाम पर इस देश का नाम भारत हुआ... जब वो भरत इस देश के राष्ट्रपिता नहीं कहलाये... तो फिर ये ग़ांधी कौन हैं...? जय_गोडसे,0.9575,0.8262,0.1313
train-4318,train,1,0,0.59197176,fp,false_positive_other,1,"Do chammach chini, do chammach kali mirch, do chammach ajwain. 2 ghante pani mein ache se ubhao. Uske baad teeno time subah, dopahar, sham ek ek glass ka sewan karein.",दो चम्मच चीनी दो चम्मच काली मिर्च दो चम्मच अजवाइन 2 घंटे पानी में अच्छी तरह से उबालने उसके बाद तीनों टाइम सुबह दोपहर शाम एक एक गिलास का सेवन करें,0.0089,0.0321,-0.0232
train-4336,train,1,0,0.9837278,fp,false_positive_other,0,"Arey pagal, bala to banale tu bahut hi sundar hai",अरे पागल बाल तो बना ले तु बहुत ही सुन्दर है,0.0314,0.9795,-0.9481
train-4348,train,1,0,0.99075353,fp,source_label_wrong,0,"Koi bhi kutta toh nahi sunega, mukh par Gandhi nahi banega. Koi bhi nahi sunega aaj ke Yug me fir bhi chahye jati dharma koi bhi reh.",कोई भी कुत्ता तो नहीं सुनेगा मुंह पर गांधी नहीं बनेगा कोई आज क युग में फिर चाहे जाति धर्म कोई भी रहे,0.9785,0.9863,-0.0078
train-4355,train,1,0,0.6538227,fp,false_positive_other,0,Pahchan aisi banao ki log dekhte hue apne aap ko tarashna shuru kardenge tumse,पहचान एैसी बनाओ की लोग👫👬👭 आपको देखकर खुद को तराशना शुरू कर दे,0.0088,0.9742,-0.9654
train-4363,train,0,1,0.18446343,fn,source_label_wrong,0,Ek line me teri tarif likhu kaunsa? Paani bhi jo tujhe dekhaye to pyasa ho jaye 😘😍💗👌👍,एक लाइन में क्या तेरी तारीफ लिखूं पानी भी जो तुझे देखे तो प्यासा हो जाए😘😍💗👌👍,0.0201,0.0798,-0.0598
train-4375,train,1,0,0.9912725,fp,source_label_wrong,0,Kya kar raha hai bhai kutta ke saath itna gandi baat kyun karta hai tum?,क्या कर रहे हो भाई कुत्ते के साथ इतना गंन्दी,0.9733,0.8421,0.1313
train-4397,train,0,1,0.058834147,fn,benign_looking_insult,0,"Bahut videos banati hai, lal mirch laga ke",बहुत वीडियो बनाती है लाल मिर्च,0.9852,0.9733,0.0119
train-4443,train,0,1,0.107050836,fn,obfuscation,0,Land hai Salman Khan,Land hai सलमान खान,0.998,0.992,0.006
train-4469,train,1,0,0.51117164,fp,false_positive_other,1,Sabas bro teri ma ki aakh,सबास ब्रो तेरी मा की अख़,0.0056,0.0059,-0.0003
train-4503,train,1,0,0.62915725,fp,false_positive_other,0,"Hanshi to aayi hai, par teri kahne par teri girlfriend thodi ho gayi",हाँ भाई हंसी तो आई पर तेरे कहने पर तेरी गलफ्रेंड थोड़ी हो गए,0.0079,0.0266,-0.0188
train-4507,train,1,0,0.9454484,fp,obfuscation,0,"Main apne ghar ke sanskaar ke gole hoon... warna main bhi logon ko unki aukat dikhaane ka hunar rakhta hoon. Main bhi nafrati hoon, main bhi chowkidar ke ghar ke chutiyon se gareebiyon me mar raha hoon. Main bhi unka mazaak nahi udaya toh kya hua? Main bhi unki aukat dikha sakta hoon. Main bhi nafrati hoon, main bhi chowkidar ke ghar ke chutiyon se gareebiyon me mar raha hoon. Main bhi unka mazaak nahi udaya toh kya hua? Main bhi unki aukat dikha sakta hoon.",🥀🥀🥀🥀🥀🥀🥀🥀🥀🥀🥀🥀🥀🥀🥀🥀गूलाम हूं अपने घर के संस्कारों का .. वरना मै भी लोगों को उनकी औकात दिखाने का हूनर रखता हुं🥀🥀🥀🥀🥀🥀🥀🥀🥀🥀🥀🥀🥀,0.0097,0.9992,-0.9895
train-4496,train,1,0,0.98984456,fp,obfuscation,0,"Priyanka ji aap aur to garm mizaaj ki lekin aap bahut bhooli ho jo sahi nahi hai usko apne kyun accept kiya main realy very sorry maine aapko harmaar bar bar kiya ab main apni sab comments delete kar rahi hu again u see meri comments nahi hoga tu to chutiya hai maine to chakka mar diya par aapne toh usko sahi maan liya sorry sirf aapko hi khatam nahi ho raha hai aapke saath meri bhi harmaar hoti hai par ab bas khatam karna padega. Tu toh gand marne wala hai par aapke saath maine toh acha insaaf kiya hai par aap toh usko sahi maan liya aapko toh sab kuch chori chori karna padega. Main toh aapko bhi, usko bhi gale laar ke mar deta par aapne toh usko sahi maan liya. Aap toh garib ki bhi nahi maan r","Priyanka ji आप और तो गर्म मिजाज की लेकिन आप बहुत भोली हो जो सही नही h उसे अपने क्यों accept किया आई एम रियली वेरी सॉरी आई हर्ट यू more time now आई एम गोइंग टू डिलीट माय ऑल कमेंट्स  again u,ll see my comments",0.0049,0.9992,-0.9942
train-4560,train,0,1,0.1056813,fn,source_label_wrong,0,Oh me toh bahut peeti hai chai aur dard bhi hota hai 🙂,ओ मे तो बहुत पीती हु चाय ओर दर्द भी होता है 🙂,0.008,0.0072,0.0008
train-4625,train,1,0,0.92915756,fp,false_positive_other,0,Khatka maza puri me hai,खटेका मजा पानी  पुरी में है,0.0081,0.0216,-0.0135
train-4641,train,1,0,0.9392394,fp,false_positive_other,0,Kapda to Rajasthan wala choukalega hi,कपड़ा तो राजस्थानी ही चौकलागे,0.0334,0.0418,-0.0084
train-4676,train,1,0,0.87773883,fp,false_positive_other,0,Dosti mein dost ke saath kamina pana ek alag hi maza hai,दोस्ती में दोस्तो के साथ कमीने पन का एक अलग मजा है,0.0272,0.9561,-0.929
train-4690,train,1,0,0.6353504,fp,sarcasm,0,"Jali ko agar kahate hai, bujhi ko rakhab kahate hai. Jis rakhab se barud banay, usko Baba Yogi Nath kahate hai. PM banate hi Pakistan ka naam Bharat putra ho jayega 😂😂😂",जली को आग कहते हैं बुझी को राख कहते हैं जिस राख से बारुद बने उसे बाबा योगी नाथ कहते हैं प्रधानमंत्री बनते ही पाकिस्तान का नाम भारत पुत्र होगा 😂😂😂,0.0155,0.0275,-0.012
train-4714,train,0,1,0.15048803,fn,obfuscation,0,Yeh hamara land hai,हमारा लैंड है,0.6916,0.7116,-0.02
train-4732,train,1,0,0.7600693,fp,false_positive_other,0,Bheed ko niaaytrit karna ke liye trusty o ke saamne security guard rakha jaye. Yeh ek ghorr laaparvahai ka namoon hai. Aisi ghatna pehli baar toh nahi ho rahi hai. Phir bhi desh ke kai saare mandiro me andher hee chalta raha hai.,भीड को।नियंत्रित करने के  लिए  ट्रस्टी ओ को सुरक्षा गार्ड रखने चाहिए।  ए घोर  लापरवाही का नमूना है। ऐसी घटना पहली बार तो नहीं हो रही। फिर भी देश के कई सारे मंदिरो में अंधेर ही चलता रहता है।,0.0108,0.9672,-0.9564
train-4738,train,0,1,0.088252656,fn,source_label_wrong,0,Is suit mein toh tu galti se pyari lagi hai ladli,इस सूट में तो तू गनी प्यारी लाग है लाड़ली,0.0173,0.037,-0.0197
train-4748,train,1,0,0.61143136,fp,false_positive_other,0,"Aise police wale ko police se nikal dae chahiye, ise uniform ka jyada guman ho gaya hai",एसे पुलिस वालो को पुलिस से निकाल देना चाहिए इसे वर्दी का ज्यादा गुमान हो गया है,0.0211,0.9594,-0.9383
train-4829,train,1,0,0.97011256,fp,false_positive_other,0,Samay ke saath saath kide chote chote ched kar dete hain kitab mein so fatti kitab,समय के साथ-साथ कीड़े छोटे-छोटे छेद कर देते हैं किताब में सो फटी किताब,0.022,0.9988,-0.9767
train-4831,train,1,0,0.9952851,fp,source_label_wrong,0,Arey ye chaddi to baa dikh ke,अरे ये चड्डी तो बा ध के,0.9978,0.9979,-0.0
train-4827,train,0,1,0.2136352,fn,benign_looking_insult,0,"Bharwore logon ki comedy bana ke band karo, jute-jute se bahut marenge",BU र्जरों की कॉमेडी बनाए बंद करना जूते जूते बहुत मारेंगे,0.9883,0.9757,0.0126
train-4856,train,0,1,0.060794365,fn,benign_looking_insult,0,Aapka dil kamina hai kya..❤️❤️❤️❤️❤️❤️❤️,आपका दिल kamina  है क्या..❤️❤️❤️❤️❤️❤️❤️,0.9601,0.9707,-0.0106
train-4860,train,0,1,0.045619406,fn,benign_looking_insult,0,Aapki kamre ki lachak achhi hai,आपकी कमर की लचक अच्छी है,0.9836,0.9579,0.0257
train-4888,train,0,1,0.1999908,fn,benign_looking_insult,0,Aare sanskaar hi to ladki ka gharana hota hai... aise bhalo ke chale nahi karna chahiye... inko freedom diya to ye kiski company me bhaag jaye... aur ghar walo ki naak kattavaye...,अरे संस्कार ही तो लडकी का gehna होता हैं ... ऐसे फालतू के चाले नही करना चाहिए .. इनको freedom दिया तो ये किसके साथ में भी भाग जाती हैं... और घर वालोकी नाक कटवा देती हैं...,0.9783,0.8765,0.1018
train-4878,train,1,0,0.749175,fp,obfuscation,0,"Krishna se jitna kuch chutaa hai, uski maa chutti, pita chutte, Nanda-Yashoda bhi chutte, saathi chutte, Radha chutti, Gokul chutaa, Mathura chutti. Krishna ke life me har waqt kuch na kuch chut raha hai. Krishna tyag ke devta hai. Aaj ke zindagi me kuch chutne par log toot jaate hain, lekin Krishna se seekho to kuch chutne ke bhi khush rahne ka tarika seekh jaate hain. Kisi ko bhi Krishna se achha nahi paayega. Mahaguru mere Kanhayya... 🙏 Shri Krishna Janmashtami ki aagrim shubhkamnaye! 🙏","जितनी चीज़ें कृष्ण से छूटीं उतनी तो किसी से नहीं छूटीं। कृष्ण से उनकी माँ छूटी, पिता छूटे, फिर जो नंद-यशोदा मिले वे भी छूटे। संगी-साथी छूटे। राधा छूटीं। गोकुल छूटा, फिर मथुरा छूटी। कृष्ण से जीवन भर कुछ न कुछ छूटता ही रहा। कृष्ण जीवन भर त्याग करते रहे। हमारी आज की पीढ़ी जो कुछ भी छूटने पर टूटने लगती है, उसे कृष्ण को गुरु बना लेना चाहिए। जो कृष्ण को समझ लेगा वह कभी अवसाद में नहीं जाएगा। कृष्ण आनंद के देवता है। कुछ छूटने पर भी कैसे खुश रहा जा सकता है, यह कृष्ण से अच्छा कोई सिखा ही नहीं सकता।  महागुरु मेरा कन्हैया... 🙏 श्रीकृष्ण जन्माष्टमी की अग्रिम   शुभकामनाए! 🙏",0.0047,0.9993,-0.9946
train-4895,train,1,0,0.99347574,fp,obfuscation,0,Bade O ki matra de do Jiske liye tumne apni gand use ki hai 😈,झ को बडे ऊ की मात्रा ठ.. 🙂,0.0077,0.999,-0.9913
train-4937,train,0,1,0.020310747,fn,source_label_wrong,0,"Badhiya sukon hai, dil se tumpe marati hoon",बड़ा सुकून है दिल से तुमपे मरती हूं,0.0136,0.0878,-0.0742
train-4958,train,0,1,0.026313733,fn,benign_looking_insult,0,Ladkiya a jao hamari profile me 👙👙👙👙👙👙👙👙👙👙👙🙏🙏🙏🙏🙏🙏🙏🙏🙏🙏,लड़कियां आ जाओ हमारी प्रोफाइल में 👙👙👙👙👙👙👙👙👙👙👙🙏🙏🙏🙏🙏🙏🙏🙏🙏🙏,0.9993,0.9993,-0.0
train-4981,train,0,1,0.23827581,fn,benign_looking_insult,0,"Bahut pyari ho aur kapde bhi bahut acche pahanti ho, warna kuch ladkiyon ne bahut aurat chori ki hai aur unke liye aurat chori ki hai aur unke liye aurat chori ki hai aur unke liye likes leke hai. Unke liye aurat chori ki hai aur unke liye likes leke hai. Unke liye aurat chori ki hai aur unke liye likes leke hai. Unke liye aurat chori ki hai aur unke liye likes leke hai. Unke liye aurat chori ki hai aur unke liye likes leke hai. Unke liye aurat chori ki hai aur unke liye likes leke hai. Unke liye aurat chori ki hai aur unke liye likes leke hai. Unke liye aurat chori ki hai aur unke liye likes leke hai. Unke liye aurat chori ki hai aur unke liye likes leke hai. Unke liye aurat chori ki hai aur unke liye likes leke hai. Unke liye aurat chori ki","बहुत प्यारी हो ,और कपड़े भी बहुत अच्छे पहनती हो,वरना कुछ लड़कियों ने बहुत अश्लीलता फैला रकखी है लाईक पाने के लिए",0.9986,0.9806,0.018
train-4994,train,0,1,0.05479938,fn,benign_looking_insult,0,"Phir ek baar yuvao ko jhunjuna milega, pakoda talaane ki baari aayi hai. Accha din aaye, har saal 2 lakh logon ko rojgar mil gaya, be-rojgarie door ho gayi, mahangai khatam ho gaya, kala dhan vapas le aaye yogi, garibon ke khate per 15 lakh aaye. Sab kuchh nijikaran hone par hi accha din a sakte hai. Sab kuchh becha rahe hai.","फिर एक बार युवाओं को झुन्जुना मिलेगा, पकोड़ा तलने की बारी आई हैं। अच्छे दिन आ गई, हर साल 2 लाख लोगों को रोजगार मिल गया, बेरोजगारी दूर हो गई, महँगाई खत्म हो गया, काला धन वापस ले आये योगी, गरीबों के खाते पर 15 लाख रुपये आ गए।। सब कुछ निजीकरण होने पर ही अच्छे दिन आ सकता है।। सब कुछ बेच रहे हैं।।",0.9448,0.9652,-0.0205
train-5012,train,0,1,0.39988023,fn,caste_religious,0,Dekho kaise hindu logo ko mookh bana diya jata hai,देखो हिंदुओं को कैसे मूर्ख बनाया जाता है,0.9957,0.9642,0.0315
train-5043,train,0,1,0.008995341,fn,source_label_wrong,0,"Hello kaisi ho yaar, mera na bhool jao yaar, bahut yaad a rahi ho teri, school se band ho gaya tha maine",हेलो कैसी हो यार मेरे को भूल गई यार बहुत याद आ रही है तेरी स्कूल से बंद है,0.0066,0.0046,0.0019
train-5054,train,0,1,0.00851515,fn,benign_looking_insult,0,Main aapko pelai karna chahta hu,मुझे आपकी पेलाई करनी है,0.9637,0.8268,0.1368
train-5048,train,0,1,0.4621265,fn,benign_looking_insult,1,"Aise logon ka ling kaat do, aur jail ki saza mile to briddh ho jaye to jeebh kaat do, jab marne ki sthiti ho to kisi chakoo se iska sar thoda thoda karke kaatna chahiye. Ye mere vichar hai aise logon ke liye.",ऐसे लोगो का लिंग काट देना चाहिए। और जेल की सजा मिले जब बृद्ध हो जाये तो जीभ काट देना चाहिए जब मारने की स्थित में हो तो किसी चाकू से इसका सर थोड़ा थोड़ा करके काटना चाहिए ये मेरे विचार है ऐसे लोगो के लिए,0.9861,0.9662,0.0199
train-5071,train,0,1,0.030704128,fn,benign_looking_insult,0,"Aap hi khush karo gi, aap kapade peheno ya na peheno, bas humko khush kardo",आप ही खूश करो गी आप कपडे पहनो या न पहनो बस हमे खूश कर दो,0.136,0.9877,-0.8517
train-5075,train,0,1,0.0132084945,fn,source_label_wrong,0,Kahan se bata yaar,कहा से यार बता,0.0118,0.0216,-0.0098
train-5066,train,0,1,0.49194667,fn,benign_looking_insult,1,Ling ko chota kaise karein koi upay please batao,लिंग को छोटा कैसे करें कोई उपाय प्लीज बताएं,0.9853,0.9979,-0.0126
train-5119,train,1,0,0.9205751,fp,false_positive_other,0,"Ye ab har saal aayega, yahi toh ek bahana hai govt ke paas kab kya band karna hai",ये अब हर साल आएगा यही तो एक बहाना है सरकार के पास कब क्या बंद करवाना है,0.0146,0.993,-0.9784
train-5126,train,1,0,0.8344407,fp,false_positive_other,0,"Char gaddi nahi, HR hota hai",चार गद्दी नहीं HR होता hai,0.0142,0.8104,-0.7962
train-5130,train,0,1,0.15603316,fn,benign_looking_insult,0,"Ek to koi film hit nahi, kam se kam baccha to na aane wali kox me pal lete saali",एक तो कोई फ़िल्म हिट नही काम से कम बच्चा तो आने कोख में  पल लेती साली,0.9982,0.981,0.0171
train-5153,train,0,1,0.33366826,fn,benign_looking_insult,0,Main is Ram Krishn ke dharti par sirf Ram aur Krishn ki kripa prapt kar raha hun. Kisi Allah ya God ki jaroorat nahi,मैं इस राम कृष्ण की धरती पर सिर्फ राम और कृष्ण की कृपा प्राप्त कर रहा हूं । किसी अल्लाह या God की आवश्यकता नहीं,0.0047,0.0628,-0.0581
train-5201,train,0,1,0.093319625,fn,benign_looking_insult,0,Abki baar juta hai to ready. Takiye.,अबकि बार जूता है तैयार। ठीक हे।,0.9725,0.8249,0.1475
train-5253,train,0,1,0.4973384,fn,benign_looking_insult,1,Koi blind larki se love nahi karega,अंधी लड़की से कौन प्यार करेगा,0.9351,0.9731,-0.0379
train-5280,train,1,0,0.97788894,fp,obfuscation,0,"Beautiful very beautiful, gandu mard ko kya pata hai beauty kya hoti hai",ब्यूटीफुल वेरी ब्यूटीफुल,0.0044,0.5164,-0.512
train-5291,train,0,1,0.009306069,fn,source_label_wrong,0,"Apna number do jaan, main batata hu ki kis me banane wala hai",अपना नंबर दो जान मैं बताऊंगा किस में बनाना है,0.0076,0.0102,-0.0026
train-5294,train,1,0,0.8175983,fp,source_label_wrong,0,Pagal ho yaar,पागल हो यार,0.9838,0.0061,0.9778
train-5302,train,0,1,0.20603003,fn,sarcasm,0,"Aur tum jitni sheraif ban rahi ho, bad me tumhi sab sas bano gi aur phir tum bhi yehi karo gi 😂😂",और तुम जितनी शरीफ बन रही हो बाद मे तुम्ही सब सास बनोगी और फिर तुम भी यही करोगी 🤣🤣,0.0589,0.0123,0.0466
train-5318,train,1,0,0.85983706,fp,false_positive_other,0,"Patta hai, pani me jaye to dubega hi. Yeh kahna, kaagaj ka gola bhi dub jata hai. Hunar par ghamand zaroori hai. Nikaar kaise? Val paper thode hi hai. Google pe search kiya, chhap diya, tarjuba likh jata hai jindgi ko nichod ke. 😆😆😆😆",पत्थर तो होता ही भारी है पानी में जायेगा तो डुबेगा ही युं कहो कागज का गोला भी डुब जाता है हुनर पर घमड ज़रूरी है निखरेगा कैसे वाल पेपर थोड़े ही है गुगल पे सर्च किया छाप दिया तर्जुबा लिखा जाता है जिन्दगी में को निचोड़ के😆😆😆😆,0.0069,0.9991,-0.9922
train-5317,train,0,1,0.07554084,fn,source_label_wrong,0,"Guru ji aapka bohot bohot dhanyavad, aapke vajse jo pari mili mere saare kaam saafal ho gaye. Aapka video dekha YouTube par isliye main logon ko aapka number send kar raha hoon takki unka bhi bhala ho sake +91- <number> ** <number> 🙏🙏🙏 Pandit Ashutosh Shastri ji",गुरू जी आपका भोत भोत धन्यवाद आपकि वजय से जो परी मिली मुझे मेरे सारे काम सफल हो गए आप का विडीयो देखा युटूप पर इसलीये मे लोगो को आप का नंबर सेंड कर रहा हूं  ।ताकि ओरो का भी भला हो सके +91- <number> ** <number> 🙏🙏🙏 pandit Ashutosh Shastri ji,0.0049,0.0145,-0.0096
train-5339,train,0,1,0.15885524,fn,benign_looking_insult,0,"Ye kaisa narak mukhyamantri hai jo ek Delhi jaise chhote state ko bhi nahi sambhal pa raha hai — na to diwali ke fireworks rok pa raha hai, na hi ye odd-even lagana pa raha hai, na koi aur kaam kiya hai. Bas TV par bade-bade baatein karna aata hai.",ये कैसा नकारा मुख्यमंत्री है जो एक दिल्ली जैसे छोटे राज्य को भी नहीं संभाल पा रहा है  ना तो दीवाली पर आतिशबाजी रोक पा रहा है ना  ये आड इवन लागू कर पा रहा है  ना ही अन्य कोई कदम उठा पा रहा है  बस टीवी पर बड़ी -2बातें करना आता है,0.9979,0.9701,0.0278
train-5370,train,1,0,0.73499256,fp,false_positive_other,0,Lode khod kamal,लोदे खो कमाल,0.0054,0.0142,-0.0088
train-5379,train,0,1,0.40869552,fn,benign_looking_insult,1,Hum jahan pahunch jaye wahan patthar ki bejan murat ko hatate hain aur parcham Allah ka lharaye hain,हम जहाँ पहुंच जाये वहा पत्थर की बेजान मूरत को हटा देते है और परचम अल्लाह का लहरा देते है,0.0225,0.9449,-0.9224
train-5400,train,1,0,0.9948236,fp,source_label_wrong,0,"Sharm nahi aayi tumko, ek bacchi ke saath aisa karte hue 😡😡😡",शर्म नही आई तुम को। एक बच्ची के साथ ऐसा करते हुऐ 😡😡😡,0.9877,0.9959,-0.0083
train-5403,train,1,0,0.85164356,fp,source_label_wrong,0,Baal thoda bandh lo na,बाल थोड़ा बांध लो ना,0.961,0.9806,-0.0195
train-5409,train,0,1,0.4758662,fn,benign_looking_insult,1,"Ye wahi Owaisi hai jo apne hi chhote bhai ne police hatawane ki baat ki thi, ab khud apni security na kar pa rhe hain",ये वही ओवैसी है जिनके अपने ही छोटे भाई ने पुलिस हटवाने की बात की थी आज खुद अपनी सुरक्षा नही कर पा रहे हैं,0.9723,0.9591,0.0133
train-5456,train,1,0,0.92114633,fp,false_positive_other,0,Doodh me hi hai aur ye sansar ko,दूध में ही है और यह संसार को,0.0547,0.975,-0.9203
train-5475,train,1,0,0.86763,fp,false_positive_other,0,"Kabhi nahi chodunga, pagal tum to meri jaan ho",कभी नही छोडूंगा पागल तुम तो मेरा जीव हो,0.0259,0.9989,-0.973
train-5503,train,1,0,0.94866693,fp,false_positive_other,0,Sir hum English ke karan pehle raha gaye warna ab bhi hain hamari baahon me hote ho kyut likhti rahi or hum kutte samajhta rahi,Hry जनाब हम इंग्लिश के कारण पीछे रह गए वर्ना आज भी हो हमारी बाहों मे होती हो क्यूट लिखती रही ओर हम कुत्ते समझते रहे,0.018,0.985,-0.967
train-5540,train,1,0,0.9584621,fp,caste_religious,0,"Kuch nahi hoga, bas Shahrukh BJP membership le le to Arya bhi chhoot jayega aur Rashtriya ke saath deshbhakt bhi ban jayega. Modi hai to mumkin hai !!!!!!!?",कुछ नहीं होगा बस शाहरुख भाजपा की सदस्यता ग्रहण कर लें आर्यन भी छूट जाएगा और राष्ट्र वादी के साथ साथ देशभक्त घोषित कर दिया जाएगा । मोदी है तो मुमकिन है  !!!!!!!?,0.0074,0.9961,-0.9887
train-5547,train,0,1,0.21042901,fn,benign_looking_insult,0,Lawda tha uska naam,Lawda था उसका नाम,0.9726,0.9521,0.0205
train-5558,train,0,1,0.05400609,fn,source_label_wrong,0,Bhai paani mein agin lagate ho kya? Fire!,वाओ पानी में आग लगाते हो जी,0.0754,0.0105,0.0649
train-5612,train,0,1,0.33997566,fn,benign_looking_insult,0,Tumhari bur ko door karo.,तुम्हारी बुर का दोआर,0.9979,0.9625,0.0354
train-5610,train,1,0,0.9914193,fp,source_label_wrong,0,"Beta, dunia mein koi pagal nahi hota, bhuk aur beRozgarI sabko pagal bana deta hai. Is pagalpan mein Modi ji ka bahut bada yogdan raha. Ham isi pagalpan ko thik karne ke liye hi pagal bana.",बेटा दुनियां में कोई पागल नही होता भूख बेरोजगारी सबको पागल बना देता इस पागलपन में मोदीजी का बहुत बड़ा योगदान रहा हम इसी पागलपन को ठीक करने के लिए ही पागल बना,0.9676,0.9922,-0.0246
train-5624,train,0,1,0.015044225,fn,benign_looking_insult,0,"Agar dil lagan aho soch samaj kar lagana, har ladka jism ke bhukhe nahi hote hai, bahut hote hai jinki wajah se har ladka badnam hota hai",अगर दिल लगाना हो सोच समझकर लगाना हर लड़के जिस्म के भूखे नहीं होते हैं बहुत होते हैं जिनकी वजह से हर लड़का बदनाम होता है,0.2997,0.448,-0.1483
train-5660,train,0,1,0.4773835,fn,sarcasm,1,"Dono chhod dunga aur jehar khala lunga, aisay zindagi ka kya karega? 😝🤣","दोनों छोड़ दूंगा और जहर खा लूंगा ,, ऐसी जिंदगी का करूंगा भी क्या ?😝🤣",0.1352,0.9765,-0.8413
train-5675,train,1,0,0.9211614,fp,source_label_wrong,0,"Chori kiya hai to usko saza hone chahiye, kapda uthaya ho galti kiya hai",चोरी किया है तो उसको सजा होना चाहिये कपडा उतारा हो गलत किया है,0.9741,0.036,0.9381
train-5696,train,1,0,0.9700473,fp,source_label_wrong,0,"Isse toh SAPA aur Congress ki chaal hai, aap log itna toh humari nahi hai ki smajh nahi sakte. Jab kisaan ghar laut rahe the toh gadi chalane ki kya jaroorat thi, saale h**** smjhe the ghar ja rahe hai, vivad tham jayega.",यह तो सपा और कांग्रेस की चाल है आप लोग इतने तो हमारी नहीं हैं कि समझ नहीं सकते जब किसान घर लौट रहे थे तो गाड़ी चलाने की क्या जरूरत थी साले ह**** समझ गए थे घर जा रहे हैं विवाद थम जाएगा,0.989,0.9847,0.0043
train-5739,train,1,0,0.9402912,fp,false_positive_other,0,"Bhai tumhara sawal me dama nahi hai, kuda wala to paisa leke kuda hi phank daeta hai",भाई तुम्हारे सवाल में दम नहीं है कूड़े वाला भी तो लेकर जाता है पैसे लेता है कूड़ा फेंक देता है,0.0194,0.0329,-0.0135
train-5767,train,0,1,0.056328483,fn,benign_looking_insult,0,Aise achhe gaane thoda lamba rakhna (bhot sundar),ऐसे अच्छे गाने थोड़े लंबे रखो (बहुत सुंदर),0.989,0.9763,0.0127
train-5777,train,1,0,0.99137735,fp,source_label_wrong,0,"Hum bhi pagal, tum bhi pagal",हम भी पागल तुम भी पागल,0.99,0.9767,0.0133
train-5785,train,1,0,0.917028,fp,false_positive_other,0,Virat Kohli ki kamino ko dikhane wale kripa karo unke career me khelne wale sab matches ka detail nikal ke dikhao phir samajh me ayega. Aur ha jo ye Virat ke kaptaani pe sandeh karte hain unko bhi apna dekho ki unke career me kya kiya hai. Puri zindagi dusron ki kamino nikalne wale hi hoge. Virat pehle bhi king tha aur ab bhi badshah hai 🇮🇳🇮🇳🇮🇳🇮🇳🇮🇳,विराट कोहली की कमियां दिखाने वाले कृपा करके उनका कैरियर में खेला हुए सभी मैचों का विवरण निकाल कर दिखाए फिर समझ में आयेगा । और हा  जो ये विराट के कप्तानी पे संदेह करने वाले लोग है जरा उनके कैरियर में थोड़ा दोखो क्या किया है ।।। पूरी जिंदगी  बस दूसरो की कमियां ही निकलते होगे। । विराट पहले भी king था और आज भी बादशाह है 🇮🇳🇮🇳🇮🇳🇮🇳🇮🇳,0.0051,0.9934,-0.9883
train-5795,train,0,1,0.016964033,fn,benign_looking_insult,0,Aisa bhi hota hai kya 💦💦💦 Koi humko bhi chance do,ऐसा भी होता है क्या 💦💦💦 कोई हमें भी चंस दो,0.9987,0.9786,0.0202
train-5796,train,0,1,0.01873325,fn,source_label_wrong,0,Main paani paani ho gayi,मै पानी पानी हो गई,0.0655,0.0057,0.0598
train-5814,train,0,1,0.017018445,fn,benign_looking_insult,0,"Recess period me, Arvi aur aalu ki soki sabji ke saath parathas khana bahut yaad aate hain. 😤🤤😋😋","Recess period me,अरवी और आलू की सूखी सब्जी के साथ पराठे खाना बहुत याद आते हैं।🤩🤩😋😋",0.9875,0.8979,0.0896
train-5815,train,0,1,0.012654013,fn,source_label_wrong,0,"Mera zindagi S se shuru hota hai. S se Suraj, subah-sham, uske baad sangaai, shadi, phir saas-sasur, sasuri, sali. Aur kya? Zindagi satyanash. Good afternoon. Aap ka naam JITENDER Singh hai. 24 star.",मेरा जिंदगी S से शुरूआत होता है🤔 S से सुरज🌅 सुबह शाम🌃उसके बाद 😂सगाई💍 शादी💍👑👫👰 फिर सांस ससुर *** साली 😁और क्या😧 जिंदगी सत्यानाश 😜😁🥀❤🥀Good afternoon☕☕ ❤️ JITENDER सिंह 🙏24⭐🌺🥀💛💓💫⭐💓💫⭐💛🥀,0.0377,0.0048,0.0328
train-5822,train,0,1,0.0402313,fn,obfuscation,0,"Land line phone lagao. Kisko bola, mobile phone lena hai?",Land line phone लगवा ले ।किसने बोला। mobile phone लेने के लिये।,0.9942,0.9925,0.0017
train-5824,train,1,0,0.9891102,fp,false_positive_other,0,To hara ke dekh ke larka ban gaya dawana banas,तो हरा के देख के  लडका दिवाना  बानस,0.0183,0.1643,-0.146
train-5813,train,1,0,0.70305055,fp,obfuscation,0,"Wah ree vaigyanik aur engineer aam desh ke netagon ki soch sirf kisaan he har samasya ka karan hai kya? Parali jalana ab se shuru hua, kal karkhaanon ka dhuun, ganday chemicals, gadiyon ka dhuun kisi ko nahi dikhta kyunki ye oxygen dete hain, inse sarkaari jeben bharti hain isliye ye oxygen paida karte hain. Parali jalana, aalav jalana, choole pe bhojan banana sidion se chala a raha hai, tab pradushan mukt Bharat hota tha. Sach to yeh hai ki aaj baag bagiche nahi reh gaye, gadiyan itni jyada ke kahin bhi nazar ghumao, har 10 feet par gadi hai. Lekin pradushan inase nahi hota, sirf parali jalane se, aalav jalane se, choole jalane se hi pradushan hota hai.","वाह री वैज्ञानिक और इंजीनियर एवम् देश के नेताओं की सोच  सिर्फ़ किसान ही हर समस्या का कारण है क्या पराली जलाना अब से शुरू हुआ कल कारखानों का धुआं, गंदा कैमिकल गाड़ियों का धुआं किसी को नहीं दिखता क्योंकि यह ऑक्सिजन देते हैं इनसे सरकार की जेबें भर्ती हैं इस लिए यह ऑक्सीजन पैदा करते हैं  पराली जलाना अलाव जलाना चूल्हे पर भोजन बनाना सदियों से चला आ रहा है तब प्रदूषण मुक्त भारत होता था   सच तो यह है कि आज बाग बगीचे नहीं रहे गाडियां इतनी ज्यादा हैं कि कहीं भी नजर घुमाओ हर 10 फुट पर गाड़ी है   लेकिन प्रदूषण इनसे नहीं होता है सिर्फ पराली जलाने से अलाव जलाने से चूल्हा जलाने से ही प्रदूषण होता है",0.0266,0.9697,-0.9431
train-5853,train,1,0,0.992708,fp,false_positive_other,0,Sexy ho yaar,सेक्सी हो यार,0.0379,0.9986,-0.9608
train-5870,train,1,0,0.58457893,fp,false_positive_other,1,"Bhabhi ji, kya ho raha hai aapke saath?",भाभी जी क्या खूब हो,0.005,0.9954,-0.9903
train-5888,train,0,1,0.06480083,fn,source_label_wrong,0,"Beta bas akele nahi mil jana, pata hai tu kya hai?",बेटा बस अकेले नहीं मिल जाना,0.0065,0.0184,-0.0119
train-5895,train,0,1,0.3279432,fn,benign_looking_insult,0,Do kya char kori ke log bhi hamare kuchh nahi bada so,दो क्या चार कौड़ी के लोग भी हमारा कुछ नहीं बड़ा सो,0.0237,0.9626,-0.9389
train-5896,train,0,1,0.039226122,fn,sarcasm,0,Chal mera putta 🤟😂😍,चल मेरा पुत्त 🤟😂😍,0.9967,0.9581,0.0386
train-5912,train,0,1,0.15568785,fn,source_label_wrong,0,Lay kardak mast👌👌👌,लय कडक मस्त👌👌👌,0.0059,0.7791,-0.7731
train-5929,train,1,0,0.98541194,fp,source_label_wrong,0,"Aapke paas kitne kutte lene ho ge, maine ek kutta chahiye, aap deoge",आपके पास कितने कुत्ता लेना होगा मुझे ऐसा एक कुत्ता चाहिए आप देगे,0.9719,0.977,-0.0051
train-5931,train,0,1,0.3534426,fn,benign_looking_insult,0,Saram karo na buddhe,सरम करो ना बुड्ढे,0.9982,0.9627,0.0355
train-6000,train,1,0,0.81294084,fp,false_positive_other,0,Golgappe ki dukhan par fulki pani ke saamne sab gareeb aur aamir katori leke khade rehte hain,गोलगप्पे की दुकान पर फुल्की पानी के सामने सभी गरीब और अमीर कटोरे लेके खड़े रहते है,0.0163,0.9966,-0.9803
train-6004,train,1,0,0.9610634,fp,false_positive_other,0,"Comment kar do us video par, abhi se choda deta hu",कमेन्ट कर उस वीडियो पर अभी चढ़ा देता हूँ,0.0048,0.9992,-0.9944
train-6020,train,0,1,0.023068331,fn,obfuscation,0,Koi # pattaar se na maro #...🙏 mere 🤩 dewaneyn #😜 ko... 😒 bom #🧶 🧨 ka zamana # hai....😝 udd jaao 🔥☄ saale 🙈 ko।😝😜,कोई # पत्थर 🪨 से ना मारो #...🙏       मेरे 🤩 दिवानें #😜 को...  😒 बम #🧶 🧨 का ज़माना #  है....😝 उड़ा दो 🔥☄ साले 🙈 को ।😝😜                        🤣😂,0.9367,0.9485,-0.0118
train-6107,train,1,0,0.5568427,fp,obfuscation,1,A julum nahi ho skhta. Yeh ke kutta acid ka hai. Or ek scientist ne har davaion ka test karna jano ko istemal karte hai. Lo aise hi,ऐ जुलुम नहीं हो स्खता। यूं के कुत्ता एसिड का है.ओर एक स्ईंटीसो ने हर दवाईयां के टेस्ट कै लीये जानवरों को इस्तेमाल करते है.लो ऐसे ही,0.0062,0.8313,-0.8251
train-6125,train,0,1,0.15323794,fn,benign_looking_insult,0,"In choron ka main manakarta darta yeh hai. Mahavir jo gaoon mein usko recording hai meri pas 40 lakh bazaar par de rakhe logon ko lootate hain aur aamir banate hain. Mere saath lake par dacoity kar rakhe in logon ne, choron ne.",इन चोरों का मैन करता धरता यह है महावीर जिसने गांव में यह उसको रिकॉर्डिंग है मेरे पास ₹4000000 ब्याज पर दे रखे लोगों को लूटते हैं और अमीर बनते हैं मेरे साथ लाकर पर डकैती कर रख इन लोगों ने चोरों ने,0.9991,0.9678,0.0313
train-6150,train,0,1,0.054119907,fn,benign_looking_insult,0,Bhagwan ke bina kuchh bhi nahi pata nahi mil sakta jab chahiye insaan ko banaya hai sab kuchh kiya Bhagwan ke bina to link bhi khadi nahi hoti aur na badi hoti hai na chhoti hoti hai aur ab bana diye dawaiaan jitne ped paudhe wahi sab dawaiaan hai orat ko chahiye uske ling shakti ke dwara chalane wala Shiv Charcha E jaisa ban jaye aisi shakti har insaan ke pass honi chahiye orat ko chahiye bas uska pyaar adami ka dunia ka sukhaaram khaane wala har cheez din ke andar shakti jyada badhni padegi power har har Mahadev Om Namah Shivay Jay Mata Di,भगवान के बिना कुछ भी नहीं पता नहीं मिल सकता जब चाहिए इंसान को बनाया है सब कुछ किया भगवान के बिना तो लिंक भी खड़ी नहीं होती और ना बड़ी होती है ना छोटी होती है और अब बना दिए दवाइयां जितने पेड़ पौधे वह सब दवाइयां हैं औरत को चाहिए उसके लिंग शक्ति के द्वारा चलने वाला शिव चर्चा ए जैसा बन जाए ऐसी शक्ति हर इंसान के पास होनी चाहिए औरत को चाहिए बस उसका प्यार आदमी का दुनिया का सुखाराम खाने वाला हर चीज दिन के अंदर शक्ति ज्यादा बढ़ानी पड़ेगी पावर हर हर महादेव ओम नमः शिवाय जय माता दी,0.9819,0.9794,0.0025
train-6239,train,1,0,0.98786664,fp,false_positive_other,0,To ab ye gosala kon padha raha hai ki ladkiyan Lallan ka kapra pehkar gas cylinder ke jaisi dikhti hai 😜,तो अब ये अफवाह कौन फैला रहा है कि लड़कियां लाल का कपड़ो में गैस सिलेंडर की तरह दिखती है😜,0.0178,0.0256,-0.0078
train-6267,train,1,0,0.9655055,fp,false_positive_other,0,"Chalo kisi ladki ne ladkon ki bhagwan ko samajha, sahi kaha aapne",चलो किसी लड़की ने  लड़कों की भगवान को समझा सही कहा आपने,0.0197,0.9788,-0.9591
train-6287,train,0,1,0.3207502,fn,sarcasm,0,Pani me baithi hui bhesi aur serial dekhne baithi ladki kabhi jaldi nahi uthti..!! 😂😂😂,"पानी मे बैठी हुई भैस 🐃 और सीरियल देखने बैठी, लडकी 🙎 कभी जल्दी नही उंठती..!! 😂😂😂",0.1127,0.9766,-0.8639
train-6312,train,1,0,0.6380036,fp,false_positive_other,0,"Dosto se tuto karoge to kutta bhi satayege, aur dosto se jud karoge to sher bhi ghobarayege!!","""दोस्तो से टूट कर रहोगे तो कुत्ते भी सतायेंगे, और दोस्तो से जुड़ कर रहोगे तो शेर भी घबरायेंगे !!"" 🌹",0.0044,0.6217,-0.6173
train-6380,train,0,1,0.02378997,fn,benign_looking_insult,0,Ab kahan gaye jo TikTok ko badnam karte the... ye galat nahi lag raha ab kisi ko... 🙏🏻,अब कहाँ गए जो tiktok को बदनाम करते थे.... ये गलत नहीं लगरहा अब किसी को.. 🙏🏻,0.9949,0.9834,0.0116
train-6424,train,1,0,0.8024822,fp,source_label_wrong,0,Yehi andaz hota hai aur sher sher hota hai unke uppar sirf aur sirf kuttay bhokte hai,यही अंदाज होता है और शेर शेर होता है उनके उप्पर सिर्फ और सिर्फ कुत्ते हि भोकते है,0.9971,0.5946,0.4026
train-6434,train,1,0,0.5340415,fp,obfuscation,1,"Bahut accha hai, chahiye hamare ko Bannwari ji ke chutkule",बहुत अच्छा है चाहिए हमारे को बनवारी जी चुटकुले,0.5962,0.9992,-0.403
train-6453,train,1,0,0.93241024,fp,false_positive_other,0,Padega to aage badhega Inida mein,पढेगा तो आगे बढे गा इंनडीया,0.0049,0.974,-0.9692
train-6482,train,0,1,0.12989445,fn,source_label_wrong,0,Woh saap kal raat ek gadi ke niche ake mar gaya jo ne bhai ko kata tha aur kala hiran ke khana hai ki gadi me bhai nahi the. 😉😜😉😜😉,वह सांप कल रात एक गाड़ी के नीचे आके मर गया जिसने भाई को काटा था और काले हिरन का कहना है की गाड़ी में भाई नहीं थे।।।। 😉😜😉😜😉,0.0612,0.9945,-0.9333
train-6591,train,0,1,0.3164235,fn,benign_looking_insult,0,Salo naak karta dene wale purush jati ke. Ladkiyon se har gae.,सालो नाक कटा दी पुरुष जाति की । लड़कियों से हार गए ।,0.996,0.9723,0.0236
train-6603,train,1,0,0.5268896,fp,false_positive_other,1,"Inhone khud dekha hai, inka camera gadi ke peeche-peeche chal raha tha, abhi jaanch nahi aur bataya gaya ki gadi chadha di gayi hai",इंहोने खुद देखा है इनका कैमरा गाडी के पीछे-पीछे चल रहा था अभी जाँच नहीं और बता दिया गया कि गाडी चढा दी गई है,0.0078,0.9528,-0.945
train-6678,train,1,0,0.883386,fp,false_positive_other,0,"Arey kaltee, gaana to kam se kam sahi chun leti. Ham kala hai to kya ho gaya is type ka kuchh",अरे कालटी गाना तो कम से कम सही चुन लेती। हम काले है तो क्या हुआ इस टाइप का कुछ,0.0204,0.982,-0.9617
train-6693,train,0,1,0.030994514,fn,source_label_wrong,0,Like aur comment kiya aur aur Sunny Leone ka super video banaya,लाइक और कमेंट किया और और सनी लियोनी सुपर वीडियो बना,0.0045,0.013,-0.0085
train-6718,train,0,1,0.074655555,fn,benign_looking_insult,0,Aap ki jabariya dekh ke kisi mariz ki nind nahi aati hogi. 😅,आप की जबानी देख कर किसी मरीज की निंद नहीं आती होगी।😅,0.9893,0.9405,0.0488
train-6739,train,1,0,0.9086071,fp,false_positive_other,0,Kutte ki panch par,कुत्ते की पूंछ पर,0.0397,0.9948,-0.9551
train-6773,train,0,1,0.015616928,fn,source_label_wrong,0,Virat Kohli ko team se bahar kar diya jaye,विराट कोहली को टीम से बाहर कर देना चाहिए,0.0048,0.0151,-0.0103
train-6783,train,0,1,0.20776817,fn,benign_looking_insult,0,Tum kafi jyada sexy lag rahi ho,काफी ज्यादा सेक्सी लग रही हो तुम,0.0821,0.0052,0.0769
train-6799,train,1,0,0.9886,fp,false_positive_other,0,"Apna dhyan rakho, garm clothes pehna lo, sham ho jaegi toh","ध्यान देना अपना,गर्म कपड़े पहन लिया करो शाम होती है तो",0.0083,0.9861,-0.9779
train-6820,train,1,0,0.53125364,fp,false_positive_other,1,"Sarmaye mat khulke dance karo,","सरमाओ मत खुलकर डांस करो,,",0.0056,0.0064,-0.0008
train-6850,train,0,1,0.44693467,fn,sarcasm,1,Kuch ladkiya itni faltu baithi rehti hain ki chitti ke aage haath rakkar kehte hain ki ab kis des se jaayega 😳😳🤣🤣,कुछ लड़कियां इतनी फालतू बैठी रहती हैं की चीटी के आगे हाथ रखकर कहती हैं कि अब किधर से जायेगी 😳😳🤣🤣,0.9801,0.9799,0.0001
train-6861,train,0,1,0.1476819,fn,benign_looking_insult,0,"Ab isko main Sunny Leone ki guru bol sakti hoon, bol lo bhai log sahi kya galt keh rahe hain",अब इसको मैं सनी लियोन की गुरु बोल सकता हूं बोलो भाई लोग सही कहा या गलत,0.99,0.9673,0.0227
train-6868,train,0,1,0.019557007,fn,source_label_wrong,0,Didi aap sadeya kahan se lete ho,दीदी आप साडीया कहा से लेते हो,0.0246,0.0076,0.017
train-6935,train,1,0,0.95814484,fp,false_positive_other,0,Mere kutte jaise dost,मेरे कुत्ते जैसे दोस्त,0.0532,0.9209,-0.8677
train-6937,train,0,1,0.011535107,fn,source_label_wrong,0,Batao kab lagna hai seeney se👌👌,बताओ कब लगना है सीने से👌👌🥛,0.0156,0.0204,-0.0048
train-7015,train,1,0,0.9648353,fp,false_positive_other,0,"Sala ke pehle din hi aisi ghatna ho gayi, ab kya kya ho jayega 😥🥺🥺🥺😳😳",साल के पहले दिनों में ऐसी घटनाएं हो गई अभी और क्या क्या होगा 🥺🥺🥺🥺🥺😳😳😳,0.0096,0.9431,-0.9334
train-7022,train,0,1,0.48971805,fn,benign_looking_insult,1,Sabse bade ghadhe ne to post kiya hai wahi hai,सबसे बड़ा गधा तो को पोस्ट किया है वह है,0.9906,0.9857,0.005
train-7021,train,0,1,0.034987565,fn,source_label_wrong,0,"Tu bevaafa, tera pyaar bevaafa 💔🔥🔥💔💔💔💔💔💔💔💔",तु बेवफा तेरा प्यार बेवफा 💔🔥🔥💔💔💔💔💔💔💔💔,0.0565,0.6269,-0.5704
train-7088,train,0,1,0.052076522,fn,source_label_wrong,0,Iske MMS bhi aaya tha,इसका mms भी आया था,0.0116,0.0123,-0.0007
train-7099,train,0,1,0.09107904,fn,obfuscation,0,"Ek ganda pehle se tha, dusre ko bhi bulake diya hai","एक गधा पहले से ही था , दूसरा ओर बुला लिया है",0.977,0.9319,0.0451
train-7097,train,0,1,0.041851383,fn,benign_looking_insult,0,Mere latt ko le lo,मेरा लट्ट ले लो,0.9757,0.9878,-0.0121
train-7127,train,1,0,0.7179469,fp,false_positive_other,0,Hamese 20 guna kutte ke dimaag se tez hota hai,हमसे 20 गुना कुत्ते का दिमाग तेज होता है,0.0694,0.8787,-0.8093
train-7137,train,0,1,0.028296735,fn,obfuscation,0,"Ek se badkar ek hai, ek ganda to dusra giddar 🤩🤩🤩",एक से बढ़कर एक है एक गधा तो दूसरा गीदड़ 🤩🤩🤩,0.995,0.9979,-0.0029
train-7246,train,1,0,0.94402766,fp,caste_religious,0,India ke Mahbuba Mifti kehte hain hum tranga nahi uthaenge 🇮🇳 aur wahan Ukraine mein Indian Muslim toh chhodo Pakistan ke bhi tranga lharakar jindgi bache hain 😂,भारत महबूबा मुफ्ती कहती है हम तिरंगा नहीं उठाएंगे 🇮🇳  और वहां यूक्रेन में भारतीय मुस्लिम तो छोड़ो पाकिस्तानी भी तिरंगा लहराकर जान बचा रहे हैं ..😂,0.0147,0.9968,-0.9821
train-7274,train,0,1,0.036387615,fn,source_label_wrong,0,Bhaiya phir se tonti churaenge !!,भैया फिर से टोंटी चुराएंगे !!,0.005,0.0076,-0.0026
train-7327,train,0,1,0.015396068,fn,benign_looking_insult,0,Ek bahut chhiniya chorki log haiin,एक बहुत छिनार छोकरी लोग हैं,0.9992,0.9804,0.0188
train-7341,train,0,1,0.055494014,fn,benign_looking_insult,0,"Chunav ke samay neta har ghhar jaakar milate hai, chunav jeetne ke baad panch saal tak koi baat nahi karte.","चुनाव के समय नेता हर घर जाकर मुलाक़ात करते है, चुनाव जीतने के बाद पांच साल तक कोई बात नही करते है.",0.9483,0.9802,-0.0319
train-7362,train,1,0,0.90865976,fp,false_positive_other,0,"Maa-baap ka puja karo, vo kabhi paani ki tarah dubo kar nahi marte, nahi baadhi me ghar tabah karne wale hai log, nahi ag ki tarah jalane wale hai, ped se gir kar marne wale hai. Ped ghar par gir jaye to sab khatm ho jaye, par maa ki gود, baap ke kandhe par. Ya baap uthao bhi de to vo pakkar kar chumta hai. Inhe puja karo, samman karo. Pathar me ghee lagane se achha hai maa-baap ke bhojan me ghee daal.","माता पिता का पूजन कर वो कभी पानी की तरह डुबोकर नही मारते , नही बाढ मे घर तबाह करते है लोग , नही आग की तरह जलाते है , पेड से गिरकर मरते है  पेड़ घर पर गीर गया तो सारा खत्म पर माता की गोद पिता के कंधे पर  या पिता उछाल  भी दे तो वह पकड़कर  चूमता है   ,इन्हे पुजा कर सम्मान  कर   पत्थर  मे घी लगाने से अच्छा  है माता पिता की भोजन मे धी डाल",0.0166,0.9766,-0.9601
train-7369,train,0,1,0.017430222,fn,source_label_wrong,0,"Aap sab me se koi meri girlfriend hai. Sarmaati bahut hai, jawab nahi degi. 😊😊🤔🤔",आप सब मे से हि कोई मेरी गर्लफ्रेंड है ।  सरमाती बहुत है जवाब नही देगी । 😊😊🤔🤔,0.0093,0.0053,0.004
train-7399,train,1,0,0.86673194,fp,source_label_wrong,0,"Bank ki cashier ne khidki par khade adamko kehdiya 'paisa nahi hai'. Graak: aur do Modi Malaya ko paisa, saare paisa lekar bhag gaye videsh mein. Cashier ne khidki se hath nikala aur uski gardan dabocha kehke 'sale bank mein to hai, tera account mein nahi hai' bikhariya.","बैंक की cashier ने खिड़की पर खड़े आदमी को कहा 'पैसे नहीं है' ग्राहक: और दो मोदी माल्या को पैसा, सारे पैसे लेकर भाग गए विदेश में कैशियर ने खिड़की में से हाथ निकाला और उसकी गर्दन दबोच कर कहा 'साले बैंक में तो है तेरे खाते में नहीं है' भिखारी",0.8898,0.9691,-0.0793
train-7446,train,0,1,0.41347024,fn,benign_looking_insult,1,Barisat ka maza le raha ho dost 💚💜💛,वरसात का मजा ले रहे हो दोस्त 💚💜💛,0.0074,0.0224,-0.015
train-7462,train,1,0,0.97124803,fp,source_label_wrong,0,Sala teen baar dekhne ke baad samajh aaya,साला तीन बार देखने के बाद समझ आया,0.9532,0.0406,0.9126
train-7473,train,1,0,0.7632733,fp,false_positive_other,0,"Dharma ka chola wale shasan, annadata kisaan ki hatya dharma ko kalankit karnewala aparadhi hai. Annadata kise kise chhote vargo ka maal unke maalon ki koi value nahi hai. Tu tu tara beijjati hoti hai, bemaut bechara bhoole mar rahe hain. Dharma chola wale shasan bhari hui thali ache bhaagne ka lutf utha rahe hain. Aisa zulm kabhi nahi hua. Dharma ke baad bhola ke parivar aur bhola ko kalankit kiya gya hai. Yeh sanhaar yogya hai, baa bhola jai karo.",धर्म का चोला का शासन अन्नदाता किसान की हत्या धर्म को कलंकित करने वाला अपराधी है अन्नदाता के किसान छोटे वर्गों का माल उनके मालों की कोई वैल्यू नहीं है तू तू तारा बेइज्जती होती है  बेमौत बेचारे भूखे मर रहे हैं धर्म चोले शासन भरी हुई थाली अच्छे व्यंजन का लुफ्त उठा रहे हैं ऐसा जुल्म कभी नहीं हुआ धर्म के बाद भोले के परिवार और भोले को कलंकित किया है यह संहार योग्य है बा भोला जय करो,0.9558,0.9963,-0.0406
train-7489,train,1,0,0.99313337,fp,false_positive_other,0,"Koi jaroorat nahi, aap apne tak hi rehna, jyada fake kaam na karein",कोई जरूरत नहीं आप अपने तक ही रहे  ज्यादा फर्जी काम ही न करें,0.0126,0.984,-0.9714
train-7564,train,0,1,0.012410612,fn,benign_looking_insult,0,Hame mil jayega bur,हमको मिलेगा bur,0.9967,0.9727,0.0241
train-7619,train,1,0,0.7945568,fp,false_positive_other,0,"Kounsi na-insaafi ho rahi hai Muslims ke saath yahan?? Sabhi suvidhaon ka labh le rahe hain, mukt rashion, mukt ilaaj, mukt aawas lekin phir bhi galein Modi aur Hinduon ko hi dete hain ye sab. Ovaisi keh raha tha ki Modi-Yogi ke jane ke baad Allah insaaf karega to kya Allah ki bhi Modi-Yogi se fatta hai?? Insaf karni ka kshamta hai to turant karein.","कौन सी नाइंसाफ़ी हो रही है मुस्लिमों के साथ यहां??सभी सुविधाओं का लाभ ले रहे हैं, मुफ्त राशन, मुफ्त इलाज, मुफ्त आवास लेकिन फिर भी गालियां मोदी और हिंदुओं को ही देते हैं ये सब। ओवैसी कह रहा था कि मोदी- योगी के जाने के बाद अल्लाह इंसाफ करेगा तो क्या अल्लाह की भी मोदी योगी से फटती है ?? इंसाफ करने की क्षमता है तो तुरंत करें।",0.9687,0.9395,0.0292
train-7620,train,1,0,0.60561484,fp,false_positive_other,0,"Bharatiye Janata Party kisi gharib aadmi ko shahid bana hi nahi sakti, sirf badname de rahi hai. Is kon ke kon wale dal logon ne kiya hai, unka naam aajayega. Vote ka time aagaya hai, isliye chhote chhote galtiyon ko hi dikhane laga gaya hai.",भारतिये जनता पार्टी  घिनौना हरकत कभी कर ही नही सकती है सिर्फ  बदनाम करने के लिये इन किसानो को शहीद बनाया जा रहा है इस साजिश मे कौन कौन से दल है सबका नाम सामने आयेगा वोट नजदीक है ऐसी छिट पुट घटानाये छोटी छोटी होती रहेगी,0.973,0.9975,-0.0245
train-7646,train,0,1,0.4766058,fn,benign_looking_insult,1,Arey bhaiya tu duty karo,अरे भाड्या तू duty कर,0.9964,0.9738,0.0226
train-7650,train,0,1,0.02175187,fn,source_label_wrong,0,"Maine apni ma behen ke saath bhi aisa hota hai, tab unhe samajh me aayega ki apni ma behen aur dusre ki ma ke beech kya fark hai. Agar aap mere baat se agree hai to mere baat ko aur chalein.",माँ बहनो के साथ भी ऐसा होना चाहिए तब उन्हें समझ में आएगा की अपनी माँ बहन और दूसरे की माँ बहन में क्या फर्क है   मेरे बात से सहमत हैं तो मेरी बातें ओरो तक पहुंचा दे,0.0296,0.0101,0.0195
train-7680,train,0,1,0.33910075,fn,benign_looking_insult,0,"Dekho Sofia, aap kitni chest dikhate ho, hum ladke toh kya kareinge phir",देखो सोफिया आप कितनी छाती दिखाती हो हम लड़के तो क्या करेंगे फिर,0.9841,0.9772,0.0069
train-7702,train,1,0,0.80434716,fp,sarcasm,0,Is pants ne toh shirt aur pants dono ka kaam kar diya 😂😂,इस पैंट ने तो शर्ट और पैंट दोनो का काम कर दिया 😂😂,0.0093,0.9709,-0.9616
train-7712,train,1,0,0.8004751,fp,false_positive_other,0,"Log kya keh rahe hain ye mat dekhna, logon ko to kaam hai bhokna, tum apna kaam karte raho",लोग क्या कहते हैं यह मत देखो लोगों को काम है bhokna तुम अपना काम करते रहो,0.0099,0.0198,-0.0098
train-7715,train,1,0,0.99201477,fp,source_label_wrong,0,"Arj kiya hai, muskurana to har ladki ki adaa hai, wahi wala jo mohabbat samajhke uski chutiyabaz kar raha hai, vo sabse bada ganda hai",अर्ज़ किया है👈 मुस्कुराना 😕तो हर लड़की👉 👰की अदा है वाह-वाह उसे जो मोहब्बत👨‍❤️‍💋‍👨 समझे वो सबसे बड़ा 🐴🐴🐴🐴🐴🐴🐴🐴🐴 गधा है,0.8561,0.9992,-0.1431
train-7719,train,1,0,0.94581133,fp,source_label_wrong,0,"Tumhare jaise sherni wale log khud suar ke chehra lekar beauty parlour me jate hai chand bane ke liye, taki gali me ladke ko apni taraf attract kar sake. Agar itna sherni bane ka shauk hai to yeh desh ke sarhad par ladr rahi hoti. Sherni bas tum ladkiya apni ghar tak ho.",खुद सूअर का चेहरा ले कर ब्यूटी परलल में घुसती है चांद बनने के लिए ताकि सड़क पर लड़को को अपनी ओर आकर्षित कर सकू। अगर इतना ही शेरनी बनने का शौक होता न तो इस देश के सरहद पर लड़ रही होती। शेरनी बस तुम लड़किया अपने घर तक ही हो।,0.9961,0.0097,0.9864
train-7729,train,0,1,0.22268453,fn,benign_looking_insult,0,"+91- <number> )Samasya kisi bhi ho ghar baithe 𝟭𝟬𝟬% samadhan jaise:➡️💑Main kisi ko pyar mil jaye➡️👫Khoya pyar wapas paane ko➡️Pati-patni mein 🚻 problem hai to unki tujhawa karo➡️💫Kale jadoo se nikaal lo➡️🏡Grah klesha se nikaal lo➡️संतान सुख🤰 paane ka upay karo➡️💸 कारोबार me fitne ka hal karo➡️कचहरी ke mukeemay se nikaal lo➡️✈️Videsh yatra me rukaavat hal karo➡️🚀Apne career me success paane ka upay karo➡️🐍Kalesarap pujan ke liye mangalik dosh ko dur karo🙌 Note:Ek bar call karo, phle kuch kaam ki promise karte hai. Contact no:-☎+91- <number> 𝗢𝗻𝗲 𝗖𝗮𝗹",+91- <number> )समस्या कैसी भी हो घर बैठे 𝟭𝟬𝟬% समाधान जैसे :➡️💑मनचाहा प्यार पाए➡️👫खोया प्यार वापस पाएं➡️पति-पत्नी में🚻अनबन➡️💫तुड़वाये-करवाएं➡️🧟‍♀️काले जादू से छुटकारा पाएं ➡️🏡ग्रह क्लेश से छुटकारा पाएं ➡️संतान सुख🤰➡️कारोबार मैं मुनाफा कमाए💸💰➡️कचहरी के मुकदमे से छुटकारा पाएं ➡️🛫 विदेश यात्रा में रुकावट➡️अपने करियर में सफलता पाएं➡️🐍कालसर्प पुजा=मांगलीक दोष🙌 नोट:एक बार सेवा का मोका दे सबसे पहले काम करने का पका वादा । संपर्क नंबर :-☎+91- <number> 𝗢𝗻𝗲 𝗖𝗮𝗹𝗹 𝗖𝗮𝗻 𝗖𝗵𝗮𝗻𝗴𝗲 𝗬𝗼𝘂𝗿 𝗟𝗶𝗳𝗲   𝟭=𝗟𝗼𝘃𝗲 𝗣𝗿𝗼𝗯𝗹𝗲𝗺𝘀 𝗦𝗼𝗹𝘂𝘁𝗶𝗼𝗻 𝟮=𝗕𝘂𝘀𝗶𝗻𝗲𝘀𝘀 𝗣𝗿𝗼𝗯𝗹𝗲𝗺 𝗦𝗼𝗹𝘂𝘁𝗶𝗼𝗻 𝟯=𝗚𝗲𝘁 𝗬𝗼𝘂𝗿 𝗟𝗼𝘃𝗲 𝗕𝗮𝗰𝗸 𝟰=𝗖𝗼𝘂𝗿𝘁 𝗖𝗮𝘀𝗲 𝗣𝗿𝗼𝗯𝗹𝗲𝗺 𝗦𝗼𝗹𝘂𝘁𝗶𝗼𝗻 𝟱=𝗩𝗮𝘀𝗵𝗶𝗸𝗮𝗿𝗮𝗻 𝗦𝗽𝗲𝗰𝗶𝗮𝗹𝗶𝘀𝘁 𝟲=𝗕𝗹𝗮𝗰𝗸 𝗠𝗮𝗴𝗶𝗰 𝗦𝗽𝗲𝗰𝗶𝗮𝗹𝗶𝘀𝘁 𝟳=𝗟𝗼𝘃𝗲 𝗠𝗮𝗿𝗿𝗶𝗮𝗴𝗲 𝗦𝗽𝗲𝗰𝗶𝗮𝗹𝗶𝘀𝘁 𝟴=𝗙𝗮𝗺𝗶𝗹𝘆 𝗣𝗿𝗼𝗯𝗹𝗲𝗺𝘀 𝘀𝗼𝗹𝘂𝘁𝗶𝗼𝗻 𝟵=𝗠𝗼𝗻𝗲𝘆 𝗣𝗿𝗼𝗯𝗹𝗲𝗺𝘀 𝗦𝗼𝗹𝘂𝘁𝗶𝗼𝗻 𝟭𝟬=𝗝𝗼𝗯 𝗣𝗿𝗼𝗯𝗹𝗲𝗺𝘀 𝗦𝗼𝗹𝘂𝘁𝗶𝗼𝗻 𝗔𝗹𝗹,0.9947,0.8915,0.1031
train-7763,train,1,0,0.8719177,fp,false_positive_other,0,Andar bal kar liye aur upar se kapde pehne rakhe hain,अंदर बाल कर लिये और ऊपर से कपड़े पहन रखे हैं,0.0235,0.9929,-0.9694
train-7768,train,0,1,0.020944744,fn,source_label_wrong,0,Chai naahi peeeta hoon main isko hi chhod diya ok,चाइना से आया हैं क्या देवा रे देवा 😳😳😳😳😳😳😳😳😳😳😳😳😳,0.0296,0.987,-0.9574
train-7776,train,0,1,0.013270054,fn,source_label_wrong,0,"Socha tha main kabhi tumse baat nahi karegi, par meri jaan tumse hi dekhte hue dil ko dhoka de gayi.","सोचा था तुझसे कभी बात नहीं करूंगी,  पर मेरी जान तुझे देखते ही दिल धोका दे गया।।",0.0108,0.0303,-0.0195
train-7808,train,0,1,0.010723597,fn,source_label_wrong,0,Galat baat hai aapki,गलत बात है आपकी,0.0124,0.0075,0.0049
train-7799,train,1,0,0.6562379,fp,false_positive_other,0,"Isme is bacche ki nahi, bacche ki ma ki galti hai kyunki bacche ko to ganga ma ki importance hi nahi pata hai par bacche ki ma ko to sab pata hai phir bhi aisi galti kar rahi hain sabka dharam nash kar rahi hain 😠😠😠😠",इसमें इस बच्चे की नही बच्चे की माँ की गलती है क्योंकि बच्चे को तो गंगा माँ का महत्व  ही नही पता है पर बच्चे की माँ को तो सब पता है फिर भी ऐसी गलती कर रहीं हैं सबका धरम नष्ट कर रहीं हैं 😠😠😠😠,0.0104,0.962,-0.9516
train-7816,train,1,0,0.9929294,fp,source_label_wrong,0,Ab toh tera kapda bhi utar jao,अब तो तु कपड़े भी उतार दे,0.9911,0.991,0.0001
train-7844,train,1,0,0.6980689,fp,obfuscation,0,"Samne se propose karne ka bahut man kar raha hai sweetheart, lekin jab tum samne aote ho toh bahut dar bhi lagane laga hai aur sharam bhi lagti hai. Phir sochta hun apni sweetheart ko kis baat ka dar aur sharam? Kisi baar bolunga samne se okk my love",सामने से प्रपोज करने का बहुत मन करता है sweetheart लेकिन जब तुम सामने आते हो तो बहुत डर भी लगने लगता है और सरम भी लगती है फिर सोचता हूं अपनी sweetheart हो किस बात का डर और सरम कभी बोलूंगा सामने से okk my love,0.0048,0.0093,-0.0045
train-7874,train,0,1,0.018331787,fn,benign_looking_insult,0,Tujhie 🍎🍎💗💗 kitni motiya ahe,तुझी  🍎🍎💗💗किती  मोठ्या  आहेत,0.986,0.9952,-0.0092
train-7886,train,1,0,0.9349273,fp,source_label_wrong,0,"Fake hai, nakhli hai yaar",फेक है नकली है यार,0.8901,0.0136,0.8765
train-7893,train,1,0,0.9722539,fp,source_label_wrong,0,"Aisi dukhda video dekh kar man bahut pereshaan hota hai, Bhagwan iske bure karmon ki saza zarur dega. Isko fansi honi chahiye, is kutte ko bhi berehmi ki maut marne chahiye.",ऐसी दुखद वीडियो देख कर मन बहुत परेशान होता है भगवान इसके बुरे कर्मों की सजा जरूर देगा इस को फांसी होनी चाहिए इस कुत्ते को भी बेरहमी की मौत मारना चाहिए,0.9969,0.971,0.0259
train-7907,train,0,1,0.3028471,fn,benign_looking_insult,0,Bhagwa terrorists ne chalti train me fire kiya 😥😥😥,भगवा आतंकियों ने किया चलती ट्रेन में फायरिंग😥😥😥,0.994,0.9392,0.0548
train-7946,train,0,1,0.07349149,fn,obfuscation,0,Ye Rahul Gandhi ke formula se banaya gaya hai kyunki vo aalu se sona bana sakte hai to 63 lakh unke liye kya cheez hai,ये राहुल गांधी का फार्मूला से बना है क्युकी वो आलू से सोना बना सकता है तो ६३ लाख उसके लिए क्या चीज़ है,0.9644,0.9661,-0.0017
train-7953,train,1,0,0.9922351,fp,source_label_wrong,0,"Isko besharam nahi kehte, sahan shakti kehte hai",इसे बेशरम नहीं कहते हैं सहन शक्ति कहते हैं,0.9818,0.9979,-0.0161
train-7950,train,1,0,0.9532978,fp,caste_religious,0,"Hindu jati biraderi me itna bat gaya ki upar wale bhi niche aaye aur unse bhi puchenge ki aap kon si jati biraderi ho. Iske jimmewar kon? Aaj bhi bare jat ke log chote gharon me paani peena nahi karte, unke jimmewar kon? Aaj tum chote logon ko gale lagakar rakhte ho to Kasmir se 7 lakh Brahmon ki kya baat hai, unki baahar nikalne ki koshish bhi nahi ki gayi, iske jimmewar kon?",हिंदू जाति बिरादरी में इतना bat गया कि स्वयं ऊपर वाले भी नीचे आएंगे उनसे भी पूछेंगे प्रभु आप कौन सी जाति बिरादरी  हो इसके जिम्मेदार कौन आज भी  bare  जात के लोग छोटे घरों में पानी पीना पसंद नहीं करते वह इसका जिम्मेदार कौन आज तुम छोटे लोगों को गले लगाकर रखते तो कश्मीर से 700000 है ब्राह्मणों को नहीं निकाला जाता इसके जिम्मेदार कौन🙏🙏🙏,0.0163,0.9989,-0.9826
train-8030,train,1,0,0.9479209,fp,false_positive_other,0,Tum sari pehna ke kya?,तुम साडी पहनते हो,0.0185,0.8017,-0.7831
train-8039,train,0,1,0.23862119,fn,benign_looking_insult,0,Ek baar chilla tab sudharaaram se,एक बार में चिलाबू ताब सुधर  आराम से,0.0463,0.6195,-0.5732
train-8035,train,0,1,0.025494972,fn,sarcasm,0,"Aapki saali ari ji bulaya re, mainu call karo re mainu",आपकी साली आरी जी बुला री मुझे मीनु,0.9698,0.9596,0.0102
train-8081,train,1,0,0.9609654,fp,false_positive_other,0,Sexy laga hai,सेक्सी लग रहा है,0.0583,0.9907,-0.9324
train-8072,train,0,1,0.088147946,fn,benign_looking_insult,0,Telchatto aur kya kar sakte ho be?,टेलचट्टो और कर भी क्या सकते हो,0.9977,0.9924,0.0054
train-8136,train,1,0,0.99278,fp,sarcasm,0,"Bhai vo bande body banate hai dikhaane ke liya, logo toh shirt fodeinge toh show kam hogi body 😂🤣🤣😂",भाई वो बन्दे बॉडी बनाते है दिखाने के लिया लोगो तो शर्ट फनेंगे तो शो काम होंगी बॉडी 😂🤣🤣😂,0.5137,0.9976,-0.4839
train-8134,train,1,0,0.991703,fp,obfuscation,0,"Jay Mata Di, Adi Shakti Mata ko koti-koti namnam, sabhi Mataon ko koti-koti namnam. Par raj karne wale logo ka sangh de raha hai, aur jo randi rakshas sale raj kar rahe hai, unki mara nahi hui. Insan nari ko kab tak?",जय माता दी आदिशक्ति माता को कोटि-कोटि नमन सभी माताओं को कोटि-कोटि नमन पर राज कर रहे हैं और राज करने वालों का संघ दे रहा है वह भी तक मरे नहीं है जो रंडी राक्षस साले राज कर रहे हैं इंसान नारी वह कब तक म,0.0212,0.9765,-0.9553
train-8146,train,0,1,0.036327682,fn,benign_looking_insult,0,Tumko fire nahi chaka hai,फaयर नहीं छका है तू,0.9975,0.9728,0.0247
train-8148,train,1,0,0.7517309,fp,false_positive_other,0,"Gallery ki photo wala hai, chillana kyun band nahi karta tu",गैलरी की फोटो,0.0079,0.2799,-0.272
train-8178,train,0,1,0.023404157,fn,source_label_wrong,0,"Ek baar phir se bata rha hu ki maine koi ghamand nahi hai ok bye, ab se aap apne raaste aur main meri raaste",एक बार फिर से बतादू की मुझे कोई घमंड नहीं है ओके बाए आज के बाद आप अपने रास्ते और मैं मेरे रास्ते,0.0084,0.0094,-0.001
train-8179,train,0,1,0.49098396,fn,benign_looking_insult,1,"Sabke paas vote nahi hai animals, fir bhi hum unki service karte hain: PM Narendra Modi. Ummid hai aap log samajh gaye honge kitne kam shabd me apni baat kyun rakh raha hai!","😏""जानवर हमें वोट नहीं देते हैं फिर भी हम उनकी सेवा करते हैं !"":PM नरेंद्र मोदी।  😏उम्मीद है कि आप लोग समझ गए होंगे कितने कम शब्दों में अपनी बात रखी है!🤔🙄👻",0.9614,0.9105,0.0509
train-8226,train,0,1,0.03960306,fn,source_label_wrong,0,"Insan apni nazar me sahi hona chahiye, baaki dunia toh bhagwan se bhi dukhi hai🙂🙂🙂😌😌",इंसान खुद की नजर में सही होना चाहिए बाकी दुनिया तो भगवान से भी दुखी है🙂🙂🙂😌😌,0.0519,0.0362,0.0157
train-8219,train,0,1,0.29319695,fn,obfuscation,0,Kutte ke bhowkne se sher apna raasta nahi badalta hai. 🚩🚩,कुत्तों के भौंकने से शेर अपना रास्ता नहीं बदलता है।  🚩🚩,0.9965,0.9668,0.0297
train-8266,train,1,0,0.5726282,fp,false_positive_other,1,"Arey bhaiyo inko sirf IPL khelke paisa kamane ka kaam hai, desh se kya matlab hai",अरे भाइयों इनको सिर्फ आईपीएल खेल कर पैसे कमाने का काम है देश से क्या मतलब,0.0151,0.9821,-0.967
train-8270,train,1,0,0.6493639,fp,false_positive_other,0,"Kya gazab hai na, Delhi wali dil de rahi hai, Patna wali pat rahi hai... Uttarakhand wali ne bhi uttar dena band kar diya hai... 😎😎😎 😄😄😄","😎😎😎  क्या गजब है   ना दिल्ली वाली दिल दे रही है,   ना पटना वाली पट रही है..!   उत्तराखंड वाली ने भी उत्तर देना बंद कर दिया है...  😉😉😉😂😂😂",0.0049,0.0823,-0.0775
train-8314,train,0,1,0.016329186,fn,source_label_wrong,0,Kuchh din tak chhod dijiye,कुछ दिनों तक छोड़ दिजिए,0.0072,0.0055,0.0017
train-8302,train,1,0,0.98819846,fp,obfuscation,0,"Ha sab log ise hi hote hai, kutte ko do bakchodi roti to de nahi sakte hai aur uske peechhe danday leke bhag padte hai. Agar usko kuch nahi de sakte to uske peechhe danday leke bhaago bhi mat aur dekho.",हाँ सभी लोग ऐसे ही होते है कुत्ते को दो बक़्त की रोटी lतो दे नहीं सकते है और उसके पीछे डंडे लेकर भाग पड़ते है. अगर उसे खाने के लिए कुछ नहीं दे सकते हो तो उसके पीछे डंडे लेकर भागो भी मत... और देखें,0.0396,0.9992,-0.9596
train-8311,train,1,0,0.50513893,fp,false_positive_other,1,"Uske liye kisi se zor-jabardasti se rishte banane ki koshish nahi karni chahiye, rishte zor-jabardasti nahi banthe unhe banana padata hai aur hamare yeh sab cheezon se koson door rehte hain sirf logon ki aukat dikhane ke liye yahan ake aukat dikhaye, warna hamen in cheezon aur baton ki kisi tarah ki zaroorat nahi. zaroorat wahi hoti hai jahan kisi ki zaroorat puri ho rahi ho. Tumne baton ko wahi tak dohara na achha hota hai.",उसके लिए किसी से ज़ोर जबरदस्ती से रिश्ते बनानें कीमत कोशिश नहीं करना चाहिए रिश्ते ज़ोर जबरदस्ती नहीं बनते उन्हें बनना पड़ता है और हमारे ये सभी चीजों से कोसों दूर रहते हैं सिर्फ लोगों की औकात दिखा ने के लिए यहां आकर औकात दिखा ये वरना हमें इन चीजों की और बातों कीमत जरूरत नहीं जरुरत वहां होती है जहां किसी की जरूरत को पूरा किया हों तुमने बातों को वहीं तक दोहराना अच्छा होता है,0.0209,0.987,-0.9661
train-8329,train,1,0,0.93005407,fp,false_positive_other,0,A chuddya kahan milegi,ऐ चुडिया कहां मिलेगी,0.0056,0.9992,-0.9937
train-8359,train,0,1,0.4374266,fn,benign_looking_insult,1,Sovaar ki all hai tu dalne wala,सूवर की ऑल है तू डालने वाले,0.9976,0.997,0.0006
train-8346,train,1,0,0.58574,fp,obfuscation,1,"Jab Nabi ki aamad hoti hai, tab asmaan me ek aawaaz buland hoti hai, ""Ey dafna hone wali bacchiyon, ey chitaon pe jalne wali bevaon, paresaan mat ho, tumko bacane ke liye, Muhammad e Rasool Allah ka a gaye hain."" Kahati thi bevaaye ilahi bej jalewa noor ka, dafna hoti bacchiyan takti thi rasta noor ka, naariyon ka dawar tha dil jal raha tha noor ka, tum ko dekha ho gaya thanda kaleja noor ka, subah teeba me hui batata hai badar noor ka, sadka lena noor ka aya hai tara noor ka, main gada tu badshah bharna de payala noor ka, teri nasle paak me hai baccha baccha noor ka, tu hai ehal e noor, tera sab gharana noor ka.","जब नबी की आमद होती है,। तो आसमान में एक आवाज़ बुलन्द होती है, ए दफ़्न होने वाली बच्चियों ए चिताओ पे जलने वाली बेवाओं परेशान मत हो, तुमहे बचाने के लिए, मौहम्मदुर रसूल अल्लाह का आ गए हैं , । कहती थी बेवाये इलाही भेज जलवा नूर का, दफ़्न होती बच्चियां तकती थी रस्ता नूर का, नारियों का दौर था दिल जल रहा था नूर का, तुम को देखा हो गया ठंडा कालेजा नूर का, सुबह तेबा में हुई बटता हैं बाड़ा नूर का, सदका लेने नूर का आया है तारा नूर का,में गदा तू बादशाह भर दे प्याला नूर का तेरी नस्ले पाक में है बच्चा बच्चा नूर का तू हे एहले नूर तेरा सब घराना नूर का,,,",0.0112,0.9123,-0.9011
train-8367,train,1,0,0.98770744,fp,false_positive_other,0,Sap ko machli aur tota doodh nahi pite hai pagal😄,सॉप को  मछली और तोता दुध नहि पुते है pagal😄,0.027,0.9981,-0.9711
train-8380,train,0,1,0.020479131,fn,source_label_wrong,0,Kyunki maine 26 saal me puri duniya dekha li hai,क्योंकि मैंने 26 साल में पूरी दुनिया देख ली,0.023,0.0169,0.0061
train-8376,train,1,0,0.8591485,fp,source_label_wrong,0,Kohli ne apne saale ko gift me match diya hai,कोहली ने अपने साले को गिफ्ट में दिया है मैच,0.9044,0.028,0.8765
train-8385,train,0,1,0.011481167,fn,source_label_wrong,0,Aap in clothes me bahut good lag rahi ho,आप इन कपड़ों में बहुत अच्छी लगती हैं,0.0252,0.0117,0.0135
train-8404,train,0,1,0.32284862,fn,benign_looking_insult,0,Jyoti meri thigh par beth jao aao 🍌🍌💋💋,ज्योति मेरी जांघ पर बैठ जा आकर 🍌🍌💋💋,0.9964,0.9949,0.0014
train-8423,train,1,0,0.99137527,fp,obfuscation,0,Tujhe sexy lagta hai? Chutiya!,यू आर सेक्सी,0.0291,0.9976,-0.9685
train-8489,train,1,0,0.9501252,fp,false_positive_other,0,"Dusro ki post chor ke apne naam se post karna achha hai? Thik se batao na, copycat!",दुसरो की पोस्ट को चोरी करके अपने नाम से पोस्ट करना अच्छी बात है ?,0.01,0.827,-0.817
train-8483,train,0,1,0.3123134,fn,benign_looking_insult,0,"Bhai tu abhi baccha hai, samajh gaya warna badme tera dikkt ho jayega, soch samjhkar comment karo",भाई तू अभी बच्चा है समझ गया वरना बाद में तेरे को दिक्कत हो जाएगी सोच समझकर कमेंट किया कर,0.9255,0.9807,-0.0551
train-8508,train,1,0,0.9664955,fp,false_positive_other,0,"Baba, boojhapan mei kya kar raha hai ab, gadi chalayega hi kya?",बाबा बुढ़ापे में क्या कर रहा है अब गाड़ी चला पाएगा,0.0096,0.0231,-0.0135
train-8510,train,1,0,0.96289176,fp,false_positive_other,0,"Aisa khel barbaad karta hai, bacche paisa chor chor kar khelte hai aur har jaate hai to ghar wale ke dar mein suicide kar lete hai, ye ghatna hamare shehar taraf teen baar ho gaya hai, pls don't play this game",ऐसा खेल बर्बाद कर देता हैं बच्चे पैसे चुरा चुरा कर खेलते है और हर जाते है तो घर वाले के डर में सुसाइट कर लेते है ये घटना हमारे सहर तरफ तीन बर हों गया है pls don't play this game,0.0075,0.9745,-0.967
train-8515,train,1,0,0.9946936,fp,obfuscation,0,20 saal wala chutiya,20 साल वाल,0.007,0.9992,-0.9922
train-8546,train,1,0,0.93424296,fp,false_positive_other,0,Chunav ka free offer sale lagaya hai kya...?,चुनाव का फ्री ओफर सेल लगा है क्या....?,0.0065,0.9977,-0.9913
train-8569,train,0,1,0.027525006,fn,source_label_wrong,0,Kitna man ho toh aap hamare paas aajao na,कितना मन हो तो हमारे पास आ जाना,0.0058,0.0184,-0.0127
train-8564,train,0,1,0.18248942,fn,benign_looking_insult,0,Tere ko 🌹 thukaaii karana koi 💋 ladka 💋 dekh lele,"तेरे,को, 🌹 ठुकाई,कराना,कोई, 💋 लडका 💋 देख,लेले",0.9838,0.9271,0.0567
train-8588,train,0,1,0.039245784,fn,benign_looking_insult,0,"Jitni ID ban kar saki hai kar, jitni ID block kar saki hai kar, par teri main dhajjiyaan udday dunga, ye promise hai tera se. Tu Owasi ki badi ammi ban rahi hai na, aaj 4 ID se aya hu. Kal tu dekh tera kya hal karta hu. Main to tujne jo galti ki hai uski maafi to kabhi ho hi nahi sakti.",जितनी आईडी बैन कर सकती है कर जितनी आईडी ब्लॉक कर सकती है कर पर तेरी मै धज्जियां उड़ा दूंगा यह प्रोमिस है तेरे से तू ओवैसी की बड़ी अम्मी बन रही है ना आज 4 आईडी से आया हु कल तू देख तेरा क्या हाल करता हु मै तूने जो गलती की है उसकी माफ़ी तो कभी हो ही नहीं सकती,0.9934,0.9895,0.0039
train-8606,train,0,1,0.41763002,fn,obfuscation,1,"Ghee wala chauda hota hai, vo sahi hai, par jo hum apni jindgi se jyada pyaar karte hai unhe vaishya ji kehne wala toh chutiya hai! I love you my life wife vaishi babu ❤️❤️",छाली को जो गर्म करके बनाते है उसे घी कहते है!  जिसे हम जान से ज्यादा प्यार करते उसे वैश्य   जी कहते है।       I love you my life wife vaishi babu ❤️❤️,0.9322,0.9987,-0.0665
train-8658,train,0,1,0.17478958,fn,source_label_wrong,0,Is paani mein hub ja,इस पानी में हुब जा,0.014,0.8714,-0.8574
train-8665,train,0,1,0.02164066,fn,source_label_wrong,0,Chehra dekhke decide ho jata hai ki kaun sa kis se best lagega,चेहरा देखकर तय किया जाता है कि कौन सा किस अच्छा लगेगा,0.0067,0.0073,-0.0006
train-8667,train,1,0,0.9823554,fp,false_positive_other,0,Apne bhagwan ke cartoon bana ke post karte ho kya?,खुद के भगवान का कुछ भी कार्टून बना के पोस्ट करते हो।,0.0214,0.9691,-0.9477
train-8657,train,0,1,0.15662585,fn,obfuscation,0,"Bharosa karo Rabb, jo insaan kehta hai, main par bharosa karo main bahut accha hoon, main imandar hoon, woh ek number ka haraam jyada hota hai. Insan ko Allah ne mitti se banaaya hai, pani mein mila aur kuch bhi ho jata hai—kabhi hathi banta hai, kabhi insaan banta hai, kabhi kutta banta hai. Insan par bharosa karna galat hai. Agar woh sachcha hai to aapki takdeer hai, hazaro jhootha hai to aapki saza hai.",भरोसा करो रब्बा जो इंसान कहता है मुझ पर भरोसा करो मैं बहुत अच्छा हूं मैं ईमानदार हूं वह एक नंबर का हराम ज्यादा होता है इंसान को अल्लाह ने मिट्टी से बनाया है पानी में मिला और कुछ भी हो जाता है कभी हाथी बनती है कभी इंसान बनता है कभी कुत्ता बनता है इंसान पर भरोसा करना गलत है अगर वह सच्चा है तो आपकी तकदीर हजारों झूठा है तो आप की सजा है,0.9857,0.9561,0.0296
train-8682,train,0,1,0.017601488,fn,source_label_wrong,0,Mere chat room se dusre ke chat room mein chali gayi 👻😉,मेरे चैट रूम फिर दूसरे के चैट रूम 👻😉चली गई,0.0257,0.0142,0.0115
train-8688,train,1,0,0.9704974,fp,sarcasm,0,Mere paaloo ke kutta ka 🤣🤣🤣,मेरे पालतू कुत्तो का 🤣🤣🤣,0.0268,0.9792,-0.9525
train-8698,train,0,1,0.09657578,fn,source_label_wrong,0,Girlfriend patli hi honi chahiye kam se kam gussa aaye to usko uthake phenske 😁😁🤭🤓😂,गर्लफ्रेंड पतली ही होनी  चाहिये  कम से कम गुस्सा आये तो उसे उठा के फेंक तो सकें😁😁🤭🤓🤓😂,0.0584,0.0197,0.0387
train-8703,train,1,0,0.58388823,fp,false_positive_other,1,"Thodi sharm karo, sharm a rahi hai 😭😭😭",शर्म करो थोड़ी शर्म 😭😭😭,0.4945,0.9343,-0.4398
train-8714,train,1,0,0.8823599,fp,source_label_wrong,0,"Hey kid, lay white philya yaanchya gandit gole marlay pahije, hya vote collar muli bichela lagaycha vel alayi",ही किडं लय वाईट पहिल्‍या यांच्‍यां गांडित गोळ्‍या मारल्‍या पाहिजेत ह्‍या वाॅईट काॅलर मुळे भिकेला लागायची वेळ आलीय,0.9993,0.9964,0.0029
train-8743,train,1,0,0.98492277,fp,false_positive_other,0,"Pehle khaata khola, saare paisa bank me jama ho gaya, phir bank ko bech diya. Mubarak ho Modi ji, ek baar phir Modi Sarkar.",पहले खाता खोल कर सारे पैसे बैंक 🏦 में जमा होए फिर बैंक 🏦 को बेच दिया मुबारक हो मोदी जी एक बार फिर मोदी सरकार,0.0222,0.9875,-0.9653
train-8759,train,1,0,0.97872454,fp,false_positive_other,0,"Modi ka koi bharosa nahi hai, abhi likhit roop se kuch bhi nahi diya gaya hai, sirf mukh roop se bola gaya hai, uspe hum bharosa nahi kar sakte",मोदी का कोई भरोसा नहीं है अभी लिखित रूप से कुछ भी नहीं दिया गया है केवल मौखिक रूप से बोला गया है उस पर हम भरोसा नहीं कर सकते,0.0099,0.9725,-0.9626
train-8764,train,1,0,0.6904983,fp,false_positive_other,0,"Aajkal lugaai sanskari zyada hai, log amma ki dawaai khatam ho jaye koi baat nahi, lippistik khatam nahi hone chaiye. Bapu ka chashma tut gaya koi baat nahi, londa angreji school jayega donation de ke, ma-bap ki kardar wala paper se nahi seekhta. Insan mohsus karna pada hai — no mahine ma ka dar, bapu ka paseena, ma ki EMI de nahi sakte, bapu ka kardja kahan utarega. Dil dukhta hai vridh ashram ke bod de ke. 😔",आजकल लुगाई संस्कारी ज़्यादा हैं लोग अम्मा की दवाई ख़त्म हो जाये कोई बात नहीं लिपिस्टिक खत्म नहीं होनी चाहिये बापु का चश्मा टुट गया कोई बात नहीं लोंडा अंग्रेजी स्कूल में जायेगा डोनेशन दे के माँ बाप की कदर वाल पेपर से नहीं सीखता इंसान महसुस करना पड़ता है नो महीने माँ का दर्द बापु का पसीना माँ की ई एम आई दे नहीं सकता बापु का कर्जा कहाँ उतारेगा दिल दुखता है वृद्ध आश्रम के बोड देख के..😔,0.0119,0.0135,-0.0016
train-8775,train,0,1,0.38487372,fn,benign_looking_insult,0,Ratri jhopata na he map ghete ka,रात्री झोपताना ही माप घेते का,0.0263,0.0156,0.0107
train-8822,train,0,1,0.04801389,fn,benign_looking_insult,0,Biharini ki English,बिहारिन की अन्ग्रेज़ी,0.9951,0.9518,0.0433
train-8825,train,1,0,0.73779553,fp,false_positive_other,0,Sab sh*t nikal diya shayad,सब शेट्ट निकाल दिया शायद,0.0186,0.9852,-0.9666
train-8838,train,1,0,0.9959502,fp,obfuscation,0,Chuna lagate ho? Chutiya bnaney wala hai tu.,चुना लगाते हो,0.006,0.9978,-0.9917
train-8841,train,0,1,0.0154781295,fn,source_label_wrong,0,Nagin saa roop tera 😫😫😫👌🌹🌹👌,👌🌹🌹👌👌😫😫😫 नागिन सा रूप तेरा,0.0067,0.0054,0.0013
train-8843,train,1,0,0.926944,fp,false_positive_other,0,"Aise college school bad ho na chaiye, khub serial karo takay pata chale apni sarkar ko",ऐसै कोलज सकूल बद हो नै चाहीए खूब सेर करो तकी पता चलै अपनी सरकार को,0.2829,0.9952,-0.7123
train-8852,train,1,0,0.9001404,fp,false_positive_other,0,Mardon ki pahchan se judi currency mahilalon ki girfth me... dusri baat mahilalon se note lena kiya inkar to surma pahalwan mard ke pahuchne ki der hai.. phir kya kya hota hai,मर्दो की पहचान से जुडी करेंसी महिलाओ की गिरफ्त मै... दूसरी बात महिलाओ से नोट लेने से किया इंकार तो शुरमा पहलवान मर्द के पहुंचने की देर है.. फिर क्या क्या होता है,0.007,0.0334,-0.0264
train-8850,train,1,0,0.9365621,fp,source_label_wrong,0,"Hari Lal Gandhi ne 27 June 1936 Nagpur me Islam kabool kiya aur 29 June 1936 Mumbai me isko saarvika ghoshna kiya ki wo Abdullah ban gaya hai. Zakariya ne 1 July 1936 Abdullah ke ghar me baithke roshar bhare shabd me kaha - Abdullah, main kya sun raha hoon ki tumhare 7 saal ki beti Arya Samaj mandir me havan karna jati hai? Ab tak wo Muslim kyun nahi ban gayi? Isko bhi banaya jaaye, agar isko Muslim nahi bana diya gaya to iska tumse kuch bhi sambandh nahi hai. Hari Lal ke Islam ke rang chadh gaye the aur wo har haal me pura Hindustan ko Islamic desh banana chahta tha. Wo Zakariya ke sawal ka kuch jawab nahi diya. Lekin Manu ne jawab diya ki ""Main Islam kabool nahi karna."" Zakariya ne Abdullah ke masoom beti Manu jo us samay","😡महात्मा गांधी के पुत्र हरिलाल गाँधी ने *27 जून 1936* को नागपुर में इस्लाम कबूल किया था और *29 जून 1936* को मुंबई में उसने इसकी सार्वजनिक घोषणा की कि वो हरिलाल गाँधी से *अब्दुल्लाह* बन गया है। *1 जुलाई 1936* को जकारिया ने अब्दुल्लाह के घर की बैठक में बैठे हुए रोष भरे शब्दों में कहा- अब्दुल्लाह, यह मैं क्या सुन रहा हूँ कि तुम्हारी यह *सात साल की छोकरी आर्य समाज मंदिर में हवन करने जाती है?’’* यह अब तक मुस्लिम क्यों नहीं बनी ? इसे भी बनाइए, यदि इसे मुस्लिम नहीं बनाया गया तो इसका तुमसे कुछ भी संबंध नहीं है।’ ￼￼￼￼￼￼￼￼￼￼ ￼￼￼￼￼￼￼￼￼￼ हरिलाल पर इस्लाम का रंग चढ़ गया था और हर हाल में पूरे हिंदुस्तान को इस्लामी देश बनाना चाहता था।  वह जकारिया के सवाल का कुछ जवाब नहीं दिया। लेकिन मनु ने जबाब दिया कि *‘‘मैं इस्लाम कबूल नहीं करूंगी’’* जकारिया ने अब्दुल्लाह की मासूम बेटी मनु जो उस समय सात या आठ साल की ही थी, उसकी ओर मुखातिब होकर कहा,  तुम इस्लाम क्यों नही कबूल करोगी ? ￼￼￼￼￼￼￼￼￼￼￼￼￼￼￼￼￼￼ यदि तुम इस्लाम कबूल नहीं करोगी तो तुम्हें मुंबई की चैपाटी पर नंगी करके तुम्हारी बोटी-बोटी करके चील और कव्वों को खिल",0.958,0.9074,0.0506
train-8868,train,0,1,0.017682943,fn,benign_looking_insult,0,"Is tanashaah ko Bharat mein hona chahiye, jo log Modi ji se nakhush hain unhe khush rehne ka achcha muka milti hai",इस तानाशाह को भारत में होना चाहिए जो लोग मोदी जी से नाखुश हैं उन्हें खुश रहने का अच्छा मौका मिल जाता,0.998,0.9461,0.0519
train-8897,train,1,0,0.9349106,fp,obfuscation,0,Aapke liye maa ki chut 🌷🌷🌷🌷🥀🥀,👉आपके लिए मैडम 🌷🌷🌷🌷🥀🥀,0.0047,0.9989,-0.9942
train-8898,train,0,1,0.042029522,fn,benign_looking_insult,0,"Is jahan me doola har koi hai, kab koun kiski pichadi chhodke apne pehlu se rula ke chala jata hai.","इस जहां में दोगला हर कोई है,कब कौन किसका साथ छोड़ कर अपने पीछे रुलाकर चला जाता है.",0.9944,0.9905,0.0038
train-8939,train,1,0,0.5475948,fp,false_positive_other,1,"Lal rang ki chunari se saza ma ke darbar, harsit hua man, pulkit hua sansar, nannay nannay kadam se ma aaye aapke dwara, mubarak ho aapko navratri ka tyohar","लाल रंग की चुनरी से सजा माँ का दरबार, हर्षित हुआ मन, पुलकित हुआ संसार, नन्हे नन्हे क़दमों से माँ आये आपके द्वार, मुबारक हो आपको नवरात्री का त्यौहार",0.0045,0.9441,-0.9396
train-8970,train,0,1,0.049854044,fn,source_label_wrong,0,"Bhai aap log gali mat karo, aap log gali karte ho meri nannu khadi ho jati hai fir kahan jaayunga main",भाई आप लोग गाली मत करो आप लोग गाली करते हो  मेरी नन्नू खड़ी हो जाती है फिर कहां जाऊंगा मैं,0.0065,0.0099,-0.0034
train-8999,train,1,0,0.97407895,fp,source_label_wrong,0,"Sala samajh nahi a raha ki jaise hi chunav nazdeek aate hain, waise hi terror attack bad jate hain 🤔🤔","साला समझ नहीं आ रहा कि जैसे ही चुनाव नजदीक आते हैं, वैसे ही आतंकी हमले बढ़ जाते हैं🤔🤔",0.9741,0.9966,-0.0225
train-9015,train,0,1,0.031527802,fn,source_label_wrong,0,"Udne mein burai nahi hai, aap bhi udho! Lekin utna hi jahan se zameen saaf dikhai de!!","“उड़ने में बुराई नहीं है, आप भी उड़े !  लेकिन उतना ही जहां से ज़मीन साफ दिखाई   दें !!”",0.0344,0.9978,-0.9634
train-9020,train,1,0,0.96903044,fp,obfuscation,0,Mazedaar chutkule maza a gaya bhai,मजेदार चुटकुले मजा आ गया भाई,0.0089,0.9992,-0.9903
train-9023,train,1,0,0.62940943,fp,false_positive_other,0,"Larki ke bathroom mein larka to jaayega nahi, larki jayegi to khuni larki ki hogi 3 number",लड़की के बाथरूम में लड़का तो जाएगा नहीं लड़की जाएगी तो खूनी लड़की की होगी 3 number,0.8293,0.9951,-0.1658
train-9052,train,1,0,0.61444616,fp,false_positive_other,0,Hawa nikal di,हवा निकाल दि,0.0053,0.006,-0.0007
train-9055,train,0,1,0.09001186,fn,source_label_wrong,0,"Mere video banee hue thi, aap uske saath jhoot kar lete aur ache nahi ho jata. Isi video par namaskar ji, aap jhoot kar lete isi gane par mere saath 🌷🌷🌷🌷🌷🌷🌷🌷🌷🌷🌷🌷🌷🌷🌷🌷🌷🌷",मेरी वीडियो बनी हुई थी उसके साथ झूठ कर लेते और अच्छा नहीं हो जाता इसी वीडियो पर नमस्कार जी आप झूठ कर लेते इसी गाने पर मेरे साथ🌷🌷🌷🌷🌷🌷🌷🌷🌷🌷🌷🌷🌷🌷🌷🌷🌷🌷,0.0073,0.017,-0.0096
train-9077,train,1,0,0.9893099,fp,source_label_wrong,0,Tu bhi karo tera video dal saali,तू भी कर तेरा वीडियो डाल साली,0.9981,0.9967,0.0013
train-9080,train,0,1,0.37700975,fn,benign_looking_insult,0,Kyunki be sabke samne chakkar me dusre chhakke chand chamakta hai gana,क्यों बे सबके सामने चक्कर में दूसरे छक्के चांद चमकता है गाना,0.983,0.9426,0.0404
train-9117,train,0,1,0.014073925,fn,benign_looking_insult,0,"Tu itna cheezu hai, kisi ko ek glass paani nahi deti, dil degi kabhi nahi",तू इतना कंजूस है किसी को एक गिलास पानी नहीं देती दिल देगी कभी नहीं,0.927,0.9879,-0.0609
train-9121,train,1,0,0.82185537,fp,source_label_wrong,0,"Tujhe gupchup jagah ke sab kuch pata hai, bas rang gora hone se sab kuch nahi hota. Tere shape ki chutdi hai aur rehigi bhi aisi hi.",तुझे गुप्त जगह केे बारे में सब पता है| केवल रंग गोरा होने से सब कुछ नहीं होता शक्ल तेरी चुतड सी है और रहेगी भी वैसी,0.9976,0.9989,-0.0012
train-9126,train,0,1,0.013035194,fn,source_label_wrong,0,"Hum jise pyar karte hai na, jab wo jaan jata hai ki ye mere bin nahein reh sakta hai, tab na wo aur jyada rolate hai aur tadpat bhi hai.",हम जिससे प्यार करते है ना जब ओ जान जाता है कि ये मीरे बिना नही रह सकता है टी ना ओ और ज्यादा रुलाता भी है और तड़पता भी है 🤐🤐🤐💔💔💔😭😭😭😭😭🤐🤐,0.024,0.007,0.017
train-9139,train,0,1,0.068938024,fn,benign_looking_insult,0,"Ghar ko leaf rahi hai ap, hamara gaaanv me hamari chachi log aise hi lippi hain",घर को लीफ रही हैं आप हमारा गांव में हमारी चाची लोग ऐसे ही लिपटी हैं,0.1004,0.0125,0.0879
train-9186,train,1,0,0.5195906,fp,false_positive_other,1,"Isse mirchi kehte hai, sabhar faide mad hai",ईसे  मिरगि  कहते  है  सगर  फायदे  मद है,0.0055,0.0319,-0.0264
train-9204,train,1,0,0.9830747,fp,sarcasm,0,"Dhobi ka kutta nahi, ghar ka nahi, ghat ka 😂😂😂🤣🤣🤣🤣",धोबी का कुत्ता न घर का न घाट का 😂😂😂🤣🤣🤣🤣,0.2056,0.9683,-0.7627
train-9211,train,1,0,0.7877904,fp,obfuscation,0,"Aaj jinda hai, kal mar jayenge... hum successful honge aur ye saale jal jayenge!!",आज़ जिन्दा है कल मर जाएंगे   हम कामयाब होंगे और ये साले जल जाएंगे !!,0.1069,0.9629,-0.856
train-9218,train,1,0,0.90373194,fp,false_positive_other,0,"Marne he hai to marne ka bhi shikar karo, jab koi shastra se nahi maane to shashtra utha lo chahiye, apni santi ko shashtra ki shiksha dijaye.","मरना ही है तो मारना भी सीखिए,जब कोई शास्त्र से न माने तो शस्त्र उठा लेना चाहिए,अपनी संतति को शस्त्र की शिक्षा दीजिए ।।",0.0105,0.9409,-0.9304
train-9244,train,1,0,0.9931711,fp,obfuscation,0,Jaswant Singh Dhamor wala chutiya,जसवंत सिंह डामोर,0.0051,0.9993,-0.9942
train-9267,train,1,0,0.9896576,fp,source_label_wrong,0,Bad me nanga padega ghumna,बाद में नंगा घूमना पड़ जाए,0.9783,0.4269,0.5514
train-9295,train,0,1,0.04011897,fn,source_label_wrong,0,"Ravinder ji ki rachna kuch pehle ki lataji ki gai song ki tarah hai, unke svar ko char chand lagane wala hai 🥀🥀🥀👍👌🙏🙏🙏",Ravinder जी की रचना कुछ पिछले गीत के जैसी लता जी के स्वर गीत को चार चाँद लगाते हुए 🥀🥀🥀👍👌🙏🙏🙏,0.0081,0.0247,-0.0166
train-9328,train,1,0,0.9641092,fp,source_label_wrong,0,Tujhe khud hansi a rahi hai pagal,तुझे खुद हंसी आ रही है पागल,0.9134,0.95,-0.0366
train-9315,train,0,1,0.010070269,fn,sarcasm,0,Mujhe galat na samjna maine sanda aur aawara nahi kiya 😂,मुझको गलत न समझना   मै नही सांड  आवारा 😂,0.9626,0.9247,0.0379
train-9340,train,0,1,0.011043105,fn,source_label_wrong,0,Wahoot khubsurat video hai aap ki dost 💚 💛 💜,वहूत खूबसूरत वीडियो है आप की दोस्त 💚 💛 💜,0.0058,0.0048,0.001
train-9350,train,1,0,0.96674836,fp,false_positive_other,0,Falatoo cheez mat karo 🙏🙏🙏🙏🙏,फालतू चीज मत करो 🙏🙏🙏🙏🙏,0.0049,0.0089,-0.004
train-9370,train,0,1,0.0380575,fn,benign_looking_insult,0,Aur teri behen ki laga hai 🤪🤪🌻🕊️💞🎲📲💯💮💋🎊🍌📲🍭🍭,और तेरी बहन की लगी है 🤪🤪🌻🕊️💞🎲📲💯💮💋🎊🍌📲🍭🍭,0.9966,0.9934,0.0032
train-9384,train,1,0,0.6683286,fp,false_positive_other,0,"Kuch log toh gay mata bhi smjhdaar hai. Kuch log pani ki bohat barbari karte hai. Paise wala bachat ke saath saath pani ki bachat zaroori hai, jal hi jeevan hai","कुछ लोगो से तो गाय माता भी समंझदार है।कुछ लोग पानी की बहुत बर्बादी करते है।पैसों की बचत के साथ साथ पानी की बचत जरूरी है,जल ही जीवन है",0.0078,0.9525,-0.9447
train-9399,train,1,0,0.9927343,fp,obfuscation,0,Pahle kutte ko patti ke neeche rakh ke video banaya gaya hai.,विडीओ बनाने के लिए पहले कुत्ता को पत्थर के नीचे रखा गया है ।,0.0221,0.9889,-0.9668
train-9431,train,0,1,0.028250802,fn,sarcasm,0,"Humne dhoop samjhdi, wo chhaiya nikli, humne gai samjhdi, wo bhaansi nikli. Beda gark ho in beauty parlors ka, humne to usko ladki samjha tha, lekin wo to ladki ki maan nikli. 😉😉🤗🤗","हमने धूप समझी वो छाया निकली, हमने गाय समझी वो भैंस निकली। बेडा गर्क हो इन ब्यूटी पार्लरों का, हमने तो उसे लडकी समझा था, लेकिन वो तो लड़की की माँ निकली।😉😉🤗🤗",0.9687,0.8526,0.1161
train-9432,train,1,0,0.965029,fp,source_label_wrong,0,"Hey dosto gadda ke video palo devo, follow karte hue kuch nahi chalta hai",हाय दोस्तों गुड्डा के वीडियो पालोद करी देव करो फॉलो करने में कुछ नहीं चलो जाता है,0.9991,0.989,0.0102
train-9459,train,0,1,0.11728943,fn,source_label_wrong,0,Main bhi talibani ke support me hai,मैं भी तालिबानी के समर्थन में हूँ,0.0266,0.0062,0.0204
train-9472,train,0,1,0.020307872,fn,benign_looking_insult,0,"Kabhi glati se upar wala mat dabana de, yaar.",कभी गलती से ऊपर वाला मत दबा देना,0.9618,0.9091,0.0528
train-9475,train,0,1,0.048607174,fn,source_label_wrong,0,Arey koi good kam karo,अरे कोई अच्छा काम करो,0.0086,0.969,-0.9605
train-9489,train,0,1,0.024899911,fn,source_label_wrong,0,"Mere ke liye ro raha hai, ki ab mujhe rulane ke liye kisi aur ko dhundhna padega. Aisa insaan kabhi nahi badalta.",मरे के लिए इसलिए रोता है।कि अब मुझे रुलाने के लिए किसी और को ढूंढना पङेगा  ऐसा व्यक्ति कभी नही बदलता।,0.0173,0.9895,-0.9722
train-9526,train,0,1,0.009092566,fn,source_label_wrong,0,Jay jay Bhavani,जय जय भंवानी,0.0048,0.0049,-0.0001
train-9535,train,0,1,0.011503122,fn,source_label_wrong,0,"Sawali ho lekin baki bahut sundar ho darling, humse dosti karo to main aapko number deta hu - no 111 zero do baar teen ek 3 8",सांवली हो बाकी बहुत सुंदर हो डार्लिंग हमसे दोस्ती करोगी मैं आपको नंबर देता हूं नो 111 जीरो दो बार तीन एक 3 8,0.0045,0.0504,-0.0458
train-9564,train,0,1,0.12467197,fn,source_label_wrong,0,Aisi video koun bana raha hai?,ऐसी वीडियो कौन बनाता है,0.0683,0.0136,0.0546
train-9549,train,0,1,0.32630014,fn,caste_religious,0,"Main bhi Modi ko nahi chahata, unki ralley ko bhi rokna chahiye. Kya kar raha hai woh Kanpur me ralley kyun kar raha hai? Road so rahi hai, sabse jyada BJP wale hi kar rahe hai. Inka to ralley me lakh crore ki bheed hoti hai, usme kuch nahi hoga. Bazaar me bhi bheed hoti hai, par gareeb log mar rahe hai. Rihadi-patti wale ka bhi pida hoti hai, unki business bhi tod di jati hai. Raat me chai wala chai bech raha hai, raat 11 baje ke baad to. Din me tum log lakh ki bheed me ralley kyu karo? Isme corona nahi aayega, pagal bana diya gareeb janata ko. Agar janata ke taraf bhi dekho to sabse jyada corrupt leader BJP me hai.",म****** और रैलियों पर लगाओ रोक लगाओ यह आज मोदी क्यों जा रहा है कानपुर में क्यों रैलियां कर रहा है रोड सो रहे हैं सबसे ज्यादा भाजपा वाले कर रहे हैं इनको नहीं रैलियों में लाखों करोड़ों की भीड़ होती है उसमें कुछ नहीं होगा बाजारों में भीड़ बताते हैं गरीब लोगों को मार रहे हैं रेहड़ी पटरी वालों का और पीड़ा होती है उनकी बिगड़ बताते हैं रात को चाय वाला विचारा चाय बेचता रात को 11:00 बजे के बाद तो दिन में तुम लाखों की भीड़ में रैलियां रेलिया हो रही है इसमें कोरोना नहीं आएगा पागल बना के रख दिया गरीब जनता अगर जनता की तरफ भी तो देखो सबसे ज्यादा भ्रष्ट नेता का भाजपा में हो गए,0.9991,0.9513,0.0478
train-9567,train,1,0,0.79885995,fp,false_positive_other,0,Pakistan aur China ke baare mein kuch keh do na,पाकिस्तान और चीन के बारे में कुछ बोल दो,0.018,0.9853,-0.9674
train-9583,train,0,1,0.22632663,fn,benign_looking_insult,0,Pahli baar dekha pani pitayega.,पहली बार देखा पानी पिते,0.0424,0.0161,0.0264
train-9634,train,1,0,0.91525745,fp,false_positive_other,0,Itna toh hum bhi pagal nahi hai,इतने तो हम भी पागल नही है,0.0401,0.9873,-0.9472
train-9637,train,1,0,0.9276242,fp,obfuscation,0,BJP ke mere sale sahab Banty Rajput ko Ratanpur Kala Mandal ka Mandal Mandal Social Media Prabharakar banane par hardik shubhkaminayein aur badhai. Pappu Lodhi Rajput,भारतीय जनता पार्टी द्वारा मेरे साले साहब Banty Rajput को रतनपुर कला मंडल का मंडल मण्डल सोशल मीडिया प्रभारी पिछड़ा वर्ग मोर्चा बनाए जाने पर  हार्दिक शुभकामनाएं और बधाई । पप्पू लोधी राजपूत,0.0045,0.0128,-0.0084
train-9655,train,0,1,0.14194104,fn,caste_religious,0,"Congress ke record ko Congress hi tod degi, meri ummed hai. Jab bhi satta me aayi apne pichhle record ko tod diya hai aur aage bhi apna record khud hi tod degi. Lekin satta me aayi to vaisa aayegi nahi.",कांग्रेस के रिकॉर्ड को कांग्रेस ही तोडेगी मुझे विश्वास है| जब जब भी सत्ता में आई अपने पिछले रिकॉर्ड को तोड़ दिए हैं और आगे भी अपना रिकॉर्ड खुद ही तोड़ेगी| लेकिन सत्ता में आई तो! वैसे आएगी नहीं|,0.9606,0.9242,0.0364
train-9688,train,0,1,0.017364873,fn,benign_looking_insult,0,"Beta udana wali dhanki giddar deta hai. Khana wala time nahi, paahad chadh jaayega. 🇮🇳Mera Bharat Mahan 🇮🇳 Jai Hind ki sena 🇮🇳",बेटा उड़ाने की धमकी गीदड़ देते है । खाने की अवकात नही पहाड़ में चढ़ेगा  🇮🇳मेरा भारत महान 🇮🇳 जय हिंद की सेना 🇮🇳,0.1438,0.0223,0.1215
train-9702,train,1,0,0.9884316,fp,source_label_wrong,0,Waha par sale rehte hain,वहां पर साले रहते हैं,0.9819,0.9969,-0.015
train-9739,train,1,0,0.74042434,fp,obfuscation,0,"Maa ki chut, toote to har kisi ko pasand hai kyunki ye god ka roop hota hai Mahesh bhai",तोते तो हर किसी को पसंद है क्योंकि यह भगवान का रुप होते हैं महेश भाई,0.0046,0.9991,-0.9945
train-9749,train,0,1,0.027044674,fn,benign_looking_insult,0,Bas kar kyun apne ma-bap ki izzat chhod rahi ho 🙏🙏 Haath jodke nevadan hai aisi video na banaye.,बस कर क्यों अपने मां बाप की इज्जत उछाल रही है 🙏🙏 हाथ जोड़कर निवेदन है ऐसी वीडियो ना बनाएं,0.9847,0.9867,-0.0021
train-9806,train,0,1,0.13768478,fn,benign_looking_insult,0,"Dekh liya, kali nikar pehni hai👌",देख लिया काली निकर पहनी हैं👌,0.9963,0.9647,0.0316
train-9759,train,0,1,0.023082929,fn,source_label_wrong,0,Agar aap apne online business/MLM plan/network marketing plan ka promotion karke achhi joining aur behtar kamai chahte ho to niche diye plan mein se koi bhi ek plan le sakte ho. 1- Mobile app mein aapka plan promote kiya jayega. 2- 200 Facebook group aur 1000 WhatsApp group mein aapke plan ka promote kiya jayega. 3- YouTube video banakar aapke plan ka promotion kiya jayega. 4- 100 se 150 logon ko phone karke aapke plan ke baare mein bataya jayega aur kam se kam 1000 rupaye ka paid joining kar sakte ho. 4- 200 se 300 logon ko phone karke aapke plan ke baare mein bataya jayega aur kam se kam 100 se 150 paid joining aapko nikal sakte ho. 5- 100 logon ko 1 to 1 meeting ke dwara milke aapke plan ke baare mein samajhaya jay,यदि आप अपने ऑनलाइन बिजनेस/MLM PLAN/ नेटवर्क मार्केटिंग प्लान का प्रमोशन करवाकर अच्छी जॉइनिंग वह बेहतर कमाई चाहते हैं तो नीचे दिए प्लान में से कोई भी एक प्लान ले सकते हैं   1-:- मोबाइल एप्लीकेशन में आप का प्लान प्रमोट किया जाएगा   2-:- 200 फेसबुक ग्रुप व 1000 व्हाट्सएप ग्रुप में आपके प्लान का प्रमोट किया जाएगा  3- :- यूट्यूब वीडियो बनाकर आपके प्लान का प्रमोशन किया जाएगा  4- :- 100 से 150  लोगों को फोन करके आपके प्लान के बारे में बताया जाएगा व कम से कम 1000rupye से  पेड  जॉइनिंग  कर सकते हो  4-  :- 200 से 300  लोगों को फोन करके आपके प्लान के बारे में बताया जाएगा व कम से कम 100 से 150 पेड  जॉइनिंग  आपको निकाल सकते हो    5-:- 100 लोगों को 1 To 1 मीटिंग द्वारा मिलकर के आपके प्लान के बारे में समझाया जाएगा वह कम से कम 50 से 60 जॉइनिंग निकाल कर सकते हो   Our YouTube channel  * <url>  Our website :- <url>  <number> ?pwd=Mndla09pbnQvSXEzVm1MOTVVcXJFQT09  यदि आप अपने ऑनलाइन बिजनेस/MLM PLAN/ नेटवर्क मार्केटिंग प्लान का प्रम,0.0262,0.953,-0.9268
train-9824,train,0,1,0.080726184,fn,benign_looking_insult,0,"Ek table par do bacche plate pakre hue hai, usme cow likha hai",एक टेबल  पर दो बच्चे प्लेट पकड़े  हैं  उसमे cow  लिखा है,0.9735,0.9884,-0.0149
train-9848,train,1,0,0.98876333,fp,source_label_wrong,0,Beta agar tera haramkhore paan bhi na ho to kiska juice banayega?,बेटे अगर तेरा हरा पैदा ही ना हुआ तो किस्का ज्यूस बनायेगा,0.9856,0.9727,0.0129
train-9852,train,1,0,0.85305035,fp,obfuscation,0,"WhatsApp ki beematari 💗💗: Ek aadmi ko uska sasur joote mar raha tha ..👟👟 Rahgir: Kyo mar rhe ho isko ...???? Sasur: Main ne isko hospital se WhatsApp kiya ki, """"Tum baap ban gaye ho..."""" Sale ne usko bhi 50 logo ko forward kar diya 😝😝😛😛😜�","""*Whatsapp ki बीमाऱी*   💗💗  :  एक आदमी को उसका ससुर जूते मार रहा था ..👟👟    राहगीर :  क्यों मार रहे हो इस को ...????  ससुर   :  मैंने  इसको हॉस्पिटल से whatsapp किया की,          """" तुम  बाप बन गये हो ....""""  साले ने उसको भी 50 लोगो को  forward कर दिया .  😝😝😛😛😜😜""",0.0335,0.0175,0.016
train-9888,train,0,1,0.17027509,fn,benign_looking_insult,0,"Bharat se videsioo ka ana jaana band kardo, ye virus ghar se chale lab research center se chora chora paya ja raha hai",भारत से videsioo का आना जाना बंद करदो  ये वायरस घने जंगलों में चोरी से चल रहे लेब रिसर्च सेंटर से फैलाया जा रहा है,0.9372,0.9973,-0.0601
train-9905,train,1,0,0.9863148,fp,false_positive_other,0,"Bheerd ki tarah lag raha hai, le lo 😠😡",भेड़ बकरी समझ लिए हो का ले 🤨🤨🤨🤨🤨🤨🤨🤨🤨🤨😡😡😡😡😡😡😡😡😡😠😠😠😠😠😠😠😡,0.0183,0.9421,-0.9238
train-9909,train,0,1,0.25642604,fn,benign_looking_insult,0,"Koi bacche nahi hai hum jo kisi ki hoshiaari nahi samajh paate, sabki chalakiya samajh mein bas boleke rishta kharaab nahi karna chahte.","कोई बच्चे नहीं है हम        जो किसी की होशियारी समझ नहीं पाते, चलाकीया सबकी समझ        में बस बोलकर रिश्ता खराब नहीं करना चाहते।।",0.8787,0.8634,0.0153
train-9916,train,0,1,0.1599086,fn,benign_looking_insult,0,"Ye kaal lok hai, kaal toh kha jata hai, kya karaye, bahut dukh ki baat hai",ये काल लोक है काल तो खा जाता है क्या करे बहुत दूख की बात है,0.9801,0.9878,-0.0077
train-9911,train,1,0,0.94849753,fp,source_label_wrong,0,"Bata to sach, tumhare maa-bap hai ya nahi? Agar maa-bap hota to aise kapde nahi pahenta ya bhai hota",सच बताना तुम्हारे मां बाप हैं कि नहीं मां-बाप होते तो ऐसे कपड़े नहीं पहनते या भाई होता,0.9838,0.0121,0.9717
train-9917,train,0,1,0.0076625054,fn,source_label_wrong,0,Please aapko bhi follow karo aur profile visit karna,कृपया आप हमें भी फोलो करें और हमारा प्रोफाइल विजिट करें,0.0045,0.0053,-0.0008
train-9919,train,0,1,0.084129006,fn,source_label_wrong,0,Kisi din encounter me mara jayega 😂😂😂😂,किसी दिन एनकाउंटर में मारा जायेगा😂😂😂😂,0.0081,0.0137,-0.0056
train-9932,train,0,1,0.06971661,fn,source_label_wrong,0,"I love you sweetu didi, chumban ka chinah",आई लव यू स्वीटू दीदी चुंबन का चिन्ह,0.0047,0.0572,-0.0525
train-9951,train,0,1,0.1564328,fn,benign_looking_insult,0,"Jab shadi ho chuki hai to saas-sasur aur parivaar ke liye khana bana ke khaana chahiye, na ki tum Katrina Kaif ban jao gi. Isliye bacche paide kar ke shanti se ghar par rehijiye.",जब शादी हो चुकी है तो सास ससुर एवं परिवार को खाना बनाके  खिलाओ           न कि तुम कैटरीना कैफ बन जावोगी  इसलिये बच्चे पैदा करो शान्ती से घर पर रहिये,0.9692,0.8442,0.125
train-9966,train,1,0,0.77335256,fp,false_positive_other,0,"UP ka toh bekaar haal hai, charo taraf inflation, garibia, beerojgarai, bhukhmari hai aur dhong aur pakhand hai",यूपी का तो बुरा हाल है चारों तरफ महंगाई गरीबी बेरोजगारी भुखमरी है और ढोंग और पाखंड है,0.0278,0.9978,-0.97
train-9986,train,0,1,0.46667415,fn,sarcasm,1,Baby to pura leke hi maanege 😂😂,बेबी तो पुरा लेकर ही मानेगी 😂😂,0.0081,0.963,-0.9549
train-9984,train,1,0,0.6108217,fp,false_positive_other,0,Is gareeb mei rahm to a raha hai par unhone naal ko band nahi kiya aur pani waste ho raha hai,इस गरीब मे रहम तो आ रहा है पर वों नल क़ो बंद नहीं किया और पानी बर्बाद हो रहा है,0.0179,0.9961,-0.9782
train-10004,train,0,1,0.4766563,fn,benign_looking_insult,1,"Tujhya pappaachi yaayche gan, tujhya aachhi gadi",तुझ्या पप्पाची यायचे गाणं तुझ्या आईची गाड,0.999,0.9959,0.0031
train-10008,train,0,1,0.4169675,fn,softened_slur,1,"Dil lagaya gandi se, toh pari kya cheez hai.","दिल लगाया गधीसे, तो परी क्या चीज है।",0.9966,0.9645,0.0321
train-10023,train,1,0,0.9726104,fp,false_positive_other,0,"10 saal ke baad me car ko band karne wala hai, usi tarah 10 saal ke baad government job wale ko bhi band kar diya jaye.",10 साल के बाद में कार को बंद कर रहे है उसी प्रकार 10 साल के बाद में सरकारी नौकरी करने वाले को भी बंद कर देना चाहिए,0.0317,0.991,-0.9592
train-10029,train,0,1,0.44626057,fn,obfuscation,1,"Ye ladkiya jo hoti hai na jo besarm hoti hai, in logo ki wajah se ghar ganda ho jata hai",ये लड़किया जो होती है ना जो बेसर्म होती है इन लोग के कारण घर गंदा होता है,0.9885,0.9988,-0.0103
train-10031,train,1,0,0.5205068,fp,false_positive_other,1,Chunav ke baad dekh lo kya hota hai 🤕😐😐,चुनाव के बाद देखो क्या होता है 🤕😐😐,0.0101,0.9954,-0.9853
train-10047,train,1,0,0.99555796,fp,source_label_wrong,0,"Follow karo tum log din ke din bade harami ho rhe ho, kisi ko follow hi nahi kar rhe ache aadmi bano follow karo",follow karo tum लोग दिन के दिन बड़े हरामी होते जा रहे हो किसी को follow hi  नही कर रहे अच्छे आदमी बनो follow करो,0.9952,0.9948,0.0005
train-10062,train,0,1,0.0074292654,fn,source_label_wrong,0,Jay Hari Tatyaji,जय हरी तात्या,0.0051,0.0051,-0.0
train-10070,train,0,1,0.025241105,fn,benign_looking_insult,0,"Ye kisi aur ki nahi, Adani baba ki hai, bhaiyo","ये किसी और की नही अडानी बाबा की हैं , भक्तो",0.9775,0.9862,-0.0087
train-10130,train,1,0,0.96858346,fp,false_positive_other,0,"Bhabhi, aapni saari acchi laga rahi ho ismein",भाभी अच्छी लग रही हो इस साड़ी में,0.0095,0.996,-0.9865
train-10144,train,0,1,0.021027597,fn,benign_looking_insult,0,"Mar jao to bhi na royege, kounsi tum humein chhod kar jaa rahi ho, apne yaar ko chhod kar jaa rahi ho",मर जाओगी तो भी नहीं रोएंगे कौनसे तुम हमें छोड़ कर जा रही हो अपने यार को छोड़ कर जा रही हो,0.9777,0.9776,0.0001
train-10165,train,0,1,0.017485367,fn,source_label_wrong,0,"Itne saal se aisa kuch bhi nahi hua to is saal hi kyun??? Har cheez mohangai ho rahi hai, is mohangai mein ghar chalana mushkil ho gaya hai",इतने साल से ऐसा कुछ भी नहीं हुआ  तो इस साल ही क्यों??? हर चीज महंगी हो रही है  इस महंगाई में घर चलाना मुश्किल हो गया है,0.0155,0.0159,-0.0004
train-10183,train,1,0,0.9899567,fp,obfuscation,0,Badii gandhiya ya naa,बड़ी गंभीर या ना,0.0053,0.9841,-0.9788
train-10189,train,0,1,0.016687058,fn,source_label_wrong,0,"Patjhar mein pate girte hain to uthata kaun hai, pyar to sab karte hai meri baap par nibhata kaun hai, ladki to bhai bevaafa hoti hai, inki baaton par kabhi yaqeen na karna",पतझड़ में पत्ते गिरते हैं तो उठाता कौन है प्यार तो सभी करते मेरे भाई पर निभाता कौन है लड़की तो भाई बेवफा होती है इनकी बातों पर कभी यकीन ना करना,0.0115,0.0065,0.0051
train-10185,train,1,0,0.85318613,fp,false_positive_other,0,Aajkal ke vidyaarthi = 📺 T.V. → 2 ghanta 🎭 Facebook → 3 ghanta 📲 WhatsApp → 12 ghanta 👬 mitra → 1 ghanta 😴 soona → 6 ghanta 📖 padhai → 🔔 Buraa mat maano kyunki aap is samay bhi to social media hi chala rahe ho 😆😆😆😆😆😆😆😆😆😆,आजकल के विद्यार्थी =  📺 T. V.               →    2 घंटा  🎭 Facebook     →    3 घंटा  📲 WhatsApp    →    12 घंटा  👬 मित्र                  →    1 घंटा  😴 सोना                →    6 घंटा  📖 पढ़ाई               →      🔔    बुरा मत मानो क्योंकि आप इस समय भी तो सोशल मीडिया ही चला रहे हो  😆😆😆😆😆😆😆😆😆😆,0.0306,0.0216,0.009
train-10191,train,0,1,0.015053372,fn,source_label_wrong,0,"Hum apne dil ki baat jaman ko bata dete hain, har ek raaz se parday ko hatata hoon, koi hume chahe na ho chahe ye kismat ki baat hai, par hum jise cha lene uspe jaan lutata hai. 💞","हम अपने दिल की जमाने को बता देते हैं,  हर एक राज से पर्दा को हटा देते है,  कोई हमे चाहे ना हो चाहे ये किस्मत की बात है,  पर हम जिसे चाह ले उसपे जान लुटा देते है ।।।💞",0.0047,0.0126,-0.008
train-10210,train,1,0,0.94058615,fp,source_label_wrong,0,"Ye dono already pahle se hi hill rahi hai, kyon mazak nahi ban raha hai",ये दोनों आलरेडी पहले से ही हिल रही है काहे  मज़े ले रहा है,0.9728,0.9716,0.0012
train-10208,train,0,1,0.11667592,fn,benign_looking_insult,0,Lagta hai Diwali parva me fatake uddhadan ban hai! Phir baaki wakt fatake uddhadane se pollution nahi badhta? Shadi badhai ki rasam ho ya nashakdi ho ya kisi aparadhi ke jammanat par bhi toh fatake uddhadaye jate hain!,लगता है सार्फ दिवाली पर्व मे फटाके फोडना बैन है ! फिर बाकी वक्त फटाके फोडनसे प्रदूषण नही फैलता ? शादि ब्याह का रस्म हो या नशेडी हो या कोई अपराधी का जमानत हो खूब फटाके फोडे जाते हैं !,0.984,0.9979,-0.0139
train-10231,train,1,0,0.86942995,fp,obfuscation,0,"Shir mein jahan bale gir jaaye wahan lahsun aur jaiphal pis kar pani dekar paste banaaye aur lagaye, adha ghanta baad dho daalne. 2-3 mahine mein gande bale uge jaate hain.",शिर में जहाँ बाल गिर जाए वहाँ लं और जायफल पिसकर पानी देकर पेस्ट बनाये और लगाये आधा घंटा बाद धो डालें.2/3 माहिने में घने बाल उग जाती है.,0.0147,0.962,-0.9473
train-10234,train,1,0,0.9948403,fp,source_label_wrong,0,Bap ke kapde utar jaate hain betiyon ko pahana aur padhana me magar betiyaan kapde uta rahi hain followers badhane me 😠😠,बाप के कपड़े उतर जाते हैं बेटियों को पहनाने और पढ़ाने में मगर बेटियां कपड़े उतार रही है फॉलोअर्स बढ़ाने में 😠😠,0.9795,0.976,0.0035
train-10261,train,0,1,0.055336773,fn,benign_looking_insult,0,"Ek hostel canteen wale ke roz roz khichdi de diye se paresan 80 students ne hostel warden se shikayat ki, aur badle badle ke nashata de dena bola. 100 me se sirf 20 students aise the jo khichdi bahut pasand karte the, aur un students ne chahaya ki khichdi to roz hi bane. Baki 80 change chahate the. Warden ne *vote karke* nashata final karne ke bola. Un 20 students ne jo khichdi pasand karte the, unhone khichdi ke liye vote kiya. Baki 80 log apni apni marzi se vote diya, *18 dosa, 16 paratha, 14 roti, 12 bread butter, 10 noodles, 10 puri sabzi.* 🤔 *Ab socho* 🤔 *kya hua hoga?* *Aaj bhi us kantine me wahi 80 students roz khichdi hi kha rhe hain.* *Kyunki wahi","एक होस्टल कैंटीन वाले के रोज़-रोज़      नाश्ते में खिचड़ी दे देने से परेशान        80 छात्रों ने होस्टल वार्डन से            शिकायत करी, और     बदल-बदल के नाश्ता देने को कहा.      100 में से सिर्फ 20 छात्र ऐसे थे,       जिनको खिचड़ी बहुत पसंद थी,        और वो छात्र चाहते थे, कि            खिचड़ी तो रोज़ ही बने.             बाकी के 80 छात्र             परिवर्तन चाहते थे.           *वार्डन ने वोट करके*     *नाश्ता तय करने को कहा.*          उन 20 छात्रों ने, जिनको ...            खिचड़ी बहुत पसंद थी,            खिचड़ी के लिए वोट किया.              बाकी बचे 80 लोगों ने     आपस में कोई सामंजस्य नहीं रखा,    और कोई वार्तालाप भी नहीं किया,     और अपनी बुद्धि एवम् विवेक से      अपनी रूचि अनुसार वोट दिया.    *18 ने डोसा चुना,*   *16 ने परांठा,*   *14 ने रोटी,*   *12 ने ब्रेड बटर,*   *10 ने नूडल्स , और*   *10 ने पूरी सब्जी को वोट दिया.*         🤔  *अब सोचो*  🤔          *क्या हुआ होगा ?*         *उस कैंटीन में आज भी*  *वो 80 छात्र, रोज़ खिचड़ी ही खाते हैं.* *क्यों - क्योंकि वो 20छात्र बहुमत में व एकजुट रह",0.999,0.9606,0.0383
train-10283,train,1,0,0.936353,fp,false_positive_other,0,Sahiba meri jaan teri bohbhi bol ti hai jab chot padti hai,साहिबा मेरीजान तेरी बोभी बोल ती है जब चोट पड़ती है,0.0081,0.9983,-0.9902
train-10282,train,0,1,0.03570978,fn,benign_looking_insult,0,"Sham ka suraj dhal chuka hai… waah waah… oh my god sir, ye to mar chuka hai!!!","👮‍♀️👮‍♂️🚓🚨🚔    शाम का सूरज ढल चुका है …   वाह वाह   शाम का सूरज ढल चुका है …   ओह माय गॉड सर,   ये तो मर चूका है !!!   👮‍♀️👮‍♂️🚓🚨🚔 🤣🤣🤣🤣",0.9965,0.9814,0.0151
train-10292,train,0,1,0.23525257,fn,benign_looking_insult,0,I chowkri aur biyaaki chowkri hai,आई ची आणि बायको ची,0.6762,0.9467,-0.2705
train-10305,train,1,0,0.77805346,fp,caste_religious,0,Isse badi sharm ki baat kya ho sakta hai? Ham Hindu hain aur logon ko Hindi Diwas ki shubhkamnaye Hindi me dena par sharm a rahi hai? Is desh ka isse badi durbhagya kya ho sakta hai jo ek taraf desh ko Hindu rajya banaane ke liye jee jana se koshish kar raha hai aur dusri taraf Hindi Diwas ki shubhkamnaye hi English me dena pad raha hai. Dhikkar ese logon ko.,इससे बड़ी शर्म की बात बात क्या हो  सकती है हम हिन्दू हैं और लोगों को हिंदी दिवस की शुभकामनाएं भी हिंदी में देने पर शर्म आ रही है इस देश का इससे बड़ा दुर्भाग्य क्या होगा जहां एक तरफ देश को हिन्दू राष्ट्र बनाने के लिए जी जान से कोशिश कर रहे हैं और दूसरी तरफ हिंदी दिवस की शुभकामनाएं ही ही अंग्रेजी में देने की होड़ लगी हुई है धिक्कार एसे लोगो को,0.0046,0.0196,-0.015
train-10307,train,1,0,0.9115133,fp,false_positive_other,0,"Haram ke desh do cheezon se hi chalta hai, ek to Indian Army se aur ek kisaan se. Agar kisaan nahi raha to desh kaise chalega aur jawan nahi raha to desh kaise bachega? Kardva hai magar sach hai.",हमारा देश दो चीजों से ही चलता है एक तो इंडियन आर्मी से और एक किसान से अगर किसान नहीं रहा तो देश कैसे चलेगा और जवान नहीं रहा तो देश कैसे बचेगा कड़वा है मगर सच है,0.0398,0.9498,-0.9101
train-10313,train,1,0,0.6624998,fp,false_positive_other,0,"Bhabhi ji, aap log jo kisi ko marate ho wahi achcha marate ho",भाभी जी वेसे आप लोग जोंक अच्छे मारते हैं,0.0056,0.9984,-0.9928
train-10362,train,0,1,0.062593475,fn,source_label_wrong,0,"Main ne had se jyada chaha, usne diya dil had se jyada tore. I hate u 💔💔💔. Uske naam se bhi nafarat hai mujhe 💔💔💔",हद से ज्यादा जीते मैंने चाहा उसीने दिल हद से ज्यादा तोर दीया i het u 💔💔💔💔💔💔💔💔उसके नाम से भी नफरत हे मुझे💔💔💔💔💔,0.0106,0.0235,-0.0129
train-10398,train,1,0,0.8719485,fp,false_positive_other,0,"Thoda dimak se kaam lo bhaiyo aur behno, kuch log apko paagal bana rahiye hai",थोड़ा दिमक से काम लो भाईयो और बहनो कुछ लोग आपका पागल बनाना चाहते हैं,0.0081,0.9978,-0.9897
train-10414,train,1,0,0.7804178,fp,false_positive_other,0,Aur didi saath mei bhai ka doodh bhi piya karo,और दीदी साथ में भैंस का दूध भी पिया करो,0.0266,0.1048,-0.0783
train-10400,train,1,0,0.8627618,fp,false_positive_other,0,"🙏🙏 Guru shabd me brahma hai, guru bhakton ke bhav. Bina bhav guru brahma nahi, jeevan n paavein thav. 🙏🙏 Mann agar sudhar jaye to baaki sabhi sampurn indriyon ko sudharne ka shrey vahi guru dwara pratit shabd akshar brahma man buddhi ahm chitr par kutar aghat arthata apna divya prabhav daaleinge aur man me in shabd ke kshanon ka aakarshan hoga to yeh man man manana nahi karega aur vahya jagat se antar jagat me pravesh karna lagega. Mann ke upar shabd aksharon ka ghrshan hoga to durbudhhi bhi sadbudhhi me parinit hogi kuchit se suchit hone lagega aur sampurn antahkarana shudhata ke or agrasar ho jayega tab vahi man vaigyanik antahkarana se shabd aksharon ki shakti se gyan yoga bhakti divya prakash adi ki khoj karke",🙏🙏🏻 गुरु शब्दों में ब्रह्मा हैं गुरु भक्तों के भाव। बिना भाव गुरु ब्रह्मा नहीं जीवन न पावहिं ठांव।।🙏🏻🙏 मन अगर सुधर जाए तो बाकी सभी संपूर्ण इंद्रियों को सुधारने का श्रेय वही गुरु द्वारा प्रदत्त शब्द अक्षर ब्रह्म मन बुद्धि अहम चित्र पर कुठाराघात अर्थात अपना दिव्य प्रभाव डालेंगे और मन में इन शब्दों क्षणों का आकर्षण होगा तो यह मन मन माना नहीं करेगा और वाह्य जगत से अंतर जगत में प्रवेश करने लगेगा। मन के ऊपर शब्द अक्षरों का घर्षण होगा तो दुर्बुद्धि भी सद्बुद्धि में परिणित होगी कुचित से सूचित होने लगेगा और संपूर्ण अंतः करण शुद्धता की ओर अग्रसर हो जाएगा तब वही मन वैज्ञानिक अंतः करण से शब्द अक्षरों की शक्ति से ज्ञान योग भक्ति दिव्य प्रकाश आदि की खोज करके यह चैतन्य आत्मा को भी वह मनोवैज्ञानिक खोज के माध्यम से परम चैतन्य में विलीन कर सकता है मन की स्वयं की शक्ति नहीं होती ।वह निरंतर अनेक जन्मों से माया में डूबा रहता है।सद्गुरु की उपलब्धि हो जाए तो वही दिए हुए शब्द अक्षर ब्रह्म के माध्यम से वंही मन परम शक्तिशाली होकर परम तत्व में आत्मा को विलीन करा सकता है। 🌹🚩 श्रद्धा और विश्वास बस गुरु पद,0.01,0.9438,-0.9339
train-10438,train,0,1,0.033557862,fn,source_label_wrong,0,"Khush rehna mast rehna, kisi ki baaton mein mat aao apna kaam karo sab tamasha dekhne baithte hain",खुश रहो मस्त रहो किसी की बातों में मत आओ अपना काम करो सब तमाशा देखने बैठे हैं,0.0309,0.0124,0.0185
train-10456,train,1,0,0.5528417,fp,false_positive_other,1,Itni si bad sikka he jaruri tha thodi hi hai pic lete ho 😅😅😅😅😅😅😅,इतनी खराब सिकल ही तो जरूरी थोड़ी है pic लेनी😅😅😅😅😅😅😅,0.0253,0.0164,0.0089
train-10455,train,0,1,0.04872984,fn,sarcasm,0,"Haan sahi bola bhai, logon ne 2014 ke baad se hi to khana aur huggana shuru kiya hai 🤣🤣",हाँ सही बोले भाई लोगों ने 2014 के बाद से ही तो खाना और हगना शुरू किया है 🤣🤣,0.9719,0.9656,0.0063
train-10472,train,1,0,0.7932422,fp,sarcasm,0,"Wah wah wah wah, doli ke saaliyo, o hale dupatta waliyo","वह वह वह वह वह दूल्हे की सालियो, ओ हरे दुपट्टे वलियो",0.0139,0.9669,-0.953
train-10474,train,1,0,0.7303418,fp,false_positive_other,0,Ab ye aafwaah kon padha raha hai Haldi Ram wale ki prasad chadhane se Haldi jaldi chadh jati hai 😁😁😁😁😁,अब ये अफवाह कौन फैला रहा हल्दी राम वाले कि प्रसाद चढ़ाने से हल्दी जल्दी चढती है😁😁😁😁😁,0.9817,0.9918,-0.0101
train-10559,train,0,1,0.26761362,fn,benign_looking_insult,0,Ek round leke baad ka video hai.,एक राउंड लेने के बाद का विडीओ है।,0.9732,0.9011,0.0721
train-10568,train,0,1,0.0073927757,fn,source_label_wrong,0,Very very nice bhabhi ji gazab,वेरी वेरी नाईस भाभी जी गज़ब,0.0145,0.0137,0.0008
train-10589,train,1,0,0.5945788,fp,sarcasm,1,"Ek ladka bechara, gham ka mara galiyon mein phir raha tha, bana ke aawara. Apni maa ka tha woh dulara, par ek ladki ke pyar mein woh apna dil haar gaya. Chor ke chali gayi woh ladki, jo uski nahi thi, uske naam ke liye de diya jeevan apna sar. Na jaane kaise ho jaye ab uske gujar ka, koi to hoga jo de sake sahara. Ek ladka bechara gham ka mara galiyon mein phir raha tha bana ke aawara 😜😜🤣🤣🤪🤪🥰 Good afternoon 🥰",एक लड़का बेचारा गम का मारा गलियों में फिरता था बन के आवारा अपनी मां का था वह दुलारा पर एक लड़की के प्यार में वो अपना दिल हारा छोड़ कर चली गई वो लड़की उसे जिसके नाम कर दिया जीवन अपना सारा ना जाने कैसे होगा अब उसका गुजारा कोई तो होगा जो देगा सहारा एक लड़का बेचारा गम का मारा गलियों में फिरता था बन के आवारा 🥰🥰🤣🤣🤣🤪🤪🤪😜😜  Good afternoon 🥰,0.0204,0.0315,-0.0111
train-10612,train,1,0,0.8081234,fp,false_positive_other,0,Ek hi sikke ke chatte batta,एक ही सिक्के के चट्टे बट्टे,0.0094,0.7246,-0.7151
train-10611,train,0,1,0.053089082,fn,source_label_wrong,0,Sab se jyada paani mein ghotaa khaate hain,सब से ज्यादा पानी में गोता खाते हैं,0.0523,0.5504,-0.498
train-10605,train,0,1,0.08064343,fn,benign_looking_insult,0,"Arey tum itna bhi nahi pata ki Mogli ka khass dost Baghira tha, aap bata soona samajh mein na aaya?",अरे तुम इतना भी नहीं पता कि मोगली का खास दोस्त बगीरा था आई बात समझ में सोना,0.9642,0.9721,-0.0079
train-10623,train,0,1,0.28228608,fn,benign_looking_insult,0,Chand miyan ko kis morakh ne devon ke beech me daala,चांद मियाँ को किस मूर्ख ने देवो के बीच मे डा ला,0.9844,0.9737,0.0107
train-10627,train,1,0,0.7827793,fp,sarcasm,0,Ooo bhooton ka dil to chudail ke piche hi bhagti hai 🤣🤣🤣🤣🤣🤣,Ooo bhoothon ka Dil to  चुड़ैल के पीछे ही  भाग्य है🤣🤣🤣🤣🤣🤣,0.014,0.2952,-0.2812
train-10634,train,0,1,0.05880777,fn,source_label_wrong,0,"Sadi toh karo, bahut soch laga hai na",सादी तो करो बहुत सोक लगा है ना,0.0226,0.0235,-0.0009
train-10651,train,1,0,0.7616424,fp,false_positive_other,0,Lagta hai driver Anu ko jyada hi pasand karte ho,लगदा ड्राइवर अनु ज्यादा ही पसंद करते हो,0.0052,0.0137,-0.0085
train-10635,train,0,1,0.29813376,fn,obfuscation,0,"Teri marzi, tere paas to chhe anke hai, tujhe to tod diya, khali diya, fry bhi kar diya. Terko to chhe anke ke hisaab ka kuch bhi nahi pata hai. Garib aadmi ko kya care hai, de diya to accountantaan rakhte. School jaye, chhote-chhote hisaab humse ake puchta hai.",तेरे पास छह अंडे हैं तुमने तोड़ दिए खा लिए फ्राई कर लिए तुमको छह अंडे का का हिसाब नहीं आता है गरीब आदमी कैरेट दे देंगे तो अकाउंटेंट रखना पड़ेगा स्कूल जाया कर छोटे-छोटे हिसाब हमसे आकर पूछता है,0.9979,0.9962,0.0016
train-10674,train,1,0,0.90256596,fp,source_label_wrong,0,"Kya maza ho gaya hai India me, jis se chaho usko bevakuf bana do aur ban bhi jate hai India ke log",क्या मजा हो गया है इंडिया में जी से चाहो उसे बेवकुफ बना दो और बन भी जाते इंडिया के लोग,0.979,0.9895,-0.0104
train-10687,train,1,0,0.8685321,fp,false_positive_other,0,Neeche girke to chot na ho padi,नीचे गिर कर चोट तो नहीं लगी,0.0579,0.9973,-0.9394
train-10712,train,1,0,0.9378973,fp,false_positive_other,0,Ye sharab ke nashe me kisi fakeer ke kehne pe aisa kiya hai,किसी फकीर् के कहने पे ऐसा किया है ये शराब के नशे में😠,0.0279,0.9873,-0.9595
train-10738,train,0,1,0.1463058,fn,benign_looking_insult,0,"Madam ji aap kaafi ameer lag rahi ho aur yeh sab karte ho, aap paise ke liye karte ho ya phir aapke andar sulemani ke kide ho to yeh karte ho",मैडम जी आप काफी अमीर दिख रही है और यह सब करती हैं आप पैसे के लिए या फिर आपके अंदर सुलेमानी के कीड़े हैं तब यह कर रही हैं,0.9961,0.9438,0.0523
train-10806,train,1,0,0.9503843,fp,source_label_wrong,0,"Gas mohagay chulha, jalalunga. Petrol mohaga, cycle chala lunga, sukki roti kha lunga lekin hinduon ke virudh karta hai wale Sonia Gandhi aur Rahul Gandhi ke saath kabhi nahi denge. Unka virudh karta rahaunga.",गेस महगी चुला.जला लुंगा पेट्रोल महगा साईकिल चला लुगा सुकी रोटी खालुगा मगर हिन्दुओं का विरोध करने वाले सोनिया गांधी राहुल गांधी का कभी साथ नही दुंगा,0.992,0.3026,0.6894
train-10817,train,1,0,0.9883935,fp,source_label_wrong,0,To saale tere tihla bhi bech jayega aise hi,to साले ठेला बिक जाएगा तेरा ऐसे ही,0.9939,0.9871,0.0069
train-10891,train,0,1,0.060793668,fn,source_label_wrong,0,"Chid ke kyon baat kar rhe ho, ok nahi karni to so jao",चिड के कयो बात कर रहे हैं ओक नहीं करनी बात सो जाओ,0.0098,0.0093,0.0005
train-10905,train,1,0,0.63749415,fp,obfuscation,0,"Ye sab stress ke karan hota hai, bahut pressure hota hai unpar aur chuttiya bhi nahi mileti, bahut bura hua 😔","ये सब स्ट्रेस के कारण होता है बहोत प्रेशर होता है उनपर और छुट्टीया भी नहीं मीलती , बहोत बुरा हुआ 😔",0.0088,0.9987,-0.9899
train-10928,train,1,0,0.9835141,fp,source_label_wrong,0,"Jo paheli banaaya hai wohi pehle uthaega, pagal kutte ne khaali kardiya hai usko 😂😂😂😂",जो पहेली बनाया है वो ही पहले उठाएगा पागल कुत्ता ने काटा हैं उसे🤣🤣🤣🤣,0.9646,0.9863,-0.0217
train-10926,train,0,1,0.18251242,fn,benign_looking_insult,0,"Public ko to har cheez free chahiye. Lekin ye soch hi nahi ke free kahan se aayegi? Naukari wale ko salary se ichcha nahi bharti. Salary double chahiye aur bahari cheez free milay. Kisan ke anaj ka daam badhaye, sicaai nahi ho, lagan free ho aur bahari saman free milay, jaise - Samman Nidhi ke 6000, kard maafi, aavas, khad pension sab milay. Kisan ke aloo jab 40 rupaye me bhetta hai tab bhi chillaate hai itni mahangai? Aur jab 1 rupaye me bhetta hai tab road par phiretay hai. Ganna 500 rupaye kuintal bechege aur chini 20 rupaye kilo chahiye.","पब्लिक को तो हर एक चीज फ्री में चाहिए । लेकिन ये नही सोचते फ्री में आएगी कहाँ से ? नौकरी वाले को सैलरी से इच्छा नही भरती । वेतन डबल चाहिए और बाहरी चीजे फ्री में मिले । किसान का अनाज महंगा हो । सिचाई नहर की और लगान फ्री हो और बाहरी समान फ्री में मिले जैसे -  सम्मान निधि का 6000 , कर्ज माफी , आवास ,खाद पेंशन आदि सब मिले । किसान का आलू जब 40 रु बिकता है तब भी चिल्लाते है इतनी महंगाई ? और जब 1 रु में बिकता है तो सड़क पर फेंकते है । गन्ना 500 रु कुंतल बेचेंगे और चीनी 20 रु किलो चाहिए",0.9578,0.9309,0.0269
train-10944,train,1,0,0.9951121,fp,source_label_wrong,0,In baccho ko chhodkar bhagane wale ma-bap ko shame nahi aayi,इन बच्चों को छोड़कर भागने वाले मां-बाप को शर्म नहीं आई,0.9979,0.9987,-0.0008
train-10976,train,1,0,0.99430805,fp,false_positive_other,0,Kyunki chupane wale ki kami nahi hai,क्योंकि छुपाने वाले की कमी नहीं है,0.0238,0.9901,-0.9663
train-10990,train,0,1,0.056292627,fn,source_label_wrong,0,Tana tana... video... hai... aur... dono... chori... bhi... tana tana... hai,टनाटन....विडीओ...है...और...दोनो...छोरी...भी...टनाटन....है,0.0052,0.0865,-0.0814
train-10997,train,1,0,0.7287933,fp,obfuscation,0,"Congress ke time me hamare saare naye log job me lagaye hue the, Modi ne sab job chhine le, wahi ji wahi 😄😄😄😄 Job chhine wala 2 baar PM ban gaya aur rojgar denewale logo ka suppad saaf kar diya, naye logon ne very bad 😡😡. Bachho, is bar koshish karo ki Rahul Gandhi PM banaye, best of luck to all Congress supporters. Jai Hind, Jai Shri Ram, hum sirf aur sirf usi ko laayenge jo Ram ko laaye hai, Satya Sanatan Dharm ki jai 🌹. Mera desh mera abhimaan nahi aane denge kisi sheitan ko, sabhi Yogi ji aur Modi bhakt logo ko shubhkamnaaye 🌹",कांग्रेस के टाइम में तो हमारे सारे नौजवान नौकरी पर लगे हुए थे मोदीजी ने नौकरियां छीन ली वाह जी वाह😄😄😄😄 नौकरी छीन लेने वाला 2बार PM और रोजगार देने वालों का सूपड़ा साफ कर दिया नोजवानो ने Very bad😡😡 बच्चों इस बार कोशिश करना कि वो कांग्रेसी गधा राहुल PM बने Best of luck to all congress supporters जयहिंद जयश्रीराम हम सिर्फ और सिर्फ उनको ही लाएंगे जो राम को लाये हैं सत्य सनातन धर्म की जय 🌹 मेरा देश मेरा अभिमान नहीं आने देंगे कोई शैतान सभी योगीजी और मोदीभक्तों को शुभकामनायें 🌹,0.9494,0.938,0.0113
train-11019,train,0,1,0.46791607,fn,benign_looking_insult,1,Kon se jeb me leke gaya hoga jeb tha ya kisi rakshak ka kapda...!! 🙄🙄🙄🙄,कोंन से जेब मे लेके गया होगा जेब था या किसी राकक्ष का कपड़ा ...!! 🙄🙄🙄🙄,0.0111,0.0382,-0.0271
train-11043,train,0,1,0.15203583,fn,source_label_wrong,0,"Idhar khuda, udhar khuda, jis taraf dekhna wahi khuda, aur jahan nahi khuda wahan kal khuda, 🤓","इधर खुदा उधर खुदा  जिधर देखो उधर खुदा    और जिधर नहीं खुदा  उधर कल खुदेगा,🤓",0.0287,0.0615,-0.0327
train-11048,train,1,0,0.84984064,fp,false_positive_other,0,"Pura wakt kam mein hi nikal doge toh rest kab karo ge, sharir jab sukhe se rehenga tab na agle ka sukha prapt hoga",पूरा वक्त काम में ही निकाल दोगे तो रेस्ट कब करोगे शरीर जब सुख से रहेगा तभी ना आगे का सुख प्राप्त होगा,0.006,0.7249,-0.7189
train-11065,train,1,0,0.996151,fp,false_positive_other,0,"Tu kutte, rahte daada",तु कुटे राहतो दादा,0.0128,0.9908,-0.978
train-11063,train,1,0,0.9884306,fp,source_label_wrong,0,Dhanyavad hai. Aise pachtanana hoga jaise kutte ko marke banjara pachaya tha. Baad mein agar vo us chitti ko marne se pehle pad leta to shaayad uske vichar badal jate.,धन्यवाद है। एसे पछ्ताना होगा जैसे कुत्ते को मारकर बंजारा पछताया था। बाद में अगर वो उस चिठ्ठी को मारने से पहले पद लेता तो शायद उसके विचार बदल जाते।,0.9627,0.9892,-0.0265
train-11138,train,0,1,0.0841358,fn,source_label_wrong,0,Chup rakhne se bhi jyada time tak thik nahi hota!,चुप रहने से भी ज्यादा समय तक ठीक नहीं होता है !,0.0262,0.0172,0.0091
train-11131,train,1,0,0.772294,fp,false_positive_other,0,"Khushi me to sab kuch loot lete hai log, ye to kuch bhi nahi hai. Hamare yaha naokar ke shaadi me unke malkin, pure gaon walo ka karza maaf kar diya, aur sabhi garibon ko paanch paanch laakh rupee diye, aur naokar ko char chakka khareed kar diye, aur 10 laakh rupeya, karobar karne ke liye. Haan aur sabko kapda bartan bhi diye. Unka naam hai Nanpur Narresh.","खुशी मे तो सब कुछ लुटा देते हैं लोग, ये तो कुछ भी नहीं है, हमारे यहा नौकर के शादी में उनके मालिक, पुरे गाँव वालो का कर्जा माफ कर दिया, और सभी गरीबो को पाँच पाँच लाख रुपये दिये, और नौकर को चार चक्का खरिद कर दिये, और 10 लाख रूपया, कारबार करने के लिए, हाँ और सबको कपडा़ बर्तन भी दिए, उनका नाम हैं नानपुर नरेश ,,",0.0062,0.9767,-0.9705
train-11147,train,0,1,0.05563657,fn,benign_looking_insult,0,"Tum pagal nahi ho na, tumne meri video kyun dal diya hai, delete kardo pleeez 🙏🙏🙏🙏🙏🙏",तुम पागल नहीं है ना तुम ने मेरा विडियो क्यूं डाला है डिलीट कर दो प्लीज 🙏🙏🙏🙏🙏🙏,0.6065,0.9757,-0.3692
train-11192,train,0,1,0.01363951,fn,source_label_wrong,0,"Mujhe mohabbat hai apne haathon ki sab lakiro se, na jaane papa ne kaunsi ungli ko pakkarke chalna sikhaya tha.🤟🤟","मुझे मोहब्बत है अपने हाथों की सब लकीरों से, ना जाने पापा ने कौनसी ऊँगली को पकड़कर चलना सिखाया था।🤟🤟",0.0073,0.0195,-0.0121
train-11197,train,0,1,0.3255766,fn,benign_looking_insult,0,Ab sherino aagayi sher ke paas,आ गई अब शेरों के शेरनी,0.9767,0.9897,-0.0129
train-11215,train,1,0,0.7610629,fp,false_positive_other,0,"Aap itna chhota kapda kyon pahanti ho, acha hota to nikal do",आप इतना छोटा कपडा कयो पहनती होअछा होता निकाल दो,0.9774,0.2133,0.7641
train-11219,train,1,0,0.9882989,fp,source_label_wrong,0,"Indarjit Singh ghar me nahi, dana ma bol rahi hai, khana bana, aisi okaat hai teri",INDERJIT singh घर मे नही दाना मां बोलती खाना पकाना ऐसी औकात है तेरी,0.9815,0.0078,0.9736
train-11222,train,1,0,0.98327005,fp,false_positive_other,0,"Ye bahut hi pagal insaan hai, falto mein hi gaali deta hai",बहुत ही पागल इन्सान है ये आदमी फालतू में ही गाली देता है,0.6508,0.968,-0.3172
train-11229,train,1,0,0.92481345,fp,false_positive_other,0,"Modi kho baithe kisanon se, is baba ka kya faida hai","मोदी खो ही बैठा किसानों से,, इस बाबा का क्या फायदा",0.0304,0.9967,-0.9662
train-11234,train,1,0,0.89425814,fp,false_positive_other,0,"Bhuk woh majboori hai jo achche achche taktawar logo ko gulaam bana deta hai, insaan ki takat nahi, usko lata maar shakta hai","भूख वो मजबूरी है जो अच्छे अच्छे ताकतवरों को गुलाम बना देता है, इन्सान की ताकत नहीं उसे लात मार शके",0.005,0.9971,-0.992
train-11269,train,1,0,0.9613419,fp,false_positive_other,0,In sab se behtar aur sachche deshbhakt Modi ji aur Yogi ji hain abhi bhi waqt hai,इन सब से अच्छे और सच्चे देशभक्त मोदी जी और योगी जी है अभी भी वक्त है,0.011,0.6586,-0.6476
train-11276,train,1,0,0.60228366,fp,false_positive_other,0,Aur kiseko bhi shut up rakhane ka lesson sikhake hai,और किसी को चुप रहना भी सिखा देती है,0.0108,0.2448,-0.234
train-11315,train,1,0,0.9865422,fp,false_positive_other,0,#Rishtwat leti aur chod deti ... ... ... Kya teri yaad bhi #UP police ki tarah hoti,#रिश्वत लेती और छोड़ देती  . . . .  . . . .काश तेरी याद भी # उत्तरप्रदेश  पुलिस की तरह होती,0.0053,0.9991,-0.9939
train-11342,train,0,1,0.256047,fn,benign_looking_insult,0,Kya baba tumhe bhik hi mangni hai to logo ko aise totke mat batana. Tere bhi to aulad hogi na. Aise totke karne se agar bacche pass ho jate to school aur teacher walo ki jaroorat he kya hai! Aap road par baithe aram se bhik mangoge lekin logo ko aise totke mat sikhaana!,क्या बाबा तुझे भिक ही मांगना हैं तो लोगों को ऐसे टोटकें मत बताना तेरी भी तो औलाद होगी ना ऐसे टोटकें करनें से अगर बच्चें पास हो जातें तो स्कूल और टिचर लोगों की आवश्यकता ही क्या है! आप सडक पर बैठकर आराम से भिक मांगों लेकीन ऐसे टोटकें लोगों को मत सिखाना!,0.9982,0.9673,0.0309
train-11391,train,1,0,0.6262419,fp,false_positive_other,0,"Ab main kadam hu tumhare dwaar, dono haath jode leke chhaiya khatu wale rigas ke us mode pe",अब मे खडा हु द्वार तुमारे दोनों हाथ जोड के लेने खाटू वाले रीगस के उस मोड पे,0.0124,0.9728,-0.9604
train-11418,train,1,0,0.9894845,fp,source_label_wrong,0,Bewakoof bana lo. Dara-dara ke ve kisi ko na becho.,बेवकूफ बना लो । डरा डरा के वे क सी न बेचो।,0.9534,0.9982,-0.0448
train-11482,train,0,1,0.04222236,fn,source_label_wrong,0,"Ek hi song ki video banata hai, koi dusra bhi jaan chahiye na",एक ही गाना की वीडियो बनाता है कोई दूसरा भी जाना चाहिए ना,0.0453,0.0084,0.037
train-11483,train,0,1,0.013698641,fn,source_label_wrong,0,Aap tu lajawab dikhta ho.,आप तू लाजवाब dikt i  हौ.,0.0293,0.0083,0.0211
train-11493,train,0,1,0.04622657,fn,source_label_wrong,0,Tum toh bahut sexy ho,तुम तो बहुत सेक्सी हो,0.0302,0.0056,0.0246
train-11501,train,0,1,0.20997319,fn,benign_looking_insult,0,Ladke ne bhi tension kiya,लड़ भी तन गया,0.9697,0.9437,0.026
train-11516,train,1,0,0.9744863,fp,caste_religious,0,"Aap hindu ho ha ha, kisine pucha to aapko saabit karne ki zaroorat nahi hai",अआप हिनदु हो हा होकीसने पुछा तै आपकै साबीत कर नेकी जरूरत नहीं है,0.0054,0.991,-0.9856
train-11561,train,1,0,0.9844189,fp,false_positive_other,0,Bhabhi ke sath Holi me rang gulal udaayeinge,भाभी के संग होली में रंग गुलाल उड़ाएंगे,0.0099,0.9971,-0.9872
train-11560,train,0,1,0.01958004,fn,source_label_wrong,0,"Aisa mat bolo ke kisi ko sab ka dil hai aur sab ko haq hai. Agar aapko accha nahi laga to aap mat dekho. Agar aap kisi ko accha nahi bolenge to bura bhi mat bolo, ok.","ऐसा मत बोलो कीसी को सब का दिल है ओर सब को हक है आप को अच्छी नही लगी तो आप मत,देखो अगर आप कीसी को अच्छा नही कह सकते तो आप बुरा भी मत कहो ओके",0.0071,0.9791,-0.972
train-11589,train,1,0,0.6945308,fp,obfuscation,0,Humare yahan paise walo ka bolbala hota hai 😕😕😕😕😕😡      😕 bin paise walo ko kutta bhi nahi puchta 😔😔😔💯🙏   😡😡😡Bollywood mein kuch bhi hota hai to agar ki tajaz khbar felati hai 😡😡😡  lekin koi gareeb mara hai uska khbar paani ki tarah bhi nahi jati hai wahi re dalalon 😔😔😤😤😤😡😡,हमारे यहां पैसे वालों का बोलबाला होता है 😕😕😕😕😕😡      😕 बिना पैसे वालों को कुत्ता भी नहीं पूछता 😔😔😔💯🙏   😡😡😡बॉलीवुड में कुछ भी होता है तो आग की ताजा खबर फैलती है 😡😡😡  लेकिन कोई गरीब मरता है उसका खबर पानी की तरह भी नहीं जाता है वाह रे दलालों 😔😔😤😤😤😡😡,0.0267,0.0916,-0.0649
train-11620,train,1,0,0.8412178,fp,caste_religious,0,Fir bhi ye suvarn jati ke log reservation ke naam par chilla-chilla ke keh rahe ke reservation ke wajah se desh aage nahi gaya to fir yahi batao suvarn hindu logon ki konse bade ghotale corruption mein reservation lene wale logon ne kiya hai ya phir unke netalon ne kiya hai.,फिर भी यह सुवर्ण जातीं के लोग आरक्षण के नाम पर चिल्ला चिल्ला कर कहतें आरक्षण के वजह से देश आगें नहीं गया तों फिर यही बताओं सुवर्ण हिंदू लोगों कीं कोनसे बडे घोटाले भ्रष्टाचार में आरक्षण लेने वाले लोगों नें किया हैं या फिर उनके नेताओं ने किया हैं,0.0064,0.1141,-0.1076
train-11641,train,1,0,0.96756804,fp,false_positive_other,0,"Koi baat nahi tum, doodh ki katori rakh do, billi apni khud ayegi",कोई बात नही तुम दुध की कटोरी रख  दो बिल्ली आपने आप आयेगी,0.076,0.023,0.053
train-11651,train,1,0,0.5664395,fp,caste_religious,1,"Congress wale log desh ki janta ko ullu samajh rakhay hai. Jad se khatm ho jayegi Congress party. Jai Hind, Vande Matram. Modi hai to mumkin hai. Dhanyavad jee",कांग्रेस वालों ने देश की जनता को उल्लू समझ रखा है।जड़ से खत्म हो जाएगी। कांग्रेस पार्टी। जय हिन्द वन्देमातरम। मोदी है तो मुमकिन है। धन्यवाद जी,0.1024,0.9898,-0.8874
train-11674,train,1,0,0.9771706,fp,false_positive_other,0,"This is not for politics... It's justice for humanities. Jab paida hote hain to kisi ke upar dharam, mazhab, jati ka thappa nahi hota. Bhagwan sabko nanga aur ek jaise hadd-maans dete hain. To ye kon hote hain jo kanun ko haath me lena chahte hain? Phir to jehad ke naam par aatank phailane wale aatanki bhi sahi aur talibani bhi sahi. Aisa konsa dharamgath milti hai jo kisi ke baare me kuch bolen par ya chorai par uske haath kaat diye jaaye, uski nirseens aur berehmati se hatya kar di jaaye. Sab dharam ke thekedar ne dharam ko apni badmaashi ka adda banakar rakha hai.","This is not for Politics... It's justice for Humanities ..... जब पैदा होते हैं तो किसी के ऊपर धर्म मजहब जात का ठप्पा नहीं होता... भगवान सबको नंगा और एक जैसे हाड़मांस देता है.... तो ये कौन होते हैं कानून को हाथ में लेने वाले.... फिर तो जेहाद के नाम पर आतंक फैलाने वाले आतंकी भी सही है और तालिबानी भी सही  ऐसा कौन से धर्मग्रंथ में लिखा है कि किसी के बारे में कुछ बोलने पर या चोरी करने पर उसके हाथ काट दिए जाएं, उसकी नृशंस व बेरहमी से हत्या कर दी जाए।  सब धर्म के ठेकेदारों ने धर्म को अपनी बदमाशी का अड्डा बनाकर रख दिया है।",0.5878,0.9966,-0.4089
train-11687,train,1,0,0.6315386,fp,false_positive_other,0,Vaise pakode becho wale aap logon ki dukaan kahan hai pehle yeh batao kyunki pakode ka support kiya tha aapne toh batao aapne dukaan kahan rakhi hai jisse aam janta aap ke pakode kha sakein,वैसे पकौड़े बेचने वालों आप लोगों की दुकान कहां है पहले यह बताओ क्योंकि पकौड़े का समर्थन किया था आपने तो बताओ आपने दुकान कहां रखी है जिससे कि आम जनता आप के पकौड़े खा सकें,0.9731,0.9854,-0.0123
train-11719,train,0,1,0.08144417,fn,sarcasm,0,Koi zero watt nahi aya comments karne 😂😂😂😂😂😂,कोई zero watt नहीं आया कमेंट्स करने 😂😂😂😂😂😂,0.9828,0.9787,0.0042
train-11738,train,1,0,0.6422048,fp,false_positive_other,0,"Teri huzoor ki kia tarif kru, maine kha ke sharm aati hai, main jo kisi bhi girl se online pyar karta hu",तेरे हुसन की किया तारीफ करू मुझे कहते हुवे शर्म अति है मैं जो कोई bhi गर्ल से ऑनलाइन प्यार करता हुआ,0.0089,0.0142,-0.0052
train-11748,train,1,0,0.59706116,fp,caste_religious,1,"Bhimrao ji ke baad koi tumhe smjhdaar paida hua hai nahi, Bhimrao ji ab bhi sabhi Bharatiyon ke dilon me, schools me ab bhi Bhim padhaya jata hai na ki sunaya jata hai, sadbuddhi se kaam le na ki insano me bhed bhav paida kare... Aap kya banana pasand karenge Chinese ya Pakistani... Hindustani, Jai Hind Jai Bharat...","भीमराव जी के बाद कोई तुम्हें समझदार पैदा हुआ है नहीं , भीमराव जी अभी भी सभी भारतीयों के दिलों में, स्कूलों में अभी भी भीम पढ़ाया जाता है ना कि सुनाया जाता है, सद्बुद्धि से काम ले ना कि इंसानों में भेद भाव पैदा करें.. आप क्या बनना पसंद करेंगे चीनी या पाकिस्तानी……............ हिंदुस्तानी ,जय हिन्द जय भारत....",0.0113,0.0122,-0.0008
train-11743,train,1,0,0.97988796,fp,source_label_wrong,0,"Ab Congress kaalin janta anpadh aur mukh nahi rehii. Bhecha bhecha kehkar kutta ke tarah kitna bhi bhooko. Modi jo bhi karte hain, woh desh ke vikas aur janta ki bhalai hoti hai, yeh baat log achhi tarah jaante hain.","अब कांग्रेस कालिन जनता अनपढ और मूर्ख नही रही । बेचा बेचा कहकर कुत्तौ की तरह कितनाभी भौको । मोदी जो भी करते हैं , वह देश के विकास और जनता की भलाई होती है , यह बात लोग अच्छि तरह जानते हैं ।",0.9731,0.9908,-0.0177
train-11779,train,1,0,0.80944335,fp,false_positive_other,0,Ati sudhar chahera aor akhe aage badho jai shivray,"अति,,सुदर,,चहेरा,,आओर,,आखे,,आगे,,बडो,,,जय,,शिवराय",0.0043,0.0171,-0.0128
train-11786,train,0,1,0.16768329,fn,sarcasm,0,11 saal date karne ke baad shadi! Ab isme aur kya baki hai 😂😂😂,11 साल डेट पर रहने के बाद शादी! अब इसमें बाकी रह ही क्या गया 🤭🤭🤭🤭,0.1016,0.9621,-0.8606
train-11795,train,1,0,0.98248637,fp,obfuscation,0,Ek chamcha thanda se kaam raha tha maine kaha BJP jindabad! Turant garm ho gaya 😜 Aap bhi is neek kam me bharatidhar baney ..🤣🤣,एक चमचा ठंड से कांप रहा था  मैने कहा भाजपा जिन्दाबाद ! तुरन्त गर्म हो गया 😜 आप भी इस नेक काम मे भागीदार बने ..🤣🤣,0.0115,0.0161,-0.0046
train-11822,train,0,1,0.01058582,fn,source_label_wrong,0,"Main Kauslay Manjul se hai, aap kaise ho dost, good morning dost 💜💛💚",मै कूसल मनगल से है आप कैसे है दोस्त गूड मौरलीग दोस्त💜💛💚,0.0176,0.0046,0.0131
train-11827,train,0,1,0.012641675,fn,source_label_wrong,0,"Wallakum aslam o rahmatullah o barakatuhu, aslam-o-alaykum o rahmatullah o barakatuhu, jazak Allah khair dost, good morning good day dost pagal 🍨🍨🍰🍰🍵🍵🎂🎂🍪🍪🌹🌹🌹🌹🌹🌹",वालैकुम अस्लाम व राहमतुल्लाह व बरकातहू    अस्लामो अलैकुम व राहमतुल्लाह व बरकातहू      जजाक अल्लाह खैर दोस्त    गूड मोर्निग गूड डे दोस्त पागल 🍨🍨🍰🍰🍵🍵🎂🎂🍪🍪🌹🌹🌹🌹🌹🌹,0.0045,0.0044,0.0001
train-11840,train,0,1,0.087795146,fn,benign_looking_insult,0,Ab mahenga hi Modi ji ko chhod degi public,अब महंगा ही मोदी जी को छोड़ेगा पब्लिक,0.9401,0.9911,-0.0509
train-11843,train,1,0,0.58032006,fp,false_positive_other,1,"Ye sab kaam boys ka hai, girl ka nahi. Yahan girls ko kyun rakha jata hai? Sabse badi kami hai govt ki.",यह सब काम बॉयज का है गर्ल का नहीं यहां पर गर्ल्स क्यों रखी जाती है सबसे बड़ी कमी है सरकार की,0.9626,0.9172,0.0454
train-11855,train,1,0,0.99321187,fp,false_positive_other,0,"Ye toh ulta ho gaya, chor kotwal ko deta hai",ये तो ऐसा हो गया उल्टा चोर कोतवाल को डाटे,0.0108,0.9796,-0.9688
train-11907,train,0,1,0.019828187,fn,source_label_wrong,0,Aunti khup bari hai... 😍,आंटी खुप भारी हाय.... 😍,0.0193,0.0058,0.0135
train-11918,train,0,1,0.013644264,fn,benign_looking_insult,0,"Mat samajhna ki sab rishte khas hote hain, adha se jyada rishte aastin ke saanp hote hain.","इस भ्रम में ना रहे कि सब रिश्ते खास होते हैं,  आधे से ज्यादा रिश्ते आस्तीन के सांप होते है..",0.1433,0.0073,0.136
train-11928,train,0,1,0.033197947,fn,source_label_wrong,0,"Ye galti ho gayi, kisi ke bete ke saath bhi nahi khelna chahiye tha",किसी के बेटे के साथ भी नहीं खेलना चाहिए ये भूल गई,0.0509,0.1954,-0.1445
train-11941,train,0,1,0.022768361,fn,source_label_wrong,0,"Nais sare ho, hot backyar👌👍😱🤔😍💝",नाईस सारि होट बैकयार👌👍😱🤔😍💝,0.0052,0.0062,-0.001
train-11943,train,1,0,0.96850944,fp,false_positive_other,0,Totti chor kar khana wala hai.,टोटी चुरा कर खा रहे हैं,0.01,0.9477,-0.9377
train-11983,train,0,1,0.014425437,fn,source_label_wrong,0,"Haan meri wajah se badnam ho gaye ho kya ji, sorry yar, I love you yar",हां मेरी वजह से बदनाम हो गए हो क्या जी सोरी यार आई लव यू यार,0.0246,0.0056,0.0191
train-11990,train,0,1,0.04209838,fn,source_label_wrong,0,"Kitna bhai, kitna ka pasand hai aapko?",कितना बाई कितना का पसंद है आप को,0.0088,0.0136,-0.0049
train-11998,train,0,1,0.011566395,fn,source_label_wrong,0,Sharaabi super good 💖💖💖👌🏾👌🏾👌🏾👌🏾👌🏾,शराबी सुपर गुड 💖💖💖👌🏾👌🏾👌🏾👌🏾👌🏾,0.0043,0.0043,0.0
train-12007,train,1,0,0.9924856,fp,obfuscation,0,"Sukar hai pichda chuta, ab kuch to achha hoga India team ka",सुक्र है पीछा छूटा अब कुछ तो अच्छा होगा  इंडिया  टीम का,0.0058,0.9992,-0.9934
train-12064,train,1,0,0.89046293,fp,false_positive_other,0,Puri kapde mein aap jyada acchi lag rahi ho jaanu meri dost,पूरे कपड़े में आप ज्यादा अच्छी लग रही हो जानू मेरी दोस्त,0.0221,0.0181,0.004
train-12097,train,0,1,0.010340642,fn,source_label_wrong,0,Jay Lahuji Bhai Saheb,जय लहुजी बाईसाहेब,0.0047,0.0064,-0.0017
train-12109,train,1,0,0.99403954,fp,source_label_wrong,0,Moti tu piogi aur tumhara saara parivaar,मोटी तु पीऐगी  और  तुम्हारा  सारे परिवार,0.9702,0.7748,0.1953
train-12118,train,0,1,0.026263116,fn,source_label_wrong,0,"Kapda Kumar, ab uth ja",कपड़ा कुमार अब उठा दो,0.0149,0.0094,0.0055
train-12127,train,0,1,0.1344517,fn,source_label_wrong,0,Kisi ke saath bhag jao,किसी के साथ भाग जा,0.0111,0.0138,-0.0027
train-12162,train,1,0,0.5610579,fp,obfuscation,1,Kutte ke bhookne se hathi apni chaal nahi badalta. Bhookte raho.,कुत्तों के भौक्ने से हाथी अपनी चाल नही बदलता । भौकते रहो।,0.0449,0.992,-0.9471
train-12166,train,1,0,0.9908388,fp,source_label_wrong,0,Tumhara kutta hai,तुम्हारा कुत्ता है,0.9977,0.9894,0.0084
train-12171,train,0,1,0.20183396,fn,benign_looking_insult,0,"Iska shadi ho gaya hai, 2 bacche ki maa hai ye",इसका शादी हो गया है 2 बच्चे की मां है यह,0.1569,0.0189,0.138
train-12178,train,0,1,0.03139745,fn,benign_looking_insult,0,"Dag lagte hai lekin kharaab nahi, jaise ki kuch nahi karte, kahin nahi jate, apne ghar me hi rehne se ek mahine me ek toh dag lag hi jata hai kapde par.",दाग लगते हैं लेकिन खराब नहीं जैसे कि कुछ भी नहीं करने पर कहीं भी नहीं जाने पर अपने घर में रहने पर महीने में एक दाग तो लग ही जाता है कपड़ों पर कीमती,0.9141,0.9048,0.0093
train-12228,train,1,0,0.9703922,fp,source_label_wrong,0,"Aapke ise gande video se society me galat effect padta hai, kripya aise video na banae",आपके ऐसे गंदे वीडियो से समाज में गलत असर पड़ता है कृपया करें ऐसे वीडियो ना बनाएं,0.9784,0.9735,0.0049
train-12225,train,1,0,0.97914356,fp,source_label_wrong,0,Kyu waha unhone jungle ki kuttay laga diye hai kya,Kyu waha उन्होंने जंगली कुत्ते लगा दिए है kya,0.9552,0.9511,0.0041
train-12237,train,1,0,0.9541111,fp,false_positive_other,0,"Bhai phir murgi kya aasman se tapki, wo bhi to kisi ande se nikli hogi",भाई फिर मुर्गी क्या आसमान से टपकी वो भी तो किसी अन्डे से निकली होगी,0.0078,0.9798,-0.972
train-12267,train,0,1,0.01600464,fn,source_label_wrong,0,Rangey siyar ke happy birthday 😊 😊 Aapke asli chehre sab dekh rahi hai,रंगे सियारों का happy birthday 😊 😊 आप का असली चेहरे सब देख rhi है,0.0047,0.0061,-0.0014
train-12272,train,0,1,0.23061791,fn,benign_looking_insult,0,"Itni mat ho, tumko hansi ho rahi hai toh ache se nahi laga raha hai",इतनी मत हंसी आ कर तो हंसते हुए अच्छी नहीं लगती है,0.0053,0.009,-0.0036
train-12285,train,1,0,0.8858625,fp,false_positive_other,0,"Modi ji, Banaras me hukum lagao, Baghvanalal me bhi govt paani ka vikas karwa do, bahut paresan ho gaye waha ke log jo paisa wala Ramleela karte hai",बनारस में हुकूलगजं बघवानाला में भी सरकारी पानी का विकास करवा दीजिए मोदी जी बहुत परेशान हो गए वहा के लोग जो पैसे वाले  रामलीला,0.0478,0.9553,-0.9075
train-12299,train,0,1,0.3353975,fn,benign_looking_insult,0,1400 saal aur 2000 saal wale ko kya pata hai hamare arab saal ki oakat ke baare mein. Jai Shri Ram.,1400 साल और 2000 साल वाले क्या जाने हमारे अरबों साल की औकात। जय श्री राम।,0.9959,0.9746,0.0213
train-12303,train,1,0,0.89562917,fp,false_positive_other,0,"Maa maa hoti hai, logo ki kadam karo maa baap ki kismat wale ke maa baap hote hain",मां मां होती है लोगो कदर करो मां बाप की किस्मत वालो के मां बाप होते है,0.009,0.6537,-0.6447
train-12311,train,0,1,0.020312702,fn,source_label_wrong,0,Sir me phone laauka,सर मी फोन लाऊका,0.007,0.0096,-0.0026
train-12309,train,1,0,0.6525969,fp,false_positive_other,0,"Jab bhi aap zindagi par haar jaye, ek ke baad ek thokar milte rahi, asfalta aap ka raasta rok rakh hai, charo taraf se aapko musibat aur dukh-dard ke paahar gher le, jab tumhe lagne lage ki zindagi mei sala ab kuch nahi bacha hai tab tum Shiva ko yaad karna, apna sharechat kholein aur khojane par jake ""sachcha boy"" search karna hai, tumhare sare dukh ke asar ko be-asar kar dunga yakin.",👉  जब भी आप जिंदगी पर हारने लगो एक के बाद  एक ठोकर आपको मिलती रहे    असफलता आप का रास्ता रोक  रखे हो   चारों तरफ से आपको मुसीबत और दुख दर्द के पहाड़ घेर ले  जब तुम्हें लगने लगे कि जिंदगी में   साला अब कुछ नहीं बचा है तब तुम शिवा को याद करना अपना शेयरचैट खोलना और खजाने पर जाकर   सच्चा बॉय सर्च करना है तुम्हारे सारे दुख के असर को बेअसर कर दूंगा यकीन,0.0077,0.9612,-0.9535
train-12332,train,1,0,0.98203903,fp,source_label_wrong,0,"Yogi ji, ye log Bharat ka namak khaate hai, sale, or Pakistan ko apna bap manate hai, inhe desh droh lagakar bahar khadardiye",भारत का नमक खाते हैं साले और पाकिस्तान को अपना बाप मानते हैं ऐसे लोगों को देश द्रोह लगाकर बाहर खदेडीए योगी जी,0.9971,0.0344,0.9628
train-12342,train,0,1,0.05080238,fn,source_label_wrong,0,Pakistani aur New Zealand se to har gaye. Bacche team se jeet ke kood rahe ho. Bologe ki ham cricket ke shahanshaah hai.,पाकिस्तान व न्यूजी लैंड से तो हार गए.बच्चे टीम से जीत कर कूद रहे हो.बोलोगे की हम.क्रिकेट के शहंशाह है.,0.0461,0.0258,0.0203
train-12346,train,1,0,0.988514,fp,false_positive_other,0,"Aao usko bhi sher chhat, aage bhadke jao, aage bhadke jao",आओ उसको भी शेर चाट  बढ़ाओ आगे बढ़ाओ,0.0074,0.9877,-0.9803
train-12350,train,0,1,0.3333974,fn,benign_looking_insult,0,Bikhari jo teri julf 😍🤭 to main pagal hua 🦄🌼,भीखरी जो तेरी जुल्फ 🦄🌼  तो मैं पागल हुआ 😍🤭,0.9899,0.9885,0.0014
train-12361,train,0,1,0.017381283,fn,benign_looking_insult,0,"Maine to bar bar sahaara milta hai, par non sense jaisa milta hai, woh bhi tutela phutela kaanch jaisa quick fix se chipkana padta hai",मुझे तो बार बार  सहारा  मिलता हे   पर  नोंन सेंस  जैसा  मिलता हे   वोह  भि  तुटेला फुटेला कांच जैसा    क्विक फिक्स  से चिपका ना पड़ता हे,0.9564,0.9215,0.0348
train-12376,train,1,0,0.88660765,fp,source_label_wrong,0,Sidha chappal uthao aur leke bhag jao 😂🤣🤣,सीधा  चप्पल उठाओ और ले के भाग जाओ😂🤣🤣,0.9566,0.8966,0.06
train-12397,train,1,0,0.8322575,fp,obfuscation,0,Aisa chutkula bhejo ki man bha jaye Banty Sen ke naam se,ऐसा चुटकुला भेजो कि मन भा जाए बंटी सेन के नाम से,0.026,0.9993,-0.9732
train-12414,train,1,0,0.59345514,fp,sarcasm,1,"Petroldiesel chodho, phle to yeh pata karo ki desh me coal kitna bacha hai 😂😂😂","पेट्रोल डीज़ल छोड़ो, पहले ये पता करो देश में कोयला कितना बचा है 🤣🤣🤣",0.0115,0.9987,-0.9872
train-12446,train,1,0,0.5416008,fp,false_positive_other,1,Bahut mazaak aapke masta kaparde hai isme bhi aap ke masta hai,बहुत ही मस्त कपड़े भी इसमें आप के मस्त है,0.0049,0.9528,-0.9479
train-12449,train,1,0,0.89518243,fp,caste_religious,0,Sorry Tripathi bhaiya tag nahi kar raha hu technical problem ke karan tag wala msg aapko seen nahi hoga. Agar thoda sa buddhi lagao to tumhe pata chalega ki maa ka doodh kabhi baccho ke liye kabi nahi hua jab tak unhe jaroori hai. Prakritik ne bahut ache tarike se insaan ka vikas kiya hai. Jab tak baccha 6 mahine ka nahi ho jata tab tak dusra baccha nahi paida hoga aur jab baccha 6 mahine ka ho jata hai tab vo doodh chhodkar khana khaane laga ta hai. Baba sahib Ambedkar ne samvidhan me vo baatein likhe hai jo se Bharat chale uske vikas ho. Agar tum unke samvidhan me phaltu baatein dhoondo to kabhi nahi milenge bhai kabhi nahi!! Jai Bhim ✊✊,"Sorry त्रिपाठी भैया tag नही कर रहा हु technical problem के कारण tag वाला msg seen नही होगा आपको  अगर थोड़ा सा बुद्धि लगाओ तो तुम्हे पता चलेगा की माँ का दूध कभी बच्चो के लिए कमी नही हुआ जबतक उन्हे जरूरी है, प्रीकृतिक ने बहुत अच्छे तरीके से इंसान का विकास किया है जबतक बच्चे 6 महीने का नही हो जाता तबतक दूसरा बच्चा नही पैदा होगा और जब बच्चे 6 महीने का हो जाता है तब वो दूध छोड़कर खाना खाने लगता है।   बाबा साहेब अंबेडकर ने संविधान मे वो बातें लिखे है जिनसे भारत चले उनका विकास हो अगर तुम उनके संविधान मे फालतू बातें ढूंढोगे तो नही मिलेगा भाई कभी नही!!   जय भीम ✊✊",0.0314,0.9323,-0.901
train-12465,train,1,0,0.6913183,fp,false_positive_other,0,"Pagalo, kuch aur program chal raha hoga, maan bete hai sayad",पागलों कुछ और कार्यक्रम चल रहा होगा मां बेटे है सायद,0.9773,0.9946,-0.0173
train-12486,train,1,0,0.99105245,fp,source_label_wrong,0,Hicya aai ki gand,हिच्या आईची गांड,0.9993,0.9774,0.0219
train-12546,train,1,0,0.9944153,fp,false_positive_other,0,Kanddi wale ki khaansi badi gari hogi,कंजडी वाड की खांसी बड गरी होगी,0.0178,0.9043,-0.8865
train-12548,train,0,1,0.052846976,fn,source_label_wrong,0,Kaise kaise paapi paide hote hain sansar me 😭😭😭😭😭😭😭,कैसे कैसे पापी पैदा होते हैं संसार में😭😭😭😭😭😭😭,0.0688,0.0164,0.0524
train-12557,train,1,0,0.9725892,fp,source_label_wrong,0,Meg ek bhains hai,मेग एक भैंस है,0.9695,0.9838,-0.0144
train-12561,train,1,0,0.86281246,fp,sarcasm,0,"Customer: Yeh underwear kitna ka hai? Shopkeeper: 50rs ka hai? Customer: Iska koi warranty hai? Shopkeeper: 9 floor se niche gir jao, apne hi fatak jao ge, magar chaddi nahi 😊😂😂😝🙊🙊😝😂","ग्राहक : ये अंडरवियर कितने का है ? दुकानदार : 50rs का है ? ग्राहक : इसकी कोई वारंटी ? दुकानदार : 9 फ्लोर से नीचे गिर जाओ , खुद फट जाओगे , मगर चड्डी नही 😊      😂😂😝🙊🙊😝😂",0.008,0.0123,-0.0044
train-12598,train,0,1,0.018484166,fn,benign_looking_insult,0,Aasoon ek ajeeb kahani hai—khushi aur gam dono ki nishani hai. Samajhne wale ke liye anmol hai aur na samajhne wale ke liye paani hai 😢😢,आसूं एक अजीब कहानी है  खशी और गम दोनो की निशानी है समझने वाले के लिए अनमोल है  और ना समझने वाले के लिए पानी है😢😢,0.9723,0.9669,0.0053
train-12588,train,0,1,0.48949635,fn,benign_looking_insult,1,Meri aukat dekhne ke liye teri aukat bhi hona zaruri hai.. dusron ki nazar se dekhoge to meri burayi hi padhoge lekin apne aap milne aoge to muskuraye jaye jaoge,मेरी औकात देखने के लिए तेरी औकात होना भी जरूरी है.. दूसरों की नजरों से देखोगे तो मुझे बुरा ही पाओगे लेकिन खुद मिलने आओगे तो मुस्कुरा कर जाओगे,0.9568,0.9598,-0.003
train-12607,train,1,0,0.8643977,fp,source_label_wrong,0,"Khana sahib milne gaye apne bete ko to apni aulad ko har mata-pita milne jaate hain, gunah kiya to saza to kaatni padegi",खान साहब मिलने गए अपने बेटे को तो अपनी औलाद को हर माता-पिता मिलने जाते हैं गुनाह किया है तो सजा तो काटनी पड़ेगी,0.9721,0.9738,-0.0017
train-12620,train,1,0,0.8858331,fp,source_label_wrong,0,Arey a 2021 ka haarna bahut-bahut mila medal natak acting karne wale nau tanki mere samne kitna medal mila joothi matlambi dhokha baj display karne wali ghamandi jooth bolne wali joothi gadi bungalow wale middle class kehne wale abhi tana paani ka poster video apna bana ke todke naye log accha lagte comment box me gali ganda bed word dusre se haske bat karti searchat ap wale ne badnami comment band karwaya iljham dalke gandi harakat ganda iljham ki complain karke mere profile band karwaya ap wale ne badnami se injat karwaya bahut kism ki halat pareshani doshman jalabi jalan jalgoda karwaya 2021 ne mujhe bahut diya dimaagi bojha bechaini bahut mila naya saal me kya kya aidi ya jaln nikalega naya saal me koi bhoot pret jesa sayar agla saal tak pareshan,अरे  ऐ   2021  का हारने  बहुत-बहुत  मिला   मेडल      नाटक  ऐक्टिंग   करने वाले  नौ  टंकि मेरे सामने   कितना मेडल मिला     जूठी  मतलबी   धोखे बाज   दिखावे करने वाली  घमंडी   जूठ  बोलने वाली  जूठी   गाड़ी बंगले वाले    मिडल  क्लास  कहने वाले   अभि  ताना पानी का पोस्टर विडीयो     अपना बनाके तोड़के  नये लोग  अच्छे लगते   कमेंट फोक्स में  गाली  गंदा बेड वर्ड    दुसरे से  हंसके बात करती    सेरचेट  ऐ प वाले  ने बदनामी     कमेंट बंद करवाया  इल्जाम डालके  गंदी  हरकत  गंदा इल्जाम की  कंप्लेन करके  मेरा प्रोफाइल  बंद करवाया   ऐ। पर वाले ने  बदनामी  से  ईंजत करवाया  बहूत किस्म की  हालत  परेशानी    दूश्मन   जलेबी जलन  झगड़ा करवाया   2021  ने मूजे  बहूत दिया   दिमागी  बोझ  बेचेनि  बहूत  मिला   नया साल में  क्या क्या  आईडी या  जलन  निकलेगा    नया साल में    कोई   भूत  प्रेत जेसा   सायर  अगला साल तक   परेशान  ना   करें कोई गेरंटि नहीं  जीना  दूसवार किया हे    गया साल में  मूंछें तो  बहुत  कूछ मिला     क्या तरीका करे  पर कुछ  निर्णय लेना होगा       ऐ  प को छोड़ूदु    गुड नाईट,0.9459,0.9982,-0.0523
train-12653,train,0,1,0.35892528,fn,benign_looking_insult,0,7 saal ki umar mein pyar kar rhe hai isliye he dhokke kha rhe hai madam,7 साल की उम्र में प्यार कर रहे है इसलिए ही तो धक्के खा रहे है मैडम,0.9983,0.9488,0.0495
train-12674,train,0,1,0.14979026,fn,benign_looking_insult,0,Mujhe aur small clothes nahi milenge kya,मुझे और छोटा कपड़ा नही मिला केया,0.798,0.9851,-0.1871
train-12693,train,1,0,0.706256,fp,false_positive_other,0,Sarkar se nibedhan hai ki sharaab bad karado,सरकार सै निवैदन हे की शराब बद करादे,0.9817,0.0095,0.9721
train-12715,train,0,1,0.10497236,fn,source_label_wrong,0,Riti rivaj aur ghar walo ke izzat ka to khyaal rakho,रीती रिवाज और घर वालो की इज्ज़त का तो ख्याल रखों,0.0197,0.0092,0.0105
train-12720,train,1,0,0.52274823,fp,false_positive_other,1,Bhabhi ji bahut sexy laga rahi hai,भाभी जी बहुत सेक्सी लग रही है,0.039,0.0151,0.0239
train-12722,train,0,1,0.25087205,fn,benign_looking_insult,0,"Do bill mil rhe hain, accha se dekhna",दो बील मिल रहें हैं अच्छे से देखना,0.9203,0.9699,-0.0496
train-12729,train,0,1,0.020296019,fn,source_label_wrong,0,"Hello, main Ludo Gold by Zupee pe khelne ka bhut maza karti hu. Is game ko khelo aur ₹100 tak bonus paayo. Abhi se <url> se download karo aur meri code 63XXXM0NSP daalke join karo","हेलो, मुझे Ludo Gold by Zupee पर खेलना पसंद है। इस गेम को खेलें और ₹100 तक बोनस पाएं। अभी  <url>  से डाउनलोड करें और मेरा कोड 63XXXM0NSP डालकर ज्वाइन करें",0.0966,0.9811,-0.8845
train-12742,train,1,0,0.78664887,fp,false_positive_other,0,"Doodh me agar taqat hoti to doodh ke daant kabhi na girte, isliye chai piyo aur mast rehna...",दूध में अगर ताकत होती तो दूध के दांत कभी ना गिरते इसलिए ☕👈🤤😜😋 चाय पिओ और मस्त रहो..😇😋😜😜😁😁😄😄,0.0104,0.9959,-0.9855
train-12760,train,1,0,0.9148056,fp,false_positive_other,0,"This is not andhashraddha bhava.. hai aapli parampari chalat aaleli padhat hai.. tuji aai la ani baikola nahi ghatala jate tar nahi ghao but, but aisa binakam che comments maro nahi ko",This is not अंधश्रद्धा भावा..ही आपली पारंपरिक चालत आलेली पद्धत आहे..तुझ्या आईला आणि बायकोला घालायच्या नसतील तर नका घालू पण.पण अश्या बिनकामाच्या comment maru nko,0.0169,0.9943,-0.9774
train-12769,train,1,0,0.9942545,fp,source_label_wrong,0,Phaltu bullshit hai,फ़ालतू बकवास है,0.9701,0.9984,-0.0284
train-12786,train,1,0,0.9794136,fp,source_label_wrong,0,"N jane pappu apna real surname kyun nahi lagata hai, dogla hindu isliye bhai bhen hi badi hai, akal nahi",न  जाने   पप्पू   अपना  असली   सरनेम   क्यो   नही   लगाता   है    दोगला   हिंदु    इसकेलिए     भैंस   हीं   बड़ी   हैं    अकल   नहीं,0.9986,0.9876,0.011
train-12794,train,0,1,0.14762425,fn,benign_looking_insult,0,"Keshriwal hi jo logon ka khayal rakhta hai aur ye Modi to bas ghumna, bas sab cheezon ka rate badhane wala hai. Bas maina pyara Keshriwal hi jo logon ke liye kuch karta hai, na ki is Modi ki tarah.",केजरीवाल ही जो लोगो का खयाल रखता है और यह मोदी तो बस घूमना बाकी सब चीजो का रेट बढाना बस अपना प्यारा केजरीवाल ही जो लोगो के लिए कुछ करता है नाकि इस मोदी की तरह,0.9068,0.8936,0.0132
train-12804,train,1,0,0.7906303,fp,sarcasm,0,Ab sikkay bandi hogi 😁😂😂,अब सिक्का बंदी होगा🤭😂😂,0.0146,0.3195,-0.3049
train-12855,train,0,1,0.09335946,fn,benign_looking_insult,0,Mere pas bahut ladke hain. Is number par phone kar...xxx,मेरे पास बहोत लडके .है. ये नंबर पर फोण कर..xxx,0.9965,0.9882,0.0082
train-12940,train,1,0,0.8842111,fp,source_label_wrong,0,Chuda hai ji,चुडा है जी,0.9861,0.98,0.0061
train-12948,train,1,0,0.700506,fp,false_positive_other,0,"Jahaaj, dalda, namak, nayak,","जहाज, डालडा, नमक, नयक,",0.0088,0.9979,-0.9891
train-12944,train,1,0,0.89514846,fp,source_label_wrong,0,"Main manata hu ki ladka glati ki hai lekin isme sarri ladkiyon ke photos ganday kyun khinch liye? Ladkiyon ne khud toh photo khinchwaya hota hai tab tak photo khinch liya aur bol rahi hai ladka glati ki hai. Khud ladki ganday tassvir khinchwayi tab toh ladke ne blackmail kiya hai. Khud characterless na bano, ma-baap ki kadr karo. Ma-baap kis liye bhijte hain aur kya ja kar karte ho? Sharm nahi aati tum logo ko? Main bhi ladki ka samman karta hu. Ladkon se request hai ki aap logo glati na karein. Ladkiyon ke liye legal madad leni chahiye thi, murder na karna chahiye tha. Ladka ne glati ki, aapko kanoon hath me lena ka adhikar nahi hai. Agar mere se kisi ne glati ki toh maaf karna.",मैं मानता हूं कि लड़का गलती की है लेकिन इसमें  सारी लड़कियों का फोटो गंदा कैसे खींच लिया लड़कियों ने खिंचवाई होगी तब तक फोटो खींचा और बोलती है कि लड़का गलती किया है खुद लड़की गंदी तस्वीर खिंचवाई तब तो लड़के ने ब्लैकमेल किया है खुद करैक्टर लेस मत बनो मां बाप की कदर करो मां बाप किसलिए भेजते हैं और क्या जाकर करती हो शर्म नहीं आती है तुम लोगों को मैं भी लड़की का सम्मान करता हूं लड़कों से रिक्वेस्ट है कि आप लोग ऐसा गलती ना करें लड़कियों का कानूनी मदद लेना चाहिए था यह नहीं कि मर्डर कर देना चाहिए था लड़का ने गलती किया आपको कानून हाथ में लेने का अधिकार नहीं है अगर मेरे से कोई गलती हो तो माफ करना,0.8237,0.9763,-0.1525
train-12980,train,0,1,0.35313332,fn,benign_looking_insult,0,"Itne beej ke kaise kiya apne, kon sa oil lagaya hai tumne？",इतने बड़े कैसे किए आपने कौन सा तेल लगाया है,0.9609,0.9577,0.0032
train-13014,train,1,0,0.6483416,fp,caste_religious,0,"Hindu sanskriti ko apnao, video banane ko chhodo bahan 🙏",हिन्दू संस्कृति को अपनाओ /विडियो बनाना छोडो बहन 🙏,0.0076,0.9582,-0.9507
train-13019,train,1,0,0.6135652,fp,false_positive_other,0,Sahi baat hai lekin sudharge nahi,सही बात है  लेकीन  सुधरेगे  नही,0.007,0.0064,0.0006
train-13040,train,1,0,0.95704955,fp,caste_religious,0,"Dil khola kar fatake phodiye sabhi Bharatiya Hindu log, Jai Shri Ram, Shubh Deepawali",दिल खोल कर फटाके फोडिए सभी भारतीय हिन्दू लोग जय श्री राम शुभ दीपावली,0.0105,0.9867,-0.9762
train-13063,train,1,0,0.5841932,fp,false_positive_other,1,Chuniye saar par rakhna,चुनी सर पर रखो,0.8456,0.9638,-0.1182
train-13065,train,1,0,0.8496672,fp,source_label_wrong,0,Main dekh ke dukh raha hu to video banane se pehle us gadi wale ko roke gay ko niche utarna tha bhai,मुझे देख कर दुख हो रहा है तो वीडियो बनाने से पहले उस गाड़ी वाले को रोक के गाय को नीचे उतारना था भाई,0.9944,0.982,0.0124
train-13074,train,1,0,0.7066251,fp,false_positive_other,0,"Gul gayi, gulaal gayi gayi hothon ki laali, ab to pichha chod diyo hai hogi do baccho wali case le rahi hai meri shaahri 😛😛",गुल गई गुलाल गई गई होठों की लाली अब तो पीछा छोड़ दे होगी दो बच्चो वाली केस लेगी मेरी शाहरी 😛😛,0.0471,0.999,-0.9518
train-13082,train,0,1,0.048734765,fn,source_label_wrong,0,"Hare Rama, tu to sach me ager laga diya🔥🔥🔥🔥🔥🔥🔥🔥🔥🔥🔥🔥🔥🔥🔥",हरे गोपाल तुने तो सच में आग लगा डालीं🔥🔥🔥🔥🔥🔥🔥🔥🔥🔥🔥🔥🔥🔥🔥,0.0098,0.0096,0.0002
train-13100,train,1,0,0.9059559,fp,false_positive_other,0,Aap to ghar par hi gay aur bainsan paran aur tajee doodh ka mawa banakar khaate ho kyunki itne population wale desh mein asli mawa se mithai nahi khaa sakti,आप तो घर पर ही गाय और भैंस पालन और ताजी दूध का मावा बनवा कर  खाओ है क्योंकि इतने पापुलेशन वाले देश में असली मावा से  मिठाई नहीं खाई जा सकती,0.0078,0.9822,-0.9743
train-13106,train,1,0,0.8926525,fp,source_label_wrong,0,Jo log kisanon ko terrorist bata rahe hai unke ma behan ko Ram Dev ki gufa me chod do. Aisa Ram aur Baba Ram Dev ki jail jaane ke baad se unko khurakh nahi mil rahi hai isliye.,जो लोग किसानों को आतंकी बता रहे है  उनकी मां बहन को राम देव की गुफा में छोड़ दो  आसा राम और बाबा राम रहीम की जेल जाने के बाद से उनको खुराक नही मिली है इस लिए🙄🙄🙄,0.9442,0.9991,-0.0549
train-13115,train,0,1,0.47539917,fn,obfuscation,1,Land likha tha,Land लिखा था,0.9957,0.9815,0.0141
train-13132,train,1,0,0.6550438,fp,obfuscation,0,"Pehle main bhi kutta palti thi, jab se pata chala ki jurmna lagayega, tab se kutta palna chhod diya.","पहले मैं भी कुत्ता पालती थी,जब से पता चला है कि जुर्माना लगेगा 😜😜😜😜😜 तब से कुत्ता पालना छोड़ दिया।",0.0251,0.9963,-0.9712
train-13156,train,0,1,0.024088826,fn,benign_looking_insult,0,"Teri abbu sayyad Gilani Allah ko pyara ho gaya, jashn mana ❤️ day 😹 😹 😹 😹 😹",तेरा अब्बू सय्यद गिलानी अल्लाह को प्यारा हो गया जश्न मना ❤️ डे😹😹😹😹😹,0.9933,0.988,0.0052
train-13175,train,1,0,0.8547114,fp,false_positive_other,0,"Samajh rahe ho bahan ka awaz, bahanon ko parday mein rakhna, larkon ko khule ghumane, ye hi sikhaate hai",समझ रहे है बहना का आवाज बहनो पर्दा में रहे लड़कों खुले घूमे यही सिखाते है,0.0237,0.9749,-0.9512
train-13229,train,1,0,0.8789753,fp,source_label_wrong,0,Hame sale ki koi jaroorat bhi nahi hai 😂😜,हमे साले की कोई जरूरत भी नहीं है😂😜,0.9601,0.5386,0.4215
train-13242,train,1,0,0.8356912,fp,caste_religious,0,"Ramayana hamara pavitri granth hai, iska mazak karna achha nahi hai. Bade sharm ki baat hai ki aaj Hindu khud hi mazak bana raha hai.",रामायण हमारा पवित्र ग्रंथ है इसका मज़ाक करना अच्छी बात नही है बड़े शर्म कि बात है कि आज हिंदू खुद ही मज़ाक बना रहे है,0.0088,0.0313,-0.0224
train-13255,train,0,1,0.039981857,fn,sarcasm,0,"Ashiquein jara sambhal ke chhatna ho, isko to pata nahi inke hone wale ho, kya pata ye kisi ka chhat ke aayi ho,,,,,,,,,,,,, 🤣😝😜","आशिकों जरा संभल के चाटना होंठ ईनके            क्या पता ये किसी का चाट के आयी हो,,,,,,,,,,,,,, 🤣😝😜",0.9564,0.9749,-0.0185
train-13240,train,1,0,0.8887027,fp,false_positive_other,0,"Ye Hathiyara dekh rahe ho.. Gears dekh rahe ho.. ye aapke hi tax ke paisa se khareeda gaya hai... tax to aap pehle bhi dete the na.. lekin tab Hathiyara nahi dalaali mein jata tha..  pin Army chief thak jate the kehate kehate ki Ammunition nahi hai,  pin Bullet Proof vest nahi hai,  pin 15 din ka asalaah bhi nahi hai.. pin CRPF ko to Kashmir mein bandook ki jagah gulel di jati thi...... vo bhi ek samay tha tax to hume dena hi hai, aage bhi denge.. mahatva is baat ka hai ki vo kharch kahan ho raha hai.. main to aap bhakta ya IT Cell wala keh sakta hai.. lekin fowjiyon ke muh kaise band karo ge...   kabhi samay nikal kar kisi fowji se puchiyega ki kya badalav aya hai..  You will be surprised.🚩🚩🚩🚩🚩🙏🙏","ये हथियार देख रहे हो.. Gears देख रहे हो..  ये आपके ही टैक्स के पैसे से खरीदा गया है...  टैक्स तो आप पहले भी देते ही थे ना.. लेकिन तब हथियार नही दलाली में जाता था..  📌 आर्मी चीफ थक जाते थे कहते कहते कि Ammunition नही है,  📌 Bullet Proof vest नही है,  📌 15 दिन का असलाह भी नही है.. 📌 CRPF को तो कश्मीर में  बंदूक की जगह गुलेल दे दी जाती थी......  वो भी एक समय था  टैक्स तो हमे देना ही है, आगे भी देंगे.. महत्व इस बात का है कि वो खर्च कहां हो रहा है..  मुझे तो आप भक्त या IT सेल वाला कह सकते हैं.. लेकिन फौजियों के मुह कैसे बन्द करोगे...   कभी समय निकाल कर किसी फौजी से पूछिए कि क्या बदलाव आया है..  You will be surprised.🚩🚩🚩🚩🚩🙏🙏",0.0093,0.9874,-0.9781
train-13305,train,1,0,0.58590984,fp,false_positive_other,1,"70 saal se garibiy meeti nahi aur chouda saal me ummid karte ho, ye sawal to unse puchna chahiye tha jo itne saal se satta me the","70 सालो से तो गरीबी मीटी नहीं और चौदा साल में उम्मीद करते हो ,ये सवाल तो उनसे पुछना चाहिए था जो इतने साल से सत्ता में रहे थे",0.0135,0.0324,-0.019
train-13321,train,0,1,0.019974783,fn,benign_looking_insult,0,Mere naseeb ka bahut badhaiya hai,मेरा नसीब बहुत घटिया है,0.9984,0.9854,0.0129
train-13334,train,0,1,0.040021528,fn,benign_looking_insult,0,Maine socha tha ye Ramkali hai lekin toh Ram Lal nikla...,मुझे लगा ये रामकाली है  लेकिन ये तो रामलाल निकला....,0.9974,0.9538,0.0436
train-13343,train,1,0,0.7683107,fp,false_positive_other,0,Ek... chota... sa... sawaal,"एक..... छोटा....सा.... सवाल              ""दोस्ती""👭 बड़ी.... या.... प्यार ❤️       🤔🤔🤔🤔🤔🤔🤔",0.009,0.9991,-0.9901
train-13349,train,1,0,0.99004096,fp,source_label_wrong,0,"Gobar bhakton ne hi social media me message dal ke maaul bighad diya hai, shame hai. Jinhone bhi patakhe se pollution kiya hai, aise log deshbhakt hi na ho sakte.",गोबर भक्तों ने ही सोशल मीडिया में मैसेज डाल कर माहौल बिगाड़ा है शर्म आनी चाहिए जिन्होंने भी पटाखों से प्रदूषण किया है ऐसे लोग देश भक्त हो ही नहीं सकते,0.9252,0.9479,-0.0227
train-13346,train,0,1,0.040312625,fn,benign_looking_insult,0,Sahi hai aur inko dharna pe paise aur khana bhi wahi log dete hain jo parday ke piche chhupaye huye hain.,सही है और ईन को धरने पर पैसा और खाना भी वही लोग दे रहे है जो पर्दे के पिछे छुपे है,0.9939,0.9679,0.026
train-13368,train,1,0,0.8633621,fp,obfuscation,0,"Samasya gandhira lag raha hai. Aane wali shitalharr ki condition kaise hogi, isi mudday ko madde nazr rakhte hue is baithak ko bulaya gaya hai. Charcha ka vishay hai.",समस्या गंभीर लग रहा है। आने वाली शीतलहर कैसी रहेगी इसी मुद्दे को मद्दे नज़र रखते हुए इस बैठक को बुलाई गई है। चर्चा का विषय है।,0.1738,0.9626,-0.7888
train-13370,train,0,1,0.019775813,fn,source_label_wrong,0,Jinka sakal achchi hoti hai unka dil achcha nahi hota kyunki Ishwar sabko sab cheezen nahi dete hai isliye achhe dilvale ladke se pyar karo apka dil kabhi nahi tootega ye baat main pure yakin ke saath keh sakta hun,जिनकी सकल अच्छी होती है उनका दिल अच्छा नहीं होता है क्योंकि ईश्वर सभी को सभी चीजों नही देता है इसलिए अच्छे दिलवाले लड़के से प्यार करो आपका दिल कभी नहीं टूटेगा ये बात मैं पूरे यकीन के साथ कह सकता हूं,0.0091,0.009,0.0002
train-13377,train,1,0,0.66812724,fp,false_positive_other,0,He Bhagwan inke balidan ko inke ma-baap ke aansu ko na dhoondh ke chakkar mein daal de… upar wale 🙏🙏🙏,हे भगवान क्या होता जा रहा है ये इनके बलिदान को इनके माता पिता के आंसू को खाली न जाने देना ऊपर वाले 🙏🙏🙏,0.0062,0.0673,-0.0611
train-13382,train,1,0,0.9937773,fp,source_label_wrong,0,"Jo pura desh bacha raha hai usko corona keh rahe ho, tum logo ko sharm aani chahiye 😡😡",जो पूरे देश को बचाकर चल रहा उसको ही कोरोना बोलते हो शर्म आनी चाहिए तुम लोगों को😡😡,0.9936,0.9956,-0.002
train-13427,train,0,1,0.10008834,fn,source_label_wrong,0,"Dil to meri bhi kar raha hai par shararat ko nahi, kuch aur karne wala hai, koi female to message karo",दिल तो मेरा भी कर रहा है पर शरारत को नहीं कुछ और करने को है कोई फिमेल तो मैसेज करो,0.0141,0.9492,-0.9351
train-13480,train,1,0,0.9195583,fp,false_positive_other,0,Ab chod diya kya pagli 😜,अब छोड़ दिया क्या पागली 😜,0.7592,0.9992,-0.24
train-13522,train,0,1,0.48602036,fn,benign_looking_insult,1,"Pagle ne number de diya hai, laude ka hai ye sab",पागलों ने नंबर दे दिया है,0.9841,0.9622,0.0219
train-13542,train,0,1,0.10161749,fn,benign_looking_insult,0,Makeup thoda zyada ho gaya hai,मेकअप कुछ ज्यादा ही हो गया है,0.1471,0.0112,0.1359
train-13573,train,1,0,0.7517586,fp,sarcasm,0,Likh hai thodi si pagal hu par dil ki bahut acchi hu tabhi toh kutte ki photo lagakar puzzles buna rahi hu 😂😂😂😂😂😂😂,लिखा है थोड़ी सी पागल हु पर दिल की बहुत अच्छी हु तभी तो कुत्ते की फोटो लगाकर पहेलियां बुझा रही हैं 😂😂😂😂😂😂😂,0.0232,0.9595,-0.9363
train-13575,train,1,0,0.987334,fp,source_label_wrong,0,"Bo chudiya hai, lipat nahi chiptaygi 🤣",बो चुड़ैल है लिपट नहीं चिपट जायगी 🤣,0.9836,0.9992,-0.0156
train-13592,train,1,0,0.9232064,fp,false_positive_other,0,"Madam aati jaati hai to dard hota, puri jaati hai to maza aata, to yeh hai choodri, haath mein kankar jo pahante na, choodri wahi hai",मैडम आती जाती है तो दर्द होता पूरी जाती है तो मजा आता तो यह है चूड़ी हाथ में कंगन जो पहनते ना चूड़ी वह है,0.06,0.9983,-0.9383
train-13603,train,1,0,0.912919,fp,source_label_wrong,0,"Bomb ka nahi phutega, machis ki til nahi lagao, bomb ki rashish khola do, phus phusi ho jayega, nahi to agle saal ko bomb fuljhadri se fodna hai.",बम  का  फुटेगा नहीं माचीस की तिली ना लगाओ    बम कि  रशी   खोलदो    फूस  फूसी हो जायेगा   नहीं तो  अगला साल  को  बम  फुलझड़ी से  फोड़ना,0.9981,0.9969,0.0012
train-13600,train,1,0,0.96483177,fp,obfuscation,0,"Galat koi apna kare ya paraaya kare, sabko ek jaisi treatment. Sabse pehle suruwaat yeh gandi jo videos aate hain unko dekhna band karo, uspar views dena band karo, usko share karna band karo. Aise hi mentality lauki ban rahi hai becoz of you. Yeh jo videos banate hain agar in love you jee nahi doge to video viral hi nahi hoga. Jab video viral hi nahi hoga to samaj ke har ek chhotey bacche nahi dekhega. Ek chote se chote bacche aise videos dekha apne man me gandi machli ban raha hai. Ham nahi kar raha hain to kar lena woh jakhm de video par video par viral.",गलत कोई अपना करें या पराया करें सबको एक जैसी ट्रीटमेंट सबसे पहले शुरुआत यह गंदी जो वीडियोस आते हैं उनको देखना बंद कर दो उस पर व्यूज देना बंद कर दो उसको शेयर करना बंद कर दो ऐसे ही मेंटालिटी लौकी बनती जा रही है बिकॉज आफ ऊ यह जो वीडियोस बनाते हैं अगर इन लव यू जी नहीं दोगे तो वीडियो वायरल ही नहीं होगा जब वीडियो वायरल ही नहीं होगा तो समाज के हर एक छोटा बच्चा नहीं देखेगा एक छोटे से छोटे बच्चे ऐसे वीडियोस देखा अपने मन में गंदी मछली बना रहा है हम नहीं कर रहे हो तो कर लेना वह जख्म दे वीडियो पर वीडियो पर वायरल,0.0213,0.9987,-0.9774
train-13602,train,1,0,0.97357607,fp,obfuscation,0,"Rakh sake to ek nishanee hain hum, bhool jaao to ek kahani hain hum, khushi ki dhoop ho ya gam ke badalon, dono me jo barsaye vo paani hain hum. Phir bhi ye to chutiya banakar bethay hain. Unki maa ki choot pe paani ki dhoop, unke baap ki chutiyon par badalon. Aisa karo ki unki maa ki choot pe pani na barse. Unko to marne se phle hi mar diya jaye. Unki maa ki choot par ek nishanee hain hum, unke baap ki chutiyon par ek kahani hain hum. Unki maa ki choot par khushi ki dhoop ho ya unke baap ki chutiyon par gam ke badalon, dono me jo barsaye vo paani hain hum. Unki maa ki choot me phir bhi ye to chutiya banakar bethay hain. Unki maa ki choot par ek nishanee hain hum, unke","🌿🍄🌿★𝑠𝑢𝑝𝑒𝑟★🌿🍄🌿★𝑠𝑢𝑝𝑒𝑟★🌿रख सको तो एक निशानी हैं हम, भूल जाओ तो एक कहानी हैं हम, खुशी की धूप हो या गम के बादल, दोनो में जो बरसे वो पानी हैं हम।🌹👌👉🌹😍🙏🌟😘🌠✨👑रीटापटेल",0.006,0.9992,-0.9932
train-13666,train,0,1,0.16646595,fn,benign_looking_insult,0,"Corona se meri gujarish hai, jaldi se is hains ke shareer me ghuss jaye aur duniya se uthaye. Dharti par iska kuch nahi hai, gade ki mouth ki aurat.",कोरोना से मेरी गुजारीश है जल्दी से इस भैंस के  शरीर घुस जाऐ ओर दुनिया से उठाएं धरती पर इसका  कुछ काम नहीं है गधे की मुंह की औरत,0.9987,0.9606,0.0381
train-13668,train,1,0,0.8772499,fp,false_positive_other,0,"Ravan jab sare astra-shastr chalakar thakne laga tha tabhi Kumbhakarna ko jagaya gaya tha 😊 hijab, Ram Rahim, chunav","रावण जब सारे अस्त्र-शस्त्र चलाकर थकने लगा था तभी कुंभकरण को जगाया गया था 😊 हिजाब, राम रहीम, चुनाव",0.0071,0.9938,-0.9867
train-13709,train,1,0,0.89380527,fp,false_positive_other,0,Arman Ma’am ji aapke video ko bahut like karega comments me agar aap isi tarah chalte rehenge,Arman मैडम जी आपके वीडियो को बहुत कमेंट लाइक करेगा अगर आप इसी तरह चलते रहे🥀🕊️🥀🕊️🥀🕊️🥀🕊️🥀🕊️🥀🕊️🥀🕊️🥀🕊️🥀🕊️🥀🕊️🥀🕊️🥀🕊️🥀🕊️🥀🕊️🥀🕊️🥀🕊️🥀🕊️🥀🕊️🥀🕊️🥀🕊️🥀🕊️🥀🕊️🥀🕊️🥀🕊️🥀🕊️🥀🕊️🥀🕊️🥀🕊️🥀🕊️🥀🕊️🥀🕊️🥀🕊️🥀🕊️🥀🕊️🥀🕊️🥀🕊️🥀🕊️🥀🕊️🥀🕊️🥀🕊️🥀🕊️🥀🕊️🥀🕊️🥀🕊️🥀🕊️🥀🕊️🥀🕊️🥀🕊️🥀🕊️🥀🕊️🥀🕊️🥀🕊️🥀🕊️🥀🕊️🥀🕊️🥀🕊️🥀🕊️🥀🕊️🥀🕊️🥀🕊️🥀🕊️🥀🕊️🥀🕊️🥀🕊️🥀🕊️🥀🕊️🥀🕊️🥀,0.0048,0.9944,-0.9896
train-13727,train,1,0,0.88938934,fp,false_positive_other,0,Dena hi hai to naukri aur maujaba dho taki unke gharvalo fir se sewerage me ghuss ke jaan na jaye,देना ही है तो नौकरी और मुआवजा दो ताकि उनके घरवाले फिर से सीवरेज में घुस के जान न जाये,0.0155,0.4931,-0.4775
train-13734,train,1,0,0.51369697,fp,obfuscation,1,"Mohan Das Karam Chand Gandhi, Bapu ka pura naam hai.",मोहनदास क्रमचंद गांघी ✍✍ बापू का पुरा नाम 🙏,0.0045,0.9869,-0.9824
train-13761,train,1,0,0.99039596,fp,obfuscation,0,"Kitna dimaag hai tumhare pas, aajao meri baadshah chutiyon ke saamne akele akele nafrat karte rehna",आपके पास कितना दिमाग है छूती है मेरे सामने आ जा,0.0223,0.9985,-0.9762
train-13752,train,0,1,0.13481012,fn,benign_looking_insult,0,Bahut bahut dukh ki baat hai. Aaj ka best song hai. Aur ye specially un ladkiyon ke liye hai jo dusron ki izzat karna nahi jaante. Phir achanak kya hogaa jab papa ka dil roe? Phir ek vidadai hoti hai. Tab papa duhai karta hai. Bablu ki duaen leti jaye. Ja tuje pati beemaar mile. Maike ki kabhi na yad aaye. Sasaurl mein itni mar padaye. Aur ghar tatti se bhara hai. Gobar kodhe ki kami nahi. Aur ye hum nahi keh rahe hai... Papa duhai karta hai.,बहुत बहुत दुख की। बात है .आज का बेस्ट सॉन्ग.. और ए उन लड़कियों के लिए है.. जो दूसरों की इज्जत करना ना जानू.. फिर अचानक क्या होगा.. जब पापा का दिल रोएगा.. फिर एक विदाई होती है.. तब पापा दुहाई देता है.. बाबुल की दुआएं लेती जा.. जा तुझे पति बीमार मिले. मायके कि कभी ना याद आए.. ससुराल में इतनी मार पड़े.. और घर टट्टी यू से भरा हुआ.. गोबर कोड़े की कमी नहीं.. और यह हम नहीं कह रहे हैं... ए तो बाप दुहाई देता है,0.993,0.9593,0.0336
train-13783,train,0,1,0.43975502,fn,benign_looking_insult,1,Tight aur sexy aunti,टाईट अँड सेक्सी ऑंटी,0.0821,0.0133,0.0688
train-13803,train,1,0,0.96730375,fp,source_label_wrong,0,"Abe ye terrorist nahi tha, ye sab aafwaah thi",अबे ye आतंकवादी नहीं था ye सब अफवाह थी,0.9794,0.9946,-0.0152
train-13809,train,1,0,0.98984796,fp,false_positive_other,0,Sab chod gaye 😡,सब छोड़ गये 😡,0.0145,0.999,-0.9844
train-13863,train,1,0,0.9328199,fp,false_positive_other,0,"Jo shikayat karte hai un logo ka to kamina sa insaf hai, aur jo uth jaye wo to pattaar ka saamna chira ke bhi utha kar leta hai Avatar Hindustani","कमजोर होते है वो लोग जो शिकवा किया करते है, उगने वाले तो पत्थर का सीना चिर के भी उगा करते है Avatar Hindustani",0.0073,0.9495,-0.9423
train-13866,train,0,1,0.3278415,fn,benign_looking_insult,0,"Goli chalana 💥 har kisi ke bas ki baat nahi hai. Tiger ko pakadna aur jisme akar ho, wahi log goli chal sakte hain. Aisa nahi hota. Sajna, aapko pata hai? 😎",गोली 🔫चलाना💝 हर 👐किसी 💛के बस😏 की 💚बात 👊नहीं👎 💜✌tiger👍 पर 💙पकड़ ✊और👊 सीने💪 में 💟अकड़ 😎होनी😌 चाहिये👊😉😎↩❗❗⭐,0.0913,0.0075,0.0838
train-13907,train,0,1,0.21918401,fn,benign_looking_insult,0,"Hello, main Ludo Supreme Gold par khelne ka addict hoon. Is game ko khelo aur ₹500 tak bonus paaye. Abhi <url> se download karo aur meri code 93XXXSQXS0 dalke join karo!","हेलो, मुझे Ludo Supreme Gold पर खेलना पसंद है। इस गेम को खेलें और ₹500 तक बोनस पाएं। अभी  <url>  से डाउनलोड करें और मेरा कोड 93XXXSQXS0 डालकर ज्वाइन करे!",0.9539,0.975,-0.0211
train-13925,train,1,0,0.94900703,fp,source_label_wrong,0,Bahut gale kaat ke dant ukhad de,बहुत गाल काट के दांत उखाड़ दे,0.9165,0.0956,0.8209
train-13929,train,1,0,0.7286886,fp,false_positive_other,0,Sala purana nazar video me tha,साला पूरा  नजर  वीडियो me था,0.8745,0.0052,0.8694
train-13938,train,1,0,0.94238776,fp,false_positive_other,0,Sirf do jodi kapde pahane wali ladki ko. Good job tha,सिर्फ दो जोड़ी कपडे पहनने के  लडकी को । अच्छी बात थी,0.0482,0.9595,-0.9113
train-13937,train,0,1,0.49456778,fn,benign_looking_insult,1,"Jo protest karne wale hain unko kon karta hai kisane yaad karte hain? Kisan nahi, agar kisan hote to kisi ka jeevan nahi lete. Ye log govt ke virudh itna gir gaye hain ki kisi ka bhi jeevan le rahe hain.",जो प्रदर्शनकारी हैं उनको कौन कहता है किसान हैं किसान नहीं अगर किसान होते ना तो किसी का जान नहीं लेते ये लोग सरकार के विरोध में इतना गिर जा रहे हैं कि किसी का जान भी ले रहे है,0.9621,0.9977,-0.0357
train-14001,train,1,0,0.5339966,fp,false_positive_other,1,":( Aajkal yehi haal ha, ladki jitna ladke ko aur ladka jitna ladki ko importance de raha ha utna apne ma-baap ko nahi de pa raha ha, kitni shame ki baat ha. Love yoh mammy 👨‍👩‍👦‍👦",😥जमाना ये हैं कि लड़की जितना लड़के को और लड़का जितना लड़की को अहमियत दे रहा है उतना अपने मां बाप को नहीं दे पा रहा है कितनी शर्म की बात है       Love yoh mammy 👨‍👩‍👦‍👦,0.0754,0.016,0.0594
train-14003,train,1,0,0.89751416,fp,sarcasm,0,Apni reezi kya bataye yaaro 15 lakh toh Modi ji ke paas hai mere ... aur 2 ekar aalu ka khet sona banaane ke liye to so alag.😂😂 Jab tak Modi paisa nahi dete jaane nahi dunga aur jab tak aalu se sona na banwa lu pappu ko aane nahi dunga 😂😂😂😂,अपनी रईसी क्या बताये यारो 15 लाख तो मोदी जी के पास है मेरे ...और  2 एकड़ आलू का खेत सोना बनाने के लिए सो अलग.😂😂  जब तक मोदी पैसा नही देता जाने नही दुंगा  और जब तक आलु से सोना ना बनवा लु पप्पू को आने नही दुंगा 😂😂😂😂,0.0122,0.9767,-0.9645
train-14009,train,1,0,0.7962995,fp,false_positive_other,0,"Agar sadhu hai to usko balaatkaar case mein fasao, agar maulana hai to usko deshdroha case mein fasao, koi bada businessman hai to usko tax chori mein fasao aur agar koi samaanya admi hai to usko daaru ke case mein fasao. Ye sab shadant ra TV news aur news paper walo ki den hai. Kuch samajh le Bharat ki bholi bholi janta?","अगर साधु है तो उसे बलात्कार केस में फसाओ ,  अगर मौलाना है तो उसे देश द्रोह के केस में फसाओ ,  कोई बड़ा बिजनेसमैन है तो उसे टैक्स चोरी में फसाओ और अगर कोई सामान्य आदमी है तो उसे दारू के केस में फसाओ । ये सारे षड्यंत्र tv news और news पेपर वालों कि देन है । कुछ समझे भारत कि भोली भाली जनता ???",0.022,0.9795,-0.9575
train-14023,train,1,0,0.9162993,fp,source_label_wrong,0,"Terko jo shadi karega na, vo bhi pagal ho jayega",तेरे को जो शादी करेगा ना वह भी पागल हो जाएगा,0.9739,0.0481,0.9258
train-14027,train,1,0,0.89594036,fp,false_positive_other,0,"Mehnat rang laayegi aapki, jaise log aaj oxygen ke liye bhag rhe hain, kal aapke autograph ke liye bhageinge 😄😄",💟मेहनत रंग लाएगी आपकी💟जैसे लोग आज ऑक्सीजन के लिए भाग रहे है💟कल आपके ऑटोग्राफ के लिए भागेंगे💟😄😄,0.0044,0.0405,-0.0361
train-14053,train,1,0,0.9725696,fp,source_label_wrong,0,Doodh deti hai,दुध देती है,0.9433,0.0365,0.9068
train-14081,train,0,1,0.26323646,fn,benign_looking_insult,0,Ghanta barra hai dost aur uncha hai jaa 💚❤,घंटा भारी है दोस्त और उंचा है जा 💚❤,0.03,0.0201,0.0098
train-14113,train,1,0,0.85438657,fp,source_label_wrong,0,"Koi ladki hello bol de to comment me kamina log msg karte re, sudhro yaar na to main bigad jaunga",कोई लड़की hello क्या बोल दे coment में कमीने सब लोग उसको msg करते है सुधर जाओ रे नि तो में बिगड़ जाऊंगा,0.8099,0.9739,-0.164
train-14103,train,0,1,0.06566098,fn,benign_looking_insult,0,Yar me tereko pasand nahi ho to tere bajoo wale wale se settings lagade meri,यार मे तेरेको पसंद नाही हो तो तेरे बाजू वालिसे सेटिंग lagade मेरी,0.9982,0.9829,0.0153
train-14112,train,1,0,0.9465177,fp,obfuscation,0,Ye sab karmchari corrupt hain apne aapko aise keh rahe hain aur netao par aroop-pratyaarop lagaa rahe hain. Inka kaam karne ka mana to nahi karta aur netao par manmaani se kaam karaane ka aroop lag raha hain. Agar inko rajneeti karni thi to SC/ST ke arakshan ke kota lekar naukari kyun aaye? Inhe to Bahujan Samaj Party ya Samajwadi Party me shamil ho jana chahiye tha.,यह सारे कर्मचारी भ्रष्ट हैं अपने आपको ऐसी कह रहे हैं और नेताओं पर आरोप-प्रत्यारोप लगा रहे हैं इनका काम करने को मन तो करता नहीं है और नेताओं पर मनमानी से काम कराने का आरोप लग रहे हैं अगर इनको राजनीति ही करनी थी तो एससी एसटी का आरक्षण का कोटा लेकर नौकरी करने  क्यों आए इन्हें तो बहुजन समाज पार्टी या समाजवादी पार्टी में शामिल हो जाना चाहिए था,0.0905,0.9849,-0.8945
train-14148,train,1,0,0.9404321,fp,false_positive_other,0,"Bas kar pagal, rula raha hai kya?",बस कर पगले रुलाएगा का,0.0123,0.1297,-0.1174
train-14150,train,1,0,0.8598403,fp,false_positive_other,0,Pushpa Pushparaj ye jayga nahi sala,पुष्पा पुष्पराज ये जायगा नहीं साला,0.0086,0.0159,-0.0073
train-14177,train,1,0,0.98247474,fp,source_label_wrong,0,Pahle to sahi se kapade pehlo phir apni samajh ke video banao 😡😡😡,कपड़े तो ठीक से पहन लो पहले फिर बनाना वीडियो अपनी समझी 😡😡😡😡😡😡😡😡,0.9838,0.9961,-0.0123
train-14220,train,0,1,0.23489046,fn,benign_looking_insult,0,"Emotional songs lagane se baat sahi nahi hoti, lekin ye bhi sahi hai ki ladki ko pura watan achhe se kapde pehna chahiye",इमोशनल गाने लगा देने से बात सही नही होती बात यह भी सही है कि लड़की को पूरे वदन कपड़े अच्छे से पहनना चाहिए,0.9648,0.9758,-0.0109
train-14235,train,0,1,0.082878016,fn,benign_looking_insult,0,Aapke paas kapde nahi hai kya,आपके पास कपड़े नहीं है क्या,0.9924,0.8919,0.1005
train-14271,train,0,1,0.434646,fn,benign_looking_insult,1,"Khud ka banao na, dam hai shayri likhne ka","खुद का बनाओ ना, दम है शायरी लिखने का",0.0269,0.0089,0.018
train-14276,train,0,1,0.040058427,fn,source_label_wrong,0,Mainse baat kar le na toh bahut pachategi,मुझसे बात कर ले ना तो बहुत पछताएगी,0.005,0.0295,-0.0245
train-14286,train,1,0,0.8812872,fp,obfuscation,0,"Kahan gayi Modi media jo keh rahi hai ki Bharat desh vishw guru banne wala hai, aisaa jise Bharat desh mein abhi bhi dalit samaj ke logon ki shaadi mein dulha ko ghode par sawar hone se gaon se gujarane nahi diya jata hai. Ye unchi jati ke logon ki soch hi gandhi soch se bhari pari hai. Abhi tak jati bheda bhav unke andar kut kutke bhara pa tha hai, ye kabhi bhi sudharenge nahi.",कहाँ गईँ मोदी मीडिया कहतें भारत देश विश्व गुरु बनने जा रहा है ऐसा जीस भारत देश में अभी भी दलित समाज के लोगों कीं शादी में दूल्हे को घोड़े पर सवार होकर गाँव में से गुजर ने नहीं दिया जातां हैं यह उंची जाति के लोगों विचार हीं गंधी सोंच से भरें पडें है अभी तक जातीं भेद भाव उनके अंदर कुट कुटके भरा पडा है यह कभी भी नहीं सुधरेंगें,0.0145,0.98,-0.9655
train-14312,train,0,1,0.056602444,fn,source_label_wrong,0,Aap toh bahut accha angry karna janta ho yaar,आप तो बहुत अच्छा गुस्सा करना जानती है यार,0.0048,0.0263,-0.0215
train-14314,train,1,0,0.65426034,fp,false_positive_other,0,"Bolo do pagal, humein bhi man mein na rakho kuch bhi.",बोल दो पागल हमें भी मन मैं ना राखिए कुछ भी।,0.024,0.9814,-0.9574
train-14341,train,1,0,0.57913244,fp,false_positive_other,1,"Dheej me car nahi lege to thik hai, gas aur petrol bhi to mahangaa hai, baraat me jaooge to khana bhi band kar do",दहेज मे गाडी नही लेगे तो ठिक है गैस और तेल भी तो महंगा है बारात मे जाओगे तो खाना भी बंद कर दो,0.0156,0.0219,-0.0063
train-14344,train,1,0,0.7708419,fp,obfuscation,0,Is dunia me kutta jaisa waheedar koi nahi. Thoda din roti khilake dekho patta chal jayega. Dosthi karke dekho vo aapke liye apni jaan bhi de sakta hai.,इस दुनिया मे कुत्ते जैसा वफादार कोई नहीं । थोड़े दिन रोटी खिलाके देखिए पत्ता चल जाएगा । दोस्ती करके देखिए वो आपके लिए अपनी जान भी दे सकता है।,0.0187,0.9669,-0.9482
train-14374,train,1,0,0.9827586,fp,source_label_wrong,0,Thodi toh sham karo,थोड़ी तो शर्म कर ले,0.9818,0.9925,-0.0107
train-14385,train,0,1,0.405195,fn,caste_religious,1,Agar maine chhodni hai to Congress laana padega,अगर मैंगाई छोडनि है तो  कांग्रेस लाना होगा,0.9783,0.9959,-0.0176
train-14392,train,0,1,0.44691008,fn,benign_looking_insult,1,"Tohar dono choochiya mast lagta ho maal, sahi jaane—man lagtaru","तोहार दुनो चूचीया मस्त लगता हो माल ,सही जाने- मन लगतारू",0.9992,0.9097,0.0895
train-14443,train,0,1,0.24161495,fn,benign_looking_insult,0,Mujhe aapke kapre pehna accha nahi laga behen,मुझे आपके कपड़े पहनना अच्छा नहीं लगा बहन,0.9594,0.9887,-0.0294
train-14465,train,0,1,0.42323905,fn,sarcasm,1,"Arey papa ki pariyan hoti hi aise hi hai, naak chahae bhati ho inki par fashion ki to tanga tod rakhi hai inhone 😂😂😂🤣",अरे पापा की परियां होती ही ऐसी है नाक चाहे बहती हो इनकी पर फैशन की तो टांग तोड़ रखी है इन्होने 😂😂😂🤣,0.9686,0.8859,0.0827
train-14476,train,0,1,0.36263683,fn,benign_looking_insult,0,Udhar ki school chal rahi hai ya band hai?,उधारी स्कूल चालू है क्या बंद है,0.974,0.9757,-0.0017
train-14516,train,1,0,0.9865254,fp,false_positive_other,0,Padhne me nikal jayega do saal toh,पढने में निकल जायेगा दो साल तो,0.0182,0.9756,-0.9574
train-14521,train,0,1,0.23961402,fn,caste_religious,0,Bhim Army ki jo neta hai unke piche bana dalenge,भीम आर्मी की जो नेता हैं उनके पिछवाड़े बांस डाला जायेगा,0.999,0.973,0.0261
train-14531,train,0,1,0.23654735,fn,benign_looking_insult,0,Makeup toh dika toh kar leti,मेकप तो डका तो कर लेटी,0.9973,0.9656,0.0317
train-14560,train,0,1,0.074789934,fn,benign_looking_insult,0,"Tumhe bar dancer me maan zarra tumhari, ,,, hai na 😄😄😄😄😄😄","तुम्हे बार डांसर मे माँ नजर आती है तुम्हारी,,,,,है na😄😄😄😄😄😄",0.9985,0.972,0.0265
train-14565,train,0,1,0.010357242,fn,benign_looking_insult,0,Jayant Chaudhary jat logo ke naam par khaali hai.,जयंत चौधरी जाटों के नाम पर कलंक है।,0.9813,0.985,-0.0036
train-14566,train,0,1,0.13468948,fn,source_label_wrong,0,Chai nahi khali ki kaam chaloo,चैन खुली की काम चालू,0.0272,0.9803,-0.9531
train-14595,train,1,0,0.6006809,fp,false_positive_other,0,Phal ke phal milenge,फलो करे फलो मिलेगा,0.0057,0.9739,-0.9682
train-14594,train,1,0,0.55416745,fp,false_positive_other,1,"Kamar me mocz jaayengi, thumke mat maro zyada sexy lady",कमर में मोच आ जाएंगी ज्यादा ठुमके मत मारो सेक्सी लेडी,0.9573,0.0397,0.9176
train-14596,train,0,1,0.01187241,fn,source_label_wrong,0,"Bahut sundar presentation, badan uthari nahi hai",बहुत सुन्दर प्रस्तुति बदन उघारी नही है,0.0059,0.109,-0.1031
train-14633,train,0,1,0.252407,fn,benign_looking_insult,0,"Ramayana Express ke naam ko communal nahi manna chahiye, isko badalna chahiye - Sitaram Yechury pehle apne naam se Sitaram toh hatana chahiye phir baat karo... 😊",रामायण एक्सप्रेस नाम कम्युनल है इसे बदलना चाहिए - सीताराम येचुरी पहले अपने नाम से सीता राम तो हटा ले फिर बात करना ..😊,0.0066,0.8905,-0.8839
train-14646,train,1,0,0.8171539,fp,false_positive_other,0,"Shiksha ke jahaaj bade shauk se dubaye ja rahe hain, school band karke logon ko rally mein bulaya ja raha hai, tu kab tak free ration ka maza leta rahega accha aam nagrik, tere bacche jism se nahi dimaag se apaahij banaye ja rahe hain.","शिक्षा के जहाज बडे शौक से डुबाए जा रहे है , स्कुल बंद कर के लोगों को रँली में बुलाया जा रहा है , तु कब तक फ्री राशन का मजा लेता रहेगा ऐ आम नागरिक तेरे बच्चे जिस्म से नही दिमाग से अपाहिज बनाये जा रहे है ।",0.018,0.9919,-0.9739
train-14690,train,1,0,0.63959086,fp,sarcasm,0,😎 Mhange kapde lene se koi insaan bada nahi hota. Bada tab hota hai jab kapde chote ho jate hain. 😉😉😉😂😂😂 Teri sang yara - <url>,"😎 मँहगे कपड़े लेने से कोई इन्सान बड़ा नहीं होता।  बड़ा तब होता है, जब कपड़े छोटे हो जाते हैं। 😉😉😉😂😂😂  तेरे संग यारा -  <url> ",0.0281,0.9826,-0.9545
train-14703,train,1,0,0.8830234,fp,false_positive_other,0,Bains ki puncch toot gayi toh,भैंस की पूंछ टूट गई तो,0.0278,0.9988,-0.9709
train-14704,train,1,0,0.63678175,fp,false_positive_other,0,Itna garib pehli baar dekha bhai... Allah iski garibiy ko dur kar de... amin...,इतना गरीब पहली बार देखा भाई...अल्ला इसकी गरीबी दुर कर दे ..आमिन..,0.0129,0.9215,-0.9086
train-14735,train,0,1,0.22434963,fn,benign_looking_insult,0,Zindagi jhund hai phir bhi ghamand hai,जिंदगी झंड है फिर भी घमंद है,0.2419,0.8891,-0.6472
train-14747,train,0,1,0.011630324,fn,source_label_wrong,0,Maine to meri jaan ko de rakha hai ❤❤💋💋,❤❤हमने  तो दे रखा है मेरी जान को ❤❤💋💋,0.0045,0.0048,-0.0003
train-14787,train,0,1,0.021149196,fn,source_label_wrong,0,Mere paas aja main sikhaunga kiss kaise karte hai,मेरे पास आजा मै सिकाता किस कैसे करते है,0.0097,0.0115,-0.0018
train-14800,train,0,1,0.019838143,fn,benign_looking_insult,0,Nahi Sharma aage karo kahan aana hai,नही  शर्मा  एगे कहो  कहा  आना  है,0.5294,0.7791,-0.2497
train-14817,train,1,0,0.9847227,fp,false_positive_other,0,Lau g hai jise masale ke roop mein aur paan ke saath bhi khaate hai aur ladkiya naak mein bhi pahtey hai sale,लौंग है जिसे मसाले के रूप में और पान के साथ खाते भी है और लड़कियां नाक में पहनती भी है,0.0282,0.9554,-0.9272
train-14824,train,0,1,0.09562862,fn,caste_religious,0,Is mulle ki report kar do,इस मुल्ले की रिपोर्ट कर दो,0.9935,0.9804,0.0132
train-14834,train,0,1,0.23596704,fn,sarcasm,0,Yar mitron kaise kaise video dal dete ho😂😂😂😂😋😋😋😋,यार मित्रो कैसे कैसे वीडियो डाल देते हो😂😂😂😂😋😋😋😋,0.0202,0.9696,-0.9493
train-14848,train,1,0,0.96872205,fp,source_label_wrong,0,Itna pagal ho jana zaroori nahi hai dost,इतना पागल होने का जरूरत नहीं है दोस्त,0.8952,0.0119,0.8834
train-14866,train,0,1,0.010788627,fn,source_label_wrong,0,"Kaise ho, hamsephar, hum bahut love karte hai tumse",कैसे हो हमसफर हम बहुत प्यार करते हैं तुमसे,0.005,0.0059,-0.0009
train-14889,train,0,1,0.1358209,fn,benign_looking_insult,0,"Koi baat nahi, ladki ki chappal kha lete ho, thodi bahut maa ki chappal ka bhi dhyan rakho",कोई बात नही लड़की की चप्पल खा लेते हो थोडी़ बहुत माँ की भी चप्पल का ध्यान रखा करो,0.9853,0.8945,0.0909
train-14953,train,0,1,0.011895602,fn,source_label_wrong,0,"Hi Priyanka ji, hye for u from my side",हाय प्रियंका जी आपके लिए मेरी तरफ से हाय,0.0048,0.006,-0.0011
train-14954,train,0,1,0.3481765,fn,benign_looking_insult,0,"Aapko golgappa khana hai to hamare paas a jaao, 10 ka 10 milta hai aur do ande aur ek kela se poore 9 mahine ke liye pet bharna padega",आपको गोलगप्पा खाना है तो हमारे पास आ जाओ 10 का 10 मिलता है और दो अंडे और एक केले से पूरे 9 महीने के लिए पेट भर देंगे,0.9964,0.986,0.0104
train-14976,train,1,0,0.99530643,fp,source_label_wrong,0,"Tu desh bhakt ho hi nahi sakta, tera jaise gandi nali ke kida ke kya pata deshbhakti kya hoti hai",तु देश भक्त हो ही नही सकता तेरे जैसे गंदी नाली के कीड़े को क्या पता देश भक्ती कया होती है,0.9978,0.9967,0.0011
train-14984,train,1,0,0.97185385,fp,false_positive_other,0,"Kabj hai to dawa lele, is tarah se protest karke kuch nahi milega, arthata sasta nahi aayega","कब्ज है तो दवाई लेले, ऐसे प्रदर्शन से संतुष्टि नहीं मिलेगी, अर्थात संडास नहीं आयेगी",0.009,0.9946,-0.9855
train-14994,train,1,0,0.972495,fp,false_positive_other,0,"Mukh gufa hai, daant chor hai",मुख गुफा है दांत चोर है,0.7565,0.9848,-0.2283
train-14996,train,1,0,0.55045897,fp,false_positive_other,1,"Bhasm snan kar lo, paani ke bina aur dunia ka sabse pure pure snan hai",भस्म स्नान कर लो बिना पानी के और दुनिया का सबसे पवित्र स्नान है,0.0061,0.0062,-0.0002
train-15005,train,0,1,0.15661584,fn,source_label_wrong,0,Kash Google bhi mere baate Bhagwan ke paas jake kehna,काश गुगल भी मेरी बाते भगवान के पास जाकर कहता,0.0091,0.0117,-0.0026
train-15023,train,1,0,0.5853501,fp,obfuscation,1,Sardi mehi school ki chutti pardane ka maza hi or hai😂😂😂😂😂😂🤣🤣🤣🤣🤣🥶🥶🥶🥶,सर्दी मेही स्कूल की छुट्टी पाड़ने की मजा ही ओर हे😂😂😂😂😂😂🤣🤣🤣🤣🤣🥶🥶🥶🥶,0.0067,0.9989,-0.9923
train-15032,train,1,0,0.70749,fp,false_positive_other,0,"Mobile ko ulta nahi, torda karo tab dekhenge.",मीबाइल को उल्टा नही टेड़ा करा तब दोखे गा,0.0064,0.981,-0.9746
train-15069,train,0,1,0.014466671,fn,source_label_wrong,0,"Nigaahon mein manzil thi, gir ke gir ke saambhlate rehenge. ❤️❤️❤️❤️❤️❤️❤️❤️ Hawaon ne bahut kosish ki, magar chiraag aandhiyon mein bhi jalte rehenge.","निगाहों में मंजिल थी, गिरे और गिर के सँभलते रहे। ❣️❣️❣️❣️❣️❣️❣️❣️ हवाओं ने बहुत कोशिश की, मगर चिराग आँधियों में भी जलते रहे।",0.0044,0.0046,-0.0002
train-15072,train,1,0,0.90655696,fp,obfuscation,0,Janwar me bhi insaniyat hoti hai sirf insaan me hi nahi. Tabhi to kuttay ka dar gay ne samajha. Jai mata di,जानवर में भी इंसानियत होता है सिर्फ इंसान में ही नहीं। तभी तो कुत्ते का दर्द गाय ने समझा। Jai mata di,0.1803,0.9538,-0.7735
train-15109,train,0,1,0.016140897,fn,source_label_wrong,0,Bahut sexy ho baby,बहुत सेक्सी हो बेबी,0.0336,0.0057,0.0279
train-15111,train,1,0,0.5742655,fp,false_positive_other,1,Arey bhai video ke chakkar mein kyun apna hal bana ke leti ho,अरे भाई वीडियो के चक्कर में क्यों अपना हाल बना कर लेती हो,0.0078,0.0183,-0.0105
train-15115,train,1,0,0.9912909,fp,source_label_wrong,0,"Izzat ho to khayal karo, utarke phena gaya hai izzat ko",इज्ज़त हो तो ख्याल करे ना उतार कर फ़ेंक दी गई हैं इज्जत,0.8663,0.9785,-0.1122
train-15112,train,1,0,0.99232703,fp,source_label_wrong,0,"Kiski majboot hai jo phir deere ko girdish mein dhoond ke chodega, kutte bhi sher ko na chodega.",किसकी मजाल जो छेड़े दिलेर को गर्दिश में घेर लेते हैं कुत्ते भी शेर को,0.9754,0.999,-0.0236
train-15132,train,0,1,0.08768873,fn,sarcasm,0,Ha to kaise ho muurkhon sab kushal mangal 😂😂😂,हा तो कैसे हो मूर्खो 🤣🤣🤣🤣🤣🤣 सब कुशल मंगल,0.9937,0.9502,0.0436
train-15164,train,0,1,0.31000698,fn,benign_looking_insult,0,"Apne ghar ko samhanalo, ais kame kuch nahi pada, apni hansi udwani hai. In sab se aram se baith jao ghar par. Orat apne ghar se 70 kaam nikal leti hai, bahut kaam hai ghar me.",अपने घर को समभालो  ऐसे कामो मे कुछ नहीं पडा अपनी हंसी उडवानी है इन सब से आराम से बैठ जाओ घर पर औरत अपने घर मेसे 70  काम निकाल लेती है बहुत काम है घर मे,0.9852,0.9606,0.0246
train-15171,train,0,1,0.014231528,fn,benign_looking_insult,0,Akal badi ya bhaiya? 😇😇😇😇,अकल बड़ी या भैंस😇😇😇😇,0.981,0.8923,0.0887
train-15180,train,0,1,0.19319864,fn,benign_looking_insult,0,"Bahut galat baat hai, use apne post ka ghamand hai aur ghar ke age kutiyon ki bhi sherani jaisi dangerous hai.","बहुत गलत बात है ,उसे अपने पद का घमंड है और घर के आगे कुतिया भी  शेरनी जैसी खतरनाक होती है ।",0.9952,0.9246,0.0707
train-15197,train,0,1,0.01645138,fn,source_label_wrong,0,Ha chalate chalate baat kar rahe the kasam se,हा चलाते चलाते बात कर रहे थे कसम से,0.0775,0.009,0.0685
train-15206,train,0,1,0.04118082,fn,benign_looking_insult,0,Shadi karte hai ayashie karne ke liye!,शादी करते है अय्याशी करने के लिए !,0.9664,0.9918,-0.0254
train-15198,train,0,1,0.013897849,fn,source_label_wrong,0,"Main meri pahchan meri khothe wala Shyam ka hai... Rozana meri Shyam Baba ko manat hoon, baba har waqt teri tarane gaati hoon. Aayega tu ek din meri pukar sunke... Bas isi aas me baba apne shabd se rajayati hoon... Jai Shri Shyam",मेरी पहचान मेरा खाटू वाला श्याम.. रोजाना मेरे श्याम बाबा तुम्हे मानती हूं बाबा हर वक्त तेरे तराने गाती हूं आएगा तू एक दिन मेरी पुकार सुनके बस इसी आस मे बाबा अपने शब्दो से रिझाती हूं..!!    जय श्री श्याम,0.0049,0.0063,-0.0014
train-15270,train,0,1,0.030338053,fn,benign_looking_insult,0,Aur jor se laiye chhati,और जोर से लाइए छाती,0.9791,0.9896,-0.0106
train-15262,train,0,1,0.3142686,fn,benign_looking_insult,0,"Ek din aisa kam karenge ki duniya salam karegi, Hanuman saadar mere bhai par aanch a gaya na? Sadak chhodo be ka chakka jam karenge.",एक दिन ऐसा काम कर जाएंगे की दुनिया सलाम करेगी हनुमान सादर मेरे भाई पर आंच आ गया ना सड़क छोड़ो है बे का चक्का जाम कर देंगे,0.6811,0.938,-0.2569
train-15277,train,1,0,0.52082294,fp,sarcasm,1,Tag bhi kaisa banaya 🤦‍♂️ Dardnakh chetawani 🤣🤣🤣🤣,टैग भी कैसा बनाते है 🤦   दर्दनाक चेतावनी 🤣🤣🤣🤣,0.0164,0.9894,-0.973
train-15284,train,1,0,0.992384,fp,source_label_wrong,0,Dahshat banao to tiger jaise warna khali to kuttay bhi bhonkte hain,दहशत बनाओ तो टाइगर जैसी वरना खाली तो कुत्ते भी भोंकते हैं,0.9991,0.9984,0.0008
train-15293,train,1,0,0.9161394,fp,sarcasm,0,"14 saal ki ladkiya bhi ye bol rahi hai MAHI mera chuda pe gaya, koi le gaya wih ke teri jaan no 😂😂😂😂😂😂😂😂",14 साल की लडकिया भी ये बोल रही है MAHI मेरे चूड़ा पे गया कोई ले गया विहा के तेरी जान नू 🤣🤣🤣🤣🤣🤣🤣🤣,0.0804,0.9985,-0.9181
train-15332,train,0,1,0.44561103,fn,benign_looking_insult,1,Chachi bahut bada hai,चाची बहुत बड़ा है,0.9183,0.9975,-0.0791
train-15355,train,1,0,0.97674847,fp,caste_religious,0,"Arey pagli, BJP ke jhande ko hi bhagwa jhandaa kahate ho 😂😂",अरे पगली बीजेपी के झंडे को हि bhagwa झंडा कहते है 😂😂,0.0176,0.9823,-0.9647
train-15388,train,1,0,0.8136352,fp,source_label_wrong,0,Bhai jo gande comments karte hai unhe video bana ke de de tu,भाई जो गंदे कमेंट करते हैं करने दे तू बना वीडियो,0.9233,0.8453,0.078
train-15391,train,0,1,0.388317,fn,sarcasm,0,Wah apna papa kitna khush hoga hoga,वाह अपना पापा  कितना खुश होता होगा,0.0185,0.0068,0.0117
train-15390,train,0,1,0.014152672,fn,benign_looking_insult,0,Radhe Radhe Radhe Radhe Radhe Radhe Radhe Radhe Radhe Radhe Radhe Radhe Krishna ♛┈⛧┈┈•༶♛┈⛧┈┈•༶♛┈⛧┈┈•༶♛┈⛧┈┈•༶♛┈⛧┈┈•༶♛┈⛧┈┈•༶♛┈⛧┈┈•༶♛┈⛧┈┈•༶♛┈⛧┈┈•༶♛┈⛧┈┈•༶♛┈⛧┈┈•༶♛┈⛧┈┈•༶♛┈⛧┈┈•༶ ❤❤❤🤗🤗🤗🤗🤗🤗🤗😘😘😘😘,राधे राधे राधे राधे राधे राधे राधे राधे राधे राधे राधे राधे कृष्णा♛┈⛧┈┈•༶♛┈⛧┈┈•༶♛┈⛧┈┈•༶♛┈⛧┈┈•༶♛┈⛧┈┈•༶♛┈⛧┈┈•༶♛┈⛧┈┈•༶♛┈⛧┈┈•༶♛┈⛧┈┈•༶♛┈⛧┈┈•༶♛┈⛧┈┈•༶♛┈⛧┈┈•༶♛┈⛧┈┈•༶♛┈⛧┈┈•༶♛┈⛧┈┈•༶ ❤❤❤🤗🤗🤗🤗🤗🤗🤗🤗😘😘😘😘😘,0.9992,0.9993,-0.0
train-15408,train,1,0,0.7767334,fp,false_positive_other,0,Aisa kya cheez hai jo adha bhagwan ne bana diya aur adha insaan ne 😏,ऐसा कौन सा चीज है जो आधा भगवान ने बनाया और आधा इंसान ने  ☝️☝️☝️,0.0277,0.9969,-0.9692
train-15412,train,0,1,0.445199,fn,obfuscation,1,Vo meri love letter padhkar ro padi... aur meri taraf ake keh di... writing sudhar kamine... kitni gandi writing hai...!!!,वो मेरा लव लेटर पढ़कर रो पड़ी... . और... . मेरे पास आकर बोली... . राइटिंग सुधार कमीने...  कितनी गंदी राइटिंग है...!!! 🤭🤭😁😁😁😛😛🤔😂,0.992,0.9629,0.0291
train-15416,train,0,1,0.050051212,fn,sarcasm,0,"Jo girls 👰 meri post ✍ secret secret se padh ke 😍 chali jati hai, unhein main batadeta hoon ki comments 📃 me kuch bhi likh do, main tumhara jeth 😅 nahi lagta.😂","जो  Girls 👰  चोरी-चोरी मेरी  Post ✍  पढ़ कर 😍  चली जाती हैं,  उन्हें 👉 मै  बता दूँ कि  Post ✍ पर  Comments 📃 में कुछ  बोल भी  दिया करो, मै  तुम्हारा 👉  जेठ 😅  नही ❌ लगता हूँ..😂",0.9912,0.9637,0.0275
train-15432,train,0,1,0.01852173,fn,benign_looking_insult,0,Pani pilake peela kar marenge,पानी पिला पीला कर मारेंगे,0.7889,0.9574,-0.1685
train-15452,train,0,1,0.11167734,fn,benign_looking_insult,0,Paagal ho gayi thi,पागल हो गई थी,0.9949,0.9728,0.022
train-15457,train,1,0,0.97425985,fp,source_label_wrong,0,"Ladki mar gayi rape mein, kisaan tdrp raha khed mein, be-rajgaari badh rahi hai desh mein — isi sab ka sabab se desh thoda aage nahi badh sakta?",लड़की मरे रेप में किसान तड़पे खेत में बेरोजगारी बढ़े देश में यही सब वजह से देश आगे थोड़ी बढ़ेगा।,0.9686,0.0104,0.9582
train-15488,train,1,0,0.85745233,fp,obfuscation,0,Sunday ki chutti ko band kardo corona mein free ki tankha dipti government,संडे की छुट्टी को बंद कर दो कोरोना में फ्री की तंखा दीप्ती गवर्नमेंट,0.0056,0.9991,-0.9936
train-15493,train,0,1,0.011523787,fn,benign_looking_insult,0,Kya baat hai sab focus sunday par hi kya hai naes & lawle,क्या बात है सारा फोकस सुनडी पर ही क्या है naes & lawle,0.9963,0.9386,0.0577
train-15520,train,0,1,0.06574558,fn,source_label_wrong,0,Isliye he bana diya ki log galat he samajhe,बनाया ही इसलिए है की लोग गलत ही समझे,0.0453,0.0143,0.031
train-15530,train,0,1,0.014632416,fn,source_label_wrong,0,Gale ka haar ki photo bhejo,गले का हार की फोटो भेजो,0.0109,0.0073,0.0036
train-15573,train,1,0,0.5235965,fp,false_positive_other,1,Pehle bhi darr lagta tha usse khoane se... ab ghanta bhi fark nahi padhta uske hone ya na hone se... 😏,"पहले☝ डर😨 लगता था उसे👩 खोने से,,,,  अब घण्टा🔔 भी फर्क नही☝ पड़ता उसके👩 होने या न☝ होने से😏....❗❗",0.0092,0.9621,-0.9529
train-15575,train,1,0,0.7219639,fp,sarcasm,0,"Is, nabaalik bacchi ki shadi kisne kiya bhai 😜😀😂😆🤣","इस, नाबालिक बच्ची की शादी किसने कर दी- भाई😜😀😂😆🤣",0.0112,0.5424,-0.5311
train-15588,train,1,0,0.8180099,fp,false_positive_other,0,"Abe, kisi cheez ki toh limit hoti hai na",अबे हद होती है किसी चीज की,0.0101,0.9878,-0.9776
train-15607,train,0,1,0.019301306,fn,sarcasm,0,"Pucha tha ki ye jo reshami julfen hoti hain 😉🙈, unme resham ke kide milte hain ya normal baalon ki tarah juen..! 😜 😁😁😜 😁😂😜",पूछना ये था कि ये जो रेशमी जुल्फें होती है😉🙈l उनमें रेशम के कीड़े पाये जाते हैं या नॉर्मल बालों क़ी तरह जुएं..!  😜 😁😁😜 😁😂😜,0.9897,0.9243,0.0654
train-15611,train,1,0,0.890783,fp,caste_religious,0,"Hindu-Muslim Hindu-Muslim Hindu-Muslim aur koi inke paas matter hi nahi hai. Mere ko teen-chaar din ho gaye mere ko DAP khad nahi mil raha hai, bajre ki aur dhan ki bikaai bhi bahut late hui hai. Hone do, tel mahanaga inko pata lag jayega tab vote girenge.",हिंदू-मुस्लिम हिंदू-मुस्लिम हिंदू-मुस्लिम और कोई इनके पास मुद्दा है ही नहीं मेरे को तीन चार दिन हो गए मेरे को डीएपी खाद नहीं मिल रहा बाजरे की और धान की बिक्री भी बहुत लेट हुई है होने दो तेल महंगा इनको पता लग जाएगा वोट गिरेंगे तब,0.0073,0.0248,-0.0174
train-15636,train,1,0,0.99101347,fp,false_positive_other,0,"Kuch log ko maza ara raha hai, kuch log bol rahe hai ye bhi to insaan hai, theek hai sab sahi hai par duty par rehte hue ye sab sahi hai? Isse to aur logo ka hausla badhega aur agar koi ghalti ho gayi to uski jimaewadari kiski hogi? Aur kya guarantee hai ki ab inki is harakt par vibhagiy karwaai nahi hogi.",कुछ लोगो को मजा आ रहा है  कुछ लोग बोल रहे है ये भी तो   इंसान हे ठीक है सब सही है  पर क्या ड्यूटी पर रहते हुए ये  सब सही है इससे तो ओर लोगो    का हौसला बढेगा ओर अगर    कोई घटना हो गई तो उसकी       जिम्मेदारी किसकी होगी  और क्या गारंटी है कि अब इनकी  इस हरकत पर विभागीय कार्रवाई             नही होगी ।,0.0238,0.9966,-0.9728
train-15653,train,0,1,0.036585145,fn,benign_looking_insult,0,"Sab ke sab anpadh hain, dono ne meth ki ginti ki hai 😜😜😜😜😜143 i love you hi ho ,,","sb के सब अनपढ़ हैं दोनों ने meth ki गिनती की है 😜😜😜😜😜😜143 i love you hi ho ,,",0.9864,0.9792,0.0072
train-15686,train,1,0,0.9471631,fp,false_positive_other,0,Ab to ho gaya Bikkie sir ko O teri phas gaye jale mein 😃😃😃😃😃😃😃😃😃😃😃😃,अब की हो गया बिक्की सर को O तेरी  फस गए जाल में 😃😃😃😃😃😃😃😃😃😃😃😃,0.0226,0.0766,-0.054
train-15692,train,0,1,0.39353207,fn,benign_looking_insult,0,"Ab ja ke anand mila. ""Har jagah killer khade hai, duniya me jeena mushkil ho raha hai","अब जा के आनंद मिला । ""हर जगह कातिल खडे है,    दुनिया मे जीना मुश्किल हो रहा है ""l",0.0346,0.031,0.0036
train-15694,train,1,0,0.968055,fp,obfuscation,0,Us chudi ki kismat to buland hai ki usko sangamarmari haath mil rahe hai,वो चूड़ी की किस्मत बुलंद है की उसे संगमरमरी हाथ मिल रहे है,0.0052,0.9992,-0.994
train-15704,train,1,0,0.98828155,fp,false_positive_other,0,"Ghanti toh mil nahi rahi hai na, ghanti hone do bata do, gale mein ghanti maloom hai",घंटी तो मिल नहीं रही है ना घंटी होने दो बता दो गले में घंटी मालूम है,0.015,0.9663,-0.9512
train-15672,train,1,0,0.9851383,fp,obfuscation,0,"Ye ras piyo 100 saal jiyao, but maine apni chut ka hissah karte hue kaha hai ki aapke jaise log bekar hai, aapke jaise log bekar hai, aapke jaise log bekar hai, aapke jaise log bekar hai, aapke jaise log bekar hai, aapke jaise log bekar hai, aapke jaise log bekar hai, aapke jaise log bekar hai. Aapke jaise log bekar hai, aapke jaise log bekar hai, aapke jaise log bekar hai. Chutiyon ke jaisa hai aap. Aapke jaise log bekar hai, aapke jaise log bekar hai, aapke jaise log bekar hai, aapke jaise log bekar hai, aapke jaise log bekar hai, aapke jaise log bekar hai, aapke jaise log bekar hai, aapke jaise log bekar hai. Aapke jaise log bekar hai, aapke jaise log bekar hai, aap", <url>  क्या आपको भूक कम लगती है। खाना पचने की समस्या। खाने मे स्वाद का पता ना लगना की कैसा बना है  <url>  घुटने मे दर्द का इलाज। पैरों मे दर्द का इलाज  <url>  अर्जुन की छाल के फायदे। हार्ट प्रॉब्लम को दूर करे अर्जुन की छाल  <url>  इमुनिटी बूस्टर। रोग प्रतिरोधक छमता बड़ाये  <url>  ये रस पियो 100 साल जियो  <url>  हल्दी के पानी के फायदे। हल्दी और निंबु के पानी के फायदे। हल्दी से पेट की चर्बी घटाए  <url>  हमारे शरीर मे कैल्शियम का महतव।शरीर के ढाँचे को कैसे मजबूत करे  <url>  बिना ओपरेशन बवासीर का इलाज। बवासीर का घरेलु उपाय  <url>  नाभि मे तेल डालने के फायदे। नाभि मे 2 बूंद और बहोत बीमारी दूर  <url>  खून गाड़ा हो जाए तो क्या करे। यदि हमारा ब्लड गाड़ा हो जाए तो हो सकता है हार्ट फैल  <url>  भिंडी की सब्जी के साथ ये चीजे ना खाये। ये सब्जी के साथ भिंडी कभी ना खाये नह,0.0064,0.9989,-0.9925
train-15715,train,1,0,0.611665,fp,false_positive_other,0,"Chabi toh Modi ke paas hai, Bharat ko kaun band karega",चाबी तो मोदी पास है भारत कौन बंद करेगा,0.013,0.9973,-0.9843
train-15717,train,1,0,0.8448605,fp,false_positive_other,0,"Mauj to kya, Instagram bhi hilake degi. Chhoti bahan jab itna talent hai to bade bhai ka talent kya ho sakta hai, apne se soch lo didi ji.",मौज तो क्या स्टाग्राम भी हिला देंगे छोटी बहन जब इतनी टैलेंट है तो बड़ा भाई कितना टैलेंट होगा खुद ही सोच लो आप दीदी जी,0.0076,0.9978,-0.9902
train-15725,train,1,0,0.9433953,fp,false_positive_other,0,"I hate you, main tumse nafarati karti hoon",आई हेट यू में नफरत करती हूंँ तुम से,0.0051,0.6094,-0.6042
train-15797,train,0,1,0.15241684,fn,source_label_wrong,0,"Usi mei bhot masti karta hoon, meri baaton ko ghalat mat samajna",उसी में मजाक बहुत ज्यादा करता हूं मेरी बातों को बुरा मत मानना,0.0374,0.0123,0.0251
train-15800,train,0,1,0.09101677,fn,source_label_wrong,0,"Hy bhabhi ji aap bahut acchi lag rahi ho, bahut sexy bhi ho",हाय भाभी जी बहुत अच्छी लग रही हो बहुत सेक्सी भी हो,0.0356,0.0075,0.028
train-15802,train,1,0,0.9852055,fp,source_label_wrong,0,Sale sahab kya hua,साले साहब क्या हुआ,0.983,0.0063,0.9768
train-15813,train,1,0,0.6297372,fp,false_positive_other,0,Bhabhi sexy hai,भाभी सेक्सी है,0.0329,0.0409,-0.008
train-15835,train,0,1,0.026140101,fn,source_label_wrong,0,"Ryt🙏 Pehle jaisa rang nahi raha, life ki is rangoli mein na jaane kitna jehar bhara ab logo ki boli mein.",Ryt🙏 पहले जैसा रंग नहीं रहा जीवन की इस रंगोली में ना जाने कितना ज़हर भरा अब लोगों की बोली में,0.0176,0.9626,-0.945
train-15832,train,0,1,0.029606454,fn,benign_looking_insult,0,Kya bataaoon tujhe ki ye mohabbat kitni gahri hai. Tujhse bas itna samajh lo ye saanso ki dor bas tum par hi thori hai.,क्या बताऊँ  तुझे कि          ये मोहब्बत कितनी गहरी है.  तुझसे बस इतना समझ लो      ये साँसो की डोर बस तुम पर ही ठहरी है.,0.9599,0.9867,-0.0269
train-15839,train,0,1,0.022027098,fn,source_label_wrong,0,"Thande pani se thand lagti hai to pani garam karke nahi liya karo, Vijay ji. Sabun ke paisa kyun bacha rahe ho? Dukandar bhi gussa ho jayega, sabun nahi bikega to uski. 👌👌👌👌👌👌👌👌💖💖💞💞💖💕💖💖❣️💕💖💞🌹🌹🌹🌹😀😀😀😀😀😀🤟🤟🤟🤟🤟",ठंडे पानी से ठंड लगती है तो पानी गर्म करके नहा लिया करो विजय जी साबुन के पैसे क्यों बचा रहे हो दुकानदार भी गुस्सा हो जाएगा साबुन नहीं बिकेगी तो उसकी 👌👌👌👌👌👌👌👌💖💖💞💞💖💕💖💖❣️💕💖💞🌹🌹🌹🌹😀😀😀😀😀😀🤟🤟🤟🤟🤟,0.0044,0.0046,-0.0002
train-15848,train,0,1,0.013982423,fn,source_label_wrong,0,Maine gufa pasand hai jo khoobsurat hone ki jhaadiyon se bhari ho,मुझे खुशी की झाड़ियों से भरी गुफ़ा 🥑 पसंद है,0.0059,0.1497,-0.1438
train-15887,train,0,1,0.047052264,fn,benign_looking_insult,0,"Yogi ji aur Modi ji ke aane se koi bhi roke nahi, hum sab Modi ji ke saath hain",योगी जी और मोदी जी को आने से कोई नहीं रोक सकता हम सब मोदी जी के साथ हैं,0.9364,0.8356,0.1008
train-15898,train,0,1,0.13921723,fn,sarcasm,0,"Toofan se keh do apni aukat mein reh, hamari girlfriend patli si hai, kahin ud gayi to laashen bichha denge laashen..🤣🤣🤭😟😟😀☺️🤪😝😝😛  #haste rehenge 😉","तूफानों से कह दो  अपनी औकात में रहे हमारी गर्लफ्रेंड पतली सी है कहीं उड़ गई तो,लाशें बिछा देंगें लाशें..🤣🤣🤭😟😟😀☺️🤪😝😝😛  #हसते रहे 😉",0.9839,0.9852,-0.0013
train-15900,train,1,0,0.9362856,fp,false_positive_other,0,"Ye ek aisa gangster hai, isko jeetne ke liye PM, home minister aur defense minister bhi lagaye hue hain",यह एक ऐसा गीदड़ है इस को जिताने के लिए प्रधानमंत्री गृह मंत्री रक्षा मंत्री भी लगे हुए हैं,0.0139,0.9981,-0.9843
train-15915,train,0,1,0.04072583,fn,benign_looking_insult,0,"Kitne bhi akhade ho, kya lena dena, in sasural se desh ko kya faida hai. Sab dhangi baba hai.","कितने भी अखाड़े हो, क्या लेना देना, इन ससुरे से देश को क्या फायदा है। सब ढोंगी बाबा है।",0.9978,0.9483,0.0495
train-15919,train,1,0,0.81704104,fp,false_positive_other,0,"Galat hone par chhapi jati hai, log khamkha badnam shisha ko karte hain, buraaye apni bhool kar auron ko badnam karne wale hote hain",गलती परछाई की  होती है   लोग खामखा बदनाम शीशा को करते हैं  बुराई अपना भुला kar  बदनाम औरों को सरेआम करते हैं,0.1104,0.998,-0.8877
train-15922,train,0,1,0.0747676,fn,benign_looking_insult,0,Apna shape surat ke kapde tab dekhna hai kisi aur ka,अपना शक्ल सूरत कपड़ा तब तो देखना किसी और,0.9415,0.8461,0.0954
train-15939,train,0,1,0.07031218,fn,obfuscation,0,Aaj 74 saal baad bhi Gandhiji ko taaliyon mein aur Godse ko ga_liyon mein yaad kiya ja raha hai...🤫,आज 74 साल बाद भी गांधी जी को तालियों में और गोड़से को गा_लियों में याद किया जाता है...🤫,0.9906,0.9691,0.0215
train-15954,train,1,0,0.7175977,fp,obfuscation,0,Jo larkiyan big #Attitude wali photos daalthe hain... 😎🔥 Unhe hi pehle se puchte hain uncle aapke kutte #katta to nahi hai 😂😂😂😂🔥😎 😜,जो लड़के बड़े #Attitude वाली फोटो डालते हैं…..😎🔥  वो ही सबसे पहले पूछते हैं अंकल आपका कुत्ता #काटता तो नहीं🔥😎    😆😆😆😆😂😂😂😂😜,0.0276,0.9721,-0.9446
train-15982,train,1,0,0.97054875,fp,source_label_wrong,0,Dekho toh sharmane se gal lal ho gaye hai phuggi ke,देखो तो शर्म से गाल लाल हो रहे हैं फुग्गी के,0.973,0.9776,-0.0047
train-15987,train,0,1,0.018423215,fn,source_label_wrong,0,Is duniya me love se badi hoti hai dosti aur iski hi chalta hai saare or hasti hai,इस दुनिया में प्यार से बड़ी होती है दोस्ती और इसी की चलती है चारों ओर हस्ती,0.0067,0.022,-0.0153
train-15998,train,0,1,0.4522255,fn,benign_looking_insult,1,"O user tere jaise chuhe bahut aate h, marne ki baat karte h, pahle apni soch sahi karo",ओ यूजर तेरे जैसे चूहे बहुत आते h मरने की बात करते h phale apni सोच सही कर,0.998,0.9481,0.05
train-16029,train,0,1,0.4636114,fn,benign_looking_insult,1,"Ro raha hai kuch to shram karo, aasu nahi madad karo",रोने वाले कुछ तो श्रम करो ऑसू नही मदद करो,0.9792,0.9818,-0.0026
train-16038,train,1,0,0.9065386,fp,false_positive_other,0,"27 August ko Delhi me rape ke bare me news wale ya share chat wale koi bhi khabar nahi dikhaya aur Pakistan me kya ho raha hai uska khulaas inko behtar pata hai, hadd ho gaya yaar",27 अगस्त को देहली मे हुए रेप के बारे मे न्यूज़ वालो या शेयर चैट वालो ने कोई भी खबर नही दिखाई और पाकिस्तान मे क्या हो रहा है उसका खुलासा इनको बेहतर पता है हद है   यार,0.0179,0.0333,-0.0153
train-16034,train,1,0,0.6502618,fp,false_positive_other,0,"A dost, whisky ko kafan me bandh la, kabr me baith kar piyege, in ladkiyo se mila hai dhokha chudailon se setting karege.","ऐ दोस्त व्हिस्की को कफ़न में बांध ला, कब्र में बैठ कर पिया करेंगे, इन लड़कियो से मिला है धोखा चुड़ैलों से सेटिंग किया करेंगे।",0.0106,0.0293,-0.0188
train-16045,train,0,1,0.052517094,fn,benign_looking_insult,0,Bhikh mang ke bhi ek biwi ko nahi rakh sakte ho hum mazdoori karke bhi do biviyan ko rakhenge mila-jula ke 4 bacche,भीख मांग कर भी एक बीवी को नहीं रख सके हम मजदूरी करके भी दो बीवियों को रखें मिलाजुला के 4 बच्चे,0.997,0.9867,0.0103
train-16070,train,0,1,0.13934718,fn,sarcasm,0,"Kahan se aate hai yeh log, yeh golka ka nahi hai 😂😂",कहा कहां से आते है ऐसे लोग ई ये गोला का नाही है🤣🤣,0.862,0.9726,-0.1106
train-16071,train,0,1,0.019136904,fn,benign_looking_insult,0,"Chhii sahad ji, is bemaram ladki ke saath video mat banao, aap bahut good ho",छी सहड जी इस बेसरम लड़की के साथ विडियो मत बानये आप बहुत अच्छे हैं,0.9969,0.9526,0.0444
train-16079,train,0,1,0.09603625,fn,source_label_wrong,0,Mainstay look bhabhi,मस्त लुक भाभी,0.0055,0.0212,-0.0157
train-16117,train,0,1,0.06841451,fn,benign_looking_insult,0,"Mere patni karwa chauth ki vrat-uptvas rahi, logo ko dikhaawa karta thi. Dhokhe se hume jaan se marwane ke liye kai prayas bhi kiya tha lekin jinda bac gaya.",हमारी पत्नी करवा चौथ की  व्रत-उपवास रहती थीं लोगों को दिखावा करती थीं धोखे से हमे जान से मरवाने के लिए कई प्रयास भी किया था लेकिन जिन्दा बच गया ।,0.9693,0.9168,0.0525
train-16199,train,0,1,0.34508222,fn,benign_looking_insult,0,"Isko ₹40 do, koi bhai 2 meter ka kapda khareed ke la aayega bazaar se",इसको ₹40  दो कोई भाई 2 मीटर मीटर कपड़ा खरीद के ले आएगी बाजार,0.0348,0.0274,0.0073
train-16201,train,1,0,0.9626934,fp,source_label_wrong,0,Kya maan-baap ki izzat uchhal kar aayi papa ki pari aur papa aur ladla 😡😡😡,क्या मां बाप की इज्जत उछालकर आई पापा की परि ओर पापा ओर लाडला 😡😡😡,0.9836,0.9954,-0.0118
train-16211,train,0,1,0.28494796,fn,benign_looking_insult,0,Apni kamre pakadne ka sample dikhayi deta hai kya,अपनी कमर पकड़ने का सैंपल दिखा रही हो क्या,0.998,0.9826,0.0153
train-16200,train,1,0,0.78874356,fp,sarcasm,0,Aaj maine 8 minute me 3 km dawda diya 🏃‍♂️ 🙄🙄🙄🙄🙄🙄🙄🙄🙄🙄🙄🙄 Pata nahi log apne o kutte 🐕 ko badhkar kyun nahi rakhte 😁😁😁😁😁😁😁😁😁😁🤣🤣,आज मैंने 8मिनट मे 3किलोमीटर दौड़ लगायी 🏃 🙄🙄🙄🙄🙄🙄🙄🙄🙄🙄🙄🙄                पता नहीं लोग अपने कुत्ते 🐕 को बाधकर क़्यूं नहीं रखते 😁😁😁😁😁😁😁😁😁😁🤣🤣,0.0111,0.0588,-0.0478
train-16229,train,1,0,0.9188638,fp,source_label_wrong,0,"Vo Muslims ke naam par vote de sakte hain, icktaa ho kar to ham Hindu ke naam par kyun nahi de sakte?? Jai Shri Ram 🚩",वो मुस्लिम के नाम पर वोट दे सकते हैं इकट्ठा होकर तो हम हिन्दुत्व के नाम पर वोट क्यों नहीं दे सकते??          जय श्री राम 🚩,0.9753,0.9777,-0.0024
train-16236,train,1,0,0.9778681,fp,source_label_wrong,0,"Ye bollywoodie sale, ""Kyonki Sas bhi kabhi Bahu thi"" jaise serial to banate hai... Parantu ""Begum bhi kabhi behan thi"" jaise serial kyun nahi banate? Puchta hai Bharat...! 😠😠🤣😂🤣","*ये बालीवुडिये( साले), ""क्योंकि सास भी कभी बहू थी"" जैसे सीरियल तो बनाते हैं..!*  *परंतु ""बेगम भी कभी बहन थी"" जैसे सीरियल क्यों नहीं बनाते😠😠  *पूछता हैं भारत..?* 🤣😂🤣😂",0.9659,0.9969,-0.0309
train-16255,train,1,0,0.8414904,fp,caste_religious,0,"Aap bole ho jukti hai duniya jukane wala chahiye. Jo hua hai constitution ke badault hua hai. Lekin aap log ye baat nahi samajhte, aapko to constitution ke rachiyata ka naam lena sharm aati. Jab constitution par dikkt aaye tab aao maidaan mein, tab mana hum aapko mein salute karte hu Bhai Sena aur Bhim Army ko jo apni jaan ki baaji lagaye. Hum to aapke saath kal bhi khade the, aaj bhi khade hai, age bhi khade rehenge. Lekin aap log hi saath nahi dete humara.",आप बोल रहे हो झुकती है दुनिया झुकाने वाला चाहिए। जो हुआ है संविधान के के बदौलत हुआ है।  लेकिन आप लोग ये बात नही समझते आपको तो संविधान के रचियता का नाम लेने शर्म आती। जब संविधान पर दिक्कत आए तब आओ मैदान में तब माने हम आपको में सेल्यूट करती हु भीम सेना और भीम आर्मी को जो अपनी जान की बाजी लगा देते है। हम तो आपके साथ कल भी खड़े थे आज भी खड़े है आगे भी खड़े रहेंगे। लेकिन आप लोग ही साथ नहीं देते हमारा,0.0056,0.023,-0.0174
train-16284,train,0,1,0.41316548,fn,obfuscation,1,Kutta mar gaya rajai 🐕🐕 Maine paagal tere judai 😭😭 Main haathi pani mei wahi nahi sakta aur main tere bin raha nahi sakta. I love you so much Meri falani GF 🤣🤣🤣🤣,कुत्ता मर गया रजाई 🐕🐕                  में मैं पागल तेरी जूदाई 😭😭  में हाथी पानी में वह नहीं सकता                              और मैं तेरे बिना रह नहीं सकता। I love you so much           Meri falani GF 🤣🤣🤣🤣,0.971,0.9223,0.0486
train-16308,train,0,1,0.21165533,fn,benign_looking_insult,0,Aata lagate me bahut sexy aankh maro tum,आटा लगाते में बहुत सेक्सी आख मारते हो,0.9816,0.9757,0.0058
train-16313,train,1,0,0.9710344,fp,false_positive_other,0,"Aap apni maryada ke andar rehoge to sahi rehga, ajke mukh se ye sab kuch sahi nahi laga hai",अपनी मर्यादा के अंदर रहोगी तो ठीक रहेगा आज के मुख से ऐ सब कुछ ठीक नहीं लगता है,0.0057,0.0247,-0.019
train-16332,train,0,1,0.017188603,fn,source_label_wrong,0,"Hum Delhi wale hai, kisi se nahi darte 👍👍",हम दिल्ली बाले है किसी से नहीं डरते 👍👍,0.0211,0.0448,-0.0237
train-16331,train,1,0,0.94007945,fp,false_positive_other,0,Ladke bhi khud ko maa ke cheel kehne wale hai isliye kyunki papa unko mar marke zameen pe le aate hai udhne se pehle hi,लड़के भी खुद को मां के चील इसलिए बोलते है क्योंकि पापा इनको मार मार कर जमीन पर ले आते है उड़ने से पहले ही,0.0251,0.9895,-0.9644
train-16382,train,1,0,0.99193466,fp,false_positive_other,0,Sarvani milun hyala Block karo. Yeh madarchod hai... jatiya bol raha hai.,सर्वानी मिळून ह्याला Block 🚫 करा हा मादर. ....त आहे. जातिवाचक बोलत आहे.,0.0074,0.9992,-0.9918
train-16379,train,0,1,0.15649582,fn,sarcasm,0,"Vo chhotu do 6 cup ☕☕☕☕☕☕ laddu to la raha, ab kuch mookh kehenge ye to chai hai, ilaj karo okh ke mookh vyakti 🤣🤣🤣🤣🤣🤣🤣😝😝🤣🤣🤣🤣🤣🤣",वो छोटू दो कप ☕☕☕☕☕☕ लड्डू तो ला रे           अब कुछ मूर्ख कहंगे ये तो चाय हैं  इलाज करा आँखो का मूर्ख व्यक्ति 🤣🤣🤣🤣🤣🤣🤣😝😝🤣🤣🤣🤣🤣🤣,0.9956,0.982,0.0135
train-16390,train,1,0,0.6941157,fp,false_positive_other,0,Apne chote bhai ko bhi support kardo plz bhai log,अपने छोटे भाई को भी सपोर्ट करें प्लीज भाई लोग,0.0209,0.9981,-0.9772
train-16406,train,0,1,0.25901788,fn,benign_looking_insult,0,"Jab jab tumhe red dress me dekhta hun to damakal nazar aati ho, bas fark itna sa hai ke woh ag bujhane aati hai aur aap ag lagan aati ho.",जब जब तुम्हें लाल कपड़े में देखता हूं तो दमकल नजर आती हो बस फर्क इतना सा है वह आग बुझाने आती है और आप आग लगाने आती हो,0.9773,0.9779,-0.0006
train-16419,train,0,1,0.03552977,fn,benign_looking_insult,0,Lulli nahi pakde di 😁😁😁,लुल्ली नही पकड़ने दी 😁😁😁,0.9971,0.948,0.0492
train-16422,train,1,0,0.52283627,fp,false_positive_other,1,"Bas ek bhulna, baat-baat pe aukat aukat aukat, accha kya lag raha he? Dusra accha lagayega to aisay bolna sikho, jo sabko pata he tumhara bolna dhondhera, ghimta he. Good morning.",बस एक भुलना  बात बात  पे  औकात  औकात औकात  ऐ क्या लगाया हे  दुसरा अछा लगे  ऐसा बोलना सिख   ऐ जो सब सब को मालूम है    तूमहारा  बोलना  ढंढेरा  ऐ  घमंड  हे   गुड मॉर्निंग,0.824,0.0239,0.8002
train-16442,train,0,1,0.20393915,fn,benign_looking_insult,0,Aaj toh kuchh dhang ke kapde pehne hue hain,आज तो कुछ ढग के कपडे पहने हुए है,0.9826,0.9695,0.013
train-16469,train,0,1,0.11012933,fn,benign_looking_insult,0,Pagle hoti hai,पागल होती hai,0.9923,0.9814,0.0109
train-16470,train,0,1,0.04047041,fn,source_label_wrong,0,"Aapko aisa nahi karna tha sab ke izzat karna sikho, nahi to aapki bhi kisi ke izzat nahi karega mere bhai",आप को। ऐसा नहीं करना था।सब।की। इज्जत करना। सिखों। नहीं तो आप की।भी। कोई। इज्जत नहीं करेगा। मेरे भाई,0.006,0.0326,-0.0266
train-16474,train,1,0,0.895639,fp,sarcasm,0,Late jayega lekin aapne jhukega nahi sala 😂,लेट जायेगा लेकिन आपन झुकेगा नही साला 😂,0.0117,0.0773,-0.0656
train-16471,train,1,0,0.9094303,fp,source_label_wrong,0,"Kutta mar gaya, jad me cycle gayi kabadi me",कुत्ता मर गया जाड़े में साईकिल गई कबाड़े में,0.9851,0.0426,0.9425
train-16479,train,1,0,0.65488183,fp,caste_religious,0,"Kya baat hai Congress BJP ke piche bhag rahi hai, BJP kisi aur ke piche bhag rahi hai aur share chat par sab log ek dusre ke piche bhag rahiye hai",क्या बात है कांग्रेस बीजेपी के पीछे भाग रही है बीजेपी किसी और के पीछे भाग रही है और शेयर चैट पर सब लोग एक दूसरे के पीछे भाग रहे हैं,0.0241,0.9701,-0.9459
train-16495,train,0,1,0.022885885,fn,benign_looking_insult,0,"Aap itni sundar ho to aise video kyun banate ho, acche video bana ke to acchi lagegi",आप इतनी सुंदर हो तो ऐसी वीडियो क्यों बनाते हो अच्छे वीडियो बनाकर अच्छी लगी,0.9959,0.895,0.101
train-16494,train,1,0,0.99359316,fp,false_positive_other,0,Abe sale 9000 me itna khush reha hai jab 50000 me 1 kilo ka mithai dekhenge to khushi me gir padega,अबे साले 9000में इतना खुश हो रहा है जब 50000 हजार में 1किलो का मिठाई  देखे गा तो खुशी में गिर पड़ेगा,0.0244,0.9463,-0.9219
train-16497,train,1,0,0.5117707,fp,false_positive_other,1,"Palki mat todho, niche hi khel lo 😄",पलंक मत तोड़ो नीचे ही खेल लो 🤗,0.0113,0.0508,-0.0394
train-16515,train,1,0,0.99583286,fp,source_label_wrong,0,"Drug ke gand, shame ke Bhagwan ko bich me la raha hai","ड्रग की गेंद,   शरम कर  भगवान को बिच मे ला रहा है",0.9802,0.9709,0.0093
train-16517,train,1,0,0.9721494,fp,source_label_wrong,0,"Gandhi ne Abdul Rashid ki fansi ka virrod kiya tha par Bhagat Singh ka nahi. Bhagat Singh ne angrez mara tha aur Abdul Rashid ne Arya Samaj mandir ke Swami Shraddhanand ko goli mar di thi. Dhyan dijiye, aisa kyun kiya Gandhi ji ne🚩🙏🙏",गांधी ने अब्दुल राशिद की फांसी का विरोध किया था पर भगत सिंह का नहीं भगत सिंह ने अंग्रेज मारे थे और अब्दुल राशिद ने आर्य समाज मंदिर का श्रद्धानंद स्वामी को गोली मारी थी ध्यान दीजिएगा ऐसा क्यों किया गांधी जी ने🚩🙏🙏,0.9947,0.9522,0.0425
train-16544,train,0,1,0.06638935,fn,source_label_wrong,0,"Kon kitna intelligent hai, ek chilam baj se pata chal jata hai na",कौन कीतना बुद्धिमान है एक चिलम बाज से जानने की जरूरत नहीं है,0.0351,0.9653,-0.9303
train-16548,train,1,0,0.95372367,fp,false_positive_other,0,"Kalakhand hai bhai, jiski lathi uski bhains",कलयुग है भाई जिसकी लाठी उसकी भैंस,0.0118,0.9666,-0.9548
train-16565,train,0,1,0.14890458,fn,benign_looking_insult,0,Kon sa chilam pi liya baba ne,Kon सा चिलम पी लिया बाबा ने,0.9966,0.9793,0.0173
train-16562,train,1,0,0.743796,fp,false_positive_other,0,"Sabse kahna chahta hun ki Moj par bhadhi aur buri post dalne wale logon ki comments karo aur unke videos par long press karke post ki report karo aur inhe yahan se out karo, sahi logon ko hi like karo👍","सबसे कहना चाहता हूँ कि Moj पर भद्दी और बुरी पोस्ट डालने वालों की कमेंट करें व वीडियो पर लॉन्ग प्रेस करके पोस्ट की Riport करें और इन्हें यहाँ से Out करें, सही लोगों को ही लाइक करें👍",0.012,0.9912,-0.9792
train-16598,train,1,0,0.9964167,fp,source_label_wrong,0,"Abe kutiya, atta-prant kongris kay ghanta kelan hota kay kam 370 tuza bap haathvalan kay ashi char dham changali dakha kongris che sala",अबे कुत्र्या आत्तापर्यंत काँग्रेस काय घंटा केलं होतं काय काम 370 तुझा बाप हाठवलं काय अशी चार धाम चांगली दाखवा काँग्रेसचे साल्या,0.98,0.9471,0.0329
train-16619,train,1,0,0.82523406,fp,false_positive_other,0,"Virat Kohli ki beti ki dhanki mila to arrest kar liya gaya, yahan chhoti chhoti baccho ke saath rape ho jate hain, unki sunwai tak nahi hoti, saalon saalon ke maamale adalat me pade rehte hain",विराट कोहली की बेटी को धमकी मिली तो अरेस्ट कर लिया गया यहां छोटी छोटी बच्चों के साथ रेप हो जाते हैं उनकी सुनवाई तक नहीं होती सालों साल मामले अटके पड़े रहते हैं अदालतों में,0.0215,0.9797,-0.9581
train-16624,train,0,1,0.20715548,fn,benign_looking_insult,0,Luto luto khub Modi raj hai,लूटो लूटो खूब मोदी राज है,0.997,0.961,0.0359
train-16645,train,0,1,0.065213084,fn,source_label_wrong,0,Mohabbat mohabbat ko hi barbarad kar deta hai kyunki mohabbat har nahi maanti aur dil sala baat nahi maanti 😅😭😭😭🤜,मोहब्बत मोहब्बत करने को बरबाद कर देती है क्योंकि मोहब्बत हार नहीं मानती और दिल साला बात नहीं मानता 😅😭😭😭🤜,0.0273,0.0309,-0.0036
train-16654,train,0,1,0.0067688306,fn,source_label_wrong,0,Sab temporary love hai bhai,सब टेम्परेरी प्यार है भाई,0.0055,0.0091,-0.0036
train-16706,train,0,1,0.03589789,fn,source_label_wrong,0,Jyada baat karna ka shauk hai to meri number send karo,ज्यादा बात करने का शौक है तो मेरा नंबर सेंड करो,0.0248,0.0101,0.0147
train-16720,train,0,1,0.026358161,fn,benign_looking_insult,0,Chunav devta ki kripa se ye sab dono naatak kar rahe hain,चुनाव देवता की कृपा से ये सब ढोंगी नौटंकी कर रहे हैं,0.9849,0.9957,-0.0108
train-16723,train,1,0,0.9072873,fp,false_positive_other,0,"Koi bathroom ho, aur phone na uthaye tab, unka to koi galat nahi hoga lekin aapke ego ka to aaya, isko kehte hai apne man ka ghamdriya","कोई बाथरूम हो ,और फ़ोन न उठाएं तब, उनका कोई गलती त न होगा लेकिन आपका ईगो  तो आ गया, इसे कहते है अपने मन का घमड़िया",0.0193,0.9672,-0.948
train-16734,train,0,1,0.015942095,fn,source_label_wrong,0,"Pani kyun pi rahi hai, desi piya karo",पानी क्यू पी रही है  देशी पिया करो,0.0461,0.0231,0.023
train-16731,train,1,0,0.56498134,fp,false_positive_other,1,"Chote kisaan ko fasal ka sahi dam nahi mil pata, waha pehle se hi fasal par kardh le leta hai. Fasal aate hi market mein bech deta hai, tab fasal ka dam bahut kam hota hai. Aur jab fasal vyapariyon ke paas chali jati hai to fasal ke dam mein achanak udhala a jata hai.",छोटे किसान को फसल का सही दाम नहीं मिल पाता वहां पहले से ही फसल पर कर्ज ले लेता है फसल आते ही मार्केट में बेचता है तब फसल का दाम बहुत कम होता है और जब फसल व्यापारियों के पास चली जाती है तो फसल के दाम में अचानक उछाला आ जाता है,0.0076,0.0159,-0.0083
train-16746,train,0,1,0.12982288,fn,benign_looking_insult,0,Bur. Chati. Apke bur me ladka kya?,बुर। चाटी। आपके बुर मे लाडं क्या,0.9957,0.9931,0.0027
train-16737,train,1,0,0.5724293,fp,obfuscation,1,"Aisa hi hona chahiye tha ki chhoti si chorai karne par haath kaat diya jaaye, accident karne par maut ki saza di jaye to aaj is desh mein itni gandagi na hoti. Yahan kisi ko kanun ka dar hi nahi hai. Sakti kanun hona chahiye, tabhi aadmi jo hai pap aur galtiyon se rokega.",ऐसा ही होना चाहिए था कि छोटी सी चोरी करने पर हाथ काट दिया जाए एक्सीडेंट करने पर मौत की सजा दे दी जाए तो आज इस देश में इतनी गंदगी ना होती यहां किसी को कानून का डर ही नहीं है सख्त कानून होना चाहिए तभी आदमी जो है पाप और गलतियां करने से रुकेगा,0.9952,0.9896,0.0056
train-16788,train,1,0,0.6919059,fp,false_positive_other,0,"Pimpri Chinchwad, Pune",पिंपरी चिंचवड .पुणे,0.0048,0.9983,-0.9935
train-16802,train,0,1,0.014193247,fn,source_label_wrong,0,Shubh sandhya Vandna bahan ji 🌹🙏,शुभ संध्या वंदन बहना जी 🌹🙏,0.0044,0.0062,-0.0018
train-16806,train,1,0,0.93705195,fp,false_positive_other,0,Bhai itna dimaag kahan se leke aate ho tum log?,भाई इतना दिमाग कहां से लेकर आते हो तुम लोग,0.0058,0.0319,-0.0261
train-16827,train,0,1,0.018653024,fn,source_label_wrong,0,Kya meri land bye,केया मेरा land bye,0.0656,0.0172,0.0484
train-16828,train,0,1,0.13262945,fn,benign_looking_insult,0,Chal mazya bhar,XXX चल माझ्या बर,0.999,0.8993,0.0996
train-16846,train,0,1,0.3655792,fn,benign_looking_insult,0,Do naal ka paani ja raha hai,", दो नल का पानी जा रहा है",0.043,0.0069,0.0362
train-16852,train,1,0,0.51690733,fp,false_positive_other,1,Modi ji ne nalle se gas ki jab bola tha sab mazak banar rhe the aaj ye sahi sabit ho gaya,मोदी जी ने नाले से गैस की जब बोला था सब मजाक बना रहे थे आज ये सत्य साबित हो गया,0.0214,0.0709,-0.0496
train-16854,train,0,1,0.016629118,fn,source_label_wrong,0,"Saint Rampal Ji Maharaj ka uddeeshya Bharat ko soni chidiya banane ka hai. Jahan sarv dharma, jaati ke logi prem, bhai chare ke saath rehna, jahan sab sukhna, sabko saman nyay milna, jahan kisi ka shoshan na ho.","संत रामपाल जी महाराज जी का उद्देश्य भारत को सोने की चिड़िया बनाने का है। जहाँ सर्व धर्म, जाति के लोग प्रेम, भाईचारे के साथ रहें, जहाँ सभी सुखी रहें, सबको समान न्याय मिले, जहाँ किसी का शोषण न हो।",0.0388,0.0065,0.0323
train-16890,train,1,0,0.9491597,fp,obfuscation,0,"Sale pagal hai, ye kisne banwaya hai order. Agar main us jagah hota to main khud ki jameen de deta par mandir nahi tootne dete. Har har mahadev, jai hind, jai bharat, jai hindu.","साले पागल है ये किसने बनवाया है आदेश अगर मै उस जगह होता तो मै खुद की जमीन दे देता पर मन्दिर नहीं टुटने देता । हर हर महादेव , जय हिंद , जय भारत , जय हिंदू।",0.415,0.9485,-0.5335
train-16924,train,1,0,0.6367971,fp,sarcasm,0,Sahi nahi kiya to is terrorist ko koi bhi tapak daalta 😜😂,सही किया नहीं तो इस आतंकवादी को कोई भी टपका देता 😜😂,0.9453,0.9598,-0.0145
train-16921,train,0,1,0.312449,fn,benign_looking_insult,0,Kapde sahi se pera karo,कपड़े सही से pera करो,0.9972,0.969,0.0282
train-16935,train,0,1,0.039020445,fn,benign_looking_insult,0,"Log apni aukat to dikhate hein, jitna marji se rishte nibhalein 😏😏  ͡❤️ᴏғғɪᴄɪᴀʟ❤️🎭❤️ ⃢Crazy👁️🎭",लोग अपनी औकात दिखा ही देते है चाहे जितनी मर्जी शिद्दत से रिश्ते निभा लो 😏😏   ❥͜͡❤️🇴ғͥғɪᴄͣɪͫ͢͢͢ꫝʟ❤️🎭☞ͥ͟❤҉ ⃢👁️Crazy👁️🎭,0.9992,0.9929,0.0063
train-16939,train,0,1,0.055343688,fn,benign_looking_insult,0,"Cycle ko kabhi halka mat lena, ab tikkar marne se pehle soch le ki kya hal hua hai car ka",साइकिल को कभी हल्के में मत लेना अब टक्कर मरने से पहले सोच लेना क्या हाल हूवा है कार का,0.9743,0.8261,0.1482
train-16966,train,1,0,0.96379215,fp,false_positive_other,0,Teri kamr ke neeche ka jo part hai uski hi sarri story hai,तेरी कमर के नीचे का जो  हिस्सा हैं  उसी का तो सारा किस्सा है,0.7612,0.9796,-0.2184
train-16969,train,0,1,0.35730934,fn,benign_looking_insult,0,"Isme aukat ki baat kahan se a gayi, ye rasam hoti hai 🙄",इसमें औकात की बात कहा से आ गई ये रस्म होती है 🙄,0.9816,0.9417,0.0399
train-16998,train,1,0,0.79818654,fp,false_positive_other,0,Kapde utarnay se followers badhte hain lekin izzat sanskaar nahi,कपड़े उतारने से फॉलोअर्स बढ़ते हैं लेकिन इज्जत संस्कार नहीं,0.9497,0.0275,0.9222
train-17011,train,0,1,0.14337453,fn,benign_looking_insult,0,Mujhe ye samajh a gaya ki inke jaise like karte wale aur bhi log hai jo agar ka paagal khana janne wale hai,मुझे ये समज आ गया की इनके जैसे like करने वाले और भी बहुत लोग है जिनको आगरा का पागल खाना जाना चाहिए,0.9944,0.9866,0.0078
train-17016,train,0,1,0.07377812,fn,benign_looking_insult,0,"A jaao, chuma chati karte ho 💋💋💋💋💋💋",आ जाओ चुमा चाटी करते है 💋💋💋💋💋💋,0.9985,0.9622,0.0363
train-17022,train,1,0,0.9194118,fp,false_positive_other,0,"Main saam mein baat karta hun, dukan ke saamana ki gadi a gayi hai, saman utarwale ladke hai nahi","साम में बात करुगा ,दुकान के सामान की गाड़ी आ गयी है समान उतरबा दू लड़के है नही",0.0182,0.0213,-0.0031
train-17071,train,1,0,0.7591865,fp,false_positive_other,0,"Hamara desh sirf jawano aur kisanon ke karan surakshit hai, jarah socho agar in dono ne kaam karna band kar diya to kya hoga??","हमारा देश सिर्फ जवानो और किसानो के कारण सुरक्षित है, जरा सोचिए अगर इन् दोनों ने काम करना बंद कर दिया तो क्या होगा ??",0.0214,0.0194,0.0019
train-17067,train,1,0,0.7263739,fp,false_positive_other,0,"Dada 😎 chalte toh mas 🥩🍗, dada 🧒 hiltay to mas 🥩🍗, mm mas 🥩🍗 phirse 👀 dekho 😱😱, iski 🦹 bhi hai mas 🥳, iski shirt 👔 bhi hai mas 🥩🍗, iski 💪💪 musl me mas, 🥩🍗 mam mas, phirse bolna 🗣️🗣️, adi 👶 ko kisi 🧔 ne hath 👋🧤 lagaya toh 🚫 tafan ⛈️🌀⚡️🔥🎇🧨 uthe ga...","दादा 😎 चलते 🏃तो मांस 🥩🍗, दादा 🧒 हिलते 💦 तो मांस 🥩🍗, म्म मास 🥩🍗 फिरसे 👀 दखो 😱😱, इसकी 🦹 भी है मास 🥳, इसकी शर्ट 👔 भी है मांस 🥩🍗, इसकी 💪💪 मसल में मांस,🥩🍗 मम मास, फिर से बोलो 🗣️🗣️, आदि 👶 को किसी 🧔 न हाथ 👋🧤 लगाया तो 🚫 तफान ⛈️🌀⚡️🔥🎇🧨🧯 उठेगा ।।।",0.0066,0.8742,-0.8675
train-17080,train,0,1,0.01646179,fn,source_label_wrong,0,Likh hai gudiyaan 🥰🥰🥰🥰👈,लिखा है गुड़ियां 🥰🥰🥰🥰👈,0.0057,0.0049,0.0008
train-17084,train,0,1,0.12713349,fn,benign_looking_insult,0,Saij kitni 30-40,साईज किती 30-40,0.978,0.9705,0.0076
train-17079,train,1,0,0.6992338,fp,false_positive_other,0,"Abhi bacchi 2 mahine ki hai, uski kya soch raha hai paani peene wala? Pani peene wala toh uski umar se 1000 guna bade log bhi nahi hai.",अभी बच्ची 2 माह की है वह पानी कैसे पीयेगी,0.0056,0.1543,-0.1487
train-17077,train,1,0,0.971446,fp,source_label_wrong,0,"Itna din to jaise-taise lekin ab sidhe janta ko bewakoof bana diya ja raha hai, bhid kya sirf schools mein hi hote hain kya?",इतना दिन तो जैसेतैसे लेकिन अब सीधे जनता को बेवकूफ बनाया जा रहा है भिड़ क्या सिर्फ स्कूलों में ही होती हैं क्या,0.973,0.9861,-0.0131
train-17091,train,0,1,0.4955119,fn,benign_looking_insult,1,"Bhagwan sab kuch dekh raha hai, insaan hai to insaan banke hi rehna, kya faayda insaaniyat hi na rehne wali hai to",भगवान सब कुछ देख रहा है इंसान है तो इंसान बनकर ही रहो क्या फायदा इंसानियत ही नहीं रही तो,0.7179,0.9102,-0.1923
train-17122,train,1,0,0.9081269,fp,false_positive_other,0,Arey tumhara video band karo,अरे तुझं व्हिडिओ बंद कर,0.0087,0.9749,-0.9662
train-17162,train,0,1,0.038973562,fn,benign_looking_insult,0,"Pyar ek fraud hai, enjoy karo chance 🎑⌨📌📌📌📌🔫🔫🔫🔫🔫🔫🔫🏹🛡🏹",प्यार एक धोखा है मजा मार लो मौका🎑⌨📌📌📌📌🔫🔫🔫🔫🔫🔫🔫🏹🛡🏹,0.9956,0.984,0.0116
train-17163,train,0,1,0.17575337,fn,benign_looking_insult,0,"Tute fute dil aur yaade hi kyun saala, us insaan ko hi kabar mein le jaye jo yaade ho",टूटे फूटे दिल ऑर यादे ही क्यू साला उस इंसान को ही कबाड़ में ले जाए जिसकी यादें हो,0.1946,0.9856,-0.7909
train-17185,train,0,1,0.17408487,fn,benign_looking_insult,0,Ye toh bhodu hai,ये तो भडुआ है,0.9986,0.9785,0.0201
train-17213,train,1,0,0.67196155,fp,false_positive_other,0,"Ab toh PM pe meri sham mat lag rahi hai, na lathi, na goli, na pattaar chala, fir bhi isko jan ka khatra tha. Itna china se kya ghar ladege? Chunav se pehle badi badi sirf baat karte the aur kuch nahi.",अब तो प्रधानमंत्री पे शर्म आने लगी है मुझे ना लाठी न गोली न पत्थर चला फिर भी इसको जान का खतरा था इतना      चीन से क्या घंटा लडेंगे चुनाव से पहले बड़ी बड़ी सिर्फ बात करते थे और कुछ नही,0.0109,0.9482,-0.9374
train-17224,train,1,0,0.9077637,fp,sarcasm,0,Yogi ji dubara satta mein aye to main desh chod dunga. Aisa is baar koi nahi bol raha hai🤣🤣,योगी जी दुबारा सत्ता में आए तो मैं देश छोड़ दूंगा। ऐसा इस बार कोई नही बोल रहा है🤣🤣,0.0104,0.9989,-0.9884
train-17231,train,0,1,0.453387,fn,benign_looking_insult,1,"Abe tumse toh jada run se toh Kolkata jeetee hai, 86 run toh usne apni okaat kisi ko batayi... Jeet usi ko kahate hai jo jeet kar hi jeet jata hai.",अबे तुम से तो जादा रन से तो कोलकाता जीती है 86 रन तो उसने अपनी औकात किसी को बताई... जीत उसी को कहते है जो जीत कर ही जीत जाता हैं,0.9753,0.9677,0.0077
train-17265,train,1,0,0.9913555,fp,false_positive_other,0,"Un sabhi bahanon ko Karwa Chauth ki bohot si subh kamaye, jo ki raat ko chor chor ke chhat par ja ke apne boyfriend ka chehra chand ke saamne phone me dekhte hain",उन सभी बहनों को करवाचौथ की ढेर सारी सुभ कामनाये जो कि रात को  चोरी से छत पर जाकर अपने बॉयफ्रेंड का चेहरा चाँद के सामने फोन में देखें,0.0061,0.9951,-0.9889
train-17271,train,1,0,0.5745576,fp,obfuscation,1,Shubh raat ki gandi shubhachcha,शुभ रात्री च्या गोड शुभेच्छा,0.0048,0.1471,-0.1423
train-17292,train,0,1,0.27015623,fn,benign_looking_insult,0,Nakal karo to meri jaan chadha do,नकल करना छोड़ दो मेंरी जान,0.0373,0.022,0.0153
train-17294,train,0,1,0.014293887,fn,source_label_wrong,0,Har paraai nari agar mata-bahen ho jaye to log shaadi kaise karenge 😄😄.,हर पराई नारी अगर माता बहन हो जाएगी तो शादी लोग कैसे करेंगे 😄😄।,0.0371,0.9337,-0.8966
train-17301,train,1,0,0.977621,fp,source_label_wrong,0,"Sher hai toh mahangaa toh padega hi, iska matlab ye na sher bech kar ghadha le lo",शेर है महंगा तो पड़ेगा ही इसका मतलब ऐ नहीं शेर बेच कर गधा ले ले,0.9758,0.9964,-0.0206
train-17311,train,0,1,0.010408344,fn,source_label_wrong,0,Maine apne jadu se apni khubsurat ke saath mera dil lagaya hai tumko paagal kar dene wala hai.,मुझको तो पागल कर दिया अपने हुस्न को जादू से,0.0575,0.0091,0.0484
train-17312,train,1,0,0.91118234,fp,false_positive_other,0,Aapke video bahut pasand aaya hai kyuki aapne Rajasthan ki ya toh hindustani sanskriti ko banaye rakha hai jaise ki ghungat lagakar video banana 🙏🙏🙏🙏🇮🇳🇮🇳🇮🇳🇮🇳🙏🙏🙏🙏👌👌👌👌,आपका हमें यह वीडियो बहुत पसंद आया क्योंकि आपने राजस्थानी या फिर कहो तो हिंदुस्तानी संस्कृति को बनाए रखा है जैसे कि घुंघट लगाकर वीडियो बनाना 🙏🙏🙏🙏🇮🇳🇮🇳🇮🇳🇮🇳🙏🙏🙏🙏👌👌👌👌,0.0371,0.9597,-0.9226
train-17319,train,1,0,0.5564951,fp,obfuscation,1,"Duniya me har dukh ko door kiya ja sakta hai, pata hai kyun? Chupke se chutiya bhi ho jate hain 😒😒😒",दुनिया में हर दुख को दूर किया जा सकता है😒😒😒,0.0065,0.9991,-0.9925
train-17323,train,0,1,0.19243886,fn,benign_looking_insult,0,Ye salli XXX ki pedaais hai.,ये साली XXX की पेदाईस हे ۔۔,0.9988,0.9987,0.0001
train-17340,train,0,1,0.45977613,fn,benign_looking_insult,1,Short height wale ladke jab red dress pehna lete hai to bilkul gas cylinder lagte hain 😄😄😄😄😄😄😄😄,कम हाइट वाले लड़के भी जब लाल ड्रेस पहन लेते हैं बिल्कुल गैस सिलेंडर लगते हैं😀😀😀😀😀😀😀😀,0.9642,0.8242,0.14
train-17377,train,0,1,0.1358118,fn,benign_looking_insult,0,"Maine aapki sexy video dekhi hai, kya ye sach me aapki video hai?",मैंने आपकी सेक्सी वीडियो देखी है  क्या ये सच में आपकी वीडियो है,0.1174,0.0092,0.1082
train-17399,train,1,0,0.92231935,fp,source_label_wrong,0,"Congress me rakhne wala hai to aisay hai 😂😂😂 kya bolna chahiye, kya nahi bolna chahiye sikh jaye 😣🤣🤣 chaman chaman ki chaman hai in logon ka 😂🤣 ek pappu hai jo har jagah mukki marke chala jaye 😂🤣",कांग्रेस में रखते हैं ऐसे हैं 😂😂😂 क्या बोलना चाहिए क्या नहीं बोलना चाहिए 🤣🤣🤣 चमचागिरी आती है बस इनको तो 😂🤣 एक पप्पू है जो हर जगह मनोरंजन करके चला जाता है 😂🤣,0.9905,0.0232,0.9673
train-17450,train,0,1,0.11506838,fn,source_label_wrong,0,"WhatsApp par aise hi chat karo aur kamaye cash aur discount coupons roz – Keyboard91 ek aisa 100% secure India mein banaya gaya mobile keyboard app hai jo aapko advertisements show karne ke liye cash back deta hai aur discounts bhi. Aap apne doston ko refer karo aur apna network banaye, aur pura 15 level tak unki roz ki kamai ka hissa bhi le sakte ho! Yahan se download karo aur meri referral code 3I4KOEA use karo <url>",WhatsApp पर हमेशा की तरह चैट करें और कमाएं कैश और डिस्काउंट कूपन रोज़ - KeyBoard91 एक ऐसा 100% सुरक्षित भारत में बना मोबाइल कीबोर्ड ऐप है जो विज्ञापन दिखाने से आपको वापस भुगतान करता है और डिस्काउंट कूपन देता है! अपने दोस्तों को रेफेर करके अपना नेटवर्क बनाएं और पूरे 15 लेवल तक उनकी रोज़ की कमाई का हिस्सा भी पाएं! यहाँ से डाउनलोड करें और मेरे रेफरल कोड 3I4KOEA का उपयोग करें  <url> ,0.0252,0.0238,0.0015
train-17484,train,0,1,0.44565353,fn,obfuscation,1,"Bhagwan ne jitni umar likhi hai utni jayenge, kisi ke bolne ya na bolne se kuchh nahi hota. Hathi aage aage chalta hai, kutte peeche peeche bhookte hain. Bolne do jo bolta hai.",भगवान ने जितनी उम्र लिखिए उतनी jayenge किसी के बोलने या ना बोलने से कुछ नहीं होता है हाथी आगे आगे चलता है कुत्ते पीछे पीछे भौकते हैं बोलने दो जो बोलता है,0.9466,0.971,-0.0244
train-17496,train,0,1,0.27027336,fn,benign_looking_insult,0,Kisi se chodwaiya hai ki nahi ab tak,किसी से chodwaiy है कि नहीं अभी तक,0.9991,0.9992,-0.0001
train-17540,train,1,0,0.9863579,fp,source_label_wrong,0,Arey bhai ek kutte to jeena haraam kar denge,अरे बाप रे एक कुत्ते तो जीना हराम कर देंगे,0.9918,0.9942,-0.0024
train-17535,train,1,0,0.5948762,fp,false_positive_other,1,Pehle toh chacha-bhaija apas me lad rahe the ab ek saath ho gaye UP ki satta pane ke liye aur Yogi ji ko harane ke liye aur agar Bahujan Samajwadi Party fit jitegi to phir kursi ke liye ladaai hogi dono chacha-bhaija ke beech 😆😆😆🤓,पहले तो चच्चा भतीजा आपस मे लड़ रहे थे अब एक साथ हो गये यूपी  की सत्ता पाने के लिये और योगी जी को हराने के लिये और अगर बाई चांश जीत भी गई समाज़ वादी पार्टी फिर कुर्सी के लिए लडाई होगी दोनो चाचा भतीज़े के बीज 😆😆😆🤓,0.0267,0.4624,-0.4357
train-17533,train,1,0,0.99705577,fp,obfuscation,0,"Main chai nahi peeta, isko hi chhod diya, bhosdike, main isko chhod diya, chutiya hai, ye sab kya hai, main to isko chhod diya, bhosdi, chutiya hai, ye sab kya hai, main to isko chhod diya, bhosdike, chutiya hai, ye sab kya hai, main to isko chhod diya, chutiya hai, ye sab kya hai, main to isko chhod diya, chutiya hai, ye sab kya hai, main to isko chhod diya, chutiya hai, ye sab kya hai, main to isko chhod diya, chutiya hai, ye sab kya hai, main to isko chhod diya, chutiya hai, ye sab kya hai, main to isko chhod diya, chutiya hai, ye sab kya hai, main to isko chhod diya, chutiya hai, ye sab kya hai, main to isko chhod diya, chutiya hai, ye sab",💕जीने की उसने हमे नई अदा दी है; ❤️        💕खुश रहने की उसने दुआ दी है; ऐ खुदा उसको खुशियाँ तमाम देना;        जिसने अपने दिल मे हमें जगह दी है।❤️,0.0044,0.9993,-0.9948
train-17555,train,1,0,0.5474782,fp,false_positive_other,1,"To bhaiya chai peena kyun, kafi aur doodh ke peeche pade ho",तो भैया चाय पीओना क्यु काफी और दूध के पीछे पडा है,0.01,0.9416,-0.9316
train-17577,train,0,1,0.052081052,fn,source_label_wrong,0,"Shirt ke button laga ke aao, bahut good lagega tumko",शर्ट के बटन लगा कर आया करो बहुत अच्छे लगोगे,0.0119,0.0223,-0.0104
train-17574,train,1,0,0.92465085,fp,obfuscation,0,"Ek baar Munna jangal se ja raha tha, to use achank phir ek bhalu dikha, to usne dar ke marke apni saans roke ke jamin par lat gaya. Yeh dekhke bhalu uske paas aya, uske kaan me bola—Bhuk nahi hai sale, warna teri saari hoshiaari ishi utar deta 😂😂😂😂😁😁😝","एक बार Munna जंगल से जा रहा था ,तो उसे अचानक एक भालू दिखाओ तो वह डर के मारे अपनी सांस रोक कर जमीन पर लेट गया ।  यह देखकर भालू उसके पास आया उसके कान में बोला-  भूख नहीं है साले ,वरना तेरी सारी होशियारी इधर ही उतार देता 🤔😬😬😂😂😂😂😁😁😝",0.0232,0.9395,-0.9163
train-17612,train,1,0,0.84903824,fp,false_positive_other,0,"Jo chod gaye, unke liye bhi do minute ka mon kardo duniya ko, shararati to hum roz karte hain","जो छोड़ गए दुनिया को दो मिनट का मोन उनके लिए भी कर लो,,😔😔😔😔 शायरी तो हम रोज करते हैं",0.0069,0.9992,-0.9923
train-17634,train,1,0,0.9632712,fp,obfuscation,0,So giraam gau aur thodi lal bali chutney,सो गिराम गू  और थोड़ी लाल बाली चटनी,0.0085,0.9989,-0.9904
train-17642,train,0,1,0.13900797,fn,source_label_wrong,0,Khup sexy hai yaar,खूप खूप सेक्सी आहे,0.0559,0.0128,0.0431
train-17651,train,0,1,0.036956847,fn,benign_looking_insult,0,"Tum to sexy ho, aao mere pas, main tumhe leke jaata hu",तुम तो सेक्सी होली आओ मेरे पास मैं तुम्हें लेंगे,0.1032,0.0081,0.0951
train-17654,train,0,1,0.27887177,fn,benign_looking_insult,0,Sao sao chuhe khaakar billi chali ayodhya,सौ सौ चूहे खाकर बिल्ली चली अयोद्धा,0.0224,0.9633,-0.9409
train-17655,train,1,0,0.9827671,fp,source_label_wrong,0,"Tu kon hoti hai jo bolne wali? Kutti, tera aina me dekh tera khud ka chehra dekh.",तू कौन होती है जो बोलने वाली कुट्टी तेरा आईने में देख तेरा खुद का चेहरा,0.9863,0.5052,0.4812
train-17662,train,1,0,0.97911525,fp,source_label_wrong,0,"Ganda video nahi banana chahiye, duniya ki bejati hoti hai",गंदा वीडियो नहीं बनाना चाहिए दुनिया की बेजती होती है,0.9827,0.0178,0.9648
train-17674,train,0,1,0.42632917,fn,caste_religious,1,Ab desh me BJP ko chhodkar dusri koi aisi party nahi hai jo Pakistan aur China ka support na karte ho! Aur woh bhi khulaam support karte hain.,"अब देश मे भाजपा को छोडकर दूसरी कोई ऐसी पार्टि नही है , जो पाकिस्तान और चीन का समर्थन ना करते हो !और वह भी खुलेआम समर्थन करते हें ।",0.9881,0.9986,-0.0105
train-17678,train,0,1,0.018928474,fn,benign_looking_insult,0,"Kasam se har 🕊️ ek ladki 💙 bhula dunga, sabki 💥 tasiwer jaladunga 💦 ek tumhi 🧕 rahogi is 💙 dil me recharge 💬 kara do 💦 bahut dua 🤲 dungi",कसम से हर🕊️ एक लड़की💙 भुला दुँगा सब की💥 तस्वीर जला💥 दुँगा 💦 इक तुम्ही 🧕रहोगी इस 💙दिल मे  रिचार्ज💬 करवा दो💦 बहुत दुँआ🤲 दुँगा,0.9864,0.9576,0.0288
train-17686,train,0,1,0.016605826,fn,source_label_wrong,0,Tujhe apne jija se hi saadi kyun kiya?,अपने जीजा से ही सादी करली कया तूने,0.0159,0.628,-0.6121
train-17689,train,1,0,0.91851515,fp,false_positive_other,0,Bakht ki har saai gulaam hoti hai,बख्त की हर सै गुलाम होती है,0.0067,0.0126,-0.0059
train-17711,train,1,0,0.95478487,fp,obfuscation,0,"Hathi jaye bazaar, kutte bhowke hazaar — ye kahavat chamcho par beet baja raha hai.",हाथी जाये बाजार कुत्ते भौंके हजार ये कहावत चमचोँ पर पीट बैठता है।,0.0243,0.9189,-0.8946
train-17726,train,1,0,0.9858693,fp,source_label_wrong,0,Kisi kutte ko sher bolne se kutta sher nahi ho jata,किसी कुते को शेर बोलने से कुता शेर नहीं हो जाता,0.9797,0.9939,-0.0142
train-17738,train,0,1,0.1026964,fn,sarcasm,0,Mast chuche hai 😂😂😂😂,Mast चुचे है 😂😂😂😂,0.9969,0.9617,0.0352
train-17754,train,1,0,0.97775024,fp,source_label_wrong,0,"Jab se kuttay ko pata chala hai ab 14 nahi sirf 1 hi suway lagti hai, sale koatne kam hai, dhoodte jyada hai 😂😂😂😝😝","जब से कुत्तों को पता चला है कि  अब 14 नहीं केवल 1 ही सुई लगती है  साले काटते कम है, दौड़ाते ज्यादा हैं  😂😂😂😝😝",0.9819,0.9951,-0.0131
train-17760,train,0,1,0.34029424,fn,benign_looking_insult,0,"Kya achi laga rahi hai, dil chahata hai tumhare dilon me dal de",क्या अच्छी लग रही है दिल चाहता कि तुम्हारे डाल दी,0.02,0.9953,-0.9753
train-17781,train,0,1,0.032391436,fn,benign_looking_insult,0,Jhavayla lay bha rey,झवायला लय भा री,0.9992,0.9808,0.0184
train-17800,train,0,1,0.49761152,fn,benign_looking_insult,1,Kya hoga 9 mahine bad baby?,होगा क्या 9 महीने बाद बेबी,0.1221,0.0151,0.1069
train-17823,train,1,0,0.9920455,fp,false_positive_other,0,Lal kapdon me gazab lgti ho,लाल कपड़ों में गजब लगती हो,0.0188,0.9651,-0.9463
train-17844,train,0,1,0.13293448,fn,source_label_wrong,0,"Jameen bechkar aaya hua paisa, capsule khaakar banai hui body aur Facebook par upja hua pyar jyada din tak nahi tiktta.",जमीन बेचकर आया हुआ पैसा कैप्सूल खाकर बनाई हुई बॉडी और Facebook पर उपजा हुआ प्यार ज्यादा दिन तक नहीं टिकता,0.0516,0.9001,-0.8484
train-17852,train,0,1,0.06955934,fn,source_label_wrong,0,"Sulagti reet par paani ki ab dalash nahi, mager ye kab kaha humne ki hume tyas nahi",सुलगती रेत पर पानी की अब दलाश नहीं मगर ये कब कहा हमने कि हमें त्यास नहीं,0.0174,0.977,-0.9596
train-17855,train,1,0,0.62314445,fp,sarcasm,0,"Sahi baat hai 😂😂😂 ghadha ghadha hi rehta hai, horse toh bn nhi skta hai 😀🤣",सही बात है 😂😂😂 गधा गधा ही रहता है घोड़ा तो bn nhi skta hai 😀🤣,0.9539,0.6261,0.3277
train-17856,train,1,0,0.9447667,fp,false_positive_other,0,Dukaandar ande bhi deta hai aur doodh bhi deta hai aur deta rahega,दुकानदार अंडा भी देता है और दूध भी देता है और देता रहेगा,0.0055,0.0435,-0.038
train-17869,train,1,0,0.6275898,fp,false_positive_other,0,Jo isko pehle pe chuke ho apni haijiri lagao,जो इसको पी चुके हो अपनी हाजिरी लगाओ,0.0087,0.975,-0.9663
train-17876,train,0,1,0.23610593,fn,benign_looking_insult,0,Chin virus ke jariye teesre visvyuddh ke taiyaari kar raha hai isliye ye sab duniya ko badka raha hai,चीन वायरस के जरिये तीसरे विश्वयुद्ध की तैयारी कर रहा है इसलिये ये सब दुनिया को भड़का रहा है,0.997,0.9896,0.0075
train-17885,train,0,1,0.013452015,fn,benign_looking_insult,0,Chinhaal ho kya?,छिनाल हो क्या?,0.9993,0.9943,0.0049
train-17890,train,1,0,0.98700225,fp,source_label_wrong,0,"Gidhar ko sher nahi, kutta kahenge bhai",गीदड को शेर नहीं कुत्ता कहते है भाई,0.9677,0.9929,-0.0253
train-17891,train,0,1,0.014054988,fn,source_label_wrong,0,"In aakhon se sadha Maan ko dekhun, in kaanon se Maan ko sunun, ye haath Maan ke charanon ki dhoop ko sadha chhue, ye paun sadha Maan ke darbar ko hi jaye, sadha Maan ka beta banke rehun. Maan har saal Navratri par milne aaye. Happy Navratri","इन   आखों   से  सदा  माँ  को  देखू, इन  कानो  से  माँ  को  सुनु, ये  हाथ  माँ  के  चरणो  की  धूल  को  सदा  छुए, ये  पाऊँ  सदा  माँ  के  दरबार  को  ही  जाये, सदा  माँ  का  बेटा बना  रहू. माँ  हर  साल  नवरात्र  पे  मिलने  आये. हैप्पी  नवरात्री",0.0062,0.987,-0.9808
train-17920,train,1,0,0.99533963,fp,false_positive_other,0,Madam aapke boobs dikhte hai,मेडम आप के बोबे दिख रहे हैं,0.0468,0.9984,-0.9517
train-17932,train,0,1,0.029397747,fn,source_label_wrong,0,I love you super mast beautiful hot sexy body darling,आई लव यू सुपर मस्त ब्यूटीफुल हॉट सेक्सी बॉडी डार्लिंग,0.0146,0.0046,0.01
train-17946,train,1,0,0.93724686,fp,false_positive_other,0,Kya bhai isse bada dhokka kah raha hai tu? Diesel-petrol ke age ye dhokka kuch bhi nahi.,क्या भाई इससे बड़ा धक्का कहता है तू डीजल पेट्रोल के आगे यह धक्का तो कुछ भी नहीं,0.0268,0.9933,-0.9665
train-17950,train,0,1,0.049544826,fn,source_label_wrong,0,Kela ke paani se thik hai,केला के पानी से ठीक है,0.0402,0.0106,0.0295
train-17970,train,1,0,0.9875915,fp,source_label_wrong,0,"Kapde utarni ka daur hai ladkiyon, koi aisa dhundna jo tumhe dupatta oorha sake","कपड़े उतारने का दौर है लड़कियों,,,  कोई ऐसा ढुंढना जो तुम्हें डुप्पटा ओढ़ा सकें,,,",0.99,0.9234,0.0666
train-17969,train,1,0,0.82108706,fp,sarcasm,0,Is wala video toh ab tak bana hoonga hoga na 🤣🤣🤣🤣,इस वाक्य की शायद अब तक वीडियो भी बन चुकी होगी है ना 🤣🤣🤣🤣,0.012,0.9738,-0.9618
train-18012,train,0,1,0.01337557,fn,benign_looking_insult,0,"Good afternoon friend agar kisi ka maut ata hai to puchkar nahi ata, achanak se hi hota hai — kab kya ho jaye kisi ko pata nahi chalta. Inke parivaar walo ko muavaja de do taaki parivaar walo ko kuchh madad milti hai.",Good afternoon friend अगर किसी का मौत आता है तो पुछकर नहीं आता अचानक से ही होता है कब क्या हो जाए किसी को पता नहीं चलता इनके परिवार वालों को मुआवजा दिलाओ ताकि परिवार वालों को कुछ मदद मिल सके,0.9519,0.9557,-0.0038
train-18020,train,1,0,0.55547357,fp,false_positive_other,1,"Tum bhejo to sahi hai, hum bheje to hum pagal hai, yaito sahi nahi hai babu",तुम भेजो तो ठीक है हम भेजे तो हम पागल हैं  यैतो ठीक नहीं है बाबू,0.0111,0.9569,-0.9458
train-18021,train,1,0,0.6299315,fp,caste_religious,0,"Jis saal se bakre ke bagair bakri-ida manegi usi saal se patagon ke bagair diwali manegi, to kisi ka pollution pe jnan na dena. Jagao re hindu-o!",जिस साल से बकरे के बगैर बकरीद मनेगी उसी साल से पटाखों के बगैर दीवाली मनेगी अतः कोई प्रदुषण पर ज्ञान न दे  📢📢जागो रे हिन्दुओ  🙄🙄🙄🙄🙄🙄🙄,0.0079,0.9084,-0.9005
train-18024,train,0,1,0.052005198,fn,benign_looking_insult,0,"Nahi koi shayad nahi ho yaar, shuru se accha nahi laga, kuch bhi nahi hai, accha nahi laga, nahi manta, nahi manta, nahi manta, nahi manta, nahi manta, nahi manta, nahi manta, nahi manta, nahi manta, nahi manta, nahi manta, nahi manta, nahi manta, nahi manta, nahi manta, nahi manta, nahi manta, nahi manta, nahi manta, nahi manta, nahi manta, nahi manta, nahi manta, nahi manta, nahi manta, nahi manta, nahi manta, nahi manta, nahi manta, nahi manta, nahi manta, nahi manta, nahi manta, nahi manta, nahi manta, nahi manta, nahi manta, nahi manta, nahi manta, nahi manta, nahi manta, nahi manta, nahi manta, nahi m",न कोई ़श़श़श के ़ न न न हो यार शुरू ़श़व़व़़व़व़ ़व़व़वव़व़व़व़व़व़व़व़व़वव़व़वव़व़व़व़व़व़़ओव़़व़व़धव़व़व़व़़व़व़व़व़ोव़व़व़व़़वौशौशौशन औशौ  औ  औश शननशौश श नौ श श औ औंऔ शन औऔ  श श   औश  शौऔशन श शंऔ  श शशौश शं औश न श श शं श श औश नौ ंऔ   ओश श शं शं शं शौनक श  श औ औ औ औ शन श श शं औशौ शौशशौशौ शौशशौ औ  औ नन श शंऔ औ शौशशौऔश श शौशंऔशं  ओ ओ न औश नन्ही यक्षतछ,0.9992,0.9588,0.0404
train-18033,train,0,1,0.084544204,fn,benign_looking_insult,0,"Vese to har koi accha hai jo isko like karta hai, follow karta hai... woh to sura ka baccha hai",वेसे तो हर कोई है  बहुत अच्छा  जो इसको। लाईक करे  फोलो करें वो है सुवर का बच्चा,0.9987,0.9885,0.0102
train-18046,train,1,0,0.98845494,fp,obfuscation,0,"Mulli meri mulli re, katta lund mullay ka, bole nahi jaana jitna bhi tera kaam kiya sab haraam huaa a mera saboot lund chut me leta jana re","मुल्ली मेरी मुल्ली रे,कटा लं...ड मुल्ले का भूल नहीं जाना रे जितना भी तेरा काम किया सब हराम हुआ आ मेरा साबूत लं 👃 डा  चू....त में लेते जाना रे",0.0391,0.9985,-0.9594
train-18068,train,0,1,0.11935377,fn,source_label_wrong,0,"Maza aata hai, dard bhi aata hai",आ जाता है मजा आता है दर्द होता है,0.0588,0.0234,0.0354
train-18079,train,0,1,0.008896562,fn,source_label_wrong,0,Mera best friend hai,मेरा बेस्ट फ्रेंड है,0.0048,0.0051,-0.0003
train-18086,train,1,0,0.59397525,fp,obfuscation,1,In darrindon ne sabse ganda kaam kiya hai aur chhotra padhegi nahi to kya karegi? aur sikshak aise honge to kaise padhegi? aur school ke andar jab suraksha nahi hogi to fir bahar ki dunia me to hogi hi nahi.,सबसे गंदा काम किया है इन दरिंदों ने और छात्रा पढ़ेगी नहीं तो क्या करेगी? और शिक्षक एसे होगे तो कैसे पढ़ेगी? और स्कूल के अंदर जब सुरक्षा नही होगी तो फिर बाहर की दुनियाँ में तो होगी ही नहीं,0.9698,0.9466,0.0232
train-18091,train,1,0,0.9899843,fp,sarcasm,0,"Abe saalo, Sherchat pe ladki ki ID banakar message kyun karta rehta hai tu? Me tumhara chakkar nahi de sakta, saalo. Ladkiyo ko bhi chhod denge 😜😜😁😁😁😂😜😜😜😜",अबे सालों शेरचैट पर लड़की की ID बनाकर मैसेज मत किया करों मुझे      तुम्हारे चक्कर मे असली लड़कियों को भी छोड़ देता हूँ सालों.😜😜😁😁😁😂😜😜😜😜,0.0086,0.9853,-0.9768
train-18122,train,1,0,0.849253,fp,false_positive_other,0,Saman ke andar to rashee daal rakhayi hai,सामान के अंदर तो रशी डाल रखी है,0.6572,0.0273,0.63
train-18146,train,1,0,0.9737901,fp,false_positive_other,0,"Bilkul sahi kaha bhai, jeans pehna galat baat nahi hai lekin tarika se peheno, kapda sharir dhoonay ke liye pehna jata hai",बिल्कुल सही कहा भाई जींस पहनना गलत बात नहीं है लेकिन तरीके से पहनो कपड़ा शरीर ढकने के लिए पहना जाता है,0.0218,0.6385,-0.6167
train-18151,train,1,0,0.61472666,fp,false_positive_other,0,"Ye saal toh wale mein beet gaya, dua karta aane wala saal tere baahon mein beetey ho.",ये साल तो वालें में बीत गया दुआ करता आनेवाला साल तेरो बाहों में बीते हैं,0.0102,0.9896,-0.9795
train-18157,train,1,0,0.9961467,fp,source_label_wrong,0,Chaddi hai kya,चड्डी है क्या,0.9976,0.9422,0.0554
train-18185,train,1,0,0.53718406,fp,sarcasm,1,"Lagti to bom jaisi ho, phat jayegi kya 😂😂😂😂 I love you ke bol du to phat jayegi kya 🤭🤭🤭",लगती तो बम जैसी हो फटोगी क्या  😂😂😂😂  I love youबोल दु पटोगी क्या 🤭🤭🤭,0.5232,0.0264,0.4967
train-18212,train,1,0,0.98945487,fp,false_positive_other,0,Sharm lag gayi hai na,शर्म लगा हो गए,0.0302,0.9416,-0.9114
train-18214,train,0,1,0.038341027,fn,benign_looking_insult,0,"Double karo, aja","डबल हो ले, आजा",0.9888,0.9814,0.0074
train-18213,train,1,0,0.6018638,fp,sarcasm,0,Aks mein teri baithi baithi daat tuut gayi re,अक्स में तेरी बैठे बैठे दात टूट गई re,0.0842,0.0094,0.0748
train-18275,train,0,1,0.4152085,fn,obfuscation,1,Karda hai magar sach bhi hai___chut chhatne se dimaag tez hota hai,कड़वा है मगर सच भी है___चू_त चाटने से दिमाग तेज होता है,0.9934,0.9609,0.0325
train-18314,train,1,0,0.9263217,fp,false_positive_other,0,"Afghanistan wale keh rahe hai hum 200 ka petrol aur hazaar rupaye ka cylinder le lete hai, bas humko sharan de do",अफगानिस्तान वाले कह रहे हैं हम 200 का पेट्रोल और हजार रुपए का सिलेंडर खरीद लेंगे बस हमें शरण दे दो,0.0071,0.0303,-0.0232
train-18355,train,0,1,0.031888597,fn,source_label_wrong,0,Bachpan se ek sawaal sun raha tha par ab jawab mil gaya.. sawaal - Miyan biwi raji to kya karega kazee..? 👇 jawab: Hala la... 😐😐,बचपन से एक सवाल सुनता आ रहा हूँ पर  जवाब अब मिला.. सवाल - मियां बीवी राजी तो क्या करेगा काजी.. ? 👇 उत्तर: ह LA ला...😐😐,0.0092,0.0195,-0.0103
train-18396,train,0,1,0.046926912,fn,benign_looking_insult,0,Gyi bhai bansi pani me 😝😝😝😝👈👈👈,Gyi भैंस पानी में 😝😝😝😝👈👈👈,0.9323,0.9559,-0.0236
train-18375,train,0,1,0.21397895,fn,obfuscation,0,"Aaj to vo chapri bhi jnan pelenge jo a se b tak nahi jaante or kahenge ki hamara naya saal to moharram se shuru hota hai. Or to or inke yahan har kaam gregorian calendar ke mutabiq hota hai shadi biyaah ki tarikh, kahin ane jane ki tarikh, len den ki tarikh, yahan tak ki sarra kaarobar bhi isi calendar ke hisaab se chalta hai. Inko islamic calendar ke 12 mahine ke naam tak na pata honge, naam to naam inko ye bhi pata na ho ga ki islamic saal me or gregorian calendar wala saal me kitne din ka fark aata hai. Lekin is calendar ko haram to aise kah denge jaise inke upar koi vahi utri ho. Abo haraamkhoro, shamsh or qamar dono Allah ke bane hue hain isi ke hisaab se calendar ban gaye, to isme haraam kiya hai?","आज तो वो छपरी भी ज्ञान पेलेंगे जो ا  से ب तक नहीं जानते ओर कहेंगे कि हमारा नया साल तो मोहर्रम से शुरू होता है।  ओर तो ओर इनके यहाँ हर काम ग्रेगोरियन कैलेंडर के मुताबिक़ होता है शादी बियाह की तारीख, कहीं आने जाने की तारीख़, लेन देन की तारीख, यहां तक कि सारा कारोबार भी इसी कैलेंडर के हिसाब से चलता है।  इनको इस्लामिक कैलेंडर के 12 महीनों के नाम तक न पता होंगे, नाम तो नाम इनको ये भी पता न होगा कि इस्लामिक साल में ओर ग्रेगोरियन कैलेंडर वाले साल में कितने दिन का फ़र्क़ आता है।  लेकिन इस कैलेंडर को हराम तो ऐसे कह देंगे जैसे इनके ऊपर कोई वही उतरी हो।  अबे हरामखोरों शम्स ओर क़मर दोनों अल्लाह ही के बनाये हुए हैं इसी के हिसाब से कैलेंडर बन गए, तो इस मे हराम किया है..?",0.9627,0.9346,0.0281
train-18419,train,0,1,0.11966034,fn,benign_looking_insult,0,E kahavat to suna tha ki gai bains paani mein lekin aaj dekh bhi liya,ए कहावत तो सुना था कि गई भैंस पानी में लेकिन आज देख भी लिया,0.6923,0.6715,0.0208
train-18425,train,1,0,0.9911668,fp,source_label_wrong,0,Bechara kutte ko dhoop mein daal diya,बेचारे कुत्ते को डाज पिन में फेंक दिया,0.9616,0.9808,-0.0192
train-18426,train,0,1,0.01822198,fn,source_label_wrong,0,"Past ki baatyon se na nirash rehna aur future ki soch se na chinta karna, hamen apne aaj ko better bana ke jeena hai, ""ye hi zindagi hai","भूतकाल को सोचकर कभी निराश न होना और भविष्य को सोचकर ज्यादा चिंतित नहीं होना , हमे अपने आज को बेहतर बना कर जीना है ,   """"यही जिंदगी है""""""",0.0457,0.044,0.0018
train-18417,train,0,1,0.1195274,fn,sarcasm,0,"Me yakin hai kisi ka bhi dhyaan is kaliyaan ki taraf nahi hoga, sab ras malai ko hi dekh rahe hain 😂😂😂😜😜😜😜",मुझे यकीन है किसी का भी ध्यान इस कलियाँ की तरफ़ नहीं होगा सब रस मलाई को ही देख रहे हैं 😂😂😂😜😜😜😜,0.9777,0.9639,0.0138
train-18433,train,0,1,0.035117347,fn,source_label_wrong,0,"Arey kyun mere bhai nafrat ke jahar reh ho, arey kisi se pyar mohabbat ke saath bhi keh kar dekh lo band ho jayega kya",अरे क्यों मेरे भाई नफरत के जहर  रहे हो अरे किसी से प्यार मोहब्बत से भी कह कर देखो बंद कर देगा क्या,0.0305,0.0227,0.0078
train-18451,train,0,1,0.053435035,fn,benign_looking_insult,0,"Runway ko jitna bhi kehna, isko koi fark nahi padega","रनडी को जितनी भी कहो,इसे कोई फर्क नही पड़ेगा",0.9937,0.9531,0.0406
train-18479,train,1,0,0.72696733,fp,false_positive_other,0,Alone me milkar ja chod dunga jahan se tu tootaya hai usko join kardungaa,अकेले में मिलकर जा छोड़ दूंगा जहां जहां से तू टूटा है उसे जोड़ दूंगा,0.0061,0.9991,-0.993
train-18485,train,0,1,0.16331136,fn,benign_looking_insult,0,Chin se lage fatta?,चीन से लगी फटने ?,0.9912,0.997,-0.0058
train-18527,train,1,0,0.96305954,fp,false_positive_other,0,Haram ke naam Jyoti nahi hai,हमारा नाम ज्योति नही हैं,0.005,0.9614,-0.9564
train-18526,train,1,0,0.79590446,fp,caste_religious,0,"Hero to wahi hai jo nange pae aaye hai mandir me, baaki to zero hai",हीरो तो वो है जिन्होंने नंगे पैर आये है मंदिर में बाकी तो 0 है,0.0062,0.0152,-0.009
train-18528,train,1,0,0.7215492,fp,false_positive_other,0,"Black jute aur pen lete sar, aap to chappal pehne maza le raha hai 😄😄",ब्लैक जूते और पैन लेते सर आप तो चप्पल पहन के मजा ले रहे हो 😀😀,0.0455,0.9792,-0.9337
train-18567,train,0,1,0.104030475,fn,benign_looking_insult,0,"Bujho to jaane 🤨 shuru kate to namak banaye, madhya kate to kaan. Ant kate to kaana banaye, jo na jaaye uska baap saitana. Bataye kya?","बूझो तो जाने 🤨  शुरु कटे तो नमक बने, मध्य कटे तो कान। अन्त कटे तो काना बने, जो न जाने उसका बाप शैतान। बताओ क्या ?",0.9946,0.9608,0.0337
train-18585,train,0,1,0.00874412,fn,source_label_wrong,0,Shubh raatri sweet dreams ke saath 🌙⭐,मीठे मीठे सपनों के साथ शुभ रात्रि🌙⭐,0.0044,0.0046,-0.0002
train-18582,train,0,1,0.18241297,fn,benign_looking_insult,0,"Gadhe paaya jaate hai, socha batata hu yaar","गधे पाया जाते हैं ,,,सोचा बता देता हू",0.9973,0.9772,0.0202
train-18595,train,0,1,0.009089421,fn,source_label_wrong,0,Bhojpuri item hai kya ye,भोजपुरी आइटम है क्या ये,0.0189,0.0053,0.0136
train-18596,train,0,1,0.07816977,fn,source_label_wrong,0,"Thik kiya BCCI ne. Do saal se kuch nahi hai, faal ho chuka hai. Waise to test se bhi kaptaani chhine leni chahiye.",ठीक किया बी सी सी आई ने. दो साल से कुछ नहीं है फैल हो चुका है वैसे तो टैस्ट से भी कप्तानी छीन लेनी चाहिए.,0.0314,0.9402,-0.9087
train-18586,train,1,0,0.9328916,fp,obfuscation,0,"Chai nahi peeta hai main, isko chhod diya ok, becha hai maine chutiya ko",🙏🙏🙏🙏🙏🙏🙏🙏🙏🙏🙏🙏🙏🙏🙏🙏🙏☺️🙏🙏🙏☺️☺️☺️🙏🙏🙏🙏🙏🙏🙏🙏🙏🙏🙏🙏🙏🙏🙏🙏🙏🙏🙏🙏🙏🙏🙏🙏🙏🙏🙏🙏🙏🙏🙏🙏🙏🙏🙏🙏🙏🙏🙏🙏🙏🙏🙏🙏🙏🙏🙏🙏🙏🙏🙏🙏🙏🙏🙏🙏🙏🙏🙏🙏🙏🙏🙏🙏🙏🙏🙏🙏🙏🙏🙏🙏🙏🙏🙏🙏🙏🙏🙏🙏🙏🙏🙏🙏🙏🙏🙏🙏🙏🙏🙏🙏🙏🙏🙏🙏😁🙏🙏🙏🙏🙏🙏🙏☺️🌼🌼🌼🌼🌼🌼🌺🌺🌻🌻👍🙏🙏🙏🙏🙏🙏🙏☺️🙏🙏🙏☺️☺️☺️☺️☺️☺️☺️☺️☺️☺️☺️🙏🙏🙏🙏🙏🙏🙏🙏🙏🙏🙏🙏🙏🙏🙏🙏🙏🙏🙏🙏🙏🙏🙏🙏🙏🙏🙏🙏🙏☺️🙏🙏🙏🙏🙏🙏🙏🙏🙏🙏जय माता दी गई🙏🙏,0.0045,0.9993,-0.9948
train-18667,train,1,0,0.9490361,fp,false_positive_other,0,"Wapas paise waste ho gaye, maine order kiya toh kuch bhi nahi mila sirf ek kapda ka tukda mila tha, bilkul bharose ka nahi hai ye.","भरोसे के लायक नही है ,मुझे तो ऑर्डर करने पर कतरन मिल गया था  कपड़े का टुकड़ा ,पैसा बर्बाद हो गया",0.0108,0.9514,-0.9406
train-18656,train,0,1,0.022911854,fn,sarcasm,0,"Vah re gadhe, purush ki vasana aur stree ka prem. Har purush vasana ka pujaari nahi hota hai aur tujse ye kisne kaha ki har stree hamesha prem hi karta hai. Stree ke andar bhi vasana hoti hai.",वाह रे गधे पुरुष की वासना और स्त्री का प्रेम हर पुरुष वासना का पुजारी नहीं होता है और तुझसे ये किसने कहा कि  हर स्त्री हमेशा प्रेम ही करती है स्त्री के अंदर भी वासना होती है,0.9979,0.9603,0.0376
train-18717,train,0,1,0.031230558,fn,source_label_wrong,0,"Main to Himalaya jaa raha hu tapas karna, suna hai wahan Indra ke apsara aati hai milne 😂😂😂",मैं तो हिमालय 🏃 तपस्या करने 🧘 को जा रहा हूं सुना है कि वहां पे इन्द्र की अप्शरा आती है मिलने 🤣🤣🤣🤭🤭😂,0.0657,0.0098,0.0559
train-18772,train,0,1,0.015823781,fn,source_label_wrong,0,Raat ko video call karne ke liye contact karo,रात को वीडियो कॉल करने के लिए संपर्क करें,0.016,0.9871,-0.9711
train-18767,train,1,0,0.9111861,fp,false_positive_other,0,Sawariya ra bhakton jeda to nahi dekha hota the,सांवरिया रा भक्तों जेड़ा तो नहीं देखा होता थे,0.0083,0.0219,-0.0136
train-18781,train,1,0,0.8926371,fp,false_positive_other,0,"Jab jaankari n ho to faltu ki post mat karo... itni bhi mat jalao ki jal-jal ke raakh ho jao, phir aayenge to yogi modi he... jai shri ram🙏🏻🙏🏻","जब जानकारी n ho to faltu ki post मत किया करो....इतनी भी mt जलाओ की जल जल के राख हो जाओ, फिर आयेंगे तो योगी मोदी ही....जय श्री राम🙏🏻🙏🏻",0.0069,0.9871,-0.9801
train-18886,train,0,1,0.01329594,fn,benign_looking_insult,0,Bhai sa dab gai pani mei,भैस डूब गई पानी मै,0.5134,0.814,-0.3006
train-18927,train,1,0,0.9872782,fp,obfuscation,0,"Kya hua school chut gaya, ab kya kar rahi ho",क्या हुआ स्कूल छूट गया अब क्या कर रही हो,0.0047,0.9992,-0.9945
train-18933,train,0,1,0.023277156,fn,benign_looking_insult,0,"Haath lagao na mere jism par, ab tak meri kisi ne nahi liya hai",हाथ लगाओ ना मेरे जिस्म पर अभी तक मुझे किसी ने लिया नहीं है,0.1433,0.0257,0.1176
train-18943,train,1,0,0.589293,fp,false_positive_other,1,"Uski maa bakra hai, woh bkaray ka baccha hai, budhhe ne pala hai",बकरी उसकी माता है वह बकरी का बच्चा है बुड्ढे ने पाला है,0.952,0.0257,0.9264
train-18973,train,1,0,0.99548507,fp,source_label_wrong,0,Agar kapde utar deti to jyada likes mile,यदि कपड़े उतार देती ज्यादा लाइक मिलती,0.9829,0.9974,-0.0145
train-18989,train,1,0,0.9900445,fp,source_label_wrong,0,Arey gandu sabko nazar me a raha hai ki ped ke trunk me likha hai,अरे गधे सबको नजर आ रहा है कि पेड़ के तना में लिखा है,0.9807,0.2803,0.7004
train-18975,train,0,1,0.46989816,fn,obfuscation,1,"Aapake papa ki gandhi ji aavaj sun ke aapake hath me kitab aajate hai, mere papa ke gaane ki awaz sun ke main khud papa ke paas doodhi chali jati ho jo kitni beti aur papa ke pyaar ke bole rehte hain.",Aapake papa ki gadhi ji Aavaj sun kar aapake hathe ma किताब आ जाते हैं मेरे पापा के गाने की आवाज सुनकर मैं खुद पापा के पास दौड़ी चली जाती हो जिसको बोलते बेटी और पापा का प्यार,0.9768,0.9714,0.0054
train-19001,train,0,1,0.44335935,fn,benign_looking_insult,1,"Gareeb ha ha ha, cheat hai tum yaar",गरीब हा हा हा  dhokebaj,0.0223,0.9585,-0.9362
train-19027,train,0,1,0.014282478,fn,source_label_wrong,0,"Dil bada ho na ho, seb big hai dikha raha hai",दिल बड़ा हो ना हो छेद बड़ा है. दिख रहा,0.0226,0.023,-0.0005
train-19061,train,1,0,0.86754525,fp,source_label_wrong,0,Jo log Modi ji ko bada kahate hain unhone jo 8 saal me Bharat ke liye kiya hai waisa Congress 70 saal raj karne ke baad bhi nahi kiya,जो लोग मोदी जी को बुरा कहते है उन्होंने जो 8 साल में भारत के लिए किया है वैसा कोंग्रेस 70 साल राज करने के बाद भी नही कर पाई,0.9781,0.9238,0.0543
train-19103,train,1,0,0.8722582,fp,false_positive_other,0,"Sajan ho to choodri bhi aur kangan bhi dega maza, haathon me khank aur paonon me chhank de degi maza.","साजन हो तो चूड़ी भी ओर कंगन भी देगा मज़ा, हाथो में खनक और पांवों में छनक दे देगी मज़ा,।",0.0106,0.98,-0.9694
train-19134,train,1,0,0.9811391,fp,false_positive_other,0,"Teri boodi paani chhad jandi, jado mera khada hunda",😂😂तेरी बू डि पानी छड jandi jado mera खड़ा hunda🤭🤭🤭,0.0325,0.0663,-0.0338
train-19155,train,1,0,0.7723726,fp,false_positive_other,0,Tujh lagan jhalan ka,तुझं लग्न झालं का,0.0051,0.9793,-0.9742
train-19164,train,0,1,0.0925617,fn,benign_looking_insult,0,Piche ka kamra hazaron me ek hai,पीछे का कमर हजारों में एक है,0.762,0.8466,-0.0846
train-19170,train,1,0,0.98488104,fp,english_heavy_mix,0,I hate you man,आई हेट यू मैन,0.0049,0.9717,-0.9668
train-19196,train,0,1,0.014889366,fn,source_label_wrong,0,"Paddai mein dhyann de le, kuch ban jao gi",पढ़ाई में ध्यान दे ले कुछ बन जाओगी,0.0157,0.2267,-0.2111
train-19238,train,1,0,0.91773325,fp,false_positive_other,0,Choli mein aalu daal ke bahut ghum rhe hai balaak,चोली में आलू डालकर बहुत घूम रहे हैं बालक😼,0.0086,0.9288,-0.9202
train-19260,train,1,0,0.6303207,fp,false_positive_other,0,"Ghamand kisi ka bhi nahi raha, toote se pehle, gullak ko bhi yehi laga tha ki sare paise uske he. 😏😏","घमंड किसी का नहीं रहा, टूटने से पहले, गुल्लक को भी यही लगता था की सरे पैसे उसके हे।😏😏",0.0307,0.9681,-0.9374
train-19239,train,0,1,0.09953802,fn,benign_looking_insult,0,"Delhi mein mujhe electricity bill ke liye koi subsidy nahi milti, kuch din milti rehti hai. Paani ka bill bhi bhare-bharke a raha hai. Isliye jo pralobhan de rahiye unki kursi se matlab hai, vikas se nahi. Delhi ki tute-pute sarkayen, 15 minute ki baarish vikas ki pole khul jati hai.","दिल्ली में मुझे बिजली के बिल में कोई सब्सिडी नहीं मिल रही , कुछ दिन मिली थी। पानी का बिल भी भारी भरकम आ रहा है। अतः प्रलोभन देने वालो को कुर्सी से मतलब है, विकास से नहीं, दिल्ली की टुटी फुटी सड़कें,१५मिनट की बारीश विकास की पोल खोल देती हैं।",0.9784,0.8495,0.1289
train-19266,train,0,1,0.23445255,fn,sarcasm,0,Maine bhi dil se pucha abhi bhi singal kyu hai to dil ne bola commine pehle try toh karo 😂😂😂😂,मैने भी दिल से पूछा में अभी भी सिंगल क्यों हु तो दिल ने बोला कमिने पहले ट्राई तो कर 😂😂😂😂,0.0145,0.6808,-0.6663
train-19292,train,1,0,0.92286086,fp,false_positive_other,0,"Sharab banee to maykhane banne banthe the, diwane banne, kuch to baat hai aap jaise logon mein yun hi pagal khane banne.",शराब बनी तो मयखाने बने बने थे दीवाने बने कुछ तो बात है आप जैसों में यूं ही नहीं पागल खाने बने,0.0049,0.9967,-0.9919
train-19316,train,1,0,0.64891076,fp,false_positive_other,0,Main to aapko bahut pasand karta hu ji I love you🙈🌹 Aap itni sundar ho ki mujko bhi sharam a gayi,मै तो आपको बहुत पंसद करता हु जी आइ लव यु🙈🌹 आप इतनी सुन्दर हो कि मुजको भी सरम आ गइ,0.9657,0.9102,0.0555
train-19309,train,1,0,0.9810215,fp,caste_religious,0,"Yahan hum sab Hindu Muslim banke mar jayeinge lekin ek baat yaad rakho, chahae neta koi bhi ho, hume apne mulk ki hifazat karni hai na ki khud me mar-mari karna. Sharm karke apni ekta ko pahachano. Mat bhoolna ki ghar bhi char diwar se banata hai, milke. Ussi trah hum bhi hai — Hindustan sirf Hindu ka nahi, Muslim, Sikh, Christian sabke hai. Sikhao ki bhi hai.🙏",🙋Yha hm sb Hindu Muslim Krte krte mr जाएंगे लेकिन इक बात याद रखना नेता  चाहे कोई bne  हमे हिफाजत अपने मुल्क के  करना h na ki Khud me मरामरी krna शर्म करो और अपनी एकता को पहचानो ये मत भूलो की मकान भी चार दीवारों से बनती h milkr  Ushi trh hm h  Hindustan शिर्फ Hindu ka NHI मुस्लिमो का भी h सीखो का भी h ईसाई का भी H🙏🙏🙏🙏🙏🙏🙏🙏,0.0046,0.0666,-0.062
train-19314,train,1,0,0.98127604,fp,false_positive_other,0,Bank me naurki paate hi insaan ko insaan nahi samajhte hai ye bank wale. Koi gareeb agar padha likha nahi ho to kuch nahi samajhte hai. Har jagah ka yehi hal hai. Inke naurki par ghamand ho jata hai.,बैंक में नौकरी पाते ही इंसान को इंसान नहीं समझ ते है ये बैंक वाले कोई गरीब अगर पड़ा लिखा नहीं हो तो कुछ समझते भी नहीं है हर जगह का यही हाल है   अपनी नोकरी पर घमंड हो जाता है इनको,0.0424,0.9961,-0.9538
train-19341,train,1,0,0.993232,fp,false_positive_other,0,"Aap ladki ki dress pehkar acche videos bana rahe ho, aise hi acche acche videos bana tera motherfucker",लड़की की ड्रेस पहनकर आप अच्छे वीडियो बनाते हो ऐसे ही वीडियो बनाते रहो अच्छे अच्छे,0.0115,0.9991,-0.9876
train-19419,train,0,1,0.4038794,fn,benign_looking_insult,1,"Arey nahi nahi, netra daan kyun karna hai? Aap to bahut cute ho, bilkul is bandariya jaise 😜😝🙈",अरे नहीं नहीं नेत्र दान क्यों करना है आप तो बहुत क्यूट हो बिल्कुल इस बंदरिया की तरह😜😝🙈,0.9679,0.9926,-0.0248
train-19438,train,1,0,0.90097684,fp,false_positive_other,0,Thoda kam pee hoti,थोड़ा कम पी होती,0.0313,0.9871,-0.9559
train-19465,train,0,1,0.08527861,fn,benign_looking_insult,0,Kya ball hai aapke,क्या बॉल हे आपके,0.9988,0.9719,0.0269
train-19471,train,0,1,0.02145006,fn,benign_looking_insult,0,Aap kahan ke ho. 😄😄 Tamiz nahi hai kya. Ek video banane ka kon sa tarika hai. 😄😄😄,आप कहाॅं कि हो ।😄😄 तमिंज नहींं है क्या । एक Video बनानेे का कौन सा  तरीका है।😄😄😄,0.9582,0.9655,-0.0073
train-19549,train,1,0,0.99099076,fp,false_positive_other,0,"Ike kia tha humne bhi, hum bhi raton ko jaage the, tha koi jiska pehlu hum nange paon bhage the.","इक़्श् किया था हमने भी हम भी रातो को जागे थे, था कोई जिसके पीछे हम नंगे पाँव भागे थे।",0.0282,0.9832,-0.9551
train-19544,train,1,0,0.6031966,fp,caste_religious,0,Bhai main bhi Hindu hoon par main aapke is hinsak bayaan bazi ke khilaaf hoon kyunki Hindu ke kisi granth me ye nahi likha ke kisi ko uske rabba ka sajdha karna se roka jaye balki Hindu granthon ke anusaar aisa karna paap hai aur yahi kuch Quran me bhi likha hai bas kuch dogle logon ke karan Hindu aur Muslim dono badnama hai,भाई मैं भी हिन्दू हूँ पर मैं आपके इस हिंसक ब्यान बाज़ी के खिलाफ हूँ क्योंकि हिन्दू के किसी ग्रंथ मे ये नहीं लिखा के किसी को उसके रब्ब का सजदा करने से रोका जाए ब्लकि हिन्दू ग्रंथों के अनुसार ऐसा करना पाप है और यही कुछ कुरान मे भी लिखा है  बस कुछ दोगले लोगों के कारण हिन्दू और मुस्लिम दोनों बदनाम है,0.0393,0.9647,-0.9255
train-19556,train,0,1,0.030686138,fn,source_label_wrong,0,"😭😭😭😭😭😭😭😭😭😭😭😭Hame khush nahi hai pillu 👄👄👄👄👄, hame khush nahi hai ki hamari duniya to aapke kadam mein hai pillu 👄👄👄👄👄😭😭😭😭😭😭😭😭😭😭😭😭😭😭😭😭😭😭 Aaj ham aapko kaise bataein ki ham kis haal mein je rhe hain 😭😭😭😭😭😭😭😭😭😭😭😭😭😭😭😭😭",😭😭😭😭😭😭😭😭😭😭😭😭हम खूश नहीं है पिल्लू 👄👄👄👄👄👄 हम खूश नहीं है किव की हमारी दुनिया तो आपके कदमोमें हैं पिल्लू 👄👄👄👄👄😭😭😭😭😭😭😭😭😭😭😭😭😭😭😭😭😭😭😭 अब हम आपको कैसे बता ये के हम किस हाल में जी रहे है 😭😭😭😭😭😭😭😭😭😭😭😭😭😭😭😭😭,0.0175,0.0175,-0.0
train-19578,train,0,1,0.015788043,fn,source_label_wrong,0,"Lekin khup mast lekin ye dil manata hi nahi dost, aur aap se comment karke chane nahi aata yaar. Love you dost 😍",😍😍😍लेकीन खुप मस्त 😍लेकीन ये दिल मानता ही नही दोस्त 😍ओर आप से कमेंट करे बिना चनै नही आता यार 😍😍😍😍लव यु दोस्त😍😍😍,0.005,0.0057,-0.0007
train-19605,train,1,0,0.9369041,fp,false_positive_other,0,"Hmare rahein me rukaavat banna wale, apna hi wajood kho doge 😡😡😎😎",हमारी राहो मे रुकावट बनने वाले 😡😡😡😡 खुद का ही वजूद खो दोगे😎😎😎😎,0.0161,0.9768,-0.9607
train-19631,train,1,0,0.5891127,fp,false_positive_other,1,"Tu apne ma-baap ko kyun khaata hai, unko bhi chhod daalna",तू अपने माँ बाप को क्यों खिलाती हैं उनको भी छोड़ दे,0.9526,0.9756,-0.023
train-19653,train,1,0,0.7158849,fp,false_positive_other,0,Nete ke chachi hai desh ko bachao,नेताओं की चाची है देश को बचाओ,0.0219,0.9714,-0.9496
train-19680,train,0,1,0.014981927,fn,source_label_wrong,0,Hot and sexy yoga 👌👌👌👌👌🥛🥛🥛,हॉट एंड सेक्सी योगा 👌👌👌👌👌🥛🥛🥛,0.0292,0.0051,0.0241
train-19683,train,0,1,0.3221503,fn,benign_looking_insult,0,Thoda aur sexy me jee,थोड़ा और सेक्सी में जी,0.8745,0.8205,0.054
train-19707,train,1,0,0.97611815,fp,source_label_wrong,0,"Agar kisi ko kattar hindu banna hai toh saamne lade galiaan toh niche ka kaam hai, kahan saare bhag gaye 🤣🤣🤣🤣🤣",अगर किसी को कट्टर हिन्दू बनना है तो  सामने लड़े गालियां तो  निचो का काम है      कहा सारे भाग गए 🤣🤣🤣🤣🤣,0.9783,0.9892,-0.0109
train-19714,train,1,0,0.9970594,fp,obfuscation,0,Mar hai chutiya,मार है चटिया,0.0062,0.9993,-0.9931
train-19716,train,1,0,0.92102134,fp,false_positive_other,0,"Mast hot hai yaar, tera dhanush ki tarah",मस्त होंठ यार तेरा धनुष की तरह,0.0099,0.015,-0.0052
train-19724,train,0,1,0.4007238,fn,benign_looking_insult,1,"Abhi aap bacche hai, TV dekhne ko liya karo","अभि,आप,बचै,है,टिवशन,लियाकरो",0.9988,0.9522,0.0466
train-19729,train,0,1,0.49804392,fn,benign_looking_insult,1,Kisko ahsaan itna bade bade saman rakhne wala hai,किसका एहसान इतना बड़ा बड़ा सामान रखी हो,0.9963,0.9816,0.0146
train-19752,train,0,1,0.08589064,fn,sarcasm,0,Ishq hi risk hai aur sala toh hai is risk pe 😂😂😂😂,इश्क़ ही रिस्क है और साला थू है इस रिश्क पे 😂😂😂😂,0.9789,0.953,0.0259
train-19753,train,0,1,0.091196656,fn,source_label_wrong,0,"Bhai jab main tera aaj ka tha to meri khud bhi na ho rahi thi aur kuch pata bhi nahi tha ki kya hota hai yeh sab lekin yahan 5 saal ke bacchon ka dil toot raha hai, dunia pagal ho gayi, baukhala gayi hai 😢😢😢😢😢😢😢😢😢😢",भाई जब मैं तेरे आज का था तो मेरा खड़ा भी नहीं हो रहा था और मुझे कुछ पता भी नहीं था कि क्या होता है यह सब लेकिन यहां पांच 5 साल के बच्चों का दिल टूट रहा है दुनिया पागल हो गई है बौखला गई है😢😢😢😢😢😢😢😢😢😢😢,0.0244,0.008,0.0164
train-19742,train,1,0,0.7605839,fp,false_positive_other,0,"Ye to theek hai agar betiyon ke liye itna kar rahe hai to ek kaam aur kar dete to shaayad har beti ke ma baap ki chinta khatam ho jati. Agar dhaij pratha khatam ho jati to har ma baap apni betiyon ko achhe se achha shiksha dilaye paate. Kaaye ma baap apni betiyon ko is liye nahe paadha paate ki agar hum apni mehnat mazdoori se kamaya huwa paisa agar padhai me lagayege to beti ki shadi ke liye dhaij kaha se layenge. Jaane kitne ma baap aur betiyan apni jaan de chuke hain. Agar betiyon ke liye sach me kuch karna chahte hai to sabse pahle is dhaij lobhiyo ko rokna hoga, tabhi desh ka kalyan hoga aur hamare desh ki sabhi bahan betiyon apni hak ke liye ladr sakege, padhkar aage badh sakege. Ye tabhi mumkin","ये तो ठीक है अगर बेटीयों के लिए इतना कर रहे है तो एक काम और कर देते तो शायद हर बेटी के माँ बाप की चिंता खत्म हो जाती अगर दहेज प्रथा खतम हो जाती तो हर माँ बाप अपनी बेटियों को अच्छे से अच्छा शिक्षा दिला पाते कई माँ बाप अपनी बेटियों को इस लिए नहीं पढ़ा पाते कि अगर हम अपनी मेहनत मजदूरी से कमाया हुआ पैसा अगर पढ़ाई मे लगा देंगे तो बेटी की शादी के लिए दहेज कहा से लायेंगे ,जाने कितने माँ बाप और बेटीयाँ अपनी जान दे चुकी है अगर बेटीयों के लिए सच मे कुछ करना चाहते है तो सबसे पहले इस दहेज लोभियो को रोकना होगा तभी देश का कल्याण होगा और हमारे देश की सभी बहन बेटीयाँ अपनी हक के लिए लड़ सकेंगी पढ़कर आगे बढ़ सकेंगी ये तभी मुमकिन हो सकता है जब हम सब इन दहेज लोभियो के खिलाफ आवाज उठायेंगे तो बिना डरे अगर आपके आसपास ऐसा हो रहा है तो वीडियो या फोटो लेकर उनकी सच्चाई सामने लाइये what's app facebook instagram के जरिए फैला दीजिए ताकि दोबारा कोई दहेज माँगना तो दूर दहेज के बारे मे सोचे भी ना याद रखना दोस्तों दहेज लेना और देना दोनों पाप है अब तो कानून भी दहेज के खिलाफ है तो उठाईये जुर्म के खिलाफ आवाज,जागो इंडिया🙏👭",0.0209,0.9952,-0.9743
train-19766,train,1,0,0.9767819,fp,obfuscation,0,"Tamatar ki chutney banale, kam se kam tumko to maza aayega 😂😂😂",टमाटर की चटनी बना ले कम से कम तुमको तो मजा आएगा 🤣🤣🤣,0.0149,0.9991,-0.9843
train-19800,train,1,0,0.9908372,fp,false_positive_other,0,"Isko pura to dikhate hai, ab kya hoga dekhenge",इसको पुरा तो दिखा देते आगे क्या होगा,0.0087,0.997,-0.9883
train-19805,train,0,1,0.031090856,fn,source_label_wrong,0,Kapde side nahi karega to phone mein awaz aayegi,कपड़े सिदे कर नहीं तो फोन में आवाज़ आई गी,0.0313,0.9812,-0.9499
train-19841,train,0,1,0.024578836,fn,source_label_wrong,0,"Are itna makeup, tilla kalia yaar",अरे इतना मैकअप टिल्लू कालिया,0.0056,0.0226,-0.017
train-19848,train,1,0,0.96138597,fp,false_positive_other,0,"Aap yeh kya dikhana chahte ho? Raiso ki tarif karni thi to kahate, inke kapde Vilayat se dhoopkar aate the",आप यह क्या दिखाना चाहते हो रईसो की तारीफ करनी थी तो कहते इनके कपडे विलायत से धुपकर आते थे,0.0057,0.8785,-0.8728
train-19853,train,0,1,0.043159172,fn,benign_looking_insult,0,Mast chikni tond hai 😋💦,मस्त चिकनी तोंद है😋💦,0.9614,0.9715,-0.0101
train-19885,train,1,0,0.9928965,fp,source_label_wrong,0,"Badnam karne wala khud to hamla nahi karega, o bhai saale",बदनाम करने खुद तो हमला नहीं करवाया ओ बे सी,0.9666,0.9863,-0.0197
train-19920,train,0,1,0.18678738,fn,benign_looking_insult,0,Chhipkali ka naam kyun berozgar kar rahi ho? Chhipkali to inse sundar hai aur thappad se inke gale mein lalai lag rahi hai aur kachhua jaise shape hai.,छिपकली का नाम क्यों बर्बाद कर रही हो छिपकली तो इनसे सुंदर है और थप्पड़ से इनके गालों  में लाली लग रही है और कछुए जैसी शक्ल है,0.999,0.9688,0.0301
train-19937,train,0,1,0.25843918,fn,sarcasm,0,"Jay baba re, ghanee ghanee khamma",जय बाबा री घणी घणी खम्मा,0.0247,0.2373,-0.2126
train-19949,train,0,1,0.15370663,fn,benign_looking_insult,0,"Shaadi kar lete to bevi tujhe bahar ake dekh leti aur tujhe jhadu se mar mar ke andar le leti. Accha hua shaadi nahi ki, mar khane se bach gaya 😛😛😄😄",शादी कर लेता तो बीवी तुझे बाहर आके देख लेती और तुझे झाडू से मार मार कर अंदर लेती l अच्छा हुआ शादी नही की मार खाने से बच गया l 😛😛😄😄,0.9828,0.9944,-0.0116
train-19975,train,1,0,0.99531156,fp,obfuscation,0,"Ye kaisa sangam hai, chutiya banane wala?",ये कैसा संगम है,0.0052,0.9993,-0.9941
train-20002,train,0,1,0.11624043,fn,source_label_wrong,0,Sanskaar naam ki koi cheez hi nahi hai,संस्कार नाम की कोई चीज ही नहीं है,0.0108,0.0081,0.0027
train-20004,train,0,1,0.02568945,fn,source_label_wrong,0,Wah kya cheez hai,वाह क्या चीज है,0.0059,0.0073,-0.0015
train-20008,train,0,1,0.018940339,fn,benign_looking_insult,0,Phir 32 ke 36 na ho to batana,फिर 32 के 36 ना हो तो बताना,0.971,0.9694,0.0016
train-20014,train,0,1,0.15788463,fn,obfuscation,0,"Aise log jo police mein nahi, unko straight death sentence di jaye, unki soch kya hai, dusron ke baare mein to hum kuch sochte hai",ऐसे  लोगो को तो पुलिस में  नहीं  सीधा  मोत की सजा  दे देनी चाहिए  वो  सोच ते क्या  दुसरो के बारे  में  तो हम कु सोचे,0.9794,0.9843,-0.0049
train-20044,train,0,1,0.12019566,fn,benign_looking_insult,0,"Apne bap ko nache ho, naache raho gaye tum",अपने बाप को नचा रहेहो नाचते रहे जाओगे,0.9944,0.9876,0.0068
train-20071,train,1,0,0.98886955,fp,false_positive_other,0,"Kutta, kya kar raha hai tu?",कोल करु बका,0.0063,0.0116,-0.0053
train-20074,train,1,0,0.8877858,fp,false_positive_other,0,Dhawan ke saale jeetenge,धवन के साले जीतेंगे,0.0059,0.9584,-0.9525
train-20104,train,0,1,0.33115157,fn,obfuscation,0,Ram ki mahima hai jo pura vishva maanata hai lekin kuchh gaddar log Ram mein Ram nazar nahi dete. Jai Shri Ram,राम की महिमा है जो पूरा विश्व मानता है लेकिन कुछ गद्दार लोगों को राम में राम नजर नहीं आते  जय श्री राम,0.9888,0.9782,0.0106
train-20107,train,0,1,0.28568748,fn,benign_looking_insult,0,"Bhai ek hamara bhi video bana do na, Kailash Chand Monica naam se Pado Khuar Dal Gao Nagaur hai",यार एक हमारा भी वीडियो बनाओ ना कैलाश चंद्र मोनिका के नाम से पादू खुर्द कला गांव नागौर है,0.9979,0.9618,0.036
train-20114,train,0,1,0.009637434,fn,benign_looking_insult,0,Ajeeb animal hai,अजिब जानवर है,0.9308,0.9157,0.0151
